slug,library_formula,formula_rendered_before_fix
derivative-of-arcsin-x,"asin(x)","arcsin(x)"
derivative-of-arccos-x,"acos(x)","arccos(x)"
derivative-of-arctan-x,"atan(x)","arctan(x)"
derivative-of-2x,"2*x","2x"
derivative-of-3x-squared,"3*x^2","3x^2"
derivative-of-e-to-the-2x,"exp(2*x)","e^2x"
derivative-of-sin-2x,"sin(2*x)","sin(2x)"
derivative-of-cos-2x,"cos(2*x)","cos(2x)"
derivative-of-ln-2x,"ln(2*x)","ln(2x)"
derivative-of-5x,"5*x","5x"
derivative-of-1-over-x-squared,"1/x^2","1/(x^2)"
derivative-of-root-x,"x^(1/2)","sqrt(x)"
derivative-of-cbrt-x,"x^(1/3)","cbrt(x)"
derivative-of-constant,"5","constant"
derivative-of-x-sin-x,"x*sin(x)","xsinx"
derivative-of-x-cos-x,"x*cos(x)","xcosx"
derivative-of-x-e-to-the-x,"x*e^x","xe^x"
derivative-of-x-ln-x,"x*ln(x)","xlnx"
derivative-of-sin-squared-x,"sin(x)^2","sin^2x"
derivative-of-cos-squared-x,"cos(x)^2","cos^2x"
derivative-of-tan-squared-x,"tan(x)^2","tan^2x"
derivative-of-e-to-the-minus-x,"exp(-x)","e^-x"
derivative-of-sinh-x,"sinh(x)","sin(hx)"
derivative-of-cosh-x,"cosh(x)","cos(hx)"
derivative-of-tanh-x,"tanh(x)","tan(hx)"
derivative-of-abs-x,"Abs(x)","absx"
derivative-of-sign-x,"sign(x)","signx"
derivative-of-floor-x,"floor(x)","floorx"
derivative-of-x-minus-to-minus-the-minus-2,"x^2","x-to-the-2"
derivative-of-2x-minus-to-minus-the-minus-2,"2*x^2","2x-to-the-2"
derivative-of-x-minus-to-minus-the-minus-2-minus-minus-plus-minus-minus-x-minus-to-minus-the-minus-1,"x^2 + x^1","x-to-the-2--+--x-to-the-1"
derivative-of-x-minus-to-minus-the-minus-2-minus-minus-minus-x,"x^2 - x","x-to-the-2---x"
derivative-of-x-minus-to-minus-the-minus-3,"x^3","x-to-the-3"
derivative-of-3x-minus-to-minus-the-minus-3,"3*x^3","3x-to-the-3"
derivative-of-x-minus-to-minus-the-minus-3-minus-minus-plus-minus-minus-x-minus-to-minus-the-minus-2,"x^3 + x^2","x-to-the-3--+--x-to-the-2"
derivative-of-x-minus-to-minus-the-minus-3-minus-minus-minus-x,"x^3 - x","x-to-the-3---x"
derivative-of-x-minus-to-minus-the-minus-4,"x^4","x-to-the-4"
derivative-of-4x-minus-to-minus-the-minus-4,"4*x^4","4x-to-the-4"
derivative-of-x-minus-to-minus-the-minus-4-minus-minus-plus-minus-minus-x-minus-to-minus-the-minus-3,"x^4 + x^3","x-to-the-4--+--x-to-the-3"
derivative-of-x-minus-to-minus-the-minus-4-minus-minus-minus-x,"x^4 - x","x-to-the-4---x"
derivative-of-x-minus-to-minus-the-minus-5,"x^5","x-to-the-5"
derivative-of-5x-minus-to-minus-the-minus-5,"5*x^5","5x-to-the-5"
derivative-of-x-minus-to-minus-the-minus-5-minus-minus-plus-minus-minus-x-minus-to-minus-the-minus-4,"x^5 + x^4","x-to-the-5--+--x-to-the-4"
derivative-of-x-minus-to-minus-the-minus-5-minus-minus-minus-x,"x^5 - x","x-to-the-5---x"
derivative-of-x-minus-to-minus-the-minus-6,"x^6","x-to-the-6"
derivative-of-6x-minus-to-minus-the-minus-6,"6*x^6","6x-to-the-6"
derivative-of-x-minus-to-minus-the-minus-6-minus-minus-plus-minus-minus-x-minus-to-minus-the-minus-5,"x^6 + x^5","x-to-the-6--+--x-to-the-5"
derivative-of-x-minus-to-minus-the-minus-6-minus-minus-minus-x,"x^6 - x","x-to-the-6---x"
derivative-of-x-minus-to-minus-the-minus-7,"x^7","x-to-the-7"
derivative-of-7x-minus-to-minus-the-minus-7,"7*x^7","7x-to-the-7"
derivative-of-x-minus-to-minus-the-minus-7-minus-minus-plus-minus-minus-x-minus-to-minus-the-minus-6,"x^7 + x^6","x-to-the-7--+--x-to-the-6"
derivative-of-x-minus-to-minus-the-minus-7-minus-minus-minus-x,"x^7 - x","x-to-the-7---x"
derivative-of-x-minus-to-minus-the-minus-8,"x^8","x-to-the-8"
derivative-of-8x-minus-to-minus-the-minus-8,"8*x^8","8x-to-the-8"
derivative-of-x-minus-to-minus-the-minus-8-minus-minus-plus-minus-minus-x-minus-to-minus-the-minus-7,"x^8 + x^7","x-to-the-8--+--x-to-the-7"
derivative-of-x-minus-to-minus-the-minus-8-minus-minus-minus-x,"x^8 - x","x-to-the-8---x"
derivative-of-x-minus-to-minus-the-minus-9,"x^9","x-to-the-9"
derivative-of-9x-minus-to-minus-the-minus-9,"9*x^9","9x-to-the-9"
derivative-of-x-minus-to-minus-the-minus-9-minus-minus-plus-minus-minus-x-minus-to-minus-the-minus-8,"x^9 + x^8","x-to-the-9--+--x-to-the-8"
derivative-of-x-minus-to-minus-the-minus-9-minus-minus-minus-x,"x^9 - x","x-to-the-9---x"
derivative-of-x-minus-to-minus-the-minus-10,"x^10","x-to-the-10"
derivative-of-10x-minus-to-minus-the-minus-10,"10*x^10","10x-to-the-10"
derivative-of-x-minus-to-minus-the-minus-10-minus-minus-plus-minus-minus-x-minus-to-minus-the-minus-9,"x^10 + x^9","x-to-the-10--+--x-to-the-9"
derivative-of-x-minus-to-minus-the-minus-10-minus-minus-minus-x,"x^10 - x","x-to-the-10---x"
derivative-of-x-minus-to-minus-the-minus-11,"x^11","x-to-the-11"
derivative-of-11x-minus-to-minus-the-minus-11,"11*x^11","11x-to-the-11"
derivative-of-x-minus-to-minus-the-minus-11-minus-minus-plus-minus-minus-x-minus-to-minus-the-minus-10,"x^11 + x^10","x-to-the-11--+--x-to-the-10"
derivative-of-x-minus-to-minus-the-minus-11-minus-minus-minus-x,"x^11 - x","x-to-the-11---x"
derivative-of-x-minus-to-minus-the-minus-12,"x^12","x-to-the-12"
derivative-of-12x-minus-to-minus-the-minus-12,"12*x^12","12x-to-the-12"
derivative-of-x-minus-to-minus-the-minus-12-minus-minus-plus-minus-minus-x-minus-to-minus-the-minus-11,"x^12 + x^11","x-to-the-12--+--x-to-the-11"
derivative-of-x-minus-to-minus-the-minus-12-minus-minus-minus-x,"x^12 - x","x-to-the-12---x"
derivative-of-x-minus-to-minus-the-minus-13,"x^13","x-to-the-13"
derivative-of-13x-minus-to-minus-the-minus-13,"13*x^13","13x-to-the-13"
derivative-of-x-minus-to-minus-the-minus-13-minus-minus-plus-minus-minus-x-minus-to-minus-the-minus-12,"x^13 + x^12","x-to-the-13--+--x-to-the-12"
derivative-of-x-minus-to-minus-the-minus-13-minus-minus-minus-x,"x^13 - x","x-to-the-13---x"
derivative-of-x-minus-to-minus-the-minus-14,"x^14","x-to-the-14"
derivative-of-14x-minus-to-minus-the-minus-14,"14*x^14","14x-to-the-14"
derivative-of-x-minus-to-minus-the-minus-14-minus-minus-plus-minus-minus-x-minus-to-minus-the-minus-13,"x^14 + x^13","x-to-the-14--+--x-to-the-13"
derivative-of-x-minus-to-minus-the-minus-14-minus-minus-minus-x,"x^14 - x","x-to-the-14---x"
derivative-of-x-minus-to-minus-the-minus-15,"x^15","x-to-the-15"
derivative-of-15x-minus-to-minus-the-minus-15,"15*x^15","15x-to-the-15"
derivative-of-x-minus-to-minus-the-minus-15-minus-minus-plus-minus-minus-x-minus-to-minus-the-minus-14,"x^15 + x^14","x-to-the-15--+--x-to-the-14"
derivative-of-x-minus-to-minus-the-minus-15-minus-minus-minus-x,"x^15 - x","x-to-the-15---x"
derivative-of-x-minus-to-minus-the-minus-16,"x^16","x-to-the-16"
derivative-of-16x-minus-to-minus-the-minus-16,"16*x^16","16x-to-the-16"
derivative-of-x-minus-to-minus-the-minus-16-minus-minus-plus-minus-minus-x-minus-to-minus-the-minus-15,"x^16 + x^15","x-to-the-16--+--x-to-the-15"
derivative-of-x-minus-to-minus-the-minus-16-minus-minus-minus-x,"x^16 - x","x-to-the-16---x"
derivative-of-x-minus-to-minus-the-minus-17,"x^17","x-to-the-17"
derivative-of-17x-minus-to-minus-the-minus-17,"17*x^17","17x-to-the-17"
derivative-of-x-minus-to-minus-the-minus-17-minus-minus-plus-minus-minus-x-minus-to-minus-the-minus-16,"x^17 + x^16","x-to-the-17--+--x-to-the-16"
derivative-of-x-minus-to-minus-the-minus-17-minus-minus-minus-x,"x^17 - x","x-to-the-17---x"
derivative-of-x-minus-to-minus-the-minus-18,"x^18","x-to-the-18"
derivative-of-18x-minus-to-minus-the-minus-18,"18*x^18","18x-to-the-18"
derivative-of-x-minus-to-minus-the-minus-18-minus-minus-plus-minus-minus-x-minus-to-minus-the-minus-17,"x^18 + x^17","x-to-the-18--+--x-to-the-17"
derivative-of-x-minus-to-minus-the-minus-18-minus-minus-minus-x,"x^18 - x","x-to-the-18---x"
derivative-of-x-minus-to-minus-the-minus-19,"x^19","x-to-the-19"
derivative-of-19x-minus-to-minus-the-minus-19,"19*x^19","19x-to-the-19"
derivative-of-x-minus-to-minus-the-minus-19-minus-minus-plus-minus-minus-x-minus-to-minus-the-minus-18,"x^19 + x^18","x-to-the-19--+--x-to-the-18"
derivative-of-x-minus-to-minus-the-minus-19-minus-minus-minus-x,"x^19 - x","x-to-the-19---x"
derivative-of-x-minus-to-minus-the-minus-20,"x^20","x-to-the-20"
derivative-of-20x-minus-to-minus-the-minus-20,"20*x^20","20x-to-the-20"
derivative-of-x-minus-to-minus-the-minus-20-minus-minus-plus-minus-minus-x-minus-to-minus-the-minus-19,"x^20 + x^19","x-to-the-20--+--x-to-the-19"
derivative-of-x-minus-to-minus-the-minus-20-minus-minus-minus-x,"x^20 - x","x-to-the-20---x"
derivative-of-sin2x,"sin(2*x)","sin(2x)"
derivative-of-cos2x,"cos(2*x)","cos(2x)"
derivative-of-tan2x,"tan(2*x)","tan(2x)"
derivative-of-2sinx,"2*sin(x)","2sinx"
derivative-of-2cosx,"2*cos(x)","2cosx"
derivative-of-sin3x,"sin(3*x)","sin(3x)"
derivative-of-cos3x,"cos(3*x)","cos(3x)"
derivative-of-tan3x,"tan(3*x)","tan(3x)"
derivative-of-3sinx,"3*sin(x)","3sinx"
derivative-of-3cosx,"3*cos(x)","3cosx"
derivative-of-sin4x,"sin(4*x)","sin(4x)"
derivative-of-cos4x,"cos(4*x)","cos(4x)"
derivative-of-tan4x,"tan(4*x)","tan(4x)"
derivative-of-4sinx,"4*sin(x)","4sinx"
derivative-of-4cosx,"4*cos(x)","4cosx"
derivative-of-sin5x,"sin(5*x)","sin(5x)"
derivative-of-cos5x,"cos(5*x)","cos(5x)"
derivative-of-tan5x,"tan(5*x)","tan(5x)"
derivative-of-5sinx,"5*sin(x)","5sinx"
derivative-of-5cosx,"5*cos(x)","5cosx"
derivative-of-sin6x,"sin(6*x)","sin(6x)"
derivative-of-cos6x,"cos(6*x)","cos(6x)"
derivative-of-tan6x,"tan(6*x)","tan(6x)"
derivative-of-6sinx,"6*sin(x)","6sinx"
derivative-of-6cosx,"6*cos(x)","6cosx"
derivative-of-sin7x,"sin(7*x)","sin(7x)"
derivative-of-cos7x,"cos(7*x)","cos(7x)"
derivative-of-tan7x,"tan(7*x)","tan(7x)"
derivative-of-7sinx,"7*sin(x)","7sinx"
derivative-of-7cosx,"7*cos(x)","7cosx"
derivative-of-sin8x,"sin(8*x)","sin(8x)"
derivative-of-cos8x,"cos(8*x)","cos(8x)"
derivative-of-tan8x,"tan(8*x)","tan(8x)"
derivative-of-8sinx,"8*sin(x)","8sinx"
derivative-of-8cosx,"8*cos(x)","8cosx"
derivative-of-sin9x,"sin(9*x)","sin(9x)"
derivative-of-cos9x,"cos(9*x)","cos(9x)"
derivative-of-tan9x,"tan(9*x)","tan(9x)"
derivative-of-9sinx,"9*sin(x)","9sinx"
derivative-of-9cosx,"9*cos(x)","9cosx"
derivative-of-sin10x,"sin(10*x)","sin(10x)"
derivative-of-cos10x,"cos(10*x)","cos(10x)"
derivative-of-tan10x,"tan(10*x)","tan(10x)"
derivative-of-10sinx,"10*sin(x)","10sinx"
derivative-of-10cosx,"10*cos(x)","10cosx"
derivative-of-sin11x,"sin(11*x)","sin(11x)"
derivative-of-cos11x,"cos(11*x)","cos(11x)"
derivative-of-tan11x,"tan(11*x)","tan(11x)"
derivative-of-11sinx,"11*sin(x)","11sinx"
derivative-of-11cosx,"11*cos(x)","11cosx"
derivative-of-sin12x,"sin(12*x)","sin(12x)"
derivative-of-cos12x,"cos(12*x)","cos(12x)"
derivative-of-tan12x,"tan(12*x)","tan(12x)"
derivative-of-12sinx,"12*sin(x)","12sinx"
derivative-of-12cosx,"12*cos(x)","12cosx"
derivative-of-sin13x,"sin(13*x)","sin(13x)"
derivative-of-cos13x,"cos(13*x)","cos(13x)"
derivative-of-tan13x,"tan(13*x)","tan(13x)"
derivative-of-13sinx,"13*sin(x)","13sinx"
derivative-of-13cosx,"13*cos(x)","13cosx"
derivative-of-sin14x,"sin(14*x)","sin(14x)"
derivative-of-cos14x,"cos(14*x)","cos(14x)"
derivative-of-tan14x,"tan(14*x)","tan(14x)"
derivative-of-14sinx,"14*sin(x)","14sinx"
derivative-of-14cosx,"14*cos(x)","14cosx"
derivative-of-sin15x,"sin(15*x)","sin(15x)"
derivative-of-cos15x,"cos(15*x)","cos(15x)"
derivative-of-tan15x,"tan(15*x)","tan(15x)"
derivative-of-15sinx,"15*sin(x)","15sinx"
derivative-of-15cosx,"15*cos(x)","15cosx"
derivative-of-e-minus-to-minus-the-minus-2x,"e^(2*x)","e-to-the-2x"
derivative-of-2-minus-to-minus-the-minus-x,"2^x","2-to-the-x"
derivative-of-xe-minus-to-minus-the-minus-2x,"x*e^(2*x)","xe-to-the-2x"
derivative-of-e-minus-to-minus-the-minus-3x,"e^(3*x)","e-to-the-3x"
derivative-of-3-minus-to-minus-the-minus-x,"3^x","3-to-the-x"
derivative-of-xe-minus-to-minus-the-minus-3x,"x*e^(3*x)","xe-to-the-3x"
derivative-of-e-minus-to-minus-the-minus-4x,"e^(4*x)","e-to-the-4x"
derivative-of-4-minus-to-minus-the-minus-x,"4^x","4-to-the-x"
derivative-of-xe-minus-to-minus-the-minus-4x,"x*e^(4*x)","xe-to-the-4x"
derivative-of-e-minus-to-minus-the-minus-5x,"e^(5*x)","e-to-the-5x"
derivative-of-5-minus-to-minus-the-minus-x,"5^x","5-to-the-x"
derivative-of-xe-minus-to-minus-the-minus-5x,"x*e^(5*x)","xe-to-the-5x"
derivative-of-e-minus-to-minus-the-minus-6x,"e^(6*x)","e-to-the-6x"
derivative-of-6-minus-to-minus-the-minus-x,"6^x","6-to-the-x"
derivative-of-xe-minus-to-minus-the-minus-6x,"x*e^(6*x)","xe-to-the-6x"
derivative-of-e-minus-to-minus-the-minus-7x,"e^(7*x)","e-to-the-7x"
derivative-of-7-minus-to-minus-the-minus-x,"7^x","7-to-the-x"
derivative-of-xe-minus-to-minus-the-minus-7x,"x*e^(7*x)","xe-to-the-7x"
derivative-of-e-minus-to-minus-the-minus-8x,"e^(8*x)","e-to-the-8x"
derivative-of-8-minus-to-minus-the-minus-x,"8^x","8-to-the-x"
derivative-of-xe-minus-to-minus-the-minus-8x,"x*e^(8*x)","xe-to-the-8x"
derivative-of-e-minus-to-minus-the-minus-9x,"e^(9*x)","e-to-the-9x"
derivative-of-9-minus-to-minus-the-minus-x,"9^x","9-to-the-x"
derivative-of-xe-minus-to-minus-the-minus-9x,"x*e^(9*x)","xe-to-the-9x"
derivative-of-e-minus-to-minus-the-minus-10x,"e^(10*x)","e-to-the-10x"
derivative-of-10-minus-to-minus-the-minus-x,"10^x","10-to-the-x"
derivative-of-xe-minus-to-minus-the-minus-10x,"x*e^(10*x)","xe-to-the-10x"
derivative-of-e-minus-to-minus-the-minus-11x,"e^(11*x)","e-to-the-11x"
derivative-of-11-minus-to-minus-the-minus-x,"11^x","11-to-the-x"
derivative-of-xe-minus-to-minus-the-minus-11x,"x*e^(11*x)","xe-to-the-11x"
derivative-of-e-minus-to-minus-the-minus-12x,"e^(12*x)","e-to-the-12x"
derivative-of-12-minus-to-minus-the-minus-x,"12^x","12-to-the-x"
derivative-of-xe-minus-to-minus-the-minus-12x,"x*e^(12*x)","xe-to-the-12x"
derivative-of-e-minus-to-minus-the-minus-13x,"e^(13*x)","e-to-the-13x"
derivative-of-13-minus-to-minus-the-minus-x,"13^x","13-to-the-x"
derivative-of-xe-minus-to-minus-the-minus-13x,"x*e^(13*x)","xe-to-the-13x"
derivative-of-e-minus-to-minus-the-minus-14x,"e^(14*x)","e-to-the-14x"
derivative-of-14-minus-to-minus-the-minus-x,"14^x","14-to-the-x"
derivative-of-xe-minus-to-minus-the-minus-14x,"x*e^(14*x)","xe-to-the-14x"
derivative-of-e-minus-to-minus-the-minus-15x,"e^(15*x)","e-to-the-15x"
derivative-of-15-minus-to-minus-the-minus-x,"15^x","15-to-the-x"
derivative-of-xe-minus-to-minus-the-minus-15x,"x*e^(15*x)","xe-to-the-15x"
derivative-of-ln2x,"ln(2*x)","ln(2x)"
derivative-of-xln2x,"x*ln(2*x)","xln^2x"
derivative-of-ln3x,"ln(3*x)","ln(3x)"
derivative-of-xln3x,"x*ln(3*x)","xln^3x"
derivative-of-ln4x,"ln(4*x)","ln(4x)"
derivative-of-xln4x,"x*ln(4*x)","xln^4x"
derivative-of-ln5x,"ln(5*x)","ln(5x)"
derivative-of-xln5x,"x*ln(5*x)","xln^5x"
derivative-of-ln6x,"ln(6*x)","ln(6x)"
derivative-of-xln6x,"x*ln(6*x)","xln^6x"
derivative-of-ln7x,"ln(7*x)","ln(7x)"
derivative-of-xln7x,"x*ln(7*x)","xln^7x"
derivative-of-ln8x,"ln(8*x)","ln(8x)"
derivative-of-xln8x,"x*ln(8*x)","xln^8x"
derivative-of-ln9x,"ln(9*x)","ln(9x)"
derivative-of-xln9x,"x*ln(9*x)","xln^9x"
derivative-of-ln10x,"ln(10*x)","ln(10x)"
derivative-of-xln10x,"x*ln(10*x)","xln^10x"
derivative-of-ln11x,"ln(11*x)","ln(11x)"
derivative-of-xln11x,"x*ln(11*x)","xln^11x"
derivative-of-ln12x,"ln(12*x)","ln(12x)"
derivative-of-xln12x,"x*ln(12*x)","xln^12x"
derivative-of-ln13x,"ln(13*x)","ln(13x)"
derivative-of-xln13x,"x*ln(13*x)","xln^13x"
derivative-of-ln14x,"ln(14*x)","ln(14x)"
derivative-of-xln14x,"x*ln(14*x)","xln^14x"
derivative-of-ln15x,"ln(15*x)","ln(15x)"
derivative-of-xln15x,"x*ln(15*x)","xln^15x"
derivative-of-1-minus-over-minus-x-minus-to-minus-the-minus-2,"1/x^2","(1-)/(-x-to-the-2)"
derivative-of-2-minus-over-minus-x,"2/x","(2-)/(-x)"
derivative-of-1-minus-over-minus-x-minus-to-minus-the-minus-3,"1/x^3","(1-)/(-x-to-the-3)"
derivative-of-3-minus-over-minus-x,"3/x","(3-)/(-x)"
derivative-of-1-minus-over-minus-x-minus-to-minus-the-minus-4,"1/x^4","(1-)/(-x-to-the-4)"
derivative-of-4-minus-over-minus-x,"4/x","(4-)/(-x)"
derivative-of-1-minus-over-minus-x-minus-to-minus-the-minus-5,"1/x^5","(1-)/(-x-to-the-5)"
derivative-of-5-minus-over-minus-x,"5/x","(5-)/(-x)"
derivative-of-1-minus-over-minus-x-minus-to-minus-the-minus-6,"1/x^6","(1-)/(-x-to-the-6)"
derivative-of-6-minus-over-minus-x,"6/x","(6-)/(-x)"
derivative-of-1-minus-over-minus-x-minus-to-minus-the-minus-7,"1/x^7","(1-)/(-x-to-the-7)"
derivative-of-7-minus-over-minus-x,"7/x","(7-)/(-x)"
derivative-of-1-minus-over-minus-x-minus-to-minus-the-minus-8,"1/x^8","(1-)/(-x-to-the-8)"
derivative-of-8-minus-over-minus-x,"8/x","(8-)/(-x)"
derivative-of-1-minus-over-minus-x-minus-to-minus-the-minus-9,"1/x^9","(1-)/(-x-to-the-9)"
derivative-of-9-minus-over-minus-x,"9/x","(9-)/(-x)"
derivative-of-1-minus-over-minus-x-minus-to-minus-the-minus-10,"1/x^10","(1-)/(-x-to-the-10)"
derivative-of-10-minus-over-minus-x,"10/x","(10-)/(-x)"
derivative-of-sqrt2x,"sqrt(2*x)","sqrt(2x)"
derivative-of-x-minus-to-minus-the-minus-1-minus-over-minus-2,"x^(1/2)","(x-to-the-1-)/(-2)"
derivative-of-sqrt3x,"sqrt(3*x)","sqrt(3x)"
derivative-of-x-minus-to-minus-the-minus-1-minus-over-minus-3,"x^(1/3)","(x-to-the-1-)/(-3)"
derivative-of-sqrt4x,"sqrt(4*x)","sqrt(4x)"
derivative-of-x-minus-to-minus-the-minus-1-minus-over-minus-4,"x^(1/4)","(x-to-the-1-)/(-4)"
derivative-of-sqrt5x,"sqrt(5*x)","sqrt(5x)"
derivative-of-x-minus-to-minus-the-minus-1-minus-over-minus-5,"x^(1/5)","(x-to-the-1-)/(-5)"
derivative-of-sqrt6x,"sqrt(6*x)","sqrt(6x)"
derivative-of-x-minus-to-minus-the-minus-1-minus-over-minus-6,"x^(1/6)","(x-to-the-1-)/(-6)"
derivative-of-sqrt7x,"sqrt(7*x)","sqrt(7x)"
derivative-of-x-minus-to-minus-the-minus-1-minus-over-minus-7,"x^(1/7)","(x-to-the-1-)/(-7)"
derivative-of-sqrt8x,"sqrt(8*x)","sqrt(8x)"
derivative-of-x-minus-to-minus-the-minus-1-minus-over-minus-8,"x^(1/8)","(x-to-the-1-)/(-8)"
derivative-of-sqrt9x,"sqrt(9*x)","sqrt(9x)"
derivative-of-x-minus-to-minus-the-minus-1-minus-over-minus-9,"x^(1/9)","(x-to-the-1-)/(-9)"
derivative-of-sqrt10x,"sqrt(10*x)","sqrt(10x)"
derivative-of-x-minus-to-minus-the-minus-1-minus-over-minus-10,"x^(1/10)","(x-to-the-1-)/(-10)"
derivative-of-asin2x,"asin(2*x)","asin^2x"
derivative-of-atan2x,"atan(2*x)","atan^2x"
derivative-of-asin3x,"asin(3*x)","asin^3x"
derivative-of-atan3x,"atan(3*x)","atan^3x"
derivative-of-asin4x,"asin(4*x)","asin^4x"
derivative-of-atan4x,"atan(4*x)","atan^4x"
derivative-of-asin5x,"asin(5*x)","asin^5x"
derivative-of-atan5x,"atan(5*x)","atan^5x"
derivative-of-asin6x,"asin(6*x)","asin^6x"
derivative-of-atan6x,"atan(6*x)","atan^6x"
derivative-of-asin7x,"asin(7*x)","asin^7x"
derivative-of-atan7x,"atan(7*x)","atan^7x"
derivative-of-asin8x,"asin(8*x)","asin^8x"
derivative-of-atan8x,"atan(8*x)","atan^8x"
derivative-of-asin9x,"asin(9*x)","asin^9x"
derivative-of-atan9x,"atan(9*x)","atan^9x"
derivative-of-asin10x,"asin(10*x)","asin^10x"
derivative-of-atan10x,"atan(10*x)","atan^10x"
derivative-of-sinh2x,"sinh(2*x)","sin(h^2x)"
derivative-of-cosh2x,"cosh(2*x)","cos(h^2x)"
derivative-of-sinh3x,"sinh(3*x)","sin(h^3x)"
derivative-of-cosh3x,"cosh(3*x)","cos(h^3x)"
derivative-of-sinh4x,"sinh(4*x)","sin(h^4x)"
derivative-of-cosh4x,"cosh(4*x)","cos(h^4x)"
derivative-of-sinh5x,"sinh(5*x)","sin(h^5x)"
derivative-of-cosh5x,"cosh(5*x)","cos(h^5x)"
derivative-of-sinh6x,"sinh(6*x)","sin(h^6x)"
derivative-of-cosh6x,"cosh(6*x)","cos(h^6x)"
derivative-of-sinh7x,"sinh(7*x)","sin(h^7x)"
derivative-of-cosh7x,"cosh(7*x)","cos(h^7x)"
derivative-of-sinh8x,"sinh(8*x)","sin(h^8x)"
derivative-of-cosh8x,"cosh(8*x)","cos(h^8x)"
derivative-of-sinh9x,"sinh(9*x)","sin(h^9x)"
derivative-of-cosh9x,"cosh(9*x)","cos(h^9x)"
derivative-of-sinh10x,"sinh(10*x)","sin(h^10x)"
derivative-of-cosh10x,"cosh(10*x)","cos(h^10x)"
derivative-of-x-minus-to-minus-the-minus-2sinx,"x^2*sin(x)","x-to-the-2sinx"
derivative-of-x-minus-to-minus-the-minus-2cosx,"x^2*cos(x)","x-to-the-2cosx"
derivative-of-x-minus-to-minus-the-minus-2e-minus-to-minus-the-minus-x,"x^2*e^x","x-to-the-2e-to-the-x"
derivative-of-sinx-minus-over-minus-x-minus-to-minus-the-minus-2,"sin(x)/x^2","(sin(x)-)/(-x-to-the-2)"
derivative-of-e-minus-to-minus-the-minus-x-minus-over-minus-x-minus-to-minus-the-minus-2,"e^x/x^2","(e-to-the-x-)/(-x-to-the-2)"
derivative-of-x-minus-to-minus-the-minus-3sinx,"x^3*sin(x)","x-to-the-3sinx"
derivative-of-x-minus-to-minus-the-minus-3cosx,"x^3*cos(x)","x-to-the-3cosx"
derivative-of-x-minus-to-minus-the-minus-3e-minus-to-minus-the-minus-x,"x^3*e^x","x-to-the-3e-to-the-x"
derivative-of-sinx-minus-over-minus-x-minus-to-minus-the-minus-3,"sin(x)/x^3","(sin(x)-)/(-x-to-the-3)"
derivative-of-e-minus-to-minus-the-minus-x-minus-over-minus-x-minus-to-minus-the-minus-3,"e^x/x^3","(e-to-the-x-)/(-x-to-the-3)"
derivative-of-x-minus-to-minus-the-minus-4sinx,"x^4*sin(x)","x-to-the-4sinx"
derivative-of-x-minus-to-minus-the-minus-4cosx,"x^4*cos(x)","x-to-the-4cosx"
derivative-of-x-minus-to-minus-the-minus-4e-minus-to-minus-the-minus-x,"x^4*e^x","x-to-the-4e-to-the-x"
derivative-of-sinx-minus-over-minus-x-minus-to-minus-the-minus-4,"sin(x)/x^4","(sin(x)-)/(-x-to-the-4)"
derivative-of-e-minus-to-minus-the-minus-x-minus-over-minus-x-minus-to-minus-the-minus-4,"e^x/x^4","(e-to-the-x-)/(-x-to-the-4)"
derivative-of-x-minus-to-minus-the-minus-5sinx,"x^5*sin(x)","x-to-the-5sinx"
derivative-of-x-minus-to-minus-the-minus-5cosx,"x^5*cos(x)","x-to-the-5cosx"
derivative-of-x-minus-to-minus-the-minus-5e-minus-to-minus-the-minus-x,"x^5*e^x","x-to-the-5e-to-the-x"
derivative-of-sinx-minus-over-minus-x-minus-to-minus-the-minus-5,"sin(x)/x^5","(sin(x)-)/(-x-to-the-5)"
derivative-of-e-minus-to-minus-the-minus-x-minus-over-minus-x-minus-to-minus-the-minus-5,"e^x/x^5","(e-to-the-x-)/(-x-to-the-5)"
derivative-of-sin2x-minus-plus-minus-cos2x,"sin(2*x)+cos(2*x)","sin(2x)-+-cos(2x)"
derivative-of-e-minus-to-minus-the-minus-2x-minus-plus-minus-x-minus-to-minus-the-minus-2,"e^(2*x)+x^2","e-to-the-2x-+-x-to-the-2"
derivative-of-sin2x-minus-plus-minus-cos3x,"sin(2*x)+cos(3*x)","sin(2x)-+-cos(3x)"
derivative-of-e-minus-to-minus-the-minus-2x-minus-plus-minus-x-minus-to-minus-the-minus-3,"e^(2*x)+x^3","e-to-the-2x-+-x-to-the-3"
derivative-of-sin2x-minus-plus-minus-cos4x,"sin(2*x)+cos(4*x)","sin(2x)-+-cos(4x)"
derivative-of-e-minus-to-minus-the-minus-2x-minus-plus-minus-x-minus-to-minus-the-minus-4,"e^(2*x)+x^4","e-to-the-2x-+-x-to-the-4"
derivative-of-sin2x-minus-plus-minus-cos5x,"sin(2*x)+cos(5*x)","sin(2x)-+-cos(5x)"
derivative-of-e-minus-to-minus-the-minus-2x-minus-plus-minus-x-minus-to-minus-the-minus-5,"e^(2*x)+x^5","e-to-the-2x-+-x-to-the-5"
derivative-of-sin3x-minus-plus-minus-cos2x,"sin(3*x)+cos(2*x)","sin(3x)-+-cos(2x)"
derivative-of-e-minus-to-minus-the-minus-3x-minus-plus-minus-x-minus-to-minus-the-minus-2,"e^(3*x)+x^2","e-to-the-3x-+-x-to-the-2"
derivative-of-sin3x-minus-plus-minus-cos3x,"sin(3*x)+cos(3*x)","sin(3x)-+-cos(3x)"
derivative-of-e-minus-to-minus-the-minus-3x-minus-plus-minus-x-minus-to-minus-the-minus-3,"e^(3*x)+x^3","e-to-the-3x-+-x-to-the-3"
derivative-of-sin3x-minus-plus-minus-cos4x,"sin(3*x)+cos(4*x)","sin(3x)-+-cos(4x)"
derivative-of-e-minus-to-minus-the-minus-3x-minus-plus-minus-x-minus-to-minus-the-minus-4,"e^(3*x)+x^4","e-to-the-3x-+-x-to-the-4"
derivative-of-sin3x-minus-plus-minus-cos5x,"sin(3*x)+cos(5*x)","sin(3x)-+-cos(5x)"
derivative-of-e-minus-to-minus-the-minus-3x-minus-plus-minus-x-minus-to-minus-the-minus-5,"e^(3*x)+x^5","e-to-the-3x-+-x-to-the-5"
derivative-of-sin4x-minus-plus-minus-cos2x,"sin(4*x)+cos(2*x)","sin(4x)-+-cos(2x)"
derivative-of-e-minus-to-minus-the-minus-4x-minus-plus-minus-x-minus-to-minus-the-minus-2,"e^(4*x)+x^2","e-to-the-4x-+-x-to-the-2"
derivative-of-sin4x-minus-plus-minus-cos3x,"sin(4*x)+cos(3*x)","sin(4x)-+-cos(3x)"
derivative-of-e-minus-to-minus-the-minus-4x-minus-plus-minus-x-minus-to-minus-the-minus-3,"e^(4*x)+x^3","e-to-the-4x-+-x-to-the-3"
derivative-of-sin4x-minus-plus-minus-cos4x,"sin(4*x)+cos(4*x)","sin(4x)-+-cos(4x)"
derivative-of-e-minus-to-minus-the-minus-4x-minus-plus-minus-x-minus-to-minus-the-minus-4,"e^(4*x)+x^4","e-to-the-4x-+-x-to-the-4"
derivative-of-sin4x-minus-plus-minus-cos5x,"sin(4*x)+cos(5*x)","sin(4x)-+-cos(5x)"
derivative-of-e-minus-to-minus-the-minus-4x-minus-plus-minus-x-minus-to-minus-the-minus-5,"e^(4*x)+x^5","e-to-the-4x-+-x-to-the-5"
derivative-of-sin5x-minus-plus-minus-cos2x,"sin(5*x)+cos(2*x)","sin(5x)-+-cos(2x)"
derivative-of-e-minus-to-minus-the-minus-5x-minus-plus-minus-x-minus-to-minus-the-minus-2,"e^(5*x)+x^2","e-to-the-5x-+-x-to-the-2"
derivative-of-sin5x-minus-plus-minus-cos3x,"sin(5*x)+cos(3*x)","sin(5x)-+-cos(3x)"
derivative-of-e-minus-to-minus-the-minus-5x-minus-plus-minus-x-minus-to-minus-the-minus-3,"e^(5*x)+x^3","e-to-the-5x-+-x-to-the-3"
derivative-of-sin5x-minus-plus-minus-cos4x,"sin(5*x)+cos(4*x)","sin(5x)-+-cos(4x)"
derivative-of-e-minus-to-minus-the-minus-5x-minus-plus-minus-x-minus-to-minus-the-minus-4,"e^(5*x)+x^4","e-to-the-5x-+-x-to-the-4"
derivative-of-sin5x-minus-plus-minus-cos5x,"sin(5*x)+cos(5*x)","sin(5x)-+-cos(5x)"
derivative-of-e-minus-to-minus-the-minus-5x-minus-plus-minus-x-minus-to-minus-the-minus-5,"e^(5*x)+x^5","e-to-the-5x-+-x-to-the-5"
derivative-of-sin6x-minus-plus-minus-cos2x,"sin(6*x)+cos(2*x)","sin(6x)-+-cos(2x)"
derivative-of-e-minus-to-minus-the-minus-6x-minus-plus-minus-x-minus-to-minus-the-minus-2,"e^(6*x)+x^2","e-to-the-6x-+-x-to-the-2"
derivative-of-sin6x-minus-plus-minus-cos3x,"sin(6*x)+cos(3*x)","sin(6x)-+-cos(3x)"
derivative-of-e-minus-to-minus-the-minus-6x-minus-plus-minus-x-minus-to-minus-the-minus-3,"e^(6*x)+x^3","e-to-the-6x-+-x-to-the-3"
derivative-of-sin6x-minus-plus-minus-cos4x,"sin(6*x)+cos(4*x)","sin(6x)-+-cos(4x)"
derivative-of-e-minus-to-minus-the-minus-6x-minus-plus-minus-x-minus-to-minus-the-minus-4,"e^(6*x)+x^4","e-to-the-6x-+-x-to-the-4"
derivative-of-sin6x-minus-plus-minus-cos5x,"sin(6*x)+cos(5*x)","sin(6x)-+-cos(5x)"
derivative-of-e-minus-to-minus-the-minus-6x-minus-plus-minus-x-minus-to-minus-the-minus-5,"e^(6*x)+x^5","e-to-the-6x-+-x-to-the-5"
derivative-of-sin7x-minus-plus-minus-cos2x,"sin(7*x)+cos(2*x)","sin(7x)-+-cos(2x)"
derivative-of-e-minus-to-minus-the-minus-7x-minus-plus-minus-x-minus-to-minus-the-minus-2,"e^(7*x)+x^2","e-to-the-7x-+-x-to-the-2"
derivative-of-sin7x-minus-plus-minus-cos3x,"sin(7*x)+cos(3*x)","sin(7x)-+-cos(3x)"
derivative-of-e-minus-to-minus-the-minus-7x-minus-plus-minus-x-minus-to-minus-the-minus-3,"e^(7*x)+x^3","e-to-the-7x-+-x-to-the-3"
derivative-of-sin7x-minus-plus-minus-cos4x,"sin(7*x)+cos(4*x)","sin(7x)-+-cos(4x)"
derivative-of-e-minus-to-minus-the-minus-7x-minus-plus-minus-x-minus-to-minus-the-minus-4,"e^(7*x)+x^4","e-to-the-7x-+-x-to-the-4"
derivative-of-sin7x-minus-plus-minus-cos5x,"sin(7*x)+cos(5*x)","sin(7x)-+-cos(5x)"
derivative-of-e-minus-to-minus-the-minus-7x-minus-plus-minus-x-minus-to-minus-the-minus-5,"e^(7*x)+x^5","e-to-the-7x-+-x-to-the-5"
derivative-of-sin8x-minus-plus-minus-cos2x,"sin(8*x)+cos(2*x)","sin(8x)-+-cos(2x)"
derivative-of-e-minus-to-minus-the-minus-8x-minus-plus-minus-x-minus-to-minus-the-minus-2,"e^(8*x)+x^2","e-to-the-8x-+-x-to-the-2"
derivative-of-sin8x-minus-plus-minus-cos3x,"sin(8*x)+cos(3*x)","sin(8x)-+-cos(3x)"
derivative-of-e-minus-to-minus-the-minus-8x-minus-plus-minus-x-minus-to-minus-the-minus-3,"e^(8*x)+x^3","e-to-the-8x-+-x-to-the-3"
derivative-of-sin8x-minus-plus-minus-cos4x,"sin(8*x)+cos(4*x)","sin(8x)-+-cos(4x)"
derivative-of-e-minus-to-minus-the-minus-8x-minus-plus-minus-x-minus-to-minus-the-minus-4,"e^(8*x)+x^4","e-to-the-8x-+-x-to-the-4"
derivative-of-sin8x-minus-plus-minus-cos5x,"sin(8*x)+cos(5*x)","sin(8x)-+-cos(5x)"
derivative-of-e-minus-to-minus-the-minus-8x-minus-plus-minus-x-minus-to-minus-the-minus-5,"e^(8*x)+x^5","e-to-the-8x-+-x-to-the-5"
derivative-of-sin9x-minus-plus-minus-cos2x,"sin(9*x)+cos(2*x)","sin(9x)-+-cos(2x)"
derivative-of-e-minus-to-minus-the-minus-9x-minus-plus-minus-x-minus-to-minus-the-minus-2,"e^(9*x)+x^2","e-to-the-9x-+-x-to-the-2"
derivative-of-sin9x-minus-plus-minus-cos3x,"sin(9*x)+cos(3*x)","sin(9x)-+-cos(3x)"
derivative-of-e-minus-to-minus-the-minus-9x-minus-plus-minus-x-minus-to-minus-the-minus-3,"e^(9*x)+x^3","e-to-the-9x-+-x-to-the-3"
derivative-of-sin9x-minus-plus-minus-cos4x,"sin(9*x)+cos(4*x)","sin(9x)-+-cos(4x)"
derivative-of-e-minus-to-minus-the-minus-9x-minus-plus-minus-x-minus-to-minus-the-minus-4,"e^(9*x)+x^4","e-to-the-9x-+-x-to-the-4"
derivative-of-sin9x-minus-plus-minus-cos5x,"sin(9*x)+cos(5*x)","sin(9x)-+-cos(5x)"
derivative-of-e-minus-to-minus-the-minus-9x-minus-plus-minus-x-minus-to-minus-the-minus-5,"e^(9*x)+x^5","e-to-the-9x-+-x-to-the-5"
derivative-of-sin10x-minus-plus-minus-cos2x,"sin(10*x)+cos(2*x)","sin(10x)-+-cos(2x)"
derivative-of-e-minus-to-minus-the-minus-10x-minus-plus-minus-x-minus-to-minus-the-minus-2,"e^(10*x)+x^2","e-to-the-10x-+-x-to-the-2"
derivative-of-sin10x-minus-plus-minus-cos3x,"sin(10*x)+cos(3*x)","sin(10x)-+-cos(3x)"
derivative-of-e-minus-to-minus-the-minus-10x-minus-plus-minus-x-minus-to-minus-the-minus-3,"e^(10*x)+x^3","e-to-the-10x-+-x-to-the-3"
derivative-of-sin10x-minus-plus-minus-cos4x,"sin(10*x)+cos(4*x)","sin(10x)-+-cos(4x)"
derivative-of-e-minus-to-minus-the-minus-10x-minus-plus-minus-x-minus-to-minus-the-minus-4,"e^(10*x)+x^4","e-to-the-10x-+-x-to-the-4"
derivative-of-sin10x-minus-plus-minus-cos5x,"sin(10*x)+cos(5*x)","sin(10x)-+-cos(5x)"
derivative-of-e-minus-to-minus-the-minus-10x-minus-plus-minus-x-minus-to-minus-the-minus-5,"e^(10*x)+x^5","e-to-the-10x-+-x-to-the-5"
derivative-of-e-minus-to-minus-the-minus-2xsin2x,"e^(2*x)*sin(2*x)","e-to-the-2xsin^2x"
derivative-of-e-minus-to-minus-the-minus-2xcos2x,"e^(2*x)*cos(2*x)","e-to-the-2xcos^2x"
derivative-of-e-minus-to-minus-the-minus-2xsin3x,"e^(2*x)*sin(3*x)","e-to-the-2xsin^3x"
derivative-of-e-minus-to-minus-the-minus-2xcos3x,"e^(2*x)*cos(3*x)","e-to-the-2xcos^3x"
derivative-of-e-minus-to-minus-the-minus-2xsin4x,"e^(2*x)*sin(4*x)","e-to-the-2xsin^4x"
derivative-of-e-minus-to-minus-the-minus-2xcos4x,"e^(2*x)*cos(4*x)","e-to-the-2xcos^4x"
derivative-of-e-minus-to-minus-the-minus-2xsin5x,"e^(2*x)*sin(5*x)","e-to-the-2xsin^5x"
derivative-of-e-minus-to-minus-the-minus-2xcos5x,"e^(2*x)*cos(5*x)","e-to-the-2xcos^5x"
derivative-of-e-minus-to-minus-the-minus-3xsin2x,"e^(3*x)*sin(2*x)","e-to-the-3xsin^2x"
derivative-of-e-minus-to-minus-the-minus-3xcos2x,"e^(3*x)*cos(2*x)","e-to-the-3xcos^2x"
derivative-of-e-minus-to-minus-the-minus-3xsin3x,"e^(3*x)*sin(3*x)","e-to-the-3xsin^3x"
derivative-of-e-minus-to-minus-the-minus-3xcos3x,"e^(3*x)*cos(3*x)","e-to-the-3xcos^3x"
derivative-of-e-minus-to-minus-the-minus-3xsin4x,"e^(3*x)*sin(4*x)","e-to-the-3xsin^4x"
derivative-of-e-minus-to-minus-the-minus-3xcos4x,"e^(3*x)*cos(4*x)","e-to-the-3xcos^4x"
derivative-of-e-minus-to-minus-the-minus-3xsin5x,"e^(3*x)*sin(5*x)","e-to-the-3xsin^5x"
derivative-of-e-minus-to-minus-the-minus-3xcos5x,"e^(3*x)*cos(5*x)","e-to-the-3xcos^5x"
derivative-of-e-minus-to-minus-the-minus-4xsin2x,"e^(4*x)*sin(2*x)","e-to-the-4xsin^2x"
derivative-of-e-minus-to-minus-the-minus-4xcos2x,"e^(4*x)*cos(2*x)","e-to-the-4xcos^2x"
derivative-of-e-minus-to-minus-the-minus-4xsin3x,"e^(4*x)*sin(3*x)","e-to-the-4xsin^3x"
derivative-of-e-minus-to-minus-the-minus-4xcos3x,"e^(4*x)*cos(3*x)","e-to-the-4xcos^3x"
derivative-of-e-minus-to-minus-the-minus-4xsin4x,"e^(4*x)*sin(4*x)","e-to-the-4xsin^4x"
derivative-of-e-minus-to-minus-the-minus-4xcos4x,"e^(4*x)*cos(4*x)","e-to-the-4xcos^4x"
derivative-of-e-minus-to-minus-the-minus-4xsin5x,"e^(4*x)*sin(5*x)","e-to-the-4xsin^5x"
derivative-of-e-minus-to-minus-the-minus-4xcos5x,"e^(4*x)*cos(5*x)","e-to-the-4xcos^5x"
derivative-of-e-minus-to-minus-the-minus-5xsin2x,"e^(5*x)*sin(2*x)","e-to-the-5xsin^2x"
derivative-of-e-minus-to-minus-the-minus-5xcos2x,"e^(5*x)*cos(2*x)","e-to-the-5xcos^2x"
derivative-of-e-minus-to-minus-the-minus-5xsin3x,"e^(5*x)*sin(3*x)","e-to-the-5xsin^3x"
derivative-of-e-minus-to-minus-the-minus-5xcos3x,"e^(5*x)*cos(3*x)","e-to-the-5xcos^3x"
derivative-of-e-minus-to-minus-the-minus-5xsin4x,"e^(5*x)*sin(4*x)","e-to-the-5xsin^4x"
derivative-of-e-minus-to-minus-the-minus-5xcos4x,"e^(5*x)*cos(4*x)","e-to-the-5xcos^4x"
derivative-of-e-minus-to-minus-the-minus-5xsin5x,"e^(5*x)*sin(5*x)","e-to-the-5xsin^5x"
derivative-of-e-minus-to-minus-the-minus-5xcos5x,"e^(5*x)*cos(5*x)","e-to-the-5xcos^5x"
derivative-of-e-minus-to-minus-the-minus-6xsin2x,"e^(6*x)*sin(2*x)","e-to-the-6xsin^2x"
derivative-of-e-minus-to-minus-the-minus-6xcos2x,"e^(6*x)*cos(2*x)","e-to-the-6xcos^2x"
derivative-of-e-minus-to-minus-the-minus-6xsin3x,"e^(6*x)*sin(3*x)","e-to-the-6xsin^3x"
derivative-of-e-minus-to-minus-the-minus-6xcos3x,"e^(6*x)*cos(3*x)","e-to-the-6xcos^3x"
derivative-of-e-minus-to-minus-the-minus-6xsin4x,"e^(6*x)*sin(4*x)","e-to-the-6xsin^4x"
derivative-of-e-minus-to-minus-the-minus-6xcos4x,"e^(6*x)*cos(4*x)","e-to-the-6xcos^4x"
derivative-of-e-minus-to-minus-the-minus-6xsin5x,"e^(6*x)*sin(5*x)","e-to-the-6xsin^5x"
derivative-of-e-minus-to-minus-the-minus-6xcos5x,"e^(6*x)*cos(5*x)","e-to-the-6xcos^5x"
derivative-of-e-minus-to-minus-the-minus-7xsin2x,"e^(7*x)*sin(2*x)","e-to-the-7xsin^2x"
derivative-of-e-minus-to-minus-the-minus-7xcos2x,"e^(7*x)*cos(2*x)","e-to-the-7xcos^2x"
derivative-of-e-minus-to-minus-the-minus-7xsin3x,"e^(7*x)*sin(3*x)","e-to-the-7xsin^3x"
derivative-of-e-minus-to-minus-the-minus-7xcos3x,"e^(7*x)*cos(3*x)","e-to-the-7xcos^3x"
derivative-of-e-minus-to-minus-the-minus-7xsin4x,"e^(7*x)*sin(4*x)","e-to-the-7xsin^4x"
derivative-of-e-minus-to-minus-the-minus-7xcos4x,"e^(7*x)*cos(4*x)","e-to-the-7xcos^4x"
derivative-of-e-minus-to-minus-the-minus-7xsin5x,"e^(7*x)*sin(5*x)","e-to-the-7xsin^5x"
derivative-of-e-minus-to-minus-the-minus-7xcos5x,"e^(7*x)*cos(5*x)","e-to-the-7xcos^5x"
derivative-of-sinx-minus-to-minus-the-minus-2,"sin(x^2)","sin(x)-to-the-2"
derivative-of-cosx-minus-to-minus-the-minus-2,"cos(x^2)","cos(x)-to-the-2"
derivative-of-e-minus-to-minus-the-minus-x-minus-to-minus-the-minus-2,"e^(x^2)","e-to-the-x-to-the-2"
derivative-of-lnx-minus-to-minus-the-minus-2,"ln(x^2)","ln(x)-to-the-2"
derivative-of-sinx-minus-to-minus-the-minus-3,"sin(x^3)","sin(x)-to-the-3"
derivative-of-cosx-minus-to-minus-the-minus-3,"cos(x^3)","cos(x)-to-the-3"
derivative-of-e-minus-to-minus-the-minus-x-minus-to-minus-the-minus-3,"e^(x^3)","e-to-the-x-to-the-3"
derivative-of-lnx-minus-to-minus-the-minus-3,"ln(x^3)","ln(x)-to-the-3"
derivative-of-sinx-minus-to-minus-the-minus-4,"sin(x^4)","sin(x)-to-the-4"
derivative-of-cosx-minus-to-minus-the-minus-4,"cos(x^4)","cos(x)-to-the-4"
derivative-of-e-minus-to-minus-the-minus-x-minus-to-minus-the-minus-4,"e^(x^4)","e-to-the-x-to-the-4"
derivative-of-lnx-minus-to-minus-the-minus-4,"ln(x^4)","ln(x)-to-the-4"
derivative-of-sinx-minus-to-minus-the-minus-5,"sin(x^5)","sin(x)-to-the-5"
derivative-of-cosx-minus-to-minus-the-minus-5,"cos(x^5)","cos(x)-to-the-5"
derivative-of-e-minus-to-minus-the-minus-x-minus-to-minus-the-minus-5,"e^(x^5)","e-to-the-x-to-the-5"
derivative-of-lnx-minus-to-minus-the-minus-5,"ln(x^5)","ln(x)-to-the-5"
derivative-of-sinx-minus-to-minus-the-minus-6,"sin(x^6)","sin(x)-to-the-6"
derivative-of-cosx-minus-to-minus-the-minus-6,"cos(x^6)","cos(x)-to-the-6"
derivative-of-e-minus-to-minus-the-minus-x-minus-to-minus-the-minus-6,"e^(x^6)","e-to-the-x-to-the-6"
derivative-of-lnx-minus-to-minus-the-minus-6,"ln(x^6)","ln(x)-to-the-6"
derivative-of-sinx-minus-to-minus-the-minus-7,"sin(x^7)","sin(x)-to-the-7"
derivative-of-cosx-minus-to-minus-the-minus-7,"cos(x^7)","cos(x)-to-the-7"
derivative-of-e-minus-to-minus-the-minus-x-minus-to-minus-the-minus-7,"e^(x^7)","e-to-the-x-to-the-7"
derivative-of-lnx-minus-to-minus-the-minus-7,"ln(x^7)","ln(x)-to-the-7"
derivative-of-sinx-minus-to-minus-the-minus-8,"sin(x^8)","sin(x)-to-the-8"
derivative-of-cosx-minus-to-minus-the-minus-8,"cos(x^8)","cos(x)-to-the-8"
derivative-of-e-minus-to-minus-the-minus-x-minus-to-minus-the-minus-8,"e^(x^8)","e-to-the-x-to-the-8"
derivative-of-lnx-minus-to-minus-the-minus-8,"ln(x^8)","ln(x)-to-the-8"
derivative-of-sinx-minus-to-minus-the-minus-9,"sin(x^9)","sin(x)-to-the-9"
derivative-of-cosx-minus-to-minus-the-minus-9,"cos(x^9)","cos(x)-to-the-9"
derivative-of-e-minus-to-minus-the-minus-x-minus-to-minus-the-minus-9,"e^(x^9)","e-to-the-x-to-the-9"
derivative-of-lnx-minus-to-minus-the-minus-9,"ln(x^9)","ln(x)-to-the-9"
derivative-of-sinx-minus-to-minus-the-minus-10,"sin(x^10)","sin(x)-to-the-10"
derivative-of-cosx-minus-to-minus-the-minus-10,"cos(x^10)","cos(x)-to-the-10"
derivative-of-e-minus-to-minus-the-minus-x-minus-to-minus-the-minus-10,"e^(x^10)","e-to-the-x-to-the-10"
derivative-of-lnx-minus-to-minus-the-minus-10,"ln(x^10)","ln(x)-to-the-10"
derivative-of-lnsinx,"ln(sin(x))","ln(sinx)"
derivative-of-lncosx,"ln(cos(x))","ln(cosx)"
derivative-of-lntanx,"ln(tan(x))","ln(tanx)"
derivative-of-e-minus-to-minus-the-minus-sinx,"e^(sin(x))","e-to-the-sin(x)"
derivative-of-e-minus-to-minus-the-minus-cosx,"e^(cos(x))","e-to-the-cos(x)"
derivative-of-x-minus-to-minus-the-minus-3-minus-plus-minus-x-minus-to-minus-the-minus-2,"x^3+x^2","x-to-the-3-+-x-to-the-2"
derivative-of-x-minus-to-minus-the-minus-3-minus-x-minus-to-minus-the-minus-2,"x^3-x^2","x-to-the-3-x-to-the-2"
derivative-of-x-minus-to-minus-the-minus-4-minus-plus-minus-x-minus-to-minus-the-minus-2,"x^4+x^2","x-to-the-4-+-x-to-the-2"
derivative-of-x-minus-to-minus-the-minus-4-minus-x-minus-to-minus-the-minus-2,"x^4-x^2","x-to-the-4-x-to-the-2"
derivative-of-x-minus-to-minus-the-minus-4-minus-plus-minus-x-minus-to-minus-the-minus-3,"x^4+x^3","x-to-the-4-+-x-to-the-3"
derivative-of-x-minus-to-minus-the-minus-4-minus-x-minus-to-minus-the-minus-3,"x^4-x^3","x-to-the-4-x-to-the-3"
derivative-of-x-minus-to-minus-the-minus-5-minus-plus-minus-x-minus-to-minus-the-minus-2,"x^5+x^2","x-to-the-5-+-x-to-the-2"
derivative-of-x-minus-to-minus-the-minus-5-minus-x-minus-to-minus-the-minus-2,"x^5-x^2","x-to-the-5-x-to-the-2"
derivative-of-x-minus-to-minus-the-minus-5-minus-plus-minus-x-minus-to-minus-the-minus-3,"x^5+x^3","x-to-the-5-+-x-to-the-3"
derivative-of-x-minus-to-minus-the-minus-5-minus-x-minus-to-minus-the-minus-3,"x^5-x^3","x-to-the-5-x-to-the-3"
derivative-of-x-minus-to-minus-the-minus-5-minus-plus-minus-x-minus-to-minus-the-minus-4,"x^5+x^4","x-to-the-5-+-x-to-the-4"
derivative-of-x-minus-to-minus-the-minus-5-minus-x-minus-to-minus-the-minus-4,"x^5-x^4","x-to-the-5-x-to-the-4"
derivative-of-x-minus-to-minus-the-minus-6-minus-plus-minus-x-minus-to-minus-the-minus-2,"x^6+x^2","x-to-the-6-+-x-to-the-2"
derivative-of-x-minus-to-minus-the-minus-6-minus-x-minus-to-minus-the-minus-2,"x^6-x^2","x-to-the-6-x-to-the-2"
derivative-of-x-minus-to-minus-the-minus-6-minus-plus-minus-x-minus-to-minus-the-minus-3,"x^6+x^3","x-to-the-6-+-x-to-the-3"
derivative-of-x-minus-to-minus-the-minus-6-minus-x-minus-to-minus-the-minus-3,"x^6-x^3","x-to-the-6-x-to-the-3"
derivative-of-x-minus-to-minus-the-minus-6-minus-plus-minus-x-minus-to-minus-the-minus-4,"x^6+x^4","x-to-the-6-+-x-to-the-4"
derivative-of-x-minus-to-minus-the-minus-6-minus-x-minus-to-minus-the-minus-4,"x^6-x^4","x-to-the-6-x-to-the-4"
derivative-of-x-minus-to-minus-the-minus-6-minus-plus-minus-x-minus-to-minus-the-minus-5,"x^6+x^5","x-to-the-6-+-x-to-the-5"
derivative-of-x-minus-to-minus-the-minus-6-minus-x-minus-to-minus-the-minus-5,"x^6-x^5","x-to-the-6-x-to-the-5"
derivative-of-x-minus-to-minus-the-minus-7-minus-plus-minus-x-minus-to-minus-the-minus-2,"x^7+x^2","x-to-the-7-+-x-to-the-2"
derivative-of-x-minus-to-minus-the-minus-7-minus-x-minus-to-minus-the-minus-2,"x^7-x^2","x-to-the-7-x-to-the-2"
derivative-of-x-minus-to-minus-the-minus-7-minus-plus-minus-x-minus-to-minus-the-minus-3,"x^7+x^3","x-to-the-7-+-x-to-the-3"
derivative-of-x-minus-to-minus-the-minus-7-minus-x-minus-to-minus-the-minus-3,"x^7-x^3","x-to-the-7-x-to-the-3"
derivative-of-x-minus-to-minus-the-minus-7-minus-plus-minus-x-minus-to-minus-the-minus-4,"x^7+x^4","x-to-the-7-+-x-to-the-4"
derivative-of-x-minus-to-minus-the-minus-7-minus-x-minus-to-minus-the-minus-4,"x^7-x^4","x-to-the-7-x-to-the-4"
derivative-of-x-minus-to-minus-the-minus-7-minus-plus-minus-x-minus-to-minus-the-minus-5,"x^7+x^5","x-to-the-7-+-x-to-the-5"
derivative-of-x-minus-to-minus-the-minus-7-minus-x-minus-to-minus-the-minus-5,"x^7-x^5","x-to-the-7-x-to-the-5"
derivative-of-x-minus-to-minus-the-minus-7-minus-plus-minus-x-minus-to-minus-the-minus-6,"x^7+x^6","x-to-the-7-+-x-to-the-6"
derivative-of-x-minus-to-minus-the-minus-7-minus-x-minus-to-minus-the-minus-6,"x^7-x^6","x-to-the-7-x-to-the-6"
derivative-of-x-minus-over-minus-x-minus-to-minus-the-minus-2-minus-plus-minus-1,"x/(x^2+1)","(x-)/(-x-to-the-2-+-1)"
derivative-of-1-minus-over-minus-x-minus-to-minus-the-minus-1-minus-plus-minus-1,"1/(x^1+1)","(1-)/(-x-to-the-1-+-1)"
derivative-of-x-minus-over-minus-x-minus-to-minus-the-minus-4-minus-plus-minus-1,"x/(x^4+1)","(x-)/(-x-to-the-4-+-1)"
derivative-of-1-minus-over-minus-x-minus-to-minus-the-minus-2-minus-plus-minus-1,"1/(x^2+1)","(1-)/(-x-to-the-2-+-1)"
derivative-of-x-minus-over-minus-x-minus-to-minus-the-minus-6-minus-plus-minus-1,"x/(x^6+1)","(x-)/(-x-to-the-6-+-1)"
derivative-of-1-minus-over-minus-x-minus-to-minus-the-minus-3-minus-plus-minus-1,"1/(x^3+1)","(1-)/(-x-to-the-3-+-1)"
derivative-of-x-minus-over-minus-x-minus-to-minus-the-minus-8-minus-plus-minus-1,"x/(x^8+1)","(x-)/(-x-to-the-8-+-1)"
derivative-of-1-minus-over-minus-x-minus-to-minus-the-minus-4-minus-plus-minus-1,"1/(x^4+1)","(1-)/(-x-to-the-4-+-1)"
derivative-of-x-minus-over-minus-x-minus-to-minus-the-minus-10-minus-plus-minus-1,"x/(x^10+1)","(x-)/(-x-to-the-10-+-1)"
derivative-of-1-minus-over-minus-x-minus-to-minus-the-minus-5-minus-plus-minus-1,"1/(x^5+1)","(1-)/(-x-to-the-5-+-1)"
derivative-of-x-minus-to-minus-the-minus-2asinx,"x^2*asin(x)","x-to-the-2asinx"
derivative-of-x-minus-to-minus-the-minus-2atanx,"x^2*atan(x)","x-to-the-2atanx"
derivative-of-x-minus-to-minus-the-minus-2sinhx,"x^2*sinh(x)","x-to-the-2sinhx"
derivative-of-x-minus-to-minus-the-minus-2coshx,"x^2*cosh(x)","x-to-the-2coshx"
derivative-of-x-minus-to-minus-the-minus-3asinx,"x^3*asin(x)","x-to-the-3asinx"
derivative-of-x-minus-to-minus-the-minus-3atanx,"x^3*atan(x)","x-to-the-3atanx"
derivative-of-x-minus-to-minus-the-minus-3sinhx,"x^3*sinh(x)","x-to-the-3sinhx"
derivative-of-x-minus-to-minus-the-minus-3coshx,"x^3*cosh(x)","x-to-the-3coshx"
derivative-of-x-minus-to-minus-the-minus-4asinx,"x^4*asin(x)","x-to-the-4asinx"
derivative-of-x-minus-to-minus-the-minus-4atanx,"x^4*atan(x)","x-to-the-4atanx"
derivative-of-x-minus-to-minus-the-minus-4sinhx,"x^4*sinh(x)","x-to-the-4sinhx"
derivative-of-x-minus-to-minus-the-minus-4coshx,"x^4*cosh(x)","x-to-the-4coshx"
derivative-of-x-minus-to-minus-the-minus-5asinx,"x^5*asin(x)","x-to-the-5asinx"
derivative-of-x-minus-to-minus-the-minus-5atanx,"x^5*atan(x)","x-to-the-5atanx"
derivative-of-x-minus-to-minus-the-minus-5sinhx,"x^5*sinh(x)","x-to-the-5sinhx"
derivative-of-x-minus-to-minus-the-minus-5coshx,"x^5*cosh(x)","x-to-the-5coshx"
derivative-of-x-minus-to-minus-the-minus-6asinx,"x^6*asin(x)","x-to-the-6asinx"
derivative-of-x-minus-to-minus-the-minus-6atanx,"x^6*atan(x)","x-to-the-6atanx"
derivative-of-x-minus-to-minus-the-minus-6sinhx,"x^6*sinh(x)","x-to-the-6sinhx"
derivative-of-x-minus-to-minus-the-minus-6coshx,"x^6*cosh(x)","x-to-the-6coshx"
derivative-of-x-minus-to-minus-the-minus-7asinx,"x^7*asin(x)","x-to-the-7asinx"
derivative-of-x-minus-to-minus-the-minus-7atanx,"x^7*atan(x)","x-to-the-7atanx"
derivative-of-x-minus-to-minus-the-minus-7sinhx,"x^7*sinh(x)","x-to-the-7sinhx"
derivative-of-x-minus-to-minus-the-minus-7coshx,"x^7*cosh(x)","x-to-the-7coshx"
derivative-of-x-minus-to-minus-the-minus-8asinx,"x^8*asin(x)","x-to-the-8asinx"
derivative-of-x-minus-to-minus-the-minus-8atanx,"x^8*atan(x)","x-to-the-8atanx"
derivative-of-x-minus-to-minus-the-minus-8sinhx,"x^8*sinh(x)","x-to-the-8sinhx"
derivative-of-x-minus-to-minus-the-minus-8coshx,"x^8*cosh(x)","x-to-the-8coshx"
derivative-of-x-minus-to-minus-the-minus-9asinx,"x^9*asin(x)","x-to-the-9asinx"
derivative-of-x-minus-to-minus-the-minus-9atanx,"x^9*atan(x)","x-to-the-9atanx"
derivative-of-x-minus-to-minus-the-minus-9sinhx,"x^9*sinh(x)","x-to-the-9sinhx"
derivative-of-x-minus-to-minus-the-minus-9coshx,"x^9*cosh(x)","x-to-the-9coshx"
derivative-of-x-minus-to-minus-the-minus-10asinx,"x^10*asin(x)","x-to-the-10asinx"
derivative-of-x-minus-to-minus-the-minus-10atanx,"x^10*atan(x)","x-to-the-10atanx"
derivative-of-x-minus-to-minus-the-minus-10sinhx,"x^10*sinh(x)","x-to-the-10sinhx"
derivative-of-x-minus-to-minus-the-minus-10coshx,"x^10*cosh(x)","x-to-the-10coshx"
derivative-of-2x-minus-plus-minus-1-minus-to-minus-the-minus-2,"(2*x+1)^2","2x-+-1-to-the-2"
derivative-of-2x-minus-1-minus-to-minus-the-minus-2,"(2*x-1)^2","2x-1-to-the-2"
derivative-of-2x-minus-plus-minus-1-minus-to-minus-the-minus-3,"(2*x+1)^3","2x-+-1-to-the-3"
derivative-of-2x-minus-1-minus-to-minus-the-minus-3,"(2*x-1)^3","2x-1-to-the-3"
derivative-of-2x-minus-plus-minus-1-minus-to-minus-the-minus-4,"(2*x+1)^4","2x-+-1-to-the-4"
derivative-of-2x-minus-1-minus-to-minus-the-minus-4,"(2*x-1)^4","2x-1-to-the-4"
derivative-of-2x-minus-plus-minus-1-minus-to-minus-the-minus-5,"(2*x+1)^5","2x-+-1-to-the-5"
derivative-of-2x-minus-1-minus-to-minus-the-minus-5,"(2*x-1)^5","2x-1-to-the-5"
derivative-of-2x-minus-plus-minus-2-minus-to-minus-the-minus-2,"(2*x+2)^2","2x-+-2-to-the-2"
derivative-of-2x-minus-2-minus-to-minus-the-minus-2,"(2*x-2)^2","2x-2-to-the-2"
derivative-of-2x-minus-plus-minus-2-minus-to-minus-the-minus-3,"(2*x+2)^3","2x-+-2-to-the-3"
derivative-of-2x-minus-2-minus-to-minus-the-minus-3,"(2*x-2)^3","2x-2-to-the-3"
derivative-of-2x-minus-plus-minus-2-minus-to-minus-the-minus-4,"(2*x+2)^4","2x-+-2-to-the-4"
derivative-of-2x-minus-2-minus-to-minus-the-minus-4,"(2*x-2)^4","2x-2-to-the-4"
derivative-of-2x-minus-plus-minus-2-minus-to-minus-the-minus-5,"(2*x+2)^5","2x-+-2-to-the-5"
derivative-of-2x-minus-2-minus-to-minus-the-minus-5,"(2*x-2)^5","2x-2-to-the-5"
derivative-of-2x-minus-plus-minus-3-minus-to-minus-the-minus-2,"(2*x+3)^2","2x-+-3-to-the-2"
derivative-of-2x-minus-3-minus-to-minus-the-minus-2,"(2*x-3)^2","2x-3-to-the-2"
derivative-of-2x-minus-plus-minus-3-minus-to-minus-the-minus-3,"(2*x+3)^3","2x-+-3-to-the-3"
derivative-of-2x-minus-3-minus-to-minus-the-minus-3,"(2*x-3)^3","2x-3-to-the-3"
derivative-of-2x-minus-plus-minus-3-minus-to-minus-the-minus-4,"(2*x+3)^4","2x-+-3-to-the-4"
derivative-of-2x-minus-3-minus-to-minus-the-minus-4,"(2*x-3)^4","2x-3-to-the-4"
derivative-of-2x-minus-plus-minus-3-minus-to-minus-the-minus-5,"(2*x+3)^5","2x-+-3-to-the-5"
derivative-of-2x-minus-3-minus-to-minus-the-minus-5,"(2*x-3)^5","2x-3-to-the-5"
derivative-of-2x-minus-plus-minus-4-minus-to-minus-the-minus-2,"(2*x+4)^2","2x-+-4-to-the-2"
derivative-of-2x-minus-4-minus-to-minus-the-minus-2,"(2*x-4)^2","2x-4-to-the-2"
derivative-of-2x-minus-plus-minus-4-minus-to-minus-the-minus-3,"(2*x+4)^3","2x-+-4-to-the-3"
derivative-of-2x-minus-4-minus-to-minus-the-minus-3,"(2*x-4)^3","2x-4-to-the-3"
derivative-of-2x-minus-plus-minus-4-minus-to-minus-the-minus-4,"(2*x+4)^4","2x-+-4-to-the-4"
derivative-of-2x-minus-4-minus-to-minus-the-minus-4,"(2*x-4)^4","2x-4-to-the-4"
derivative-of-2x-minus-plus-minus-4-minus-to-minus-the-minus-5,"(2*x+4)^5","2x-+-4-to-the-5"
derivative-of-2x-minus-4-minus-to-minus-the-minus-5,"(2*x-4)^5","2x-4-to-the-5"
derivative-of-2x-minus-plus-minus-5-minus-to-minus-the-minus-2,"(2*x+5)^2","2x-+-5-to-the-2"
derivative-of-2x-minus-5-minus-to-minus-the-minus-2,"(2*x-5)^2","2x-5-to-the-2"
derivative-of-2x-minus-plus-minus-5-minus-to-minus-the-minus-3,"(2*x+5)^3","2x-+-5-to-the-3"
derivative-of-2x-minus-5-minus-to-minus-the-minus-3,"(2*x-5)^3","2x-5-to-the-3"
derivative-of-2x-minus-plus-minus-5-minus-to-minus-the-minus-4,"(2*x+5)^4","2x-+-5-to-the-4"
derivative-of-2x-minus-5-minus-to-minus-the-minus-4,"(2*x-5)^4","2x-5-to-the-4"
derivative-of-2x-minus-plus-minus-5-minus-to-minus-the-minus-5,"(2*x+5)^5","2x-+-5-to-the-5"
derivative-of-2x-minus-5-minus-to-minus-the-minus-5,"(2*x-5)^5","2x-5-to-the-5"
derivative-of-3x-minus-plus-minus-1-minus-to-minus-the-minus-2,"(3*x+1)^2","3x-+-1-to-the-2"
derivative-of-3x-minus-1-minus-to-minus-the-minus-2,"(3*x-1)^2","3x-1-to-the-2"
derivative-of-3x-minus-plus-minus-1-minus-to-minus-the-minus-3,"(3*x+1)^3","3x-+-1-to-the-3"
derivative-of-3x-minus-1-minus-to-minus-the-minus-3,"(3*x-1)^3","3x-1-to-the-3"
derivative-of-3x-minus-plus-minus-1-minus-to-minus-the-minus-4,"(3*x+1)^4","3x-+-1-to-the-4"
derivative-of-3x-minus-1-minus-to-minus-the-minus-4,"(3*x-1)^4","3x-1-to-the-4"
derivative-of-3x-minus-plus-minus-1-minus-to-minus-the-minus-5,"(3*x+1)^5","3x-+-1-to-the-5"
derivative-of-3x-minus-1-minus-to-minus-the-minus-5,"(3*x-1)^5","3x-1-to-the-5"
derivative-of-3x-minus-plus-minus-2-minus-to-minus-the-minus-2,"(3*x+2)^2","3x-+-2-to-the-2"
derivative-of-3x-minus-2-minus-to-minus-the-minus-2,"(3*x-2)^2","3x-2-to-the-2"
derivative-of-3x-minus-plus-minus-2-minus-to-minus-the-minus-3,"(3*x+2)^3","3x-+-2-to-the-3"
derivative-of-3x-minus-2-minus-to-minus-the-minus-3,"(3*x-2)^3","3x-2-to-the-3"
derivative-of-3x-minus-plus-minus-2-minus-to-minus-the-minus-4,"(3*x+2)^4","3x-+-2-to-the-4"
derivative-of-3x-minus-2-minus-to-minus-the-minus-4,"(3*x-2)^4","3x-2-to-the-4"
derivative-of-3x-minus-plus-minus-2-minus-to-minus-the-minus-5,"(3*x+2)^5","3x-+-2-to-the-5"
derivative-of-3x-minus-2-minus-to-minus-the-minus-5,"(3*x-2)^5","3x-2-to-the-5"
derivative-of-3x-minus-plus-minus-3-minus-to-minus-the-minus-2,"(3*x+3)^2","3x-+-3-to-the-2"
derivative-of-3x-minus-3-minus-to-minus-the-minus-2,"(3*x-3)^2","3x-3-to-the-2"
derivative-of-3x-minus-plus-minus-3-minus-to-minus-the-minus-3,"(3*x+3)^3","3x-+-3-to-the-3"
derivative-of-3x-minus-3-minus-to-minus-the-minus-3,"(3*x-3)^3","3x-3-to-the-3"
derivative-of-3x-minus-plus-minus-3-minus-to-minus-the-minus-4,"(3*x+3)^4","3x-+-3-to-the-4"
derivative-of-3x-minus-3-minus-to-minus-the-minus-4,"(3*x-3)^4","3x-3-to-the-4"
derivative-of-3x-minus-plus-minus-3-minus-to-minus-the-minus-5,"(3*x+3)^5","3x-+-3-to-the-5"
derivative-of-3x-minus-3-minus-to-minus-the-minus-5,"(3*x-3)^5","3x-3-to-the-5"
derivative-of-3x-minus-plus-minus-4-minus-to-minus-the-minus-2,"(3*x+4)^2","3x-+-4-to-the-2"
derivative-of-3x-minus-4-minus-to-minus-the-minus-2,"(3*x-4)^2","3x-4-to-the-2"
derivative-of-3x-minus-plus-minus-4-minus-to-minus-the-minus-3,"(3*x+4)^3","3x-+-4-to-the-3"
derivative-of-3x-minus-4-minus-to-minus-the-minus-3,"(3*x-4)^3","3x-4-to-the-3"
derivative-of-3x-minus-plus-minus-4-minus-to-minus-the-minus-4,"(3*x+4)^4","3x-+-4-to-the-4"
derivative-of-3x-minus-4-minus-to-minus-the-minus-4,"(3*x-4)^4","3x-4-to-the-4"
derivative-of-3x-minus-plus-minus-4-minus-to-minus-the-minus-5,"(3*x+4)^5","3x-+-4-to-the-5"
derivative-of-3x-minus-4-minus-to-minus-the-minus-5,"(3*x-4)^5","3x-4-to-the-5"
derivative-of-3x-minus-plus-minus-5-minus-to-minus-the-minus-2,"(3*x+5)^2","3x-+-5-to-the-2"
derivative-of-3x-minus-5-minus-to-minus-the-minus-2,"(3*x-5)^2","3x-5-to-the-2"
derivative-of-3x-minus-plus-minus-5-minus-to-minus-the-minus-3,"(3*x+5)^3","3x-+-5-to-the-3"
derivative-of-3x-minus-5-minus-to-minus-the-minus-3,"(3*x-5)^3","3x-5-to-the-3"
derivative-of-3x-minus-plus-minus-5-minus-to-minus-the-minus-4,"(3*x+5)^4","3x-+-5-to-the-4"
derivative-of-3x-minus-5-minus-to-minus-the-minus-4,"(3*x-5)^4","3x-5-to-the-4"
derivative-of-3x-minus-plus-minus-5-minus-to-minus-the-minus-5,"(3*x+5)^5","3x-+-5-to-the-5"
derivative-of-3x-minus-5-minus-to-minus-the-minus-5,"(3*x-5)^5","3x-5-to-the-5"
derivative-of-4x-minus-plus-minus-1-minus-to-minus-the-minus-2,"(4*x+1)^2","4x-+-1-to-the-2"
derivative-of-4x-minus-1-minus-to-minus-the-minus-2,"(4*x-1)^2","4x-1-to-the-2"
derivative-of-4x-minus-plus-minus-1-minus-to-minus-the-minus-3,"(4*x+1)^3","4x-+-1-to-the-3"
derivative-of-4x-minus-1-minus-to-minus-the-minus-3,"(4*x-1)^3","4x-1-to-the-3"
derivative-of-4x-minus-plus-minus-1-minus-to-minus-the-minus-4,"(4*x+1)^4","4x-+-1-to-the-4"
derivative-of-4x-minus-1-minus-to-minus-the-minus-4,"(4*x-1)^4","4x-1-to-the-4"
derivative-of-4x-minus-plus-minus-1-minus-to-minus-the-minus-5,"(4*x+1)^5","4x-+-1-to-the-5"
derivative-of-4x-minus-1-minus-to-minus-the-minus-5,"(4*x-1)^5","4x-1-to-the-5"
derivative-of-4x-minus-plus-minus-2-minus-to-minus-the-minus-2,"(4*x+2)^2","4x-+-2-to-the-2"
derivative-of-4x-minus-2-minus-to-minus-the-minus-2,"(4*x-2)^2","4x-2-to-the-2"
derivative-of-4x-minus-plus-minus-2-minus-to-minus-the-minus-3,"(4*x+2)^3","4x-+-2-to-the-3"
derivative-of-4x-minus-2-minus-to-minus-the-minus-3,"(4*x-2)^3","4x-2-to-the-3"
derivative-of-4x-minus-plus-minus-2-minus-to-minus-the-minus-4,"(4*x+2)^4","4x-+-2-to-the-4"
derivative-of-4x-minus-2-minus-to-minus-the-minus-4,"(4*x-2)^4","4x-2-to-the-4"
derivative-of-4x-minus-plus-minus-2-minus-to-minus-the-minus-5,"(4*x+2)^5","4x-+-2-to-the-5"
derivative-of-4x-minus-2-minus-to-minus-the-minus-5,"(4*x-2)^5","4x-2-to-the-5"
derivative-of-4x-minus-plus-minus-3-minus-to-minus-the-minus-2,"(4*x+3)^2","4x-+-3-to-the-2"
derivative-of-4x-minus-3-minus-to-minus-the-minus-2,"(4*x-3)^2","4x-3-to-the-2"
derivative-of-4x-minus-plus-minus-3-minus-to-minus-the-minus-3,"(4*x+3)^3","4x-+-3-to-the-3"
derivative-of-4x-minus-3-minus-to-minus-the-minus-3,"(4*x-3)^3","4x-3-to-the-3"
derivative-of-4x-minus-plus-minus-3-minus-to-minus-the-minus-4,"(4*x+3)^4","4x-+-3-to-the-4"
derivative-of-4x-minus-3-minus-to-minus-the-minus-4,"(4*x-3)^4","4x-3-to-the-4"
derivative-of-4x-minus-plus-minus-3-minus-to-minus-the-minus-5,"(4*x+3)^5","4x-+-3-to-the-5"
derivative-of-4x-minus-3-minus-to-minus-the-minus-5,"(4*x-3)^5","4x-3-to-the-5"
derivative-of-4x-minus-plus-minus-4-minus-to-minus-the-minus-2,"(4*x+4)^2","4x-+-4-to-the-2"
derivative-of-4x-minus-4-minus-to-minus-the-minus-2,"(4*x-4)^2","4x-4-to-the-2"
derivative-of-4x-minus-plus-minus-4-minus-to-minus-the-minus-3,"(4*x+4)^3","4x-+-4-to-the-3"
derivative-of-4x-minus-4-minus-to-minus-the-minus-3,"(4*x-4)^3","4x-4-to-the-3"
derivative-of-4x-minus-plus-minus-4-minus-to-minus-the-minus-4,"(4*x+4)^4","4x-+-4-to-the-4"
derivative-of-4x-minus-4-minus-to-minus-the-minus-4,"(4*x-4)^4","4x-4-to-the-4"
derivative-of-4x-minus-plus-minus-4-minus-to-minus-the-minus-5,"(4*x+4)^5","4x-+-4-to-the-5"
derivative-of-4x-minus-4-minus-to-minus-the-minus-5,"(4*x-4)^5","4x-4-to-the-5"
derivative-of-4x-minus-plus-minus-5-minus-to-minus-the-minus-2,"(4*x+5)^2","4x-+-5-to-the-2"
derivative-of-4x-minus-5-minus-to-minus-the-minus-2,"(4*x-5)^2","4x-5-to-the-2"
derivative-of-4x-minus-plus-minus-5-minus-to-minus-the-minus-3,"(4*x+5)^3","4x-+-5-to-the-3"
derivative-of-4x-minus-5-minus-to-minus-the-minus-3,"(4*x-5)^3","4x-5-to-the-3"
derivative-of-4x-minus-plus-minus-5-minus-to-minus-the-minus-4,"(4*x+5)^4","4x-+-5-to-the-4"
derivative-of-4x-minus-5-minus-to-minus-the-minus-4,"(4*x-5)^4","4x-5-to-the-4"
derivative-of-4x-minus-plus-minus-5-minus-to-minus-the-minus-5,"(4*x+5)^5","4x-+-5-to-the-5"
derivative-of-4x-minus-5-minus-to-minus-the-minus-5,"(4*x-5)^5","4x-5-to-the-5"
derivative-of-5x-minus-plus-minus-1-minus-to-minus-the-minus-2,"(5*x+1)^2","5x-+-1-to-the-2"
derivative-of-5x-minus-1-minus-to-minus-the-minus-2,"(5*x-1)^2","5x-1-to-the-2"
derivative-of-5x-minus-plus-minus-1-minus-to-minus-the-minus-3,"(5*x+1)^3","5x-+-1-to-the-3"
derivative-of-5x-minus-1-minus-to-minus-the-minus-3,"(5*x-1)^3","5x-1-to-the-3"
derivative-of-5x-minus-plus-minus-1-minus-to-minus-the-minus-4,"(5*x+1)^4","5x-+-1-to-the-4"
derivative-of-5x-minus-1-minus-to-minus-the-minus-4,"(5*x-1)^4","5x-1-to-the-4"
derivative-of-5x-minus-plus-minus-1-minus-to-minus-the-minus-5,"(5*x+1)^5","5x-+-1-to-the-5"
derivative-of-5x-minus-1-minus-to-minus-the-minus-5,"(5*x-1)^5","5x-1-to-the-5"
derivative-of-5x-minus-plus-minus-2-minus-to-minus-the-minus-2,"(5*x+2)^2","5x-+-2-to-the-2"
derivative-of-5x-minus-2-minus-to-minus-the-minus-2,"(5*x-2)^2","5x-2-to-the-2"
derivative-of-5x-minus-plus-minus-2-minus-to-minus-the-minus-3,"(5*x+2)^3","5x-+-2-to-the-3"
derivative-of-5x-minus-2-minus-to-minus-the-minus-3,"(5*x-2)^3","5x-2-to-the-3"
derivative-of-5x-minus-plus-minus-2-minus-to-minus-the-minus-4,"(5*x+2)^4","5x-+-2-to-the-4"
derivative-of-5x-minus-2-minus-to-minus-the-minus-4,"(5*x-2)^4","5x-2-to-the-4"
derivative-of-5x-minus-plus-minus-2-minus-to-minus-the-minus-5,"(5*x+2)^5","5x-+-2-to-the-5"
derivative-of-5x-minus-2-minus-to-minus-the-minus-5,"(5*x-2)^5","5x-2-to-the-5"
derivative-of-5x-minus-plus-minus-3-minus-to-minus-the-minus-2,"(5*x+3)^2","5x-+-3-to-the-2"
derivative-of-5x-minus-3-minus-to-minus-the-minus-2,"(5*x-3)^2","5x-3-to-the-2"
derivative-of-5x-minus-plus-minus-3-minus-to-minus-the-minus-3,"(5*x+3)^3","5x-+-3-to-the-3"
derivative-of-5x-minus-3-minus-to-minus-the-minus-3,"(5*x-3)^3","5x-3-to-the-3"
derivative-of-5x-minus-plus-minus-3-minus-to-minus-the-minus-4,"(5*x+3)^4","5x-+-3-to-the-4"
derivative-of-5x-minus-3-minus-to-minus-the-minus-4,"(5*x-3)^4","5x-3-to-the-4"
derivative-of-5x-minus-plus-minus-3-minus-to-minus-the-minus-5,"(5*x+3)^5","5x-+-3-to-the-5"
derivative-of-5x-minus-3-minus-to-minus-the-minus-5,"(5*x-3)^5","5x-3-to-the-5"
derivative-of-5x-minus-plus-minus-4-minus-to-minus-the-minus-2,"(5*x+4)^2","5x-+-4-to-the-2"
derivative-of-5x-minus-4-minus-to-minus-the-minus-2,"(5*x-4)^2","5x-4-to-the-2"
derivative-of-5x-minus-plus-minus-4-minus-to-minus-the-minus-3,"(5*x+4)^3","5x-+-4-to-the-3"
derivative-of-5x-minus-4-minus-to-minus-the-minus-3,"(5*x-4)^3","5x-4-to-the-3"
derivative-of-5x-minus-plus-minus-4-minus-to-minus-the-minus-4,"(5*x+4)^4","5x-+-4-to-the-4"
derivative-of-5x-minus-4-minus-to-minus-the-minus-4,"(5*x-4)^4","5x-4-to-the-4"
derivative-of-5x-minus-plus-minus-4-minus-to-minus-the-minus-5,"(5*x+4)^5","5x-+-4-to-the-5"
derivative-of-5x-minus-4-minus-to-minus-the-minus-5,"(5*x-4)^5","5x-4-to-the-5"
derivative-of-5x-minus-plus-minus-5-minus-to-minus-the-minus-2,"(5*x+5)^2","5x-+-5-to-the-2"
derivative-of-5x-minus-5-minus-to-minus-the-minus-2,"(5*x-5)^2","5x-5-to-the-2"
derivative-of-5x-minus-plus-minus-5-minus-to-minus-the-minus-3,"(5*x+5)^3","5x-+-5-to-the-3"
derivative-of-5x-minus-5-minus-to-minus-the-minus-3,"(5*x-5)^3","5x-5-to-the-3"
derivative-of-5x-minus-plus-minus-5-minus-to-minus-the-minus-4,"(5*x+5)^4","5x-+-5-to-the-4"
derivative-of-5x-minus-5-minus-to-minus-the-minus-4,"(5*x-5)^4","5x-5-to-the-4"
derivative-of-5x-minus-plus-minus-5-minus-to-minus-the-minus-5,"(5*x+5)^5","5x-+-5-to-the-5"
derivative-of-5x-minus-5-minus-to-minus-the-minus-5,"(5*x-5)^5","5x-5-to-the-5"
derivative-of-x-minus-to-minus-the-minus-x,"x^x","x-to-the-x"
derivative-of-x-minus-to-minus-the-minus-sinx,"x^sin(x)","x-to-the-sin(x)"
derivative-of-sinx-minus-to-minus-the-minus-x,"sin(x)^x","sin(x)-to-the-x"
derivative-of-x-minus-to-minus-the-minus-lnx,"x^ln(x)","x-to-the-ln(x)"
derivative-of-sqrtx-minus-to-minus-the-minus-2-minus-plus-minus-1,"sqrt(x^2+1)","sqrt(x)-to-the-2-+-1"
derivative-of-sqrtx-minus-to-minus-the-minus-2-minus-1,"sqrt(x^2-1)","sqrt(x)-to-the-2-1"
derivative-of-sqrt1-minus-x-minus-to-minus-the-minus-2,"sqrt(1-x^2)","sqrt(1)-x-to-the-2"
derivative-of-1-minus-over-minus-sqrt1-minus-x-minus-to-minus-the-minus-2,"1/sqrt(1-x^2)","(1-)/(-sqrt(1)-x-to-the-2)"
derivative-of-sqrtx-minus-to-minus-the-minus-2-minus-plus-minus-2,"sqrt(x^2+2)","sqrt(x)-to-the-2-+-2"
derivative-of-sqrtx-minus-to-minus-the-minus-2-minus-2,"sqrt(x^2-2)","sqrt(x)-to-the-2-2"
derivative-of-sqrt2-minus-x-minus-to-minus-the-minus-2,"sqrt(2-x^2)","sqrt(2)-x-to-the-2"
derivative-of-1-minus-over-minus-sqrt2-minus-x-minus-to-minus-the-minus-2,"1/sqrt(2-x^2)","(1-)/(-sqrt(2)-x-to-the-2)"
derivative-of-sqrtx-minus-to-minus-the-minus-2-minus-plus-minus-3,"sqrt(x^2+3)","sqrt(x)-to-the-2-+-3"
derivative-of-sqrtx-minus-to-minus-the-minus-2-minus-3,"sqrt(x^2-3)","sqrt(x)-to-the-2-3"
derivative-of-sqrt3-minus-x-minus-to-minus-the-minus-2,"sqrt(3-x^2)","sqrt(3)-x-to-the-2"
derivative-of-1-minus-over-minus-sqrt3-minus-x-minus-to-minus-the-minus-2,"1/sqrt(3-x^2)","(1-)/(-sqrt(3)-x-to-the-2)"
derivative-of-sqrtx-minus-to-minus-the-minus-2-minus-plus-minus-4,"sqrt(x^2+4)","sqrt(x)-to-the-2-+-4"
derivative-of-sqrtx-minus-to-minus-the-minus-2-minus-4,"sqrt(x^2-4)","sqrt(x)-to-the-2-4"
derivative-of-sqrt4-minus-x-minus-to-minus-the-minus-2,"sqrt(4-x^2)","sqrt(4)-x-to-the-2"
derivative-of-1-minus-over-minus-sqrt4-minus-x-minus-to-minus-the-minus-2,"1/sqrt(4-x^2)","(1-)/(-sqrt(4)-x-to-the-2)"
derivative-of-sqrtx-minus-to-minus-the-minus-2-minus-plus-minus-5,"sqrt(x^2+5)","sqrt(x)-to-the-2-+-5"
derivative-of-sqrtx-minus-to-minus-the-minus-2-minus-5,"sqrt(x^2-5)","sqrt(x)-to-the-2-5"
derivative-of-sqrt5-minus-x-minus-to-minus-the-minus-2,"sqrt(5-x^2)","sqrt(5)-x-to-the-2"
derivative-of-1-minus-over-minus-sqrt5-minus-x-minus-to-minus-the-minus-2,"1/sqrt(5-x^2)","(1-)/(-sqrt(5)-x-to-the-2)"
derivative-of-sqrtx-minus-to-minus-the-minus-2-minus-plus-minus-6,"sqrt(x^2+6)","sqrt(x)-to-the-2-+-6"
derivative-of-sqrtx-minus-to-minus-the-minus-2-minus-6,"sqrt(x^2-6)","sqrt(x)-to-the-2-6"
derivative-of-sqrt6-minus-x-minus-to-minus-the-minus-2,"sqrt(6-x^2)","sqrt(6)-x-to-the-2"
derivative-of-1-minus-over-minus-sqrt6-minus-x-minus-to-minus-the-minus-2,"1/sqrt(6-x^2)","(1-)/(-sqrt(6)-x-to-the-2)"
derivative-of-sqrtx-minus-to-minus-the-minus-2-minus-plus-minus-7,"sqrt(x^2+7)","sqrt(x)-to-the-2-+-7"
derivative-of-sqrtx-minus-to-minus-the-minus-2-minus-7,"sqrt(x^2-7)","sqrt(x)-to-the-2-7"
derivative-of-sqrt7-minus-x-minus-to-minus-the-minus-2,"sqrt(7-x^2)","sqrt(7)-x-to-the-2"
derivative-of-1-minus-over-minus-sqrt7-minus-x-minus-to-minus-the-minus-2,"1/sqrt(7-x^2)","(1-)/(-sqrt(7)-x-to-the-2)"
derivative-of-sqrtx-minus-to-minus-the-minus-2-minus-plus-minus-8,"sqrt(x^2+8)","sqrt(x)-to-the-2-+-8"
derivative-of-sqrtx-minus-to-minus-the-minus-2-minus-8,"sqrt(x^2-8)","sqrt(x)-to-the-2-8"
derivative-of-sqrt8-minus-x-minus-to-minus-the-minus-2,"sqrt(8-x^2)","sqrt(8)-x-to-the-2"
derivative-of-1-minus-over-minus-sqrt8-minus-x-minus-to-minus-the-minus-2,"1/sqrt(8-x^2)","(1-)/(-sqrt(8)-x-to-the-2)"
derivative-of-sqrtx-minus-to-minus-the-minus-2-minus-plus-minus-9,"sqrt(x^2+9)","sqrt(x)-to-the-2-+-9"
derivative-of-sqrtx-minus-to-minus-the-minus-2-minus-9,"sqrt(x^2-9)","sqrt(x)-to-the-2-9"
derivative-of-sqrt9-minus-x-minus-to-minus-the-minus-2,"sqrt(9-x^2)","sqrt(9)-x-to-the-2"
derivative-of-1-minus-over-minus-sqrt9-minus-x-minus-to-minus-the-minus-2,"1/sqrt(9-x^2)","(1-)/(-sqrt(9)-x-to-the-2)"
derivative-of-sqrtx-minus-to-minus-the-minus-2-minus-plus-minus-10,"sqrt(x^2+10)","sqrt(x)-to-the-2-+-10"
derivative-of-sqrtx-minus-to-minus-the-minus-2-minus-10,"sqrt(x^2-10)","sqrt(x)-to-the-2-10"
derivative-of-sqrt10-minus-x-minus-to-minus-the-minus-2,"sqrt(10-x^2)","sqrt(10)-x-to-the-2"
derivative-of-1-minus-over-minus-sqrt10-minus-x-minus-to-minus-the-minus-2,"1/sqrt(10-x^2)","(1-)/(-sqrt(10)-x-to-the-2)"
derivative-of-sin2xcos2x,"sin(2*x)*cos(2*x)","sin(2xcos^2x)"
derivative-of-tan2xsec2x,"tan(2*x)*sec(2*x)","tan(2xsec^2x)"
derivative-of-sin3xcos3x,"sin(3*x)*cos(3*x)","sin(3xcos^3x)"
derivative-of-tan3xsec3x,"tan(3*x)*sec(3*x)","tan(3xsec^3x)"
derivative-of-sin4xcos4x,"sin(4*x)*cos(4*x)","sin(4xcos^4x)"
derivative-of-tan4xsec4x,"tan(4*x)*sec(4*x)","tan(4xsec^4x)"
derivative-of-sin5xcos5x,"sin(5*x)*cos(5*x)","sin(5xcos^5x)"
derivative-of-tan5xsec5x,"tan(5*x)*sec(5*x)","tan(5xsec^5x)"
derivative-of-sin6xcos6x,"sin(6*x)*cos(6*x)","sin(6xcos^6x)"
derivative-of-tan6xsec6x,"tan(6*x)*sec(6*x)","tan(6xsec^6x)"
derivative-of-sin7xcos7x,"sin(7*x)*cos(7*x)","sin(7xcos^7x)"
derivative-of-tan7xsec7x,"tan(7*x)*sec(7*x)","tan(7xsec^7x)"
derivative-of-sin8xcos8x,"sin(8*x)*cos(8*x)","sin(8xcos^8x)"
derivative-of-tan8xsec8x,"tan(8*x)*sec(8*x)","tan(8xsec^8x)"
derivative-of-sin9xcos9x,"sin(9*x)*cos(9*x)","sin(9xcos^9x)"
derivative-of-tan9xsec9x,"tan(9*x)*sec(9*x)","tan(9xsec^9x)"
derivative-of-sin10xcos10x,"sin(10*x)*cos(10*x)","sin(10xcos^10x)"
derivative-of-tan10xsec10x,"tan(10*x)*sec(10*x)","tan(10xsec^10x)"
derivative-of-lnx-minus-to-minus-the-minus-2-minus-plus-minus-1,"ln(x^2+1)","ln(x)-to-the-2-+-1"
derivative-of-lnx-minus-to-minus-the-minus-2-minus-1,"ln(x^2-1)","ln(x)-to-the-2-1"
derivative-of-e-minus-to-minus-the-minus-x-minus-to-minus-the-minus-2-minus-plus-minus-1,"e^(x^2+1)","e-to-the-x-to-the-2-+-1"
derivative-of-sinx-minus-to-minus-the-minus-2-minus-plus-minus-1,"sin(x^2+1)","sin(x)-to-the-2-+-1"
derivative-of-cosx-minus-to-minus-the-minus-2-minus-plus-minus-1,"cos(x^2+1)","cos(x)-to-the-2-+-1"
derivative-of-lnx-minus-to-minus-the-minus-2-minus-plus-minus-2,"ln(x^2+2)","ln(x)-to-the-2-+-2"
derivative-of-lnx-minus-to-minus-the-minus-2-minus-2,"ln(x^2-2)","ln(x)-to-the-2-2"
derivative-of-e-minus-to-minus-the-minus-x-minus-to-minus-the-minus-2-minus-plus-minus-2,"e^(x^2+2)","e-to-the-x-to-the-2-+-2"
derivative-of-sinx-minus-to-minus-the-minus-2-minus-plus-minus-2,"sin(x^2+2)","sin(x)-to-the-2-+-2"
derivative-of-cosx-minus-to-minus-the-minus-2-minus-plus-minus-2,"cos(x^2+2)","cos(x)-to-the-2-+-2"
derivative-of-lnx-minus-to-minus-the-minus-2-minus-plus-minus-3,"ln(x^2+3)","ln(x)-to-the-2-+-3"
derivative-of-lnx-minus-to-minus-the-minus-2-minus-3,"ln(x^2-3)","ln(x)-to-the-2-3"
derivative-of-e-minus-to-minus-the-minus-x-minus-to-minus-the-minus-2-minus-plus-minus-3,"e^(x^2+3)","e-to-the-x-to-the-2-+-3"
derivative-of-sinx-minus-to-minus-the-minus-2-minus-plus-minus-3,"sin(x^2+3)","sin(x)-to-the-2-+-3"
derivative-of-cosx-minus-to-minus-the-minus-2-minus-plus-minus-3,"cos(x^2+3)","cos(x)-to-the-2-+-3"
derivative-of-lnx-minus-to-minus-the-minus-2-minus-plus-minus-4,"ln(x^2+4)","ln(x)-to-the-2-+-4"
derivative-of-lnx-minus-to-minus-the-minus-2-minus-4,"ln(x^2-4)","ln(x)-to-the-2-4"
derivative-of-e-minus-to-minus-the-minus-x-minus-to-minus-the-minus-2-minus-plus-minus-4,"e^(x^2+4)","e-to-the-x-to-the-2-+-4"
derivative-of-sinx-minus-to-minus-the-minus-2-minus-plus-minus-4,"sin(x^2+4)","sin(x)-to-the-2-+-4"
derivative-of-cosx-minus-to-minus-the-minus-2-minus-plus-minus-4,"cos(x^2+4)","cos(x)-to-the-2-+-4"
derivative-of-lnx-minus-to-minus-the-minus-2-minus-plus-minus-5,"ln(x^2+5)","ln(x)-to-the-2-+-5"
derivative-of-lnx-minus-to-minus-the-minus-2-minus-5,"ln(x^2-5)","ln(x)-to-the-2-5"
derivative-of-e-minus-to-minus-the-minus-x-minus-to-minus-the-minus-2-minus-plus-minus-5,"e^(x^2+5)","e-to-the-x-to-the-2-+-5"
derivative-of-sinx-minus-to-minus-the-minus-2-minus-plus-minus-5,"sin(x^2+5)","sin(x)-to-the-2-+-5"
derivative-of-cosx-minus-to-minus-the-minus-2-minus-plus-minus-5,"cos(x^2+5)","cos(x)-to-the-2-+-5"
derivative-of-lnx-minus-to-minus-the-minus-2-minus-plus-minus-6,"ln(x^2+6)","ln(x)-to-the-2-+-6"
derivative-of-lnx-minus-to-minus-the-minus-2-minus-6,"ln(x^2-6)","ln(x)-to-the-2-6"
derivative-of-e-minus-to-minus-the-minus-x-minus-to-minus-the-minus-2-minus-plus-minus-6,"e^(x^2+6)","e-to-the-x-to-the-2-+-6"
derivative-of-sinx-minus-to-minus-the-minus-2-minus-plus-minus-6,"sin(x^2+6)","sin(x)-to-the-2-+-6"
derivative-of-cosx-minus-to-minus-the-minus-2-minus-plus-minus-6,"cos(x^2+6)","cos(x)-to-the-2-+-6"
derivative-of-lnx-minus-to-minus-the-minus-2-minus-plus-minus-7,"ln(x^2+7)","ln(x)-to-the-2-+-7"
derivative-of-lnx-minus-to-minus-the-minus-2-minus-7,"ln(x^2-7)","ln(x)-to-the-2-7"
derivative-of-e-minus-to-minus-the-minus-x-minus-to-minus-the-minus-2-minus-plus-minus-7,"e^(x^2+7)","e-to-the-x-to-the-2-+-7"
derivative-of-sinx-minus-to-minus-the-minus-2-minus-plus-minus-7,"sin(x^2+7)","sin(x)-to-the-2-+-7"
derivative-of-cosx-minus-to-minus-the-minus-2-minus-plus-minus-7,"cos(x^2+7)","cos(x)-to-the-2-+-7"
derivative-of-lnx-minus-to-minus-the-minus-2-minus-plus-minus-8,"ln(x^2+8)","ln(x)-to-the-2-+-8"
derivative-of-lnx-minus-to-minus-the-minus-2-minus-8,"ln(x^2-8)","ln(x)-to-the-2-8"
derivative-of-e-minus-to-minus-the-minus-x-minus-to-minus-the-minus-2-minus-plus-minus-8,"e^(x^2+8)","e-to-the-x-to-the-2-+-8"
derivative-of-sinx-minus-to-minus-the-minus-2-minus-plus-minus-8,"sin(x^2+8)","sin(x)-to-the-2-+-8"
derivative-of-cosx-minus-to-minus-the-minus-2-minus-plus-minus-8,"cos(x^2+8)","cos(x)-to-the-2-+-8"
derivative-of-lnx-minus-to-minus-the-minus-2-minus-plus-minus-9,"ln(x^2+9)","ln(x)-to-the-2-+-9"
derivative-of-lnx-minus-to-minus-the-minus-2-minus-9,"ln(x^2-9)","ln(x)-to-the-2-9"
derivative-of-e-minus-to-minus-the-minus-x-minus-to-minus-the-minus-2-minus-plus-minus-9,"e^(x^2+9)","e-to-the-x-to-the-2-+-9"
derivative-of-sinx-minus-to-minus-the-minus-2-minus-plus-minus-9,"sin(x^2+9)","sin(x)-to-the-2-+-9"
derivative-of-cosx-minus-to-minus-the-minus-2-minus-plus-minus-9,"cos(x^2+9)","cos(x)-to-the-2-+-9"
derivative-of-lnx-minus-to-minus-the-minus-2-minus-plus-minus-10,"ln(x^2+10)","ln(x)-to-the-2-+-10"
derivative-of-lnx-minus-to-minus-the-minus-2-minus-10,"ln(x^2-10)","ln(x)-to-the-2-10"
derivative-of-e-minus-to-minus-the-minus-x-minus-to-minus-the-minus-2-minus-plus-minus-10,"e^(x^2+10)","e-to-the-x-to-the-2-+-10"
derivative-of-sinx-minus-to-minus-the-minus-2-minus-plus-minus-10,"sin(x^2+10)","sin(x)-to-the-2-+-10"
derivative-of-cosx-minus-to-minus-the-minus-2-minus-plus-minus-10,"cos(x^2+10)","cos(x)-to-the-2-+-10"
derivative-of-x-minus-to-minus-the-minus-2-minus-plus-minus-1-minus-to-minus-the-minus-2,"(x^2+1)^2","x-to-the-2-+-1-to-the-2"
derivative-of-x-minus-to-minus-the-minus-2-minus-1-minus-to-minus-the-minus-2,"(x^2-1)^2","x-to-the-2-1-to-the-2"
derivative-of-x-minus-to-minus-the-minus-3-minus-plus-minus-1-minus-to-minus-the-minus-2,"(x^3+1)^2","x-to-the-3-+-1-to-the-2"
derivative-of-x-minus-to-minus-the-minus-2-minus-plus-minus-1-minus-to-minus-the-minus-3,"(x^2+1)^3","x-to-the-2-+-1-to-the-3"
derivative-of-x-minus-to-minus-the-minus-2-minus-1-minus-to-minus-the-minus-3,"(x^2-1)^3","x-to-the-2-1-to-the-3"
derivative-of-x-minus-to-minus-the-minus-3-minus-plus-minus-1-minus-to-minus-the-minus-3,"(x^3+1)^3","x-to-the-3-+-1-to-the-3"
derivative-of-x-minus-to-minus-the-minus-2-minus-plus-minus-1-minus-to-minus-the-minus-4,"(x^2+1)^4","x-to-the-2-+-1-to-the-4"
derivative-of-x-minus-to-minus-the-minus-2-minus-1-minus-to-minus-the-minus-4,"(x^2-1)^4","x-to-the-2-1-to-the-4"
derivative-of-x-minus-to-minus-the-minus-3-minus-plus-minus-1-minus-to-minus-the-minus-4,"(x^3+1)^4","x-to-the-3-+-1-to-the-4"
derivative-of-x-minus-to-minus-the-minus-2-minus-plus-minus-1-minus-to-minus-the-minus-5,"(x^2+1)^5","x-to-the-2-+-1-to-the-5"
derivative-of-x-minus-to-minus-the-minus-2-minus-1-minus-to-minus-the-minus-5,"(x^2-1)^5","x-to-the-2-1-to-the-5"
derivative-of-x-minus-to-minus-the-minus-3-minus-plus-minus-1-minus-to-minus-the-minus-5,"(x^3+1)^5","x-to-the-3-+-1-to-the-5"
derivative-of-x-minus-to-minus-the-minus-2-minus-plus-minus-2-minus-to-minus-the-minus-2,"(x^2+2)^2","x-to-the-2-+-2-to-the-2"
derivative-of-x-minus-to-minus-the-minus-2-minus-2-minus-to-minus-the-minus-2,"(x^2-2)^2","x-to-the-2-2-to-the-2"
derivative-of-x-minus-to-minus-the-minus-3-minus-plus-minus-2-minus-to-minus-the-minus-2,"(x^3+2)^2","x-to-the-3-+-2-to-the-2"
derivative-of-x-minus-to-minus-the-minus-2-minus-plus-minus-2-minus-to-minus-the-minus-3,"(x^2+2)^3","x-to-the-2-+-2-to-the-3"
derivative-of-x-minus-to-minus-the-minus-2-minus-2-minus-to-minus-the-minus-3,"(x^2-2)^3","x-to-the-2-2-to-the-3"
derivative-of-x-minus-to-minus-the-minus-3-minus-plus-minus-2-minus-to-minus-the-minus-3,"(x^3+2)^3","x-to-the-3-+-2-to-the-3"
derivative-of-x-minus-to-minus-the-minus-2-minus-plus-minus-2-minus-to-minus-the-minus-4,"(x^2+2)^4","x-to-the-2-+-2-to-the-4"
derivative-of-x-minus-to-minus-the-minus-2-minus-2-minus-to-minus-the-minus-4,"(x^2-2)^4","x-to-the-2-2-to-the-4"
derivative-of-x-minus-to-minus-the-minus-3-minus-plus-minus-2-minus-to-minus-the-minus-4,"(x^3+2)^4","x-to-the-3-+-2-to-the-4"
derivative-of-x-minus-to-minus-the-minus-2-minus-plus-minus-2-minus-to-minus-the-minus-5,"(x^2+2)^5","x-to-the-2-+-2-to-the-5"
derivative-of-x-minus-to-minus-the-minus-2-minus-2-minus-to-minus-the-minus-5,"(x^2-2)^5","x-to-the-2-2-to-the-5"
derivative-of-x-minus-to-minus-the-minus-3-minus-plus-minus-2-minus-to-minus-the-minus-5,"(x^3+2)^5","x-to-the-3-+-2-to-the-5"
derivative-of-x-minus-to-minus-the-minus-2-minus-plus-minus-3-minus-to-minus-the-minus-2,"(x^2+3)^2","x-to-the-2-+-3-to-the-2"
derivative-of-x-minus-to-minus-the-minus-2-minus-3-minus-to-minus-the-minus-2,"(x^2-3)^2","x-to-the-2-3-to-the-2"
derivative-of-x-minus-to-minus-the-minus-3-minus-plus-minus-3-minus-to-minus-the-minus-2,"(x^3+3)^2","x-to-the-3-+-3-to-the-2"
derivative-of-x-minus-to-minus-the-minus-2-minus-plus-minus-3-minus-to-minus-the-minus-3,"(x^2+3)^3","x-to-the-2-+-3-to-the-3"
derivative-of-x-minus-to-minus-the-minus-2-minus-3-minus-to-minus-the-minus-3,"(x^2-3)^3","x-to-the-2-3-to-the-3"
derivative-of-x-minus-to-minus-the-minus-3-minus-plus-minus-3-minus-to-minus-the-minus-3,"(x^3+3)^3","x-to-the-3-+-3-to-the-3"
derivative-of-x-minus-to-minus-the-minus-2-minus-plus-minus-3-minus-to-minus-the-minus-4,"(x^2+3)^4","x-to-the-2-+-3-to-the-4"
derivative-of-x-minus-to-minus-the-minus-2-minus-3-minus-to-minus-the-minus-4,"(x^2-3)^4","x-to-the-2-3-to-the-4"
derivative-of-x-minus-to-minus-the-minus-3-minus-plus-minus-3-minus-to-minus-the-minus-4,"(x^3+3)^4","x-to-the-3-+-3-to-the-4"
derivative-of-x-minus-to-minus-the-minus-2-minus-plus-minus-3-minus-to-minus-the-minus-5,"(x^2+3)^5","x-to-the-2-+-3-to-the-5"
derivative-of-x-minus-to-minus-the-minus-2-minus-3-minus-to-minus-the-minus-5,"(x^2-3)^5","x-to-the-2-3-to-the-5"
derivative-of-x-minus-to-minus-the-minus-3-minus-plus-minus-3-minus-to-minus-the-minus-5,"(x^3+3)^5","x-to-the-3-+-3-to-the-5"
derivative-of-x-minus-to-minus-the-minus-2-minus-plus-minus-4-minus-to-minus-the-minus-2,"(x^2+4)^2","x-to-the-2-+-4-to-the-2"
derivative-of-x-minus-to-minus-the-minus-2-minus-4-minus-to-minus-the-minus-2,"(x^2-4)^2","x-to-the-2-4-to-the-2"
derivative-of-x-minus-to-minus-the-minus-3-minus-plus-minus-4-minus-to-minus-the-minus-2,"(x^3+4)^2","x-to-the-3-+-4-to-the-2"
derivative-of-x-minus-to-minus-the-minus-2-minus-plus-minus-4-minus-to-minus-the-minus-3,"(x^2+4)^3","x-to-the-2-+-4-to-the-3"
derivative-of-x-minus-to-minus-the-minus-2-minus-4-minus-to-minus-the-minus-3,"(x^2-4)^3","x-to-the-2-4-to-the-3"
derivative-of-x-minus-to-minus-the-minus-3-minus-plus-minus-4-minus-to-minus-the-minus-3,"(x^3+4)^3","x-to-the-3-+-4-to-the-3"
derivative-of-x-minus-to-minus-the-minus-2-minus-plus-minus-4-minus-to-minus-the-minus-4,"(x^2+4)^4","x-to-the-2-+-4-to-the-4"
derivative-of-x-minus-to-minus-the-minus-2-minus-4-minus-to-minus-the-minus-4,"(x^2-4)^4","x-to-the-2-4-to-the-4"
derivative-of-x-minus-to-minus-the-minus-3-minus-plus-minus-4-minus-to-minus-the-minus-4,"(x^3+4)^4","x-to-the-3-+-4-to-the-4"
derivative-of-x-minus-to-minus-the-minus-2-minus-plus-minus-4-minus-to-minus-the-minus-5,"(x^2+4)^5","x-to-the-2-+-4-to-the-5"
derivative-of-x-minus-to-minus-the-minus-2-minus-4-minus-to-minus-the-minus-5,"(x^2-4)^5","x-to-the-2-4-to-the-5"
derivative-of-x-minus-to-minus-the-minus-3-minus-plus-minus-4-minus-to-minus-the-minus-5,"(x^3+4)^5","x-to-the-3-+-4-to-the-5"
derivative-of-x-minus-to-minus-the-minus-2-minus-plus-minus-5-minus-to-minus-the-minus-2,"(x^2+5)^2","x-to-the-2-+-5-to-the-2"
derivative-of-x-minus-to-minus-the-minus-2-minus-5-minus-to-minus-the-minus-2,"(x^2-5)^2","x-to-the-2-5-to-the-2"
derivative-of-x-minus-to-minus-the-minus-3-minus-plus-minus-5-minus-to-minus-the-minus-2,"(x^3+5)^2","x-to-the-3-+-5-to-the-2"
derivative-of-x-minus-to-minus-the-minus-2-minus-plus-minus-5-minus-to-minus-the-minus-3,"(x^2+5)^3","x-to-the-2-+-5-to-the-3"
derivative-of-x-minus-to-minus-the-minus-2-minus-5-minus-to-minus-the-minus-3,"(x^2-5)^3","x-to-the-2-5-to-the-3"
derivative-of-x-minus-to-minus-the-minus-3-minus-plus-minus-5-minus-to-minus-the-minus-3,"(x^3+5)^3","x-to-the-3-+-5-to-the-3"
derivative-of-x-minus-to-minus-the-minus-2-minus-plus-minus-5-minus-to-minus-the-minus-4,"(x^2+5)^4","x-to-the-2-+-5-to-the-4"
derivative-of-x-minus-to-minus-the-minus-2-minus-5-minus-to-minus-the-minus-4,"(x^2-5)^4","x-to-the-2-5-to-the-4"
derivative-of-x-minus-to-minus-the-minus-3-minus-plus-minus-5-minus-to-minus-the-minus-4,"(x^3+5)^4","x-to-the-3-+-5-to-the-4"
derivative-of-x-minus-to-minus-the-minus-2-minus-plus-minus-5-minus-to-minus-the-minus-5,"(x^2+5)^5","x-to-the-2-+-5-to-the-5"
derivative-of-x-minus-to-minus-the-minus-2-minus-5-minus-to-minus-the-minus-5,"(x^2-5)^5","x-to-the-2-5-to-the-5"
derivative-of-x-minus-to-minus-the-minus-3-minus-plus-minus-5-minus-to-minus-the-minus-5,"(x^3+5)^5","x-to-the-3-+-5-to-the-5"
derivative-of-xe-minus-to-minus-the-minus-xsinx,"x*e^x*sin(x)","xe-to-the-xsinx"
derivative-of-xlnxsinx,"x*ln(x)*sin(x)","xlnxsinx"
derivative-of-x-minus-to-minus-the-minus-2e-minus-to-minus-the-minus-xcosx,"x^2*e^x*cos(x)","x-to-the-2e-to-the-xcosx"
derivative-of-tanx-minus-to-minus-the-minus-3,"tan(x)^3","tan(x)-to-the-3"
derivative-of-tanx-minus-to-minus-the-minus-4,"tan(x)^4","tan(x)-to-the-4"
derivative-of-tanx-minus-to-minus-the-minus-5,"tan(x)^5","tan(x)-to-the-5"
derivative-of-tanx-minus-to-minus-the-minus-6,"tan(x)^6","tan(x)-to-the-6"
derivative-of-tanx-minus-to-minus-the-minus-7,"tan(x)^7","tan(x)-to-the-7"
derivative-of-tanx-minus-to-minus-the-minus-8,"tan(x)^8","tan(x)-to-the-8"
derivative-of-tanx-minus-to-minus-the-minus-9,"tan(x)^9","tan(x)-to-the-9"
derivative-of-tanx-minus-to-minus-the-minus-10,"tan(x)^10","tan(x)-to-the-10"
derivative-of-x-minus-to-minus-the-minus-3-minus-over-minus-2,"x^(3/2)","(x-to-the-3-)/(-2)"
derivative-of-x-minus-to-minus-the-minus-5-minus-over-minus-2,"x^(5/2)","(x-to-the-5-)/(-2)"
derivative-of-x-minus-to-minus-the-minus-7-minus-over-minus-2,"x^(7/2)","(x-to-the-7-)/(-2)"
derivative-of-x-minus-to-minus-the-minus-9-minus-over-minus-2,"x^(9/2)","(x-to-the-9-)/(-2)"
derivative-of-x-minus-to-minus-the-minus-11-minus-over-minus-2,"x^(11/2)","(x-to-the-11-)/(-2)"
derivative-of-x-minus-to-minus-the-minus-13-minus-over-minus-2,"x^(13/2)","(x-to-the-13-)/(-2)"
derivative-of-1-minus-over-minus-x-minus-to-minus-the-minus-2-minus-plus-minus-1-minus-to-minus-the-minus-2,"1/(x^2+1)^2","(1-)/(-x-to-the-2-+-1-to-the-2)"
derivative-of-x-minus-over-minus-x-minus-to-minus-the-minus-2-minus-plus-minus-1-minus-to-minus-the-minus-2,"x/(x^2+1)^2","(x-)/(-x-to-the-2-+-1-to-the-2)"
derivative-of-1-minus-over-minus-x-minus-to-minus-the-minus-2-minus-plus-minus-2-minus-to-minus-the-minus-2,"1/(x^2+2)^2","(1-)/(-x-to-the-2-+-2-to-the-2)"
derivative-of-x-minus-over-minus-x-minus-to-minus-the-minus-2-minus-plus-minus-2-minus-to-minus-the-minus-2,"x/(x^2+2)^2","(x-)/(-x-to-the-2-+-2-to-the-2)"
derivative-of-1-minus-over-minus-x-minus-to-minus-the-minus-2-minus-plus-minus-3-minus-to-minus-the-minus-2,"1/(x^2+3)^2","(1-)/(-x-to-the-2-+-3-to-the-2)"
derivative-of-x-minus-over-minus-x-minus-to-minus-the-minus-2-minus-plus-minus-3-minus-to-minus-the-minus-2,"x/(x^2+3)^2","(x-)/(-x-to-the-2-+-3-to-the-2)"
derivative-of-1-minus-over-minus-x-minus-to-minus-the-minus-2-minus-plus-minus-4-minus-to-minus-the-minus-2,"1/(x^2+4)^2","(1-)/(-x-to-the-2-+-4-to-the-2)"
derivative-of-x-minus-over-minus-x-minus-to-minus-the-minus-2-minus-plus-minus-4-minus-to-minus-the-minus-2,"x/(x^2+4)^2","(x-)/(-x-to-the-2-+-4-to-the-2)"
derivative-of-1-minus-over-minus-x-minus-to-minus-the-minus-2-minus-plus-minus-5-minus-to-minus-the-minus-2,"1/(x^2+5)^2","(1-)/(-x-to-the-2-+-5-to-the-2)"
derivative-of-x-minus-over-minus-x-minus-to-minus-the-minus-2-minus-plus-minus-5-minus-to-minus-the-minus-2,"x/(x^2+5)^2","(x-)/(-x-to-the-2-+-5-to-the-2)"
derivative-of-1-minus-over-minus-x-minus-to-minus-the-minus-2-minus-plus-minus-6-minus-to-minus-the-minus-2,"1/(x^2+6)^2","(1-)/(-x-to-the-2-+-6-to-the-2)"
derivative-of-x-minus-over-minus-x-minus-to-minus-the-minus-2-minus-plus-minus-6-minus-to-minus-the-minus-2,"x/(x^2+6)^2","(x-)/(-x-to-the-2-+-6-to-the-2)"
derivative-of-1-minus-over-minus-x-minus-to-minus-the-minus-2-minus-plus-minus-7-minus-to-minus-the-minus-2,"1/(x^2+7)^2","(1-)/(-x-to-the-2-+-7-to-the-2)"
derivative-of-x-minus-over-minus-x-minus-to-minus-the-minus-2-minus-plus-minus-7-minus-to-minus-the-minus-2,"x/(x^2+7)^2","(x-)/(-x-to-the-2-+-7-to-the-2)"
derivative-of-1-minus-over-minus-x-minus-to-minus-the-minus-2-minus-plus-minus-8-minus-to-minus-the-minus-2,"1/(x^2+8)^2","(1-)/(-x-to-the-2-+-8-to-the-2)"
derivative-of-x-minus-over-minus-x-minus-to-minus-the-minus-2-minus-plus-minus-8-minus-to-minus-the-minus-2,"x/(x^2+8)^2","(x-)/(-x-to-the-2-+-8-to-the-2)"
derivative-of-1-minus-over-minus-x-minus-to-minus-the-minus-2-minus-plus-minus-9-minus-to-minus-the-minus-2,"1/(x^2+9)^2","(1-)/(-x-to-the-2-+-9-to-the-2)"
derivative-of-x-minus-over-minus-x-minus-to-minus-the-minus-2-minus-plus-minus-9-minus-to-minus-the-minus-2,"x/(x^2+9)^2","(x-)/(-x-to-the-2-+-9-to-the-2)"
derivative-of-1-minus-over-minus-x-minus-to-minus-the-minus-2-minus-plus-minus-10-minus-to-minus-the-minus-2,"1/(x^2+10)^2","(1-)/(-x-to-the-2-+-10-to-the-2)"
derivative-of-x-minus-over-minus-x-minus-to-minus-the-minus-2-minus-plus-minus-10-minus-to-minus-the-minus-2,"x/(x^2+10)^2","(x-)/(-x-to-the-2-+-10-to-the-2)"
derivative-of-e-minus-to-minus-the-minus-2x-minus-plus-minus-1,"e^(2*x+1)","e-to-the-2x-+-1"
derivative-of-e-minus-to-minus-the-minus-2x-minus-1,"e^(2*x-1)","e-to-the-2x-1"
derivative-of-e-minus-to-minus-the-minus-2x-minus-plus-minus-2,"e^(2*x+2)","e-to-the-2x-+-2"
derivative-of-e-minus-to-minus-the-minus-2x-minus-2,"e^(2*x-2)","e-to-the-2x-2"
derivative-of-e-minus-to-minus-the-minus-2x-minus-plus-minus-3,"e^(2*x+3)","e-to-the-2x-+-3"
derivative-of-e-minus-to-minus-the-minus-2x-minus-3,"e^(2*x-3)","e-to-the-2x-3"
derivative-of-e-minus-to-minus-the-minus-2x-minus-plus-minus-4,"e^(2*x+4)","e-to-the-2x-+-4"
derivative-of-e-minus-to-minus-the-minus-2x-minus-4,"e^(2*x-4)","e-to-the-2x-4"
derivative-of-e-minus-to-minus-the-minus-2x-minus-plus-minus-5,"e^(2*x+5)","e-to-the-2x-+-5"
derivative-of-e-minus-to-minus-the-minus-2x-minus-5,"e^(2*x-5)","e-to-the-2x-5"
derivative-of-e-minus-to-minus-the-minus-3x-minus-plus-minus-1,"e^(3*x+1)","e-to-the-3x-+-1"
derivative-of-e-minus-to-minus-the-minus-3x-minus-1,"e^(3*x-1)","e-to-the-3x-1"
derivative-of-e-minus-to-minus-the-minus-3x-minus-plus-minus-2,"e^(3*x+2)","e-to-the-3x-+-2"
derivative-of-e-minus-to-minus-the-minus-3x-minus-2,"e^(3*x-2)","e-to-the-3x-2"
derivative-of-e-minus-to-minus-the-minus-3x-minus-plus-minus-3,"e^(3*x+3)","e-to-the-3x-+-3"
derivative-of-e-minus-to-minus-the-minus-3x-minus-3,"e^(3*x-3)","e-to-the-3x-3"
derivative-of-e-minus-to-minus-the-minus-3x-minus-plus-minus-4,"e^(3*x+4)","e-to-the-3x-+-4"
derivative-of-e-minus-to-minus-the-minus-3x-minus-4,"e^(3*x-4)","e-to-the-3x-4"
derivative-of-e-minus-to-minus-the-minus-3x-minus-plus-minus-5,"e^(3*x+5)","e-to-the-3x-+-5"
derivative-of-e-minus-to-minus-the-minus-3x-minus-5,"e^(3*x-5)","e-to-the-3x-5"
derivative-of-e-minus-to-minus-the-minus-4x-minus-plus-minus-1,"e^(4*x+1)","e-to-the-4x-+-1"
derivative-of-e-minus-to-minus-the-minus-4x-minus-1,"e^(4*x-1)","e-to-the-4x-1"
derivative-of-e-minus-to-minus-the-minus-4x-minus-plus-minus-2,"e^(4*x+2)","e-to-the-4x-+-2"
derivative-of-e-minus-to-minus-the-minus-4x-minus-2,"e^(4*x-2)","e-to-the-4x-2"
derivative-of-e-minus-to-minus-the-minus-4x-minus-plus-minus-3,"e^(4*x+3)","e-to-the-4x-+-3"
derivative-of-e-minus-to-minus-the-minus-4x-minus-3,"e^(4*x-3)","e-to-the-4x-3"
derivative-of-e-minus-to-minus-the-minus-4x-minus-plus-minus-4,"e^(4*x+4)","e-to-the-4x-+-4"
derivative-of-e-minus-to-minus-the-minus-4x-minus-4,"e^(4*x-4)","e-to-the-4x-4"
derivative-of-e-minus-to-minus-the-minus-4x-minus-plus-minus-5,"e^(4*x+5)","e-to-the-4x-+-5"
derivative-of-e-minus-to-minus-the-minus-4x-minus-5,"e^(4*x-5)","e-to-the-4x-5"
derivative-of-e-minus-to-minus-the-minus-5x-minus-plus-minus-1,"e^(5*x+1)","e-to-the-5x-+-1"
derivative-of-e-minus-to-minus-the-minus-5x-minus-1,"e^(5*x-1)","e-to-the-5x-1"
derivative-of-e-minus-to-minus-the-minus-5x-minus-plus-minus-2,"e^(5*x+2)","e-to-the-5x-+-2"
derivative-of-e-minus-to-minus-the-minus-5x-minus-2,"e^(5*x-2)","e-to-the-5x-2"
derivative-of-e-minus-to-minus-the-minus-5x-minus-plus-minus-3,"e^(5*x+3)","e-to-the-5x-+-3"
derivative-of-e-minus-to-minus-the-minus-5x-minus-3,"e^(5*x-3)","e-to-the-5x-3"
derivative-of-e-minus-to-minus-the-minus-5x-minus-plus-minus-4,"e^(5*x+4)","e-to-the-5x-+-4"
derivative-of-e-minus-to-minus-the-minus-5x-minus-4,"e^(5*x-4)","e-to-the-5x-4"
derivative-of-e-minus-to-minus-the-minus-5x-minus-plus-minus-5,"e^(5*x+5)","e-to-the-5x-+-5"
derivative-of-e-minus-to-minus-the-minus-5x-minus-5,"e^(5*x-5)","e-to-the-5x-5"
derivative-of-sin2x-minus-plus-minus-1,"sin(2*x+1)","sin(2x)-+-1"
derivative-of-cos2x-minus-plus-minus-1,"cos(2*x+1)","cos(2x)-+-1"
derivative-of-sin2x-minus-plus-minus-2,"sin(2*x+2)","sin(2x)-+-2"
derivative-of-cos2x-minus-plus-minus-2,"cos(2*x+2)","cos(2x)-+-2"
derivative-of-sin2x-minus-plus-minus-3,"sin(2*x+3)","sin(2x)-+-3"
derivative-of-cos2x-minus-plus-minus-3,"cos(2*x+3)","cos(2x)-+-3"
derivative-of-sin2x-minus-plus-minus-4,"sin(2*x+4)","sin(2x)-+-4"
derivative-of-cos2x-minus-plus-minus-4,"cos(2*x+4)","cos(2x)-+-4"
derivative-of-sin2x-minus-plus-minus-5,"sin(2*x+5)","sin(2x)-+-5"
derivative-of-cos2x-minus-plus-minus-5,"cos(2*x+5)","cos(2x)-+-5"
derivative-of-sin3x-minus-plus-minus-1,"sin(3*x+1)","sin(3x)-+-1"
derivative-of-cos3x-minus-plus-minus-1,"cos(3*x+1)","cos(3x)-+-1"
derivative-of-sin3x-minus-plus-minus-2,"sin(3*x+2)","sin(3x)-+-2"
derivative-of-cos3x-minus-plus-minus-2,"cos(3*x+2)","cos(3x)-+-2"
derivative-of-sin3x-minus-plus-minus-3,"sin(3*x+3)","sin(3x)-+-3"
derivative-of-cos3x-minus-plus-minus-3,"cos(3*x+3)","cos(3x)-+-3"
derivative-of-sin3x-minus-plus-minus-4,"sin(3*x+4)","sin(3x)-+-4"
derivative-of-cos3x-minus-plus-minus-4,"cos(3*x+4)","cos(3x)-+-4"
derivative-of-sin3x-minus-plus-minus-5,"sin(3*x+5)","sin(3x)-+-5"
derivative-of-cos3x-minus-plus-minus-5,"cos(3*x+5)","cos(3x)-+-5"
derivative-of-sin4x-minus-plus-minus-1,"sin(4*x+1)","sin(4x)-+-1"
derivative-of-cos4x-minus-plus-minus-1,"cos(4*x+1)","cos(4x)-+-1"
derivative-of-sin4x-minus-plus-minus-2,"sin(4*x+2)","sin(4x)-+-2"
derivative-of-cos4x-minus-plus-minus-2,"cos(4*x+2)","cos(4x)-+-2"
derivative-of-sin4x-minus-plus-minus-3,"sin(4*x+3)","sin(4x)-+-3"
derivative-of-cos4x-minus-plus-minus-3,"cos(4*x+3)","cos(4x)-+-3"
derivative-of-sin4x-minus-plus-minus-4,"sin(4*x+4)","sin(4x)-+-4"
derivative-of-cos4x-minus-plus-minus-4,"cos(4*x+4)","cos(4x)-+-4"
derivative-of-sin4x-minus-plus-minus-5,"sin(4*x+5)","sin(4x)-+-5"
derivative-of-cos4x-minus-plus-minus-5,"cos(4*x+5)","cos(4x)-+-5"
derivative-of-sin5x-minus-plus-minus-1,"sin(5*x+1)","sin(5x)-+-1"
derivative-of-cos5x-minus-plus-minus-1,"cos(5*x+1)","cos(5x)-+-1"
derivative-of-sin5x-minus-plus-minus-2,"sin(5*x+2)","sin(5x)-+-2"
derivative-of-cos5x-minus-plus-minus-2,"cos(5*x+2)","cos(5x)-+-2"
derivative-of-sin5x-minus-plus-minus-3,"sin(5*x+3)","sin(5x)-+-3"
derivative-of-cos5x-minus-plus-minus-3,"cos(5*x+3)","cos(5x)-+-3"
derivative-of-sin5x-minus-plus-minus-4,"sin(5*x+4)","sin(5x)-+-4"
derivative-of-cos5x-minus-plus-minus-4,"cos(5*x+4)","cos(5x)-+-4"
derivative-of-sin5x-minus-plus-minus-5,"sin(5*x+5)","sin(5x)-+-5"
derivative-of-cos5x-minus-plus-minus-5,"cos(5*x+5)","cos(5x)-+-5"
derivative-of-asinx-minus-over-minus-2,"asin(x/2)","(asinx-)/(-2)"
derivative-of-acosx-minus-over-minus-2,"acos(x/2)","(acosx-)/(-2)"
derivative-of-atanx-minus-over-minus-2,"atan(x/2)","(atanx-)/(-2)"
derivative-of-asinx-minus-over-minus-3,"asin(x/3)","(asinx-)/(-3)"
derivative-of-acosx-minus-over-minus-3,"acos(x/3)","(acosx-)/(-3)"
derivative-of-atanx-minus-over-minus-3,"atan(x/3)","(atanx-)/(-3)"
derivative-of-asinx-minus-over-minus-4,"asin(x/4)","(asinx-)/(-4)"
derivative-of-acosx-minus-over-minus-4,"acos(x/4)","(acosx-)/(-4)"
derivative-of-atanx-minus-over-minus-4,"atan(x/4)","(atanx-)/(-4)"
derivative-of-asinx-minus-over-minus-5,"asin(x/5)","(asinx-)/(-5)"
derivative-of-acosx-minus-over-minus-5,"acos(x/5)","(acosx-)/(-5)"
derivative-of-atanx-minus-over-minus-5,"atan(x/5)","(atanx-)/(-5)"
derivative-of-asinx-minus-over-minus-6,"asin(x/6)","(asinx-)/(-6)"
derivative-of-acosx-minus-over-minus-6,"acos(x/6)","(acosx-)/(-6)"
derivative-of-atanx-minus-over-minus-6,"atan(x/6)","(atanx-)/(-6)"
derivative-of-asinx-minus-over-minus-7,"asin(x/7)","(asinx-)/(-7)"
derivative-of-acosx-minus-over-minus-7,"acos(x/7)","(acosx-)/(-7)"
derivative-of-atanx-minus-over-minus-7,"atan(x/7)","(atanx-)/(-7)"
derivative-of-asinx-minus-over-minus-8,"asin(x/8)","(asinx-)/(-8)"
derivative-of-acosx-minus-over-minus-8,"acos(x/8)","(acosx-)/(-8)"
derivative-of-atanx-minus-over-minus-8,"atan(x/8)","(atanx-)/(-8)"
derivative-of-asinx-minus-over-minus-9,"asin(x/9)","(asinx-)/(-9)"
derivative-of-acosx-minus-over-minus-9,"acos(x/9)","(acosx-)/(-9)"
derivative-of-atanx-minus-over-minus-9,"atan(x/9)","(atanx-)/(-9)"
derivative-of-asinx-minus-over-minus-10,"asin(x/10)","(asinx-)/(-10)"
derivative-of-acosx-minus-over-minus-10,"acos(x/10)","(acosx-)/(-10)"
derivative-of-atanx-minus-over-minus-10,"atan(x/10)","(atanx-)/(-10)"
integral-of-2x,"2*x","2x"
integral-of-x-+-x3-+-1-over-2tanx,"x + x^3 + 1/2*tan(x)","(parser returned null)"
integral-of-1-over-2sqrtx-+-21-over-sqrt1-x2-+-5lnx,"1/2*sqrt(x) + 2*1/sqrt(1-x^2) + 5*ln(x)","(parser returned null)"
integral-of-1-over-21-over-x2,"1/2*1/x^2","(1/21)/(x^2)"
integral-of-2x4,"2*x^4","2x^4"
integral-of-3x-+-1-over-21-over-x2--secx2,"3*x + 1/2*1/x^2 - sec(x)^2","(parser returned null)"
integral-of-21-over-x2,"2*1/x^2","21/(x^2)"
integral-of-1-over-x-+-sqrtx,"1/x + sqrt(x)","(parser returned null)"
integral-of-1-over-sqrt1-x2,"1/sqrt(1-x^2)","1/(sqrt(1x^2))"
integral-of-2x3-+-4sqrtx,"2*x^3 + 4*sqrt(x)","(parser returned null)"
integral-of-51-over-sqrt1-x2,"5*1/sqrt(1-x^2)","51/(sqrt(1x^2))"
integral-of-2secx2,"2*sec(x)^2","2secx^2"
integral-of-3x-+-41-over-x,"3*x + 4*1/x","(parser returned null)"
integral-of-31-over-x,"3*1/x","31/x"
integral-of-5x4,"5*x^4","5x^4"
integral-of-41-over-sqrt1-x2-+-1-over-2x,"4*1/sqrt(1-x^2) + 1/2*x","(parser returned null)"
integral-of-3lnx-+-sqrtx,"3*ln(x) + sqrt(x)","(parser returned null)"
integral-of-2ex-+-41-over-1+x2-+-1-over-2sinx,"2*e^x + 4*1/(1+x^2) + 1/2*sin(x)","(parser returned null)"
integral-of-51-over-x,"5*1/x","51/x"
integral-of-5lnx-+-lnx,"5*ln(x) + ln(x)","(parser returned null)"
integral-of-51-over-1+x2,"5*1/(1+x^2)","(parser returned null)"
integral-of-1-over-x--x4,"1/x - x^4","1/(xx^4)"
integral-of-5secx2,"5*sec(x)^2","5secx^2"
integral-of-5x2-+-3x2,"5*x^2 + 3*x^2","(parser returned null)"
integral-of-51-over-x-+-1-over-21-over-x-+-2x2,"5*1/x + 1/2*1/x + 2*x^2","(parser returned null)"
integral-of-5x-+-2cosx--lnx,"5*x + 2*cos(x) - ln(x)","(parser returned null)"
integral-of-ex-+-1-over-2x3,"e^x + 1/2*x^3","(parser returned null)"
integral-of-x-+-1-over-2ex-+-4x4,"x + 1/2*e^x + 4*x^4","(parser returned null)"
integral-of-1-over-2x2-+-51-over-1+x2,"1/2*x^2 + 5*1/(1+x^2)","(parser returned null)"
integral-of-2ex,"2*e^x","2ex"
integral-of-2cosx,"2*cos(x)","2cosx"
integral-of-31-over-x2,"3*1/x^2","31/(x^2)"
integral-of-1-over-21-over-sqrt1-x2,"1/2*1/sqrt(1-x^2)","(1/21)/(sqrt(1x^2))"
integral-of-2secx2-+-3x-+-4secx2,"2*sec(x)^2 + 3*x + 4*sec(x)^2","(parser returned null)"
integral-of-4sqrtx-+-2lnx,"4*sqrt(x) + 2*ln(x)","(parser returned null)"
integral-of-cosx-+-3lnx,"cos(x) + 3*ln(x)","(parser returned null)"
integral-of-1-over-21-over-x-+-31-over-x2-+-1-over-2sqrtx,"1/2*1/x + 3*1/x^2 + 1/2*sqrt(x)","(parser returned null)"
integral-of-2x3-+-5x3,"2*x^3 + 5*x^3","(parser returned null)"
integral-of-cosx-+-21-over-sqrt1-x2,"cos(x) + 2*1/sqrt(1-x^2)","(parser returned null)"
integral-of--tanx-+-3x3,"-tan(x) + 3*x^3","(parser returned null)"
integral-of--x2-+-2sinx,"-x^2 + 2*sin(x)","(parser returned null)"
integral-of-2sinx,"2*sin(x)","2sinx"
integral-of-41-over-sqrt1-x2--1-over-1+x2,"4*1/sqrt(1-x^2) - 1/(1+x^2)","(parser returned null)"
integral-of--1-over-1+x2,"-1/(1+x^2)","(parser returned null)"
integral-of-41-over-sqrt1-x2,"4*1/sqrt(1-x^2)","41/(sqrt(1x^2))"
integral-of-sqrtx-+-1-over-2sinx-+-2ex,"sqrt(x) + 1/2*sin(x) + 2*e^x","(parser returned null)"
integral-of-4tanx-+-51-over-x,"4*tan(x) + 5*1/x","(parser returned null)"
integral-of-ex,"e^x","ex"
integral-of-4sinx-+-ex-+-x4,"4*sin(x) + e^x + x^4","(parser returned null)"
integral-of-3lnx-+-1-over-2x2-+-21-over-sqrt1-x2,"3*ln(x) + 1/2*x^2 + 2*1/sqrt(1-x^2)","(parser returned null)"
integral-of--1-over-sqrt1-x2,"-1/sqrt(1-x^2)","1/(sqrt(1x^2))"
integral-of-4cosx,"4*cos(x)","4cosx"
integral-of-1-over-2lnx-+-41-over-sqrt1-x2,"1/2*ln(x) + 4*1/sqrt(1-x^2)","(parser returned null)"
integral-of-1-over-2sqrtx,"1/2*sqrt(x)","1/(2sqrtx)"
integral-of--x2-+-sqrtx,"-x^2 + sqrt(x)","(parser returned null)"
integral-of-41-over-x,"4*1/x","41/x"
integral-of-cosx--tanx-+-1-over-x,"cos(x) - tan(x) + 1/x","(parser returned null)"
integral-of-3lnx,"3*ln(x)","3lnx"
integral-of-1-over-1+x2,"1/(1+x^2)","(parser returned null)"
integral-of-3sinx,"3*sin(x)","3sinx"
integral-of--x2,"-x^2","x^2"
integral-of--tanx,"-tan(x)","tan(x)"
integral-of-1-over-x2-+-5lnx,"1/x^2 + 5*ln(x)","(parser returned null)"
integral-of-41-over-1+x2,"4*1/(1+x^2)","(parser returned null)"
integral-of-4sqrtx-+-2x2-+-1-over-2cosx,"4*sqrt(x) + 2*x^2 + 1/2*cos(x)","(parser returned null)"
integral-of-3x4,"3*x^4","3x^4"
integral-of-2x3-+-1-over-2x2,"2*x^3 + 1/2*x^2","(parser returned null)"
integral-of-5sinx,"5*sin(x)","5sinx"
integral-of-4x4,"4*x^4","4x^4"
integral-of-1-over-21-over-x2-+-1-over-2x2,"1/2*1/x^2 + 1/2*x^2","(parser returned null)"
integral-of-3x-+-x4--lnx,"3*x + x^4 - ln(x)","(parser returned null)"
integral-of--x4-+-5x3,"-x^4 + 5*x^3","(parser returned null)"
integral-of--x,"-x","x"
integral-of-tanx-+-21-over-x,"tan(x) + 2*1/x","(parser returned null)"
integral-of-3x2,"3*x^2","3x^2"
integral-of-41-over-x2,"4*1/x^2","41/(x^2)"
integral-of-1-over-2ex--lnx-+-5x3,"1/2*e^x - ln(x) + 5*x^3","(parser returned null)"
integral-of-1-over-2lnx,"1/2*ln(x)","1/(2lnx)"
integral-of-5tanx-+-2sinx,"5*tan(x) + 2*sin(x)","(parser returned null)"
integral-of--lnx,"-ln(x)","ln(x)"
integral-of-2lnx,"2*ln(x)","2lnx"
integral-of-1-over-2x,"1/2*x","1/(2x)"
integral-of-5sinx-+-3cosx,"5*sin(x) + 3*cos(x)","(parser returned null)"
integral-of-31-over-x2-+-x3,"3*1/x^2 + x^3","(parser returned null)"
integral-of-2x2-+-3ex,"2*x^2 + 3*e^x","(parser returned null)"
integral-of-1-over-2x-+-2x4--ex,"1/2*x + 2*x^4 - e^x","(parser returned null)"
integral-of-2x3-+-1-over-21-over-x2,"2*x^3 + 1/2*1/x^2","(parser returned null)"
integral-of-21-over-x--secx2,"2*1/x - sec(x)^2","21/(xsecx^2)"
integral-of-1-over-21-over-x-+-5tanx,"1/2*1/x + 5*tan(x)","(parser returned null)"
integral-of-sqrtx-+-3x,"sqrt(x) + 3*x","(parser returned null)"
integral-of-sinx-+-21-over-sqrt1-x2,"sin(x) + 2*1/sqrt(1-x^2)","(parser returned null)"
integral-of-3ex,"3*e^x","3ex"
integral-of-3tanx--1-over-x2,"3*tan(x) - 1/x^2","(3tanx^1)/(x^2)"
integral-of--1-over-x2,"-1/x^2","1/(x^2)"
integral-of-31-over-sqrt1-x2-+-5tanx,"3*1/sqrt(1-x^2) + 5*tan(x)","(parser returned null)"
integral-of-4sinx-+-5x3,"4*sin(x) + 5*x^3","(parser returned null)"
integral-of--x3,"-x^3","x^3"
integral-of--x2-+-5x3-+-5sqrtx,"-x^2 + 5*x^3 + 5*sqrt(x)","(parser returned null)"
integral-of-31-over-sqrt1-x2,"3*1/sqrt(1-x^2)","31/(sqrt(1x^2))"
integral-of-4tanx-+-1-over-21-over-x2-+-4lnx,"4*tan(x) + 1/2*1/x^2 + 4*ln(x)","(parser returned null)"
integral-of-5x3,"5*x^3","5x^3"
integral-of-3secx2-+-ex,"3*sec(x)^2 + e^x","(parser returned null)"
integral-of-3cosx,"3*cos(x)","3cosx"
integral-of-1-over-2sinx-+-4secx2,"1/2*sin(x) + 4*sec(x)^2","(parser returned null)"
integral-of-4lnx,"4*ln(x)","4lnx"
integral-of-1-over-2cosx,"1/2*cos(x)","1/(2cosx)"
integral-of-5cosx-+-1-over-2x3,"5*cos(x) + 1/2*x^3","(parser returned null)"
integral-of--1-over-1+x2-+-31-over-1+x2-+-1-over-2x3,"-1/(1+x^2) + 3*1/(1+x^2) + 1/2*x^3","(parser returned null)"
integral-of-4sqrtx,"4*sqrt(x)","4sqrtx"
integral-of-31-over-x2-+-1-over-2secx2-+-51-over-1+x2,"3*1/x^2 + 1/2*sec(x)^2 + 5*1/(1+x^2)","(parser returned null)"
integral-of-2x2,"2*x^2","2x^2"
integral-of-1-over-2x4,"1/2*x^4","1/(2x^4)"
integral-of-2ex-+-5tanx--1-over-x,"2*e^x + 5*tan(x) - 1/x","(parser returned null)"
integral-of-41-over-x--lnx,"4*1/x - ln(x)","41/xlnx"
integral-of-1-over-2x3,"1/2*x^3","1/(2x^3)"
integral-of-5sinx-+-1-over-2x3-+-sqrtx,"5*sin(x) + 1/2*x^3 + sqrt(x)","(parser returned null)"
integral-of-41-over-x2-+-1-over-21-over-1+x2-+-3sinx,"4*1/x^2 + 1/2*1/(1+x^2) + 3*sin(x)","(parser returned null)"
integral-of-3ex-+-ex-+-2x,"3*e^x + e^x + 2*x","(parser returned null)"
integral-of-1-over-2lnx--1-over-sqrt1-x2,"1/2*ln(x) - 1/sqrt(1-x^2)","(1/2lnx^1)/(sqrt(1x^2))"
integral-of-4secx2,"4*sec(x)^2","4secx^2"
integral-of-3x2-+-1-over-2x3-+-3x4,"3*x^2 + 1/2*x^3 + 3*x^4","(parser returned null)"
integral-of-5lnx,"5*ln(x)","5lnx"
integral-of-21-over-1+x2,"2*1/(1+x^2)","(parser returned null)"
integral-of--lnx-+-4x-+-4x,"-ln(x) + 4*x + 4*x","(parser returned null)"
integral-of-1-over-2lnx-+-2sinx,"1/2*ln(x) + 2*sin(x)","(parser returned null)"
integral-of-3secx2,"3*sec(x)^2","3secx^2"
integral-of-1-over-2sqrtx--x3--sinx,"1/2*sqrt(x) - x^3 - sin(x)","1/(2sqrtxx^3sinx)"
integral-of-2secx2-+-3lnx,"2*sec(x)^2 + 3*ln(x)","(parser returned null)"
integral-of-4secx2--x4,"4*sec(x)^2 - x^4","4secx^2x^4"
integral-of-1-over-2tanx-+-5x3-+-x,"1/2*tan(x) + 5*x^3 + x","(parser returned null)"
integral-of-4sinx-+-51-over-x,"4*sin(x) + 5*1/x","(parser returned null)"
integral-of-31-over-1+x2,"3*1/(1+x^2)","(parser returned null)"
integral-of-1-over-1+x2-+-secx2--tanx,"1/(1+x^2) + sec(x)^2 - tan(x)","(parser returned null)"
integral-of--secx2,"-sec(x)^2","sec(x^2)"
integral-of-1-over-2x3-+-2x-+-x3,"1/2*x^3 + 2*x + x^3","(parser returned null)"
integral-of-51-over-1+x2-+-3sinx-+-5x4,"5*1/(1+x^2) + 3*sin(x) + 5*x^4","(parser returned null)"
integral-of-1-over-2tanx,"1/2*tan(x)","1/(2tanx)"
integral-of-5sqrtx,"5*sqrt(x)","5sqrtx"
integral-of-4sinx,"4*sin(x)","4sinx"
integral-of-2ex--ex,"2*e^x - e^x","2exex"
integral-of-4x3,"4*x^3","4x^3"
integral-of-1-over-x2,"1/x^2","1/(x^2)"
integral-of-3sqrtx-+-51-over-x2--x3,"3*sqrt(x) + 5*1/x^2 - x^3","(parser returned null)"
integral-of-5x4-+-4lnx,"5*x^4 + 4*ln(x)","(parser returned null)"
integral-of--sqrtx-+-sqrtx-+-2secx2,"-sqrt(x) + sqrt(x) + 2*sec(x)^2","(parser returned null)"
integral-of-3secx2-+-x2,"3*sec(x)^2 + x^2","(parser returned null)"
integral-of-1-over-2x3-+-51-over-sqrt1-x2,"1/2*x^3 + 5*1/sqrt(1-x^2)","(parser returned null)"
integral-of-5ex-+-3x4,"5*e^x + 3*x^4","(parser returned null)"
integral-of--x3-+-41-over-x,"-x^3 + 4*1/x","(parser returned null)"
integral-of-3lnx--cosx-+-31-over-x,"3*ln(x) - cos(x) + 3*1/x","(parser returned null)"
integral-of-3x,"3*x","3x"
integral-of-tanx-+-ex-+-3x4,"tan(x) + e^x + 3*x^4","(parser returned null)"
integral-of-2tanx--x2-+-2x4,"2*tan(x) - x^2 + 2*x^4","(parser returned null)"
integral-of-2sqrtx-+-2x3,"2*sqrt(x) + 2*x^3","(parser returned null)"
integral-of-2ex-+-5sqrtx-+-4secx2,"2*e^x + 5*sqrt(x) + 4*sec(x)^2","(parser returned null)"
integral-of-1-over-21-over-1+x2-+-1-over-sqrt1-x2-+-2x,"1/2*1/(1+x^2) + 1/sqrt(1-x^2) + 2*x","(parser returned null)"
integral-of-5cosx--x,"5*cos(x) - x","5cosxx"
integral-of-5ex,"5*e^x","5ex"
integral-of-4lnx-+-secx2-+-1-over-2ex,"4*ln(x) + sec(x)^2 + 1/2*e^x","(parser returned null)"
integral-of--lnx-+-1-over-sqrt1-x2,"-ln(x) + 1/sqrt(1-x^2)","(parser returned null)"
integral-of-1-over-sqrt1-x2-+-2sqrtx,"1/sqrt(1-x^2) + 2*sqrt(x)","(parser returned null)"
integral-of-1-over-2x2-+-5lnx,"1/2*x^2 + 5*ln(x)","(parser returned null)"
integral-of-1-over-2x2,"1/2*x^2","1/(2x^2)"
integral-of-1-over-2ex,"1/2*e^x","1/(2ex)"
integral-of-4x4-+-3x-+-3x3,"4*x^4 + 3*x + 3*x^3","(parser returned null)"
integral-of-5x2,"5*x^2","5x^2"
integral-of--sinx-+-1-over-1+x2,"-sin(x) + 1/(1+x^2)","(parser returned null)"
integral-of-3x4-+-1-over-21-over-sqrt1-x2,"3*x^4 + 1/2*1/sqrt(1-x^2)","(parser returned null)"
integral-of-5cosx-+-cosx-+-1-over-21-over-x,"5*cos(x) + cos(x) + 1/2*1/x","(parser returned null)"
integral-of-1-over-2sinx--1-over-x2,"1/2*sin(x) - 1/x^2","(1/2sinx^1)/(x^2)"
integral-of-1-over-x-+-5x,"1/x + 5*x","(parser returned null)"
integral-of-1-over-x-+-51-over-x2,"1/x + 5*1/x^2","(parser returned null)"
integral-of-2x3,"2*x^3","2x^3"
integral-of-3x-+-21-over-x--x4,"3*x + 2*1/x - x^4","(parser returned null)"
integral-of-4sinx-+-41-over-sqrt1-x2,"4*sin(x) + 4*1/sqrt(1-x^2)","(parser returned null)"
integral-of--sinx,"-sin(x)","sin(x)"
integral-of-3x4-+-4sinx-+-41-over-sqrt1-x2,"3*x^4 + 4*sin(x) + 4*1/sqrt(1-x^2)","(parser returned null)"
integral-of-5cosx-+-4cosx,"5*cos(x) + 4*cos(x)","(parser returned null)"
integral-of-x2-+-2tanx,"x^2 + 2*tan(x)","(parser returned null)"
integral-of-5x3-+-5cosx,"5*x^3 + 5*cos(x)","(parser returned null)"
integral-of-5sqrtx-+-1-over-2x4,"5*sqrt(x) + 1/2*x^4","(parser returned null)"
integral-of-1-over-2x2-+-4cosx-+-3cosx,"1/2*x^2 + 4*cos(x) + 3*cos(x)","(parser returned null)"
integral-of-1-over-21-over-1+x2-+-2x2,"1/2*1/(1+x^2) + 2*x^2","(parser returned null)"
integral-of-2x2-+-41-over-sqrt1-x2-+-3sqrtx,"2*x^2 + 4*1/sqrt(1-x^2) + 3*sqrt(x)","(parser returned null)"
integral-of-4x4-+-secx2-+-21-over-x2,"4*x^4 + sec(x)^2 + 2*1/x^2","(parser returned null)"
integral-of-1-over-21-over-x-+-1-over-2x3,"1/2*1/x + 1/2*x^3","(parser returned null)"
integral-of-3tanx-+-21-over-1+x2--1-over-1+x2,"3*tan(x) + 2*1/(1+x^2) - 1/(1+x^2)","(parser returned null)"
integral-of-41-over-x2-+-1-over-21-over-x,"4*1/x^2 + 1/2*1/x","(parser returned null)"
integral-of-lnx-+-4cosx-+-cosx,"ln(x) + 4*cos(x) + cos(x)","(parser returned null)"
integral-of-secx2,"sec(x)^2","sec(x^2)"
integral-of-1-over-2x-+-5x-+-x4,"1/2*x + 5*x + x^4","(parser returned null)"
integral-of--1-over-1+x2-+-1-over-x,"-1/(1+x^2) + 1/x","(parser returned null)"
integral-of-1-over-2cosx-+-1-over-2x3-+-1-over-2x4,"1/2*cos(x) + 1/2*x^3 + 1/2*x^4","(parser returned null)"
integral-of--1-over-sqrt1-x2--sinx,"-1/sqrt(1-x^2) - sin(x)","1/(sqrt(1x^2sinx))"
integral-of-4secx2-+-31-over-1+x2,"4*sec(x)^2 + 3*1/(1+x^2)","(parser returned null)"
integral-of-3tanx,"3*tan(x)","3tanx"
integral-of-1-over-21-over-x--1-over-1+x2-+-2x2,"1/2*1/x - 1/(1+x^2) + 2*x^2","(parser returned null)"
integral-of-1-over-2x-+-1-over-sqrt1-x2,"1/2*x + 1/sqrt(1-x^2)","(parser returned null)"
integral-of-21-over-sqrt1-x2,"2*1/sqrt(1-x^2)","21/(sqrt(1x^2))"
integral-of-1-over-sqrt1-x2--ex,"1/sqrt(1-x^2) - e^x","1/(sqrt(1x^2ex))"
integral-of-1-over-x2-+-3sinx-+-41-over-x2,"1/x^2 + 3*sin(x) + 4*1/x^2","(parser returned null)"
integral-of-1-over-1+x2-+-51-over-x-+-1-over-21-over-1+x2,"1/(1+x^2) + 5*1/x + 1/2*1/(1+x^2)","(parser returned null)"
integral-of-secx2--x3-+-2lnx,"sec(x)^2 - x^3 + 2*ln(x)","(parser returned null)"
integral-of-1-over-2secx2,"1/2*sec(x)^2","1/(2secx^2)"
integral-of-5x3--1-over-x,"5*x^3 - 1/x","(5x^31)/x"
integral-of-1-over-2lnx--x4,"1/2*ln(x) - x^4","1/(2lnxx^4)"
integral-of-1-over-2sinx,"1/2*sin(x)","1/(2sinx)"
integral-of-3x2-+-1-over-x2-+-1-over-21-over-sqrt1-x2,"3*x^2 + 1/x^2 + 1/2*1/sqrt(1-x^2)","(parser returned null)"
integral-of-31-over-1+x2--1-over-x2,"3*1/(1+x^2) - 1/x^2","(parser returned null)"
integral-of-5x2-+-1-over-x2,"5*x^2 + 1/x^2","(parser returned null)"
integral-of-2cosx-+-3ex-+-3x,"2*cos(x) + 3*e^x + 3*x","(parser returned null)"
integral-of--1-over-1+x2-+-5cosx-+-5sinx,"-1/(1+x^2) + 5*cos(x) + 5*sin(x)","(parser returned null)"
integral-of-x3-+-ex,"x^3 + e^x","(parser returned null)"
integral-of-3tanx-+-5x2,"3*tan(x) + 5*x^2","(parser returned null)"
integral-of-5ex-+-21-over-x,"5*e^x + 2*1/x","(parser returned null)"
integral-of--x2--x,"-x^2 - x","x^2x"
integral-of-3ex-+-4cosx,"3*e^x + 4*cos(x)","(parser returned null)"
integral-of-3cosx-+-1-over-21-over-1+x2,"3*cos(x) + 1/2*1/(1+x^2)","(parser returned null)"
integral-of-x3-+-5tanx-+-31-over-sqrt1-x2,"x^3 + 5*tan(x) + 3*1/sqrt(1-x^2)","(parser returned null)"
integral-of-1-over-21-over-1+x2--1-over-1+x2,"1/2*1/(1+x^2) - 1/(1+x^2)","(parser returned null)"
integral-of-2tanx,"2*tan(x)","2tanx"
integral-of-5x2--ex-+-41-over-x2,"5*x^2 - e^x + 4*1/x^2","(parser returned null)"
integral-of-1-over-21-over-x2-+-1-over-2ex,"1/2*1/x^2 + 1/2*e^x","(parser returned null)"
integral-of-3x4-+-2x-+-5x2,"3*x^4 + 2*x + 5*x^2","(parser returned null)"
integral-of-1-over-2cosx-+-5secx2,"1/2*cos(x) + 5*sec(x)^2","(parser returned null)"
integral-of-cosx-+-sinx-+-3x3,"cos(x) + sin(x) + 3*x^3","(parser returned null)"
integral-of--x4-+-1-over-21-over-sqrt1-x2,"-x^4 + 1/2*1/sqrt(1-x^2)","(parser returned null)"
integral-of--sqrtx-+-51-over-1+x2-+-2x,"-sqrt(x) + 5*1/(1+x^2) + 2*x","(parser returned null)"
integral-of-1-over-21-over-1+x2,"1/2*1/(1+x^2)","(parser returned null)"
integral-of-1-over-2x3-+-4sqrtx,"1/2*x^3 + 4*sqrt(x)","(parser returned null)"
integral-of-cosx-+-21-over-1+x2,"cos(x) + 2*1/(1+x^2)","(parser returned null)"
integral-of-1-over-21-over-x,"1/2*1/x","(1/21)/x"
integral-of-4x-+-1-over-2secx2,"4*x + 1/2*sec(x)^2","(parser returned null)"
integral-of-1-over-1+x2-+-1-over-2x-+-5sinx,"1/(1+x^2) + 1/2*x + 5*sin(x)","(parser returned null)"
integral-of-21-over-x,"2*1/x","21/x"
integral-of-2ex--1-over-1+x2,"2*e^x - 1/(1+x^2)","(parser returned null)"
integral-of-x3-+-1-over-1+x2,"x^3 + 1/(1+x^2)","(parser returned null)"
integral-of--x-+-3sinx,"-x + 3*sin(x)","(parser returned null)"
integral-of-1-over-2x3-+-x4-+-3x4,"1/2*x^3 + x^4 + 3*x^4","(parser returned null)"
integral-of-x3-+-sqrtx,"x^3 + sqrt(x)","(parser returned null)"
integral-of-x3-+-x2,"x^3 + x^2","(parser returned null)"
integral-of-51-over-x2,"5*1/x^2","51/(x^2)"
integral-of--1-over-x,"-1/x","1/x"
integral-of-x-+-4x2,"x + 4*x^2","(parser returned null)"
integral-of-2sqrtx,"2*sqrt(x)","2sqrtx"
integral-of-5cosx-+-1-over-sqrt1-x2,"5*cos(x) + 1/sqrt(1-x^2)","(parser returned null)"
integral-of--1-over-x-+-5secx2,"-1/x + 5*sec(x)^2","(parser returned null)"
integral-of-x4-+-5x2,"x^4 + 5*x^2","(parser returned null)"
integral-of-21-over-x--sinx-+-1-over-1+x2,"2*1/x - sin(x) + 1/(1+x^2)","(parser returned null)"
integral-of-4sinx-+-2x4,"4*sin(x) + 2*x^4","(parser returned null)"
integral-of-3sqrtx-+-4sqrtx-+-21-over-x,"3*sqrt(x) + 4*sqrt(x) + 2*1/x","(parser returned null)"
integral-of-31-over-x2-+-1-over-2sqrtx,"3*1/x^2 + 1/2*sqrt(x)","(parser returned null)"
integral-of-5sinx-+-tanx,"5*sin(x) + tan(x)","(parser returned null)"
integral-of-4lnx-+-1-over-2x3,"4*ln(x) + 1/2*x^3","(parser returned null)"
integral-of-2ex--sqrtx,"2*e^x - sqrt(x)","2exsqrtx"
integral-of-5ex-+-4tanx,"5*e^x + 4*tan(x)","(parser returned null)"
integral-of-x-+-2x4-+-x3,"x + 2*x^4 + x^3","(parser returned null)"
integral-of-4x,"4*x","4x"
integral-of-1-over-sqrt1-x2-+-4x2-+-3x2,"1/sqrt(1-x^2) + 4*x^2 + 3*x^2","(parser returned null)"
integral-of-4x2-+-x,"4*x^2 + x","(parser returned null)"
integral-of-41-over-x-+-2ex--lnx,"4*1/x + 2*e^x - ln(x)","(parser returned null)"
integral-of-1-over-21-over-x-+-4sqrtx-+-31-over-x,"1/2*1/x + 4*sqrt(x) + 3*1/x","(parser returned null)"
integral-of-1-over-2x4-+-1-over-2lnx-+-3cosx,"1/2*x^4 + 1/2*ln(x) + 3*cos(x)","(parser returned null)"
integral-of-4ex,"4*e^x","4ex"
integral-of-4secx2-+-5x,"4*sec(x)^2 + 5*x","(parser returned null)"
integral-of-tanx-+-3x3,"tan(x) + 3*x^3","(parser returned null)"
integral-of-1-over-21-over-x-+-21-over-x--x,"1/2*1/x + 2*1/x - x","(parser returned null)"
integral-of--cosx,"-cos(x)","cos(x)"
integral-of-1-over-2x2-+-5x-+-2x3,"1/2*x^2 + 5*x + 2*x^3","(parser returned null)"
integral-of-4x-+-1-over-2tanx,"4*x + 1/2*tan(x)","(parser returned null)"
integral-of-3sqrtx,"3*sqrt(x)","3sqrtx"
integral-of--x4,"-x^4","x^4"
integral-of-21-over-1+x2-+-4lnx,"2*1/(1+x^2) + 4*ln(x)","(parser returned null)"
integral-of-5sqrtx--secx2,"5*sqrt(x) - sec(x)^2","5sqrtxsecx^2"
integral-of-1-over-x2--x2,"1/x^2 - x^2","1/(x^2x^2)"
integral-of--x3-+-2sqrtx,"-x^3 + 2*sqrt(x)","(parser returned null)"
integral-of-4lnx--ex,"4*ln(x) - e^x","4lnxex"
integral-of-sqrtx-+-4ex,"sqrt(x) + 4*e^x","(parser returned null)"
integral-of-21-over-sqrt1-x2-+-4x4,"2*1/sqrt(1-x^2) + 4*x^4","(parser returned null)"
integral-of-2cosx-+-2x,"2*cos(x) + 2*x","(parser returned null)"
integral-of-1-over-2x3-+-5sinx,"1/2*x^3 + 5*sin(x)","(parser returned null)"
integral-of-5x-+-2ex-+-3x3,"5*x + 2*e^x + 3*x^3","(parser returned null)"
integral-of-5x4-+-1-over-2x2,"5*x^4 + 1/2*x^2","(parser returned null)"
integral-of-1-over-2tanx-+-51-over-sqrt1-x2,"1/2*tan(x) + 5*1/sqrt(1-x^2)","(parser returned null)"
integral-of-4x3-+-51-over-1+x2,"4*x^3 + 5*1/(1+x^2)","(parser returned null)"
integral-of-1-over-x-+-3sqrtx,"1/x + 3*sqrt(x)","(parser returned null)"
integral-of-1-over-2secx2-+-4ex-+-3x4,"1/2*sec(x)^2 + 4*e^x + 3*x^4","(parser returned null)"
integral-of-1-over-21-over-1+x2-+-3ex,"1/2*1/(1+x^2) + 3*e^x","(parser returned null)"
integral-of--x-+-51-over-sqrt1-x2,"-x + 5*1/sqrt(1-x^2)","(parser returned null)"
integral-of-x3-+-1-over-2sqrtx,"x^3 + 1/2*sqrt(x)","(parser returned null)"
integral-of-4x4-+-1-over-2ex,"4*x^4 + 1/2*e^x","(parser returned null)"
integral-of-1-over-2ex--1-over-x2-+-51-over-sqrt1-x2,"1/2*e^x - 1/x^2 + 5*1/sqrt(1-x^2)","(parser returned null)"
integral-of--1-over-x2-+-2x3-+-1-over-sqrt1-x2,"-1/x^2 + 2*x^3 + 1/sqrt(1-x^2)","(parser returned null)"
integral-of-1-over-2cosx--cosx,"1/2*cos(x) - cos(x)","1/(2cosxcosx)"
integral-of-3lnx-+-1-over-2ex,"3*ln(x) + 1/2*e^x","(parser returned null)"
integral-of-x2-+-31-over-sqrt1-x2-+-3sqrtx,"x^2 + 3*1/sqrt(1-x^2) + 3*sqrt(x)","(parser returned null)"
integral-of-2sinx-+-2sinx-+-21-over-sqrt1-x2,"2*sin(x) + 2*sin(x) + 2*1/sqrt(1-x^2)","(parser returned null)"
integral-of-2secx2--x,"2*sec(x)^2 - x","2secx^2x"
integral-of-1-over-2secx2--x2-+-1-over-2secx2,"1/2*sec(x)^2 - x^2 + 1/2*sec(x)^2","(parser returned null)"
integral-of-5x-+-5ex,"5*x + 5*e^x","(parser returned null)"
integral-of-21-over-x2-+-2sqrtx,"2*1/x^2 + 2*sqrt(x)","(parser returned null)"
integral-of--x3--cosx,"-x^3 - cos(x)","x^3cosx"
integral-of-21-over-x-+-sqrtx-+-1-over-21-over-x,"2*1/x + sqrt(x) + 1/2*1/x","(parser returned null)"
integral-of--cosx-+-51-over-x2,"-cos(x) + 5*1/x^2","(parser returned null)"
integral-of-41-over-x-+-1-over-21-over-x2,"4*1/x + 1/2*1/x^2","(parser returned null)"
integral-of-4ex-+-2sqrtx,"4*e^x + 2*sqrt(x)","(parser returned null)"
integral-of-5x4--cosx,"5*x^4 - cos(x)","5x^4cosx"
integral-of-1-over-2cosx-+-21-over-sqrt1-x2-+-2sinx,"1/2*cos(x) + 2*1/sqrt(1-x^2) + 2*sin(x)","(parser returned null)"
integral-of-1-over-2sqrtx-+-4secx2,"1/2*sqrt(x) + 4*sec(x)^2","(parser returned null)"
integral-of-1-over-1+x2--sqrtx-+-3sqrtx,"1/(1+x^2) - sqrt(x) + 3*sqrt(x)","(parser returned null)"
integral-of-1-over-1+x2-+-5sinx-+-2sqrtx,"1/(1+x^2) + 5*sin(x) + 2*sqrt(x)","(parser returned null)"
integral-of-3x--1-over-x2-+-cosx,"3*x - 1/x^2 + cos(x)","(parser returned null)"
integral-of-lnx-+-31-over-sqrt1-x2,"ln(x) + 3*1/sqrt(1-x^2)","(parser returned null)"
integral-of-4tanx-+-21-over-x,"4*tan(x) + 2*1/x","(parser returned null)"
integral-of-cosx-+-4x3,"cos(x) + 4*x^3","(parser returned null)"
integral-of-1-over-2sinx-+-41-over-x2-+-31-over-1+x2,"1/2*sin(x) + 4*1/x^2 + 3*1/(1+x^2)","(parser returned null)"
integral-of-2cosx--secx2-+-3lnx,"2*cos(x) - sec(x)^2 + 3*ln(x)","(parser returned null)"
integral-of-1-over-21-over-x2-+-41-over-sqrt1-x2-+-3x4,"1/2*1/x^2 + 4*1/sqrt(1-x^2) + 3*x^4","(parser returned null)"
integral-of-2ex-+-ex,"2*e^x + e^x","(parser returned null)"
integral-of--x2-+-1-over-21-over-x2-+-41-over-x2,"-x^2 + 1/2*1/x^2 + 4*1/x^2","(parser returned null)"
integral-of-ex-+-4tanx,"e^x + 4*tan(x)","(parser returned null)"
integral-of-3secx2-+-4secx2,"3*sec(x)^2 + 4*sec(x)^2","(parser returned null)"
integral-of-4sinx-+-5tanx--1-over-x,"4*sin(x) + 5*tan(x) - 1/x","(parser returned null)"
integral-of-x2-+-1-over-2x2,"x^2 + 1/2*x^2","(parser returned null)"
integral-of-4sqrtx-+-1-over-21-over-sqrt1-x2,"4*sqrt(x) + 1/2*1/sqrt(1-x^2)","(parser returned null)"
integral-of-21-over-1+x2-+-x,"2*1/(1+x^2) + x","(parser returned null)"
integral-of-4cosx-+-5cosx,"4*cos(x) + 5*cos(x)","(parser returned null)"
integral-of-1-over-21-over-x-+-5tanx-+-3x,"1/2*1/x + 5*tan(x) + 3*x","(parser returned null)"
integral-of--lnx-+-21-over-x2,"-ln(x) + 2*1/x^2","(parser returned null)"
integral-of-x-+-1-over-sqrt1-x2,"x + 1/sqrt(1-x^2)","(parser returned null)"
integral-of--x4-+-5sinx,"-x^4 + 5*sin(x)","(parser returned null)"
integral-of-x4-+-2sqrtx-+-1-over-sqrt1-x2,"x^4 + 2*sqrt(x) + 1/sqrt(1-x^2)","(parser returned null)"
integral-of-5x3-+-cosx-+-3cosx,"5*x^3 + cos(x) + 3*cos(x)","(parser returned null)"
integral-of-4tanx,"4*tan(x)","4tanx"
integral-of-2x-+-1-over-x-+-cosx,"2*x + 1/x + cos(x)","(parser returned null)"
integral-of-2ex-+-1-over-2ex,"2*e^x + 1/2*e^x","(parser returned null)"
integral-of--ex,"-e^x","ex"
integral-of-cosx-+-1-over-2tanx,"cos(x) + 1/2*tan(x)","(parser returned null)"
integral-of-31-over-x2-+-41-over-sqrt1-x2--1-over-sqrt1-x2,"3*1/x^2 + 4*1/sqrt(1-x^2) - 1/sqrt(1-x^2)","(parser returned null)"
integral-of-lnx--x2,"ln(x) - x^2","ln(xx^2)"
integral-of-cosx-+-5x,"cos(x) + 5*x","(parser returned null)"
integral-of-5x2-+-1-over-2sqrtx,"5*x^2 + 1/2*sqrt(x)","(parser returned null)"
integral-of-3secx2-+-4sinx--ex,"3*sec(x)^2 + 4*sin(x) - e^x","(parser returned null)"
integral-of-1-over-2x-+-x,"1/2*x + x","(parser returned null)"
integral-of-tanx-+-1-over-2tanx-+-1-over-2x2,"tan(x) + 1/2*tan(x) + 1/2*x^2","(parser returned null)"
integral-of-4lnx-+-51-over-1+x2-+-3x3,"4*ln(x) + 5*1/(1+x^2) + 3*x^3","(parser returned null)"
integral-of-x3-+-5secx2-+-41-over-x2,"x^3 + 5*sec(x)^2 + 4*1/x^2","(parser returned null)"
integral-of-2secx2-+-2x2,"2*sec(x)^2 + 2*x^2","(parser returned null)"
integral-of-21-over-x-+-2x2-+-2sinx,"2*1/x + 2*x^2 + 2*sin(x)","(parser returned null)"
integral-of-3lnx-+-4x,"3*ln(x) + 4*x","(parser returned null)"
integral-of--1-over-x2-+-4x4,"-1/x^2 + 4*x^4","(parser returned null)"
integral-of-5lnx-+-1-over-2secx2-+-1-over-2x,"5*ln(x) + 1/2*sec(x)^2 + 1/2*x","(parser returned null)"
integral-of-4x4--1-over-1+x2,"4*x^4 - 1/(1+x^2)","(parser returned null)"
integral-of--x3-+-51-over-1+x2-+-1-over-2ex,"-x^3 + 5*1/(1+x^2) + 1/2*e^x","(parser returned null)"
integral-of-2lnx-+-1-over-2cosx-+-sinx,"2*ln(x) + 1/2*cos(x) + sin(x)","(parser returned null)"
integral-of-1-over-x2--lnx,"1/x^2 - ln(x)","1/(x^2lnx)"
integral-of-51-over-1+x2--x3-+-cosx,"5*1/(1+x^2) - x^3 + cos(x)","(parser returned null)"
integral-of-5sqrtx-+-sqrtx,"5*sqrt(x) + sqrt(x)","(parser returned null)"
integral-of-5tanx,"5*tan(x)","5tanx"
integral-of-1-over-2tanx-+-x2--1-over-sqrt1-x2,"1/2*tan(x) + x^2 - 1/sqrt(1-x^2)","(parser returned null)"
integral-of--secx2-+-5cosx-+-5lnx,"-sec(x)^2 + 5*cos(x) + 5*ln(x)","(parser returned null)"
integral-of-5sinx-+-5sqrtx-+-41-over-sqrt1-x2,"5*sin(x) + 5*sqrt(x) + 4*1/sqrt(1-x^2)","(parser returned null)"
integral-of--1-over-x-+-1-over-2ex-+-1-over-2sqrtx,"-1/x + 1/2*e^x + 1/2*sqrt(x)","(parser returned null)"
integral-of-4sinx--lnx,"4*sin(x) - ln(x)","4sinxlnx"
integral-of-5cosx-+-cosx--1-over-x2,"5*cos(x) + cos(x) - 1/x^2","(parser returned null)"
integral-of-3ex-+-41-over-1+x2,"3*e^x + 4*1/(1+x^2)","(parser returned null)"
integral-of-2secx2-+-3x3-+-3cosx,"2*sec(x)^2 + 3*x^3 + 3*cos(x)","(parser returned null)"
integral-of--sqrtx,"-sqrt(x)","sqrt(x)"
integral-of-5cosx,"5*cos(x)","5cosx"
integral-of-1-over-2sqrtx-+-2x3,"1/2*sqrt(x) + 2*x^3","(parser returned null)"
integral-of-2ex-+-2cosx,"2*e^x + 2*cos(x)","(parser returned null)"
integral-of-3secx2-+-4tanx,"3*sec(x)^2 + 4*tan(x)","(parser returned null)"
integral-of-x3-+-1-over-2x3,"x^3 + 1/2*x^3","(parser returned null)"
integral-of-3x4-+-41-over-sqrt1-x2,"3*x^4 + 4*1/sqrt(1-x^2)","(parser returned null)"
integral-of-3cosx-+-5cosx-+-5lnx,"3*cos(x) + 5*cos(x) + 5*ln(x)","(parser returned null)"
integral-of-3secx2-+-1-over-21-over-x2-+-2sqrtx,"3*sec(x)^2 + 1/2*1/x^2 + 2*sqrt(x)","(parser returned null)"
integral-of-lnx-+-3x,"ln(x) + 3*x","(parser returned null)"
integral-of-2sqrtx--ex-+-1-over-x,"2*sqrt(x) - e^x + 1/x","(parser returned null)"
integral-of--lnx-+-4sqrtx-+-5secx2,"-ln(x) + 4*sqrt(x) + 5*sec(x)^2","(parser returned null)"
integral-of-3tanx-+-3tanx,"3*tan(x) + 3*tan(x)","(parser returned null)"
integral-of-3x-+-1-over-2x-+-1-over-21-over-sqrt1-x2,"3*x + 1/2*x + 1/2*1/sqrt(1-x^2)","(parser returned null)"
integral-of-4tanx-+-5secx2-+-4secx2,"4*tan(x) + 5*sec(x)^2 + 4*sec(x)^2","(parser returned null)"
integral-of-3ex-+-x4,"3*e^x + x^4","(parser returned null)"
integral-of-1-over-2x3--x3,"1/2*x^3 - x^3","1/(2x^3x^3)"
integral-of-31-over-x2-+-3x2,"3*1/x^2 + 3*x^2","(parser returned null)"
integral-of-2secx2-+-tanx-+-4tanx,"2*sec(x)^2 + tan(x) + 4*tan(x)","(parser returned null)"
integral-of-lnx--tanx,"ln(x) - tan(x)","ln(xtanx)"
integral-of-4sinx-+-3lnx,"4*sin(x) + 3*ln(x)","(parser returned null)"
integral-of-5x2-+-2tanx,"5*x^2 + 2*tan(x)","(parser returned null)"
integral-of-2sqrtx-+-1-over-2secx2,"2*sqrt(x) + 1/2*sec(x)^2","(parser returned null)"
integral-of--x2-+-1-over-21-over-sqrt1-x2,"-x^2 + 1/2*1/sqrt(1-x^2)","(parser returned null)"
integral-of-ex--1-over-x,"e^x - 1/x","(ex^1)/x"
integral-of-41-over-x2-+-51-over-sqrt1-x2,"4*1/x^2 + 5*1/sqrt(1-x^2)","(parser returned null)"
integral-of-4cosx-+-4x3,"4*cos(x) + 4*x^3","(parser returned null)"
integral-of-4sqrtx-+-sqrtx-+-5sqrtx,"4*sqrt(x) + sqrt(x) + 5*sqrt(x)","(parser returned null)"
integral-of--1-over-sqrt1-x2-+-5sinx--lnx,"-1/sqrt(1-x^2) + 5*sin(x) - ln(x)","(parser returned null)"
integral-of-3sqrtx-+-ex,"3*sqrt(x) + e^x","(parser returned null)"
integral-of-1-over-2x2--1-over-x-+-sinx,"1/2*x^2 - 1/x + sin(x)","(parser returned null)"
integral-of-1-over-2x2-+-4x2-+-1-over-2lnx,"1/2*x^2 + 4*x^2 + 1/2*ln(x)","(parser returned null)"
integral-of-1-over-21-over-x-+-x3-+-3lnx,"1/2*1/x + x^3 + 3*ln(x)","(parser returned null)"
integral-of-3sinx-+-ex,"3*sin(x) + e^x","(parser returned null)"
integral-of-2sqrtx-+-2x,"2*sqrt(x) + 2*x","(parser returned null)"
integral-of-3x-+-1-over-21-over-sqrt1-x2,"3*x + 1/2*1/sqrt(1-x^2)","(parser returned null)"
integral-of-31-over-x--sqrtx-+-cosx,"3*1/x - sqrt(x) + cos(x)","(parser returned null)"
integral-of-31-over-sqrt1-x2-+-ex-+-1-over-21-over-x,"3*1/sqrt(1-x^2) + e^x + 1/2*1/x","(parser returned null)"
integral-of-31-over-x-+-2sqrtx-+-1-over-21-over-sqrt1-x2,"3*1/x + 2*sqrt(x) + 1/2*1/sqrt(1-x^2)","(parser returned null)"
integral-of-4sqrtx-+-cosx,"4*sqrt(x) + cos(x)","(parser returned null)"
integral-of-4x4-+-1-over-21-over-sqrt1-x2--x3,"4*x^4 + 1/2*1/sqrt(1-x^2) - x^3","(parser returned null)"
integral-of-1-over-2x3-+-3ex--ex,"1/2*x^3 + 3*e^x - e^x","(parser returned null)"
integral-of-4lnx-+-2tanx,"4*ln(x) + 2*tan(x)","(parser returned null)"
integral-of-1-over-2cosx-+-1-over-21-over-x,"1/2*cos(x) + 1/2*1/x","(parser returned null)"
integral-of-1-over-2tanx-+-2x2,"1/2*tan(x) + 2*x^2","(parser returned null)"
integral-of-2secx2-+-3x-+-2sinx,"2*sec(x)^2 + 3*x + 2*sin(x)","(parser returned null)"
integral-of-51-over-x2-+-41-over-1+x2-+-3secx2,"5*1/x^2 + 4*1/(1+x^2) + 3*sec(x)^2","(parser returned null)"
integral-of-sinx--sqrtx-+-41-over-1+x2,"sin(x) - sqrt(x) + 4*1/(1+x^2)","(parser returned null)"
integral-of-5x3-+-4x-+-5tanx,"5*x^3 + 4*x + 5*tan(x)","(parser returned null)"
integral-of--sinx-+-1-over-21-over-sqrt1-x2,"-sin(x) + 1/2*1/sqrt(1-x^2)","(parser returned null)"
integral-of-2tanx-+-5cosx,"2*tan(x) + 5*cos(x)","(parser returned null)"
integral-of-2x4-+-3cosx,"2*x^4 + 3*cos(x)","(parser returned null)"
integral-of-3x3-+-3sinx,"3*x^3 + 3*sin(x)","(parser returned null)"
integral-of-5x,"5*x","5x"
integral-of-1-over-2x-+-sqrtx,"1/2*x + sqrt(x)","(parser returned null)"
integral-of-4sinx-+-1-over-2lnx,"4*sin(x) + 1/2*ln(x)","(parser returned null)"
integral-of-1-over-21-over-x2-+-5x2--ex,"1/2*1/x^2 + 5*x^2 - e^x","(parser returned null)"
integral-of--lnx-+-3sinx-+-ex,"-ln(x) + 3*sin(x) + e^x","(parser returned null)"
integral-of-5sinx-+-2x2--1-over-x2,"5*sin(x) + 2*x^2 - 1/x^2","(parser returned null)"
integral-of-1-over-2x--1-over-x,"1/2*x - 1/x","(1/2x^1)/x"
integral-of-2secx2-+-4secx2,"2*sec(x)^2 + 4*sec(x)^2","(parser returned null)"
integral-of-2lnx--1-over-sqrt1-x2,"2*ln(x) - 1/sqrt(1-x^2)","(2lnx^1)/(sqrt(1x^2))"
integral-of-cosx-+-5sinx,"cos(x) + 5*sin(x)","(parser returned null)"
integral-of-1-over-2x3-+-5secx2-+-1-over-2secx2,"1/2*x^3 + 5*sec(x)^2 + 1/2*sec(x)^2","(parser returned null)"
integral-of-21-over-sqrt1-x2-+-3x2,"2*1/sqrt(1-x^2) + 3*x^2","(parser returned null)"
integral-of-5secx2--cosx,"5*sec(x)^2 - cos(x)","5secx^2cosx"
integral-of-3ex-+-x3,"3*e^x + x^3","(parser returned null)"
integral-of-sqrtx--1-over-1+x2,"sqrt(x) - 1/(1+x^2)","(parser returned null)"
integral-of-1-over-2tanx-+-3sinx-+-2x3,"1/2*tan(x) + 3*sin(x) + 2*x^3","(parser returned null)"
integral-of-41-over-sqrt1-x2--tanx-+-1-over-2ex,"4*1/sqrt(1-x^2) - tan(x) + 1/2*e^x","(parser returned null)"
integral-of-1-over-2tanx-+-1-over-21-over-sqrt1-x2-+-3cosx,"1/2*tan(x) + 1/2*1/sqrt(1-x^2) + 3*cos(x)","(parser returned null)"
integral-of-4x4--1-over-sqrt1-x2-+-3ex,"4*x^4 - 1/sqrt(1-x^2) + 3*e^x","(parser returned null)"
integral-of-51-over-x2-+-x--x,"5*1/x^2 + x - x","(parser returned null)"
integral-of-3sinx-+-31-over-sqrt1-x2,"3*sin(x) + 3*1/sqrt(1-x^2)","(parser returned null)"
integral-of-1-over-x2-+-31-over-sqrt1-x2,"1/x^2 + 3*1/sqrt(1-x^2)","(parser returned null)"
integral-of-3lnx--secx2,"3*ln(x) - sec(x)^2","3lnxsecx^2"
integral-of-51-over-sqrt1-x2-+-x2,"5*1/sqrt(1-x^2) + x^2","(parser returned null)"
integral-of-1-over-2cosx-+-4tanx,"1/2*cos(x) + 4*tan(x)","(parser returned null)"
integral-of-sqrtx-+-1-over-2x4-+-51-over-x2,"sqrt(x) + 1/2*x^4 + 5*1/x^2","(parser returned null)"
integral-of-2sinx-+-4ex,"2*sin(x) + 4*e^x","(parser returned null)"
integral-of-5x-+-1-over-2x-+-1-over-2ex,"5*x + 1/2*x + 1/2*e^x","(parser returned null)"
integral-of-5tanx-+-3x,"5*tan(x) + 3*x","(parser returned null)"
integral-of-x2--cosx-+-5x,"x^2 - cos(x) + 5*x","(parser returned null)"
integral-of-x4-+-sqrtx,"x^4 + sqrt(x)","(parser returned null)"
integral-of-3sqrtx-+-51-over-x-+-2secx2,"3*sqrt(x) + 5*1/x + 2*sec(x)^2","(parser returned null)"
integral-of--x4-+-tanx-+-5cosx,"-x^4 + tan(x) + 5*cos(x)","(parser returned null)"
integral-of--x2-+-3lnx--x4,"-x^2 + 3*ln(x) - x^4","(parser returned null)"
integral-of-4x--1-over-1+x2-+-4secx2,"4*x - 1/(1+x^2) + 4*sec(x)^2","(parser returned null)"
integral-of-4x-+-2x2,"4*x + 2*x^2","(parser returned null)"
integral-of-1-over-x-+-2tanx-+-x4,"1/x + 2*tan(x) + x^4","(parser returned null)"
integral-of-31-over-1+x2-+-lnx,"3*1/(1+x^2) + ln(x)","(parser returned null)"
integral-of-tanx-+-2cosx,"tan(x) + 2*cos(x)","(parser returned null)"
integral-of-1-over-21-over-x2-+-1-over-2sinx,"1/2*1/x^2 + 1/2*sin(x)","(parser returned null)"
integral-of-3x4-+-x2,"3*x^4 + x^2","(parser returned null)"
integral-of-1-over-x2-+-1-over-x2,"1/x^2 + 1/x^2","(parser returned null)"
integral-of-3sinx-+-x2,"3*sin(x) + x^2","(parser returned null)"
integral-of-2tanx-+-31-over-sqrt1-x2,"2*tan(x) + 3*1/sqrt(1-x^2)","(parser returned null)"
integral-of-5lnx-+-1-over-2x4-+-1-over-21-over-x,"5*ln(x) + 1/2*x^4 + 1/2*1/x","(parser returned null)"
integral-of-cosx-+-3ex-+-5ex,"cos(x) + 3*e^x + 5*e^x","(parser returned null)"
integral-of-3x2--1-over-1+x2-+-4x2,"3*x^2 - 1/(1+x^2) + 4*x^2","(parser returned null)"
integral-of-4x-+-ex-+-5x4,"4*x + e^x + 5*x^4","(parser returned null)"
integral-of-1-over-21-over-sqrt1-x2-+-x3,"1/2*1/sqrt(1-x^2) + x^3","(parser returned null)"
integral-of-5lnx--1-over-x2,"5*ln(x) - 1/x^2","(5lnx^1)/(x^2)"
integral-of--x3-+-1-over-2secx2,"-x^3 + 1/2*sec(x)^2","(parser returned null)"
integral-of--1-over-sqrt1-x2-+-1-over-2x2,"-1/sqrt(1-x^2) + 1/2*x^2","(parser returned null)"
integral-of--sinx--1-over-x,"-sin(x) - 1/x","(sin(x^1))/x"
integral-of-1-over-21-over-x2-+-1-over-2x3-+-21-over-x,"1/2*1/x^2 + 1/2*x^3 + 2*1/x","(parser returned null)"
integral-of-5x2-+-4x2,"5*x^2 + 4*x^2","(parser returned null)"
integral-of-1-over-21-over-sqrt1-x2-+-5tanx--x,"1/2*1/sqrt(1-x^2) + 5*tan(x) - x","(parser returned null)"
integral-of-4lnx-+-1-over-21-over-1+x2-+-3cosx,"4*ln(x) + 1/2*1/(1+x^2) + 3*cos(x)","(parser returned null)"
integral-of--lnx-+-5tanx-+-51-over-sqrt1-x2,"-ln(x) + 5*tan(x) + 5*1/sqrt(1-x^2)","(parser returned null)"
integral-of-31-over-x2-+-1-over-2tanx--x,"3*1/x^2 + 1/2*tan(x) - x","(parser returned null)"
integral-of-x4-+-5x2-+-31-over-x2,"x^4 + 5*x^2 + 3*1/x^2","(parser returned null)"
integral-of-4secx2-+-3tanx,"4*sec(x)^2 + 3*tan(x)","(parser returned null)"
integral-of-3x-+-ex-+-2x4,"3*x + e^x + 2*x^4","(parser returned null)"
integral-of-2sinx-+-4tanx,"2*sin(x) + 4*tan(x)","(parser returned null)"
integral-of--tanx-+-4tanx,"-tan(x) + 4*tan(x)","(parser returned null)"
integral-of-x3-+-2x-+-2tanx,"x^3 + 2*x + 2*tan(x)","(parser returned null)"
integral-of-21-over-x2-+-4secx2,"2*1/x^2 + 4*sec(x)^2","(parser returned null)"
integral-of-x4-+-21-over-sqrt1-x2-+-4secx2,"x^4 + 2*1/sqrt(1-x^2) + 4*sec(x)^2","(parser returned null)"
integral-of--cosx-+-2x2,"-cos(x) + 2*x^2","(parser returned null)"
integral-of-51-over-sqrt1-x2-+-21-over-x2,"5*1/sqrt(1-x^2) + 2*1/x^2","(parser returned null)"
integral-of-lnx-+-4ex,"ln(x) + 4*e^x","(parser returned null)"
integral-of-2x3-+-2x2--lnx,"2*x^3 + 2*x^2 - ln(x)","(parser returned null)"
integral-of-51-over-1+x2-+-1-over-2sqrtx,"5*1/(1+x^2) + 1/2*sqrt(x)","(parser returned null)"
integral-of--sqrtx-+-3x3,"-sqrt(x) + 3*x^3","(parser returned null)"
integral-of-x-+-3x3,"x + 3*x^3","(parser returned null)"
integral-of-x2-+-1-over-2ex,"x^2 + 1/2*e^x","(parser returned null)"
integral-of-2x4-+-3x4,"2*x^4 + 3*x^4","(parser returned null)"
integral-of--x4-+-5lnx,"-x^4 + 5*ln(x)","(parser returned null)"
integral-of-5x4-+-4x3,"5*x^4 + 4*x^3","(parser returned null)"
integral-of-2x2-+-1-over-sqrt1-x2--1-over-1+x2,"2*x^2 + 1/sqrt(1-x^2) - 1/(1+x^2)","(parser returned null)"
integral-of-31-over-sqrt1-x2-+-31-over-x,"3*1/sqrt(1-x^2) + 3*1/x","(parser returned null)"
integral-of-x-+-1-over-2tanx-+-1-over-21-over-x2,"x + 1/2*tan(x) + 1/2*1/x^2","(parser returned null)"
integral-of-1-over-21-over-x2-+-2sqrtx--1-over-sqrt1-x2,"1/2*1/x^2 + 2*sqrt(x) - 1/sqrt(1-x^2)","(parser returned null)"
integral-of-3x4-+-5x2,"3*x^4 + 5*x^2","(parser returned null)"
integral-of-51-over-x-+-1-over-2sinx--x2,"5*1/x + 1/2*sin(x) - x^2","(parser returned null)"
integral-of-41-over-sqrt1-x2-+-2tanx-+-41-over-x2,"4*1/sqrt(1-x^2) + 2*tan(x) + 4*1/x^2","(parser returned null)"
integral-of-4tanx-+-3secx2-+-3sinx,"4*tan(x) + 3*sec(x)^2 + 3*sin(x)","(parser returned null)"
integral-of-5cosx-+-x2-+-2ex,"5*cos(x) + x^2 + 2*e^x","(parser returned null)"
integral-of-x3-+-tanx-+-41-over-sqrt1-x2,"x^3 + tan(x) + 4*1/sqrt(1-x^2)","(parser returned null)"
integral-of-3x2-+-4secx2-+-5tanx,"3*x^2 + 4*sec(x)^2 + 5*tan(x)","(parser returned null)"
integral-of-41-over-sqrt1-x2-+-2x3,"4*1/sqrt(1-x^2) + 2*x^3","(parser returned null)"
integral-of-5ex-+-51-over-sqrt1-x2,"5*e^x + 5*1/sqrt(1-x^2)","(parser returned null)"
integral-of-3cosx-+-1-over-x2-+-21-over-x2,"3*cos(x) + 1/x^2 + 2*1/x^2","(parser returned null)"
integral-of--cosx--x,"-cos(x) - x","cos(xx)"
integral-of-3x4-+-1-over-2sqrtx-+-2ex,"3*x^4 + 1/2*sqrt(x) + 2*e^x","(parser returned null)"
integral-of-3sinx-+-1-over-2x3-+-4sqrtx,"3*sin(x) + 1/2*x^3 + 4*sqrt(x)","(parser returned null)"
integral-of-5x2-+-5secx2,"5*x^2 + 5*sec(x)^2","(parser returned null)"
integral-of-31-over-x--ex-+-x3,"3*1/x - e^x + x^3","(parser returned null)"
integral-of-2ex-+-x3,"2*e^x + x^3","(parser returned null)"
integral-of-41-over-x-+-1-over-2secx2-+-5ex,"4*1/x + 1/2*sec(x)^2 + 5*e^x","(parser returned null)"
integral-of-31-over-x2-+-5tanx-+-3sinx,"3*1/x^2 + 5*tan(x) + 3*sin(x)","(parser returned null)"
integral-of-5x-+-4x,"5*x + 4*x","(parser returned null)"
integral-of-1-over-x-+-4x3-+-31-over-x2,"1/x + 4*x^3 + 3*1/x^2","(parser returned null)"
integral-of-4x2-+-2lnx,"4*x^2 + 2*ln(x)","(parser returned null)"
integral-of-x--1-over-sqrt1-x2-+-41-over-x2,"x - 1/sqrt(1-x^2) + 4*1/x^2","(parser returned null)"
integral-of-31-over-x2-+-4x-+-51-over-x2,"3*1/x^2 + 4*x + 5*1/x^2","(parser returned null)"
integral-of-sqrtx-+-31-over-x,"sqrt(x) + 3*1/x","(parser returned null)"
integral-of-41-over-sqrt1-x2-+-31-over-x2-+-4sqrtx,"4*1/sqrt(1-x^2) + 3*1/x^2 + 4*sqrt(x)","(parser returned null)"
integral-of-2lnx--1-over-x2,"2*ln(x) - 1/x^2","(2lnx^1)/(x^2)"
integral-of-2sqrtx-+-5sqrtx,"2*sqrt(x) + 5*sqrt(x)","(parser returned null)"
integral-of-1-over-2sqrtx-+-4cosx-+-4x,"1/2*sqrt(x) + 4*cos(x) + 4*x","(parser returned null)"
integral-of-1-over-21-over-sqrt1-x2-+-3x3-+-2cosx,"1/2*1/sqrt(1-x^2) + 3*x^3 + 2*cos(x)","(parser returned null)"
integral-of-x3-+-3lnx-+-41-over-1+x2,"x^3 + 3*ln(x) + 4*1/(1+x^2)","(parser returned null)"
integral-of-4x-+-4cosx,"4*x + 4*cos(x)","(parser returned null)"
integral-of-2secx2-+-1-over-21-over-sqrt1-x2,"2*sec(x)^2 + 1/2*1/sqrt(1-x^2)","(parser returned null)"
integral-of-2cosx-+-3sqrtx-+-21-over-x,"2*cos(x) + 3*sqrt(x) + 2*1/x","(parser returned null)"
integral-of-1-over-2x2-+-1-over-2x,"1/2*x^2 + 1/2*x","(parser returned null)"
integral-of-1-over-21-over-x-+-1-over-2sqrtx-+-2tanx,"1/2*1/x + 1/2*sqrt(x) + 2*tan(x)","(parser returned null)"
integral-of-5cosx-+-1-over-x-+-1-over-2ex,"5*cos(x) + 1/x + 1/2*e^x","(parser returned null)"
integral-of-1-over-21-over-x2-+-4ex--1-over-1+x2,"1/2*1/x^2 + 4*e^x - 1/(1+x^2)","(parser returned null)"
integral-of-3x2-+-21-over-1+x2-+-41-over-x,"3*x^2 + 2*1/(1+x^2) + 4*1/x","(parser returned null)"
integral-of--sinx-+-21-over-x2-+-3secx2,"-sin(x) + 2*1/x^2 + 3*sec(x)^2","(parser returned null)"
integral-of-3secx2-+-5ex-+-5secx2,"3*sec(x)^2 + 5*e^x + 5*sec(x)^2","(parser returned null)"
integral-of-1-over-2sqrtx-+-21-over-x,"1/2*sqrt(x) + 2*1/x","(parser returned null)"
integral-of-lnx-+-1-over-21-over-x,"ln(x) + 1/2*1/x","(parser returned null)"
integral-of-2secx2-+-ex-+-31-over-1+x2,"2*sec(x)^2 + e^x + 3*1/(1+x^2)","(parser returned null)"
integral-of-4sqrtx-+-3x4-+-1-over-sqrt1-x2,"4*sqrt(x) + 3*x^4 + 1/sqrt(1-x^2)","(parser returned null)"
integral-of-ex-+-5tanx,"e^x + 5*tan(x)","(parser returned null)"
integral-of-3sinx--1-over-sqrt1-x2,"3*sin(x) - 1/sqrt(1-x^2)","(3sinx^1)/(sqrt(1x^2))"
integral-of-2sqrtx-+-5lnx-+-41-over-x,"2*sqrt(x) + 5*ln(x) + 4*1/x","(parser returned null)"
integral-of-41-over-1+x2-+-3tanx,"4*1/(1+x^2) + 3*tan(x)","(parser returned null)"
integral-of-5ex-+-lnx-+-2secx2,"5*e^x + ln(x) + 2*sec(x)^2","(parser returned null)"
integral-of-31-over-x2-+-5lnx,"3*1/x^2 + 5*ln(x)","(parser returned null)"
integral-of-4x2,"4*x^2","4x^2"
integral-of-sinx-+-x--secx2,"sin(x) + x - sec(x)^2","(parser returned null)"
integral-of-lnx-+-1-over-sqrt1-x2,"ln(x) + 1/sqrt(1-x^2)","(parser returned null)"
integral-of-1-over-2x2-+-3sqrtx-+-51-over-x2,"1/2*x^2 + 3*sqrt(x) + 5*1/x^2","(parser returned null)"
integral-of-4lnx-+-3lnx,"4*ln(x) + 3*ln(x)","(parser returned null)"
integral-of-5x4-+-5x2,"5*x^4 + 5*x^2","(parser returned null)"
integral-of-51-over-x-+-2secx2-+-3x4,"5*1/x + 2*sec(x)^2 + 3*x^4","(parser returned null)"
integral-of-5cosx-+-2cosx-+-2x2,"5*cos(x) + 2*cos(x) + 2*x^2","(parser returned null)"
integral-of-5x2-+-1-over-2x3--1-over-x,"5*x^2 + 1/2*x^3 - 1/x","(parser returned null)"
integral-of-4cosx-+-2ex-+-4x2,"4*cos(x) + 2*e^x + 4*x^2","(parser returned null)"
integral-of-5x4--ex,"5*x^4 - e^x","5x^4ex"
integral-of--sqrtx-+-5secx2,"-sqrt(x) + 5*sec(x)^2","(parser returned null)"
integral-of--sinx-+-4x4-+-51-over-x2,"-sin(x) + 4*x^4 + 5*1/x^2","(parser returned null)"
integral-of-3lnx-+-1-over-1+x2,"3*ln(x) + 1/(1+x^2)","(parser returned null)"
integral-of-5tanx-+-tanx,"5*tan(x) + tan(x)","(parser returned null)"
integral-of-x2-+-4tanx,"x^2 + 4*tan(x)","(parser returned null)"
integral-of--sinx-+-41-over-x,"-sin(x) + 4*1/x","(parser returned null)"
integral-of-3secx2-+-3x4,"3*sec(x)^2 + 3*x^4","(parser returned null)"
integral-of-5x3-+-2x4-+-3tanx,"5*x^3 + 2*x^4 + 3*tan(x)","(parser returned null)"
integral-of-lnx--lnx-+-2cosx,"ln(x) - ln(x) + 2*cos(x)","(parser returned null)"
integral-of--1-over-x2-+-4lnx-+-1-over-21-over-x2,"-1/x^2 + 4*ln(x) + 1/2*1/x^2","(parser returned null)"
integral-of-3x4--1-over-x2,"3*x^4 - 1/x^2","(3x^41)/(x^2)"
integral-of-4ex-+-1-over-2tanx-+-1-over-2lnx,"4*e^x + 1/2*tan(x) + 1/2*ln(x)","(parser returned null)"
integral-of--1-over-1+x2-+-21-over-x2-+-1-over-2x3,"-1/(1+x^2) + 2*1/x^2 + 1/2*x^3","(parser returned null)"
integral-of--sinx-+-3x3-+-3sqrtx,"-sin(x) + 3*x^3 + 3*sqrt(x)","(parser returned null)"
integral-of-21-over-x2-+-4sqrtx--cosx,"2*1/x^2 + 4*sqrt(x) - cos(x)","(parser returned null)"
integral-of-1-over-x2-+-5sqrtx,"1/x^2 + 5*sqrt(x)","(parser returned null)"
integral-of-1-over-21-over-sqrt1-x2--sqrtx,"1/2*1/sqrt(1-x^2) - sqrt(x)","(1/21)/(sqrt(1x^2sqrtx))"
integral-of-21-over-x-+-5x,"2*1/x + 5*x","(parser returned null)"
integral-of-1-over-2sqrtx-+-5sinx-+-41-over-x2,"1/2*sqrt(x) + 5*sin(x) + 4*1/x^2","(parser returned null)"
integral-of--1-over-1+x2-+-1-over-21-over-x-+-2sqrtx,"-1/(1+x^2) + 1/2*1/x + 2*sqrt(x)","(parser returned null)"
integral-of-x3-+-1-over-21-over-sqrt1-x2,"x^3 + 1/2*1/sqrt(1-x^2)","(parser returned null)"
integral-of-2secx2-+-x-+-3sinx,"2*sec(x)^2 + x + 3*sin(x)","(parser returned null)"
integral-of--tanx-+-x4,"-tan(x) + x^4","(parser returned null)"
integral-of-1-over-2ex-+-sinx,"1/2*e^x + sin(x)","(parser returned null)"
integral-of-sqrtx-+-2tanx-+-41-over-1+x2,"sqrt(x) + 2*tan(x) + 4*1/(1+x^2)","(parser returned null)"
integral-of-5cosx-+-1-over-2x-+-1-over-2sinx,"5*cos(x) + 1/2*x + 1/2*sin(x)","(parser returned null)"
integral-of-31-over-1+x2-+-1-over-21-over-sqrt1-x2,"3*1/(1+x^2) + 1/2*1/sqrt(1-x^2)","(parser returned null)"
integral-of-5sqrtx-+-1-over-2tanx,"5*sqrt(x) + 1/2*tan(x)","(parser returned null)"
integral-of-31-over-1+x2--1-over-sqrt1-x2,"3*1/(1+x^2) - 1/sqrt(1-x^2)","(parser returned null)"
integral-of-1-over-2x4-+-2tanx-+-sinx,"1/2*x^4 + 2*tan(x) + sin(x)","(parser returned null)"
integral-of-3x4--x-+-41-over-1+x2,"3*x^4 - x + 4*1/(1+x^2)","(parser returned null)"
integral-of-31-over-x2-+-3x4--1-over-x2,"3*1/x^2 + 3*x^4 - 1/x^2","(parser returned null)"
integral-of-1-over-21-over-sqrt1-x2-+-4tanx-+-3x4,"1/2*1/sqrt(1-x^2) + 4*tan(x) + 3*x^4","(parser returned null)"
integral-of-cosx-+-31-over-sqrt1-x2,"cos(x) + 3*1/sqrt(1-x^2)","(parser returned null)"
integral-of-1-over-21-over-x2-+-3sinx-+-21-over-x2,"1/2*1/x^2 + 3*sin(x) + 2*1/x^2","(parser returned null)"
integral-of--1-over-sqrt1-x2-+-5x3-+-51-over-1+x2,"-1/sqrt(1-x^2) + 5*x^3 + 5*1/(1+x^2)","(parser returned null)"
integral-of-x4-+-5x3-+-51-over-1+x2,"x^4 + 5*x^3 + 5*1/(1+x^2)","(parser returned null)"
integral-of-4lnx-+-3secx2-+-tanx,"4*ln(x) + 3*sec(x)^2 + tan(x)","(parser returned null)"
integral-of-4sqrtx--x4,"4*sqrt(x) - x^4","4sqrtxx^4"
integral-of-31-over-sqrt1-x2-+-5lnx,"3*1/sqrt(1-x^2) + 5*ln(x)","(parser returned null)"
integral-of-2cosx-+-5ex,"2*cos(x) + 5*e^x","(parser returned null)"
integral-of-1-over-x2-+-4lnx-+-x,"1/x^2 + 4*ln(x) + x","(parser returned null)"
integral-of-2sinx-+-2x3,"2*sin(x) + 2*x^3","(parser returned null)"
integral-of-31-over-sqrt1-x2-+-1-over-2tanx,"3*1/sqrt(1-x^2) + 1/2*tan(x)","(parser returned null)"
integral-of--cosx-+-2secx2--1-over-sqrt1-x2,"-cos(x) + 2*sec(x)^2 - 1/sqrt(1-x^2)","(parser returned null)"
integral-of-4secx2-+-41-over-sqrt1-x2,"4*sec(x)^2 + 4*1/sqrt(1-x^2)","(parser returned null)"
integral-of--cosx-+-5cosx--ex,"-cos(x) + 5*cos(x) - e^x","(parser returned null)"
integral-of-ex--x2,"e^x - x^2","exx^2"
integral-of-51-over-x--x3,"5*1/x - x^3","51/(xx^3)"
integral-of-3cosx--x,"3*cos(x) - x","3cosxx"
integral-of-x3-+-41-over-x-+-5tanx,"x^3 + 4*1/x + 5*tan(x)","(parser returned null)"
integral-of-41-over-x-+-1-over-21-over-1+x2,"4*1/x + 1/2*1/(1+x^2)","(parser returned null)"
integral-of-4x3--1-over-sqrt1-x2,"4*x^3 - 1/sqrt(1-x^2)","(4x^31)/(sqrt(1x^2))"
integral-of--1-over-1+x2-+-1-over-2sqrtx-+-5cosx,"-1/(1+x^2) + 1/2*sqrt(x) + 5*cos(x)","(parser returned null)"
integral-of--cosx-+-4x-+-3lnx,"-cos(x) + 4*x + 3*ln(x)","(parser returned null)"
integral-of-21-over-1+x2-+-x4,"2*1/(1+x^2) + x^4","(parser returned null)"
integral-of-1-over-21-over-1+x2-+-51-over-x,"1/2*1/(1+x^2) + 5*1/x","(parser returned null)"
integral-of-tanx-+-cosx,"tan(x) + cos(x)","(parser returned null)"
integral-of-sinx--secx2-+-2x3,"sin(x) - sec(x)^2 + 2*x^3","(parser returned null)"
integral-of-2sinx--lnx,"2*sin(x) - ln(x)","2sinxlnx"
integral-of-1-over-2sinx--cosx-+-2sqrtx,"1/2*sin(x) - cos(x) + 2*sqrt(x)","(parser returned null)"
integral-of-4ex-+-1-over-21-over-x2,"4*e^x + 1/2*1/x^2","(parser returned null)"
integral-of-1-over-1+x2-+-1-over-2x3--1-over-x2,"1/(1+x^2) + 1/2*x^3 - 1/x^2","(parser returned null)"
integral-of--x3-+-4sinx,"-x^3 + 4*sin(x)","(parser returned null)"
integral-of-1-over-x2-+-5x4,"1/x^2 + 5*x^4","(parser returned null)"
integral-of-2x--lnx,"2*x - ln(x)","2xlnx"
integral-of-41-over-1+x2--tanx,"4*1/(1+x^2) - tan(x)","(parser returned null)"
integral-of-3secx2-+-cosx,"3*sec(x)^2 + cos(x)","(parser returned null)"
integral-of--1-over-sqrt1-x2-+-sqrtx,"-1/sqrt(1-x^2) + sqrt(x)","(parser returned null)"
integral-of-3secx2-+-2secx2,"3*sec(x)^2 + 2*sec(x)^2","(parser returned null)"
integral-of-x-+-21-over-x2-+-41-over-x,"x + 2*1/x^2 + 4*1/x","(parser returned null)"
integral-of-sqrtx-+-5sqrtx,"sqrt(x) + 5*sqrt(x)","(parser returned null)"
integral-of-4sinx-+-5lnx--sqrtx,"4*sin(x) + 5*ln(x) - sqrt(x)","(parser returned null)"
integral-of-4x4-+-tanx-+-2cosx,"4*x^4 + tan(x) + 2*cos(x)","(parser returned null)"
integral-of-5lnx-+-5cosx-+-sinx,"5*ln(x) + 5*cos(x) + sin(x)","(parser returned null)"
integral-of-4secx2-+-2x2,"4*sec(x)^2 + 2*x^2","(parser returned null)"
integral-of-5tanx-+-31-over-x2,"5*tan(x) + 3*1/x^2","(parser returned null)"
integral-of-2tanx-+-2lnx-+-1-over-x,"2*tan(x) + 2*ln(x) + 1/x","(parser returned null)"
integral-of-5x-+-51-over-x2,"5*x + 5*1/x^2","(parser returned null)"
integral-of--sinx-+-3cosx-+-2sinx,"-sin(x) + 3*cos(x) + 2*sin(x)","(parser returned null)"
integral-of--cosx-+-1-over-21-over-sqrt1-x2,"-cos(x) + 1/2*1/sqrt(1-x^2)","(parser returned null)"
integral-of-5sqrtx-+-2lnx,"5*sqrt(x) + 2*ln(x)","(parser returned null)"
integral-of-51-over-x2-+-1-over-1+x2-+-3x4,"5*1/x^2 + 1/(1+x^2) + 3*x^4","(parser returned null)"
integral-of-1-over-2x2-+-41-over-1+x2-+-1-over-x2,"1/2*x^2 + 4*1/(1+x^2) + 1/x^2","(parser returned null)"
integral-of-51-over-sqrt1-x2-+-1-over-x2-+-4sqrtx,"5*1/sqrt(1-x^2) + 1/x^2 + 4*sqrt(x)","(parser returned null)"
integral-of-3cosx-+-31-over-x,"3*cos(x) + 3*1/x","(parser returned null)"
integral-of-4x3-+-1-over-2x4,"4*x^3 + 1/2*x^4","(parser returned null)"
integral-of-31-over-1+x2-+-3x2,"3*1/(1+x^2) + 3*x^2","(parser returned null)"
integral-of-41-over-sqrt1-x2-+-51-over-sqrt1-x2,"4*1/sqrt(1-x^2) + 5*1/sqrt(1-x^2)","(parser returned null)"
integral-of-41-over-x-+-4tanx,"4*1/x + 4*tan(x)","(parser returned null)"
integral-of-tanx-+-1-over-2x3-+-1-over-21-over-x,"tan(x) + 1/2*x^3 + 1/2*1/x","(parser returned null)"
integral-of-51-over-x2-+-4sinx,"5*1/x^2 + 4*sin(x)","(parser returned null)"
integral-of-4x-+-3ex-+-x3,"4*x + 3*e^x + x^3","(parser returned null)"
integral-of-1-over-21-over-sqrt1-x2-+-51-over-1+x2,"1/2*1/sqrt(1-x^2) + 5*1/(1+x^2)","(parser returned null)"
integral-of-5tanx--secx2-+-cosx,"5*tan(x) - sec(x)^2 + cos(x)","(parser returned null)"
integral-of-1-over-1+x2-+-1-over-2tanx,"1/(1+x^2) + 1/2*tan(x)","(parser returned null)"
integral-of-51-over-sqrt1-x2--1-over-1+x2,"5*1/sqrt(1-x^2) - 1/(1+x^2)","(parser returned null)"
integral-of-41-over-sqrt1-x2-+-5x3,"4*1/sqrt(1-x^2) + 5*x^3","(parser returned null)"
integral-of-2sqrtx-+-2x4,"2*sqrt(x) + 2*x^4","(parser returned null)"
integral-of-4cosx-+-5x3,"4*cos(x) + 5*x^3","(parser returned null)"
integral-of--x3-+-5lnx-+-3lnx,"-x^3 + 5*ln(x) + 3*ln(x)","(parser returned null)"
integral-of-31-over-sqrt1-x2-+-21-over-x2,"3*1/sqrt(1-x^2) + 2*1/x^2","(parser returned null)"
integral-of-31-over-1+x2-+-x3,"3*1/(1+x^2) + x^3","(parser returned null)"
integral-of-41-over-x-+-5lnx,"4*1/x + 5*ln(x)","(parser returned null)"
integral-of-51-over-x-+-3sinx,"5*1/x + 3*sin(x)","(parser returned null)"
integral-of-x4-+-4sinx-+-3lnx,"x^4 + 4*sin(x) + 3*ln(x)","(parser returned null)"
integral-of-2x2-+-31-over-sqrt1-x2,"2*x^2 + 3*1/sqrt(1-x^2)","(parser returned null)"
integral-of-3x4-+-1-over-2secx2,"3*x^4 + 1/2*sec(x)^2","(parser returned null)"
integral-of--tanx--sinx,"-tan(x) - sin(x)","tan(xsinx)"
integral-of-4tanx-+-1-over-2x-+-5x,"4*tan(x) + 1/2*x + 5*x","(parser returned null)"
integral-of-5x3--1-over-x-+-secx2,"5*x^3 - 1/x + sec(x)^2","(parser returned null)"
integral-of-4cosx-+-2ex,"4*cos(x) + 2*e^x","(parser returned null)"
integral-of-5x4-+-3x,"5*x^4 + 3*x","(parser returned null)"
integral-of-3x-+-1-over-21-over-sqrt1-x2--tanx,"3*x + 1/2*1/sqrt(1-x^2) - tan(x)","(parser returned null)"
integral-of--cosx-+-5sqrtx,"-cos(x) + 5*sqrt(x)","(parser returned null)"
integral-of-5secx2-+-5x-+-x4,"5*sec(x)^2 + 5*x + x^4","(parser returned null)"
integral-of-2lnx-+-x3-+-5tanx,"2*ln(x) + x^3 + 5*tan(x)","(parser returned null)"
integral-of-5x2--cosx,"5*x^2 - cos(x)","5x^2cosx"
integral-of-sqrtx--cosx,"sqrt(x) - cos(x)","sqrt(xcosx)"
integral-of-x2-+-ex-+-2lnx,"x^2 + e^x + 2*ln(x)","(parser returned null)"
integral-of-3sinx-+-tanx-+-5x2,"3*sin(x) + tan(x) + 5*x^2","(parser returned null)"
integral-of-51-over-1+x2-+-1-over-2secx2,"5*1/(1+x^2) + 1/2*sec(x)^2","(parser returned null)"
integral-of-4sinx-+-2x2-+-sqrtx,"4*sin(x) + 2*x^2 + sqrt(x)","(parser returned null)"
integral-of-3sinx-+-5ex-+-41-over-x,"3*sin(x) + 5*e^x + 4*1/x","(parser returned null)"
integral-of-1-over-21-over-x2-+-4sinx-+-1-over-2sqrtx,"1/2*1/x^2 + 4*sin(x) + 1/2*sqrt(x)","(parser returned null)"
integral-of-1-over-2x--x,"1/2*x - x","1/(2xx)"
integral-of-2sqrtx--x,"2*sqrt(x) - x","2sqrtxx"
integral-of--lnx-+-51-over-sqrt1-x2-+-2x,"-ln(x) + 5*1/sqrt(1-x^2) + 2*x","(parser returned null)"
integral-of-21-over-x-+-5ex,"2*1/x + 5*e^x","(parser returned null)"
integral-of-4tanx-+-5tanx,"4*tan(x) + 5*tan(x)","(parser returned null)"
integral-of-3cosx-+-x3,"3*cos(x) + x^3","(parser returned null)"
integral-of-51-over-x-+-2cosx,"5*1/x + 2*cos(x)","(parser returned null)"
integral-of-sinx-+-3tanx,"sin(x) + 3*tan(x)","(parser returned null)"
integral-of-1-over-21-over-x-+-lnx-+-1-over-21-over-x,"1/2*1/x + ln(x) + 1/2*1/x","(parser returned null)"
integral-of-x--sqrtx-+-3tanx,"x - sqrt(x) + 3*tan(x)","(parser returned null)"
integral-of--x2-+-ex--1-over-x2,"-x^2 + e^x - 1/x^2","(parser returned null)"
integral-of-1-over-21-over-sqrt1-x2-+-2cosx-+-2sqrtx,"1/2*1/sqrt(1-x^2) + 2*cos(x) + 2*sqrt(x)","(parser returned null)"
integral-of-1-over-2sqrtx-+-3sqrtx-+-4sqrtx,"1/2*sqrt(x) + 3*sqrt(x) + 4*sqrt(x)","(parser returned null)"
integral-of-secx2-+-51-over-sqrt1-x2-+-4x3,"sec(x)^2 + 5*1/sqrt(1-x^2) + 4*x^3","(parser returned null)"
integral-of-4x2-+-x3-+-5ex,"4*x^2 + x^3 + 5*e^x","(parser returned null)"
integral-of--sqrtx-+-51-over-sqrt1-x2--x3,"-sqrt(x) + 5*1/sqrt(1-x^2) - x^3","(parser returned null)"
integral-of-1-over-2sqrtx-+-1-over-2cosx,"1/2*sqrt(x) + 1/2*cos(x)","(parser returned null)"
integral-of-41-over-1+x2-+-3x,"4*1/(1+x^2) + 3*x","(parser returned null)"
integral-of-51-over-x-+-4secx2,"5*1/x + 4*sec(x)^2","(parser returned null)"
integral-of-x--sinx,"x - sin(x)","xsinx"
integral-of-21-over-sqrt1-x2-+-2cosx,"2*1/sqrt(1-x^2) + 2*cos(x)","(parser returned null)"
integral-of--1-over-sqrt1-x2-+-4lnx-+-3sinx,"-1/sqrt(1-x^2) + 4*ln(x) + 3*sin(x)","(parser returned null)"
integral-of-1-over-2secx2-+-41-over-x2-+-1-over-1+x2,"1/2*sec(x)^2 + 4*1/x^2 + 1/(1+x^2)","(parser returned null)"
integral-of--secx2-+-41-over-1+x2,"-sec(x)^2 + 4*1/(1+x^2)","(parser returned null)"
integral-of--sqrtx--1-over-x2-+-x2,"-sqrt(x) - 1/x^2 + x^2","(parser returned null)"
integral-of-21-over-1+x2--x4,"2*1/(1+x^2) - x^4","(parser returned null)"
integral-of-1-over-x2-+-ex,"1/x^2 + e^x","(parser returned null)"
integral-of--x-+-1-over-sqrt1-x2,"-x + 1/sqrt(1-x^2)","(parser returned null)"
integral-of-4x2-+-3x4,"4*x^2 + 3*x^4","(parser returned null)"
integral-of-5tanx-+-4secx2,"5*tan(x) + 4*sec(x)^2","(parser returned null)"
integral-of-5sinx-+-3x-+-1-over-21-over-1+x2,"5*sin(x) + 3*x + 1/2*1/(1+x^2)","(parser returned null)"
integral-of-3x4-+-sqrtx,"3*x^4 + sqrt(x)","(parser returned null)"
integral-of-2ex-+-1-over-x-+-1-over-21-over-sqrt1-x2,"2*e^x + 1/x + 1/2*1/sqrt(1-x^2)","(parser returned null)"
integral-of-4secx2-+-2x4,"4*sec(x)^2 + 2*x^4","(parser returned null)"
integral-of-4ex-+-4tanx,"4*e^x + 4*tan(x)","(parser returned null)"
integral-of-1-over-2x-+-x2,"1/2*x + x^2","(parser returned null)"
integral-of-2sqrtx-+-4cosx-+-tanx,"2*sqrt(x) + 4*cos(x) + tan(x)","(parser returned null)"
integral-of-3x3-+-sinx-+-4sinx,"3*x^3 + sin(x) + 4*sin(x)","(parser returned null)"
integral-of-1-over-2x3-+-21-over-sqrt1-x2-+-31-over-1+x2,"1/2*x^3 + 2*1/sqrt(1-x^2) + 3*1/(1+x^2)","(parser returned null)"
integral-of--ex-+-4sqrtx-+-1-over-2secx2,"-e^x + 4*sqrt(x) + 1/2*sec(x)^2","(parser returned null)"
integral-of-4sinx-+-3cosx,"4*sin(x) + 3*cos(x)","(parser returned null)"
integral-of-51-over-x2-+-41-over-x2-+-4ex,"5*1/x^2 + 4*1/x^2 + 4*e^x","(parser returned null)"
integral-of-sqrtx-+-1-over-x,"sqrt(x) + 1/x","(parser returned null)"
integral-of-41-over-x--x2-+-51-over-x2,"4*1/x - x^2 + 5*1/x^2","(parser returned null)"
integral-of-3x3,"3*x^3","3x^3"
integral-of-21-over-x2-+-31-over-x-+-41-over-x2,"2*1/x^2 + 3*1/x + 4*1/x^2","(parser returned null)"
integral-of--lnx--cosx,"-ln(x) - cos(x)","ln(xcosx)"
integral-of-41-over-x--x,"4*1/x - x","41/xx"
integral-of--1-over-x-+-3lnx,"-1/x + 3*ln(x)","(parser returned null)"
integral-of-1-over-2x2-+-1-over-x2,"1/2*x^2 + 1/x^2","(parser returned null)"
integral-of-2x3-+-cosx-+-4secx2,"2*x^3 + cos(x) + 4*sec(x)^2","(parser returned null)"
integral-of-1-over-2cosx-+-5x3-+-tanx,"1/2*cos(x) + 5*x^3 + tan(x)","(parser returned null)"
integral-of--sinx-+-x,"-sin(x) + x","(parser returned null)"
integral-of-2x3-+-41-over-1+x2-+-41-over-sqrt1-x2,"2*x^3 + 4*1/(1+x^2) + 4*1/sqrt(1-x^2)","(parser returned null)"
integral-of-5x2-+-x4-+-3x2,"5*x^2 + x^4 + 3*x^2","(parser returned null)"
integral-of-3x3-+-5x4,"3*x^3 + 5*x^4","(parser returned null)"
integral-of-4x-+-5x3-+-x3,"4*x + 5*x^3 + x^3","(parser returned null)"
integral-of-3tanx-+-5x3-+-4cosx,"3*tan(x) + 5*x^3 + 4*cos(x)","(parser returned null)"
integral-of-4cosx-+-tanx-+-5tanx,"4*cos(x) + tan(x) + 5*tan(x)","(parser returned null)"
integral-of-4ex-+-4secx2-+-sinx,"4*e^x + 4*sec(x)^2 + sin(x)","(parser returned null)"
integral-of-1-over-21-over-x-+-3sinx-+-4x4,"1/2*1/x + 3*sin(x) + 4*x^4","(parser returned null)"
integral-of-2lnx-+-4tanx,"2*ln(x) + 4*tan(x)","(parser returned null)"
integral-of-41-over-1+x2-+-5tanx-+-5lnx,"4*1/(1+x^2) + 5*tan(x) + 5*ln(x)","(parser returned null)"
integral-of-51-over-sqrt1-x2-+-4sqrtx,"5*1/sqrt(1-x^2) + 4*sqrt(x)","(parser returned null)"
integral-of-5x4-+-3secx2,"5*x^4 + 3*sec(x)^2","(parser returned null)"
integral-of--ex-+-lnx,"-e^x + ln(x)","(parser returned null)"
integral-of-3cosx-+-1-over-2tanx,"3*cos(x) + 1/2*tan(x)","(parser returned null)"
integral-of-2cosx-+-51-over-sqrt1-x2,"2*cos(x) + 5*1/sqrt(1-x^2)","(parser returned null)"
integral-of-5ex-+-1-over-2secx2,"5*e^x + 1/2*sec(x)^2","(parser returned null)"
integral-of-2x3-+-5x2,"2*x^3 + 5*x^2","(parser returned null)"
integral-of--1-over-1+x2-+-41-over-x,"-1/(1+x^2) + 4*1/x","(parser returned null)"
integral-of-4cosx-+-2x4,"4*cos(x) + 2*x^4","(parser returned null)"
integral-of--1-over-1+x2-+-41-over-x2-+-4x,"-1/(1+x^2) + 4*1/x^2 + 4*x","(parser returned null)"
integral-of-1-over-2cosx-+-31-over-sqrt1-x2,"1/2*cos(x) + 3*1/sqrt(1-x^2)","(parser returned null)"
integral-of-5x4-+-5secx2-+-3sinx,"5*x^4 + 5*sec(x)^2 + 3*sin(x)","(parser returned null)"
integral-of-5x--sqrtx,"5*x - sqrt(x)","5xsqrtx"
integral-of-1-over-2sqrtx-+-1-over-2sinx,"1/2*sqrt(x) + 1/2*sin(x)","(parser returned null)"
integral-of-5sinx-+-x-+-1-over-2ex,"5*sin(x) + x + 1/2*e^x","(parser returned null)"
integral-of-21-over-x-+-31-over-x2,"2*1/x + 3*1/x^2","(parser returned null)"
integral-of-2tanx-+-3sinx-+-21-over-sqrt1-x2,"2*tan(x) + 3*sin(x) + 2*1/sqrt(1-x^2)","(parser returned null)"
integral-of-41-over-x2-+-5x2,"4*1/x^2 + 5*x^2","(parser returned null)"
integral-of-21-over-x-+-1-over-2x-+-sinx,"2*1/x + 1/2*x + sin(x)","(parser returned null)"
integral-of-3x--secx2-+-5x,"3*x - sec(x)^2 + 5*x","(parser returned null)"
integral-of-3sinx-+-2x2,"3*sin(x) + 2*x^2","(parser returned null)"
integral-of-1-over-21-over-1+x2-+-4ex,"1/2*1/(1+x^2) + 4*e^x","(parser returned null)"
integral-of-21-over-x2-+-tanx-+-31-over-x2,"2*1/x^2 + tan(x) + 3*1/x^2","(parser returned null)"
integral-of-1-over-21-over-x-+-51-over-1+x2,"1/2*1/x + 5*1/(1+x^2)","(parser returned null)"
integral-of--1-over-x-+-21-over-x2,"-1/x + 2*1/x^2","(parser returned null)"
integral-of-5x3-+-31-over-1+x2,"5*x^3 + 3*1/(1+x^2)","(parser returned null)"
integral-of-3x-+-2cosx,"3*x + 2*cos(x)","(parser returned null)"
integral-of-21-over-x-+-21-over-sqrt1-x2,"2*1/x + 2*1/sqrt(1-x^2)","(parser returned null)"
integral-of-21-over-sqrt1-x2-+-1-over-2x3,"2*1/sqrt(1-x^2) + 1/2*x^3","(parser returned null)"
integral-of-lnx-+-1-over-2tanx--1-over-1+x2,"ln(x) + 1/2*tan(x) - 1/(1+x^2)","(parser returned null)"
integral-of-5x4-+-3sinx,"5*x^4 + 3*sin(x)","(parser returned null)"
integral-of-2x3-+-5x3-+-31-over-x2,"2*x^3 + 5*x^3 + 3*1/x^2","(parser returned null)"
integral-of-x4-+-1-over-2secx2,"x^4 + 1/2*sec(x)^2","(parser returned null)"
integral-of-41-over-1+x2-+-4x2-+-1-over-2sinx,"4*1/(1+x^2) + 4*x^2 + 1/2*sin(x)","(parser returned null)"
integral-of-1-over-21-over-1+x2-+-1-over-21-over-x2-+-5x4,"1/2*1/(1+x^2) + 1/2*1/x^2 + 5*x^4","(parser returned null)"
integral-of--1-over-x-+-41-over-1+x2,"-1/x + 4*1/(1+x^2)","(parser returned null)"
integral-of-4tanx--x-+-cosx,"4*tan(x) - x + cos(x)","(parser returned null)"
integral-of-21-over-x-+-3x,"2*1/x + 3*x","(parser returned null)"
integral-of-1-over-2sqrtx--sqrtx,"1/2*sqrt(x) - sqrt(x)","1/(2sqrtxsqrtx)"
integral-of-cosx-+-1-over-21-over-1+x2,"cos(x) + 1/2*1/(1+x^2)","(parser returned null)"
integral-of-41-over-x2-+-2ex,"4*1/x^2 + 2*e^x","(parser returned null)"
integral-of-4ex-+-3secx2-+-2cosx,"4*e^x + 3*sec(x)^2 + 2*cos(x)","(parser returned null)"
integral-of-5lnx-+-1-over-sqrt1-x2,"5*ln(x) + 1/sqrt(1-x^2)","(parser returned null)"
integral-of-2tanx-+-4x4,"2*tan(x) + 4*x^4","(parser returned null)"
integral-of--x4-+-2x3,"-x^4 + 2*x^3","(parser returned null)"
integral-of-lnx-+-5ex-+-x3,"ln(x) + 5*e^x + x^3","(parser returned null)"
integral-of-sinx-+-1-over-2x2,"sin(x) + 1/2*x^2","(parser returned null)"
integral-of-4x2-+-31-over-x,"4*x^2 + 3*1/x","(parser returned null)"
integral-of-4x2-+-5secx2,"4*x^2 + 5*sec(x)^2","(parser returned null)"
integral-of-21-over-1+x2-+-3tanx-+-sqrtx,"2*1/(1+x^2) + 3*tan(x) + sqrt(x)","(parser returned null)"
integral-of-31-over-x-+-2secx2-+-5tanx,"3*1/x + 2*sec(x)^2 + 5*tan(x)","(parser returned null)"
integral-of-21-over-x2-+-secx2,"2*1/x^2 + sec(x)^2","(parser returned null)"
integral-of-5x4-+-lnx,"5*x^4 + ln(x)","(parser returned null)"
integral-of-31-over-x-+-4sinx-+-4x4,"3*1/x + 4*sin(x) + 4*x^4","(parser returned null)"
integral-of-2x4-+-2x4,"2*x^4 + 2*x^4","(parser returned null)"
integral-of--ex-+-1-over-2x2,"-e^x + 1/2*x^2","(parser returned null)"
integral-of-5x2-+-1-over-2ex,"5*x^2 + 1/2*e^x","(parser returned null)"
integral-of-1-over-sqrt1-x2-+-2x3,"1/sqrt(1-x^2) + 2*x^3","(parser returned null)"
integral-of-51-over-x2-+-1-over-x2,"5*1/x^2 + 1/x^2","(parser returned null)"
integral-of-4x4-+-2tanx--1-over-x2,"4*x^4 + 2*tan(x) - 1/x^2","(parser returned null)"
integral-of--cosx-+-x2-+-x,"-cos(x) + x^2 + x","(parser returned null)"
integral-of-1-over-2sinx-+-41-over-1+x2--x4,"1/2*sin(x) + 4*1/(1+x^2) - x^4","(parser returned null)"
integral-of--cosx-+-4cosx--x,"-cos(x) + 4*cos(x) - x","(parser returned null)"
integral-of-x4-+-1-over-x,"x^4 + 1/x","(parser returned null)"
integral-of-4x-+-5cosx-+-51-over-1+x2,"4*x + 5*cos(x) + 5*1/(1+x^2)","(parser returned null)"
integral-of-3lnx-+-2secx2,"3*ln(x) + 2*sec(x)^2","(parser returned null)"
integral-of-1-over-2x-+-4ex,"1/2*x + 4*e^x","(parser returned null)"
integral-of--tanx-+-lnx,"-tan(x) + ln(x)","(parser returned null)"
integral-of-5x4-+-51-over-x-+-tanx,"5*x^4 + 5*1/x + tan(x)","(parser returned null)"
integral-of-4cosx-+-4cosx,"4*cos(x) + 4*cos(x)","(parser returned null)"
integral-of-2cosx-+-tanx,"2*cos(x) + tan(x)","(parser returned null)"
integral-of-51-over-1+x2-+-5sinx,"5*1/(1+x^2) + 5*sin(x)","(parser returned null)"
integral-of-3lnx-+-sqrtx--1-over-x,"3*ln(x) + sqrt(x) - 1/x","(parser returned null)"
integral-of-51-over-x-+-41-over-x2,"5*1/x + 4*1/x^2","(parser returned null)"
integral-of-31-over-x--x,"3*1/x - x","31/xx"
integral-of-2sinx-+-1-over-2x3,"2*sin(x) + 1/2*x^3","(parser returned null)"
integral-of-5ex--lnx-+-5ex,"5*e^x - ln(x) + 5*e^x","(parser returned null)"
integral-of-4x2-+-3tanx-+-3lnx,"4*x^2 + 3*tan(x) + 3*ln(x)","(parser returned null)"
integral-of-4sqrtx-+-1-over-2lnx,"4*sqrt(x) + 1/2*ln(x)","(parser returned null)"
integral-of-1-over-21-over-sqrt1-x2-+-4x2--1-over-x2,"1/2*1/sqrt(1-x^2) + 4*x^2 - 1/x^2","(parser returned null)"
integral-of-1-over-sqrt1-x2-+-2x2,"1/sqrt(1-x^2) + 2*x^2","(parser returned null)"
integral-of-4secx2--1-over-sqrt1-x2,"4*sec(x)^2 - 1/sqrt(1-x^2)","(4secx^21)/(sqrt(1x^2))"
integral-of-5cosx-+-2x4-+-5x4,"5*cos(x) + 2*x^4 + 5*x^4","(parser returned null)"
integral-of-2cosx-+-4x3-+-3tanx,"2*cos(x) + 4*x^3 + 3*tan(x)","(parser returned null)"
integral-of-51-over-x-+-4x2,"5*1/x + 4*x^2","(parser returned null)"
integral-of-4x3-+-4cosx,"4*x^3 + 4*cos(x)","(parser returned null)"
integral-of-1-over-x-+-3x3-+-3sqrtx,"1/x + 3*x^3 + 3*sqrt(x)","(parser returned null)"
integral-of-4x4-+-21-over-1+x2--x2,"4*x^4 + 2*1/(1+x^2) - x^2","(parser returned null)"
integral-of-21-over-1+x2-+-1-over-21-over-sqrt1-x2--x2,"2*1/(1+x^2) + 1/2*1/sqrt(1-x^2) - x^2","(parser returned null)"
integral-of-31-over-x2-+-1-over-21-over-sqrt1-x2,"3*1/x^2 + 1/2*1/sqrt(1-x^2)","(parser returned null)"
integral-of-5x2-+-4secx2-+-21-over-sqrt1-x2,"5*x^2 + 4*sec(x)^2 + 2*1/sqrt(1-x^2)","(parser returned null)"
integral-of--1-over-x--secx2-+-1-over-1+x2,"-1/x - sec(x)^2 + 1/(1+x^2)","(parser returned null)"
integral-of-5cosx--lnx,"5*cos(x) - ln(x)","5cosxlnx"
integral-of-5lnx--x3,"5*ln(x) - x^3","5lnxx^3"
integral-of-secx2-+-31-over-1+x2-+-31-over-1+x2,"sec(x)^2 + 3*1/(1+x^2) + 3*1/(1+x^2)","(parser returned null)"
integral-of--1-over-x-+-4ex,"-1/x + 4*e^x","(parser returned null)"
integral-of-51-over-x-+-1-over-2lnx,"5*1/x + 1/2*ln(x)","(parser returned null)"
integral-of--x2-+-1-over-21-over-1+x2-+-1-over-2x3,"-x^2 + 1/2*1/(1+x^2) + 1/2*x^3","(parser returned null)"
integral-of-x2--secx2,"x^2 - sec(x)^2","x^2secx^2"
integral-of-1-over-2x-+-1-over-x2,"1/2*x + 1/x^2","(parser returned null)"
integral-of-1-over-2lnx--tanx,"1/2*ln(x) - tan(x)","1/(2lnxtanx)"
integral-of-5x3-+-5x-+-51-over-x2,"5*x^3 + 5*x + 5*1/x^2","(parser returned null)"
integral-of-31-over-1+x2-+-51-over-1+x2,"3*1/(1+x^2) + 5*1/(1+x^2)","(parser returned null)"
integral-of-5sqrtx--x-+-tanx,"5*sqrt(x) - x + tan(x)","(parser returned null)"
integral-of-2x-+-4x,"2*x + 4*x","(parser returned null)"
integral-of-1-over-2sqrtx-+-1-over-2x3-+-2lnx,"1/2*sqrt(x) + 1/2*x^3 + 2*ln(x)","(parser returned null)"
integral-of-1-over-2cosx-+-4secx2,"1/2*cos(x) + 4*sec(x)^2","(parser returned null)"
integral-of-2x3-+-1-over-1+x2,"2*x^3 + 1/(1+x^2)","(parser returned null)"
integral-of-1-over-2x3-+-5ex,"1/2*x^3 + 5*e^x","(parser returned null)"
integral-of--1-over-x2-+-41-over-sqrt1-x2-+-2x3,"-1/x^2 + 4*1/sqrt(1-x^2) + 2*x^3","(parser returned null)"
integral-of-5x4-+-3tanx,"5*x^4 + 3*tan(x)","(parser returned null)"
integral-of-3x3-+-4sinx,"3*x^3 + 4*sin(x)","(parser returned null)"
integral-of-3x4--x3,"3*x^4 - x^3","3x^4x^3"
integral-of-1-over-2ex-+-1-over-2x-+-31-over-1+x2,"1/2*e^x + 1/2*x + 3*1/(1+x^2)","(parser returned null)"
integral-of--1-over-1+x2-+-21-over-x2,"-1/(1+x^2) + 2*1/x^2","(parser returned null)"
integral-of-1-over-2ex-+-x4-+-3ex,"1/2*e^x + x^4 + 3*e^x","(parser returned null)"
integral-of-2x3-+-4ex,"2*x^3 + 4*e^x","(parser returned null)"
integral-of-5cosx-+-x-+-1-over-21-over-sqrt1-x2,"5*cos(x) + x + 1/2*1/sqrt(1-x^2)","(parser returned null)"
integral-of-1-over-2sinx-+-1-over-21-over-sqrt1-x2,"1/2*sin(x) + 1/2*1/sqrt(1-x^2)","(parser returned null)"
integral-of--lnx-+-1-over-2x4,"-ln(x) + 1/2*x^4","(parser returned null)"
integral-of-1-over-2tanx-+-21-over-x2-+-sinx,"1/2*tan(x) + 2*1/x^2 + sin(x)","(parser returned null)"
integral-of-1-over-2x-+-1-over-2sqrtx,"1/2*x + 1/2*sqrt(x)","(parser returned null)"
integral-of-5x-+-1-over-2tanx,"5*x + 1/2*tan(x)","(parser returned null)"
integral-of-3x3--x,"3*x^3 - x","3x^3x"
integral-of-5x4-+-5x,"5*x^4 + 5*x","(parser returned null)"
integral-of-2lnx-+-51-over-sqrt1-x2,"2*ln(x) + 5*1/sqrt(1-x^2)","(parser returned null)"
integral-of--1-over-sqrt1-x2-+-1-over-21-over-x2,"-1/sqrt(1-x^2) + 1/2*1/x^2","(parser returned null)"
integral-of-1-over-2ex-+-4x2,"1/2*e^x + 4*x^2","(parser returned null)"
integral-of-3sqrtx-+-5lnx,"3*sqrt(x) + 5*ln(x)","(parser returned null)"
integral-of-21-over-1+x2-+-4x4-+-sqrtx,"2*1/(1+x^2) + 4*x^4 + sqrt(x)","(parser returned null)"
integral-of-41-over-x2-+-4x,"4*1/x^2 + 4*x","(parser returned null)"
integral-of-1-over-x-+-cosx-+-3secx2,"1/x + cos(x) + 3*sec(x)^2","(parser returned null)"
integral-of--1-over-x--x4-+-2secx2,"-1/x - x^4 + 2*sec(x)^2","(parser returned null)"
integral-of-4cosx-+-2cosx-+-5tanx,"4*cos(x) + 2*cos(x) + 5*tan(x)","(parser returned null)"
integral-of-cosx-+-3sinx,"cos(x) + 3*sin(x)","(parser returned null)"
integral-of-3ex-+-x--secx2,"3*e^x + x - sec(x)^2","(parser returned null)"
integral-of-31-over-1+x2-+-tanx,"3*1/(1+x^2) + tan(x)","(parser returned null)"
integral-of--x--x2-+-4tanx,"-x - x^2 + 4*tan(x)","(parser returned null)"
integral-of--x3-+-41-over-1+x2,"-x^3 + 4*1/(1+x^2)","(parser returned null)"
integral-of-1-over-x-+-1-over-2x-+-41-over-x2,"1/x + 1/2*x + 4*1/x^2","(parser returned null)"
integral-of-4sinx-+-1-over-2secx2,"4*sin(x) + 1/2*sec(x)^2","(parser returned null)"
integral-of-1-over-2cosx-+-ex,"1/2*cos(x) + e^x","(parser returned null)"
integral-of-2sqrtx-+-1-over-2x2,"2*sqrt(x) + 1/2*x^2","(parser returned null)"
integral-of--1-over-1+x2-+-4x,"-1/(1+x^2) + 4*x","(parser returned null)"
integral-of-1-over-x2--sqrtx--x,"1/x^2 - sqrt(x) - x","1/(x^2sqrtxx)"
integral-of-3x-+-2lnx-+-41-over-x,"3*x + 2*ln(x) + 4*1/x","(parser returned null)"
integral-of-2x2--secx2,"2*x^2 - sec(x)^2","2x^2secx^2"
integral-of-4x2--lnx,"4*x^2 - ln(x)","4x^2lnx"
integral-of-2x4-+-1-over-21-over-x,"2*x^4 + 1/2*1/x","(parser returned null)"
integral-of-5x3-+-5lnx,"5*x^3 + 5*ln(x)","(parser returned null)"
integral-of-1-over-2ex-+-5ex,"1/2*e^x + 5*e^x","(parser returned null)"
integral-of-5x4-+-3x3-+-3lnx,"5*x^4 + 3*x^3 + 3*ln(x)","(parser returned null)"
integral-of-31-over-x-+-1-over-2sinx,"3*1/x + 1/2*sin(x)","(parser returned null)"
integral-of-5sqrtx-+-3x-+-21-over-x2,"5*sqrt(x) + 3*x + 2*1/x^2","(parser returned null)"
integral-of-1-over-x-+-3x4,"1/x + 3*x^4","(parser returned null)"
integral-of-5cosx-+-2x3,"5*cos(x) + 2*x^3","(parser returned null)"
integral-of-5sinx-+-5cosx-+-1-over-2ex,"5*sin(x) + 5*cos(x) + 1/2*e^x","(parser returned null)"
integral-of-3cosx-+-41-over-1+x2-+-5x4,"3*cos(x) + 4*1/(1+x^2) + 5*x^4","(parser returned null)"
integral-of-5tanx-+-4sqrtx,"5*tan(x) + 4*sqrt(x)","(parser returned null)"
integral-of-1-over-sqrt1-x2-+-1-over-x,"1/sqrt(1-x^2) + 1/x","(parser returned null)"
integral-of-x-+-2tanx,"x + 2*tan(x)","(parser returned null)"
integral-of-5secx2-+-2lnx-+-3secx2,"5*sec(x)^2 + 2*ln(x) + 3*sec(x)^2","(parser returned null)"
integral-of--ex-+-1-over-21-over-x-+-1-over-2sinx,"-e^x + 1/2*1/x + 1/2*sin(x)","(parser returned null)"
integral-of-cosx-+-41-over-x-+-3x3,"cos(x) + 4*1/x + 3*x^3","(parser returned null)"
integral-of-41-over-1+x2-+-5cosx,"4*1/(1+x^2) + 5*cos(x)","(parser returned null)"
integral-of-51-over-x-+-1-over-1+x2,"5*1/x + 1/(1+x^2)","(parser returned null)"
integral-of-5x2--cosx-+-1-over-2x,"5*x^2 - cos(x) + 1/2*x","(parser returned null)"
integral-of-1-over-2tanx-+-1-over-2cosx,"1/2*tan(x) + 1/2*cos(x)","(parser returned null)"
integral-of-ex-+-51-over-sqrt1-x2,"e^x + 5*1/sqrt(1-x^2)","(parser returned null)"
integral-of--tanx--sqrtx,"-tan(x) - sqrt(x)","tan(xsqrtx)"
integral-of-3sinx-+-41-over-1+x2,"3*sin(x) + 4*1/(1+x^2)","(parser returned null)"
integral-of-5cosx-+-3secx2,"5*cos(x) + 3*sec(x)^2","(parser returned null)"
integral-of--secx2-+-x4-+-2ex,"-sec(x)^2 + x^4 + 2*e^x","(parser returned null)"
integral-of--sinx-+-2x,"-sin(x) + 2*x","(parser returned null)"
integral-of-2x4--1-over-1+x2--tanx,"2*x^4 - 1/(1+x^2) - tan(x)","(parser returned null)"
integral-of-1-over-21-over-1+x2-+-5lnx,"1/2*1/(1+x^2) + 5*ln(x)","(parser returned null)"
integral-of--1-over-x--ex,"-1/x - e^x","1/xex"
integral-of-1-over-2cosx-+-3x3-+-1-over-2sinx,"1/2*cos(x) + 3*x^3 + 1/2*sin(x)","(parser returned null)"
integral-of-1-over-21-over-sqrt1-x2-+-21-over-x,"1/2*1/sqrt(1-x^2) + 2*1/x","(parser returned null)"
integral-of-5sinx-+-x3-+-4lnx,"5*sin(x) + x^3 + 4*ln(x)","(parser returned null)"
integral-of-3sinx--tanx-+-lnx,"3*sin(x) - tan(x) + ln(x)","(parser returned null)"
integral-of-ex-+-5x2,"e^x + 5*x^2","(parser returned null)"
integral-of--ex-+-1-over-2x3,"-e^x + 1/2*x^3","(parser returned null)"
integral-of-5x4-+-5tanx-+-4cosx,"5*x^4 + 5*tan(x) + 4*cos(x)","(parser returned null)"
integral-of-4x2-+-5x,"4*x^2 + 5*x","(parser returned null)"
integral-of--1-over-x2-+-1-over-2tanx,"-1/x^2 + 1/2*tan(x)","(parser returned null)"
integral-of-1-over-21-over-x-+-4x3,"1/2*1/x + 4*x^3","(parser returned null)"
integral-of-x-+-5secx2-+-31-over-x2,"x + 5*sec(x)^2 + 3*1/x^2","(parser returned null)"
integral-of-x3-+-1-over-2secx2,"x^3 + 1/2*sec(x)^2","(parser returned null)"
integral-of-41-over-x2-+-3secx2-+-2tanx,"4*1/x^2 + 3*sec(x)^2 + 2*tan(x)","(parser returned null)"
integral-of--x4--x3,"-x^4 - x^3","x^4x^3"
integral-of--x3-+-2x,"-x^3 + 2*x","(parser returned null)"
integral-of-2sqrtx-+-1-over-21-over-1+x2,"2*sqrt(x) + 1/2*1/(1+x^2)","(parser returned null)"
integral-of-2tanx-+-31-over-x2,"2*tan(x) + 3*1/x^2","(parser returned null)"
integral-of-1-over-1+x2-+-2x4,"1/(1+x^2) + 2*x^4","(parser returned null)"
integral-of-4x4-+-51-over-1+x2,"4*x^4 + 5*1/(1+x^2)","(parser returned null)"
integral-of-3x4-+-4x2,"3*x^4 + 4*x^2","(parser returned null)"
integral-of-3sqrtx-+-2cosx,"3*sqrt(x) + 2*cos(x)","(parser returned null)"
integral-of-1-over-2tanx-+-1-over-2x-+-31-over-x2,"1/2*tan(x) + 1/2*x + 3*1/x^2","(parser returned null)"
integral-of-2x3-+-5sqrtx,"2*x^3 + 5*sqrt(x)","(parser returned null)"
integral-of-4x4-+-4x,"4*x^4 + 4*x","(parser returned null)"
integral-of--lnx-+-3x2-+-x2,"-ln(x) + 3*x^2 + x^2","(parser returned null)"
integral-of-2sinx-+-1-over-2ex,"2*sin(x) + 1/2*e^x","(parser returned null)"
integral-of-51-over-x2-+-5x3--sinx,"5*1/x^2 + 5*x^3 - sin(x)","(parser returned null)"
integral-of-3x2-+-51-over-x,"3*x^2 + 5*1/x","(parser returned null)"
integral-of-lnx--cosx,"ln(x) - cos(x)","ln(xcosx)"
integral-of-2lnx-+-5ex,"2*ln(x) + 5*e^x","(parser returned null)"
integral-of-21-over-x2--sqrtx,"2*1/x^2 - sqrt(x)","21/(x^2sqrtx)"
integral-of-1-over-21-over-x2-+-51-over-sqrt1-x2,"1/2*1/x^2 + 5*1/sqrt(1-x^2)","(parser returned null)"
integral-of-4secx2-+-4sinx-+-3x,"4*sec(x)^2 + 4*sin(x) + 3*x","(parser returned null)"
integral-of-1-over-x--lnx,"1/x - ln(x)","1/xlnx"
integral-of-5tanx-+-x2,"5*tan(x) + x^2","(parser returned null)"
integral-of-1-over-sqrt1-x2-+-31-over-sqrt1-x2-+-4ex,"1/sqrt(1-x^2) + 3*1/sqrt(1-x^2) + 4*e^x","(parser returned null)"
integral-of-2lnx--x,"2*ln(x) - x","2lnxx"
integral-of--x2-+-51-over-sqrt1-x2,"-x^2 + 5*1/sqrt(1-x^2)","(parser returned null)"
integral-of-31-over-1+x2-+-1-over-sqrt1-x2,"3*1/(1+x^2) + 1/sqrt(1-x^2)","(parser returned null)"
integral-of-21-over-x-+-51-over-x-+-tanx,"2*1/x + 5*1/x + tan(x)","(parser returned null)"
integral-of-51-over-x-+-2x4-+-5x,"5*1/x + 2*x^4 + 5*x","(parser returned null)"
integral-of-2sinx-+-1-over-2x2,"2*sin(x) + 1/2*x^2","(parser returned null)"
integral-of-4sinx-+-2sinx,"4*sin(x) + 2*sin(x)","(parser returned null)"
integral-of-1-over-2cosx-+-2tanx-+-5ex,"1/2*cos(x) + 2*tan(x) + 5*e^x","(parser returned null)"
integral-of-x3-+-2sqrtx--1-over-1+x2,"x^3 + 2*sqrt(x) - 1/(1+x^2)","(parser returned null)"
integral-of-ex-+-31-over-sqrt1-x2-+-5cosx,"e^x + 3*1/sqrt(1-x^2) + 5*cos(x)","(parser returned null)"
integral-of-2x4-+-4ex,"2*x^4 + 4*e^x","(parser returned null)"
integral-of-x-+-1-over-2secx2,"x + 1/2*sec(x)^2","(parser returned null)"
integral-of-21-over-sqrt1-x2-+-2sinx,"2*1/sqrt(1-x^2) + 2*sin(x)","(parser returned null)"
integral-of-21-over-sqrt1-x2-+-5cosx,"2*1/sqrt(1-x^2) + 5*cos(x)","(parser returned null)"
integral-of-2ex--ex-+-31-over-sqrt1-x2,"2*e^x - e^x + 3*1/sqrt(1-x^2)","(parser returned null)"
integral-of-1-over-21-over-x-+-1-over-2x3-+-2sqrtx,"1/2*1/x + 1/2*x^3 + 2*sqrt(x)","(parser returned null)"
integral-of-51-over-x2--1-over-sqrt1-x2-+-lnx,"5*1/x^2 - 1/sqrt(1-x^2) + ln(x)","(parser returned null)"
integral-of-1-over-2x4-+-4x4,"1/2*x^4 + 4*x^4","(parser returned null)"
integral-of-4lnx-+-lnx-+-4x3,"4*ln(x) + ln(x) + 4*x^3","(parser returned null)"
integral-of-2cosx-+-4lnx-+-1-over-1+x2,"2*cos(x) + 4*ln(x) + 1/(1+x^2)","(parser returned null)"
integral-of-3secx2-+-2x3,"3*sec(x)^2 + 2*x^3","(parser returned null)"
integral-of-3sinx-+-4sqrtx-+-ex,"3*sin(x) + 4*sqrt(x) + e^x","(parser returned null)"
integral-of--x2-+-5x,"-x^2 + 5*x","(parser returned null)"
integral-of-3tanx-+-x,"3*tan(x) + x","(parser returned null)"
integral-of-3cosx-+-4sqrtx-+-51-over-sqrt1-x2,"3*cos(x) + 4*sqrt(x) + 5*1/sqrt(1-x^2)","(parser returned null)"
integral-of-5x2-+-41-over-x2,"5*x^2 + 4*1/x^2","(parser returned null)"
limit-of-x2+x-2-over-x-1-as-x-to-1,"(x^2+x-2)/(x-1)","(parser returned null)"
limit-of-ex-1-over-x-as-x-to-0,"(e^x-1)/x","(ex^1)/xasx"
limit-of-sinx-as-x-to-2,"sin(x)","sin(xasx)"
limit-of-1-over-x2-as-x-to-0,"1/x^2","1/(x^2asx)"
limit-of-x3-1-over-x-1-as-x-to-1,"(x^3-1)/(x-1)","(x^31)/(x^1asx)"
limit-of-sinx-over-x-as-x-to-0,"sin(x)/x","sin(x)/xasx"
limit-of-sqrtx-1-over-x-1-as-x-to-1,"(sqrt(x)-1)/(x-1)","(sqrt(x^1))/(x^1asx)"
limit-of-lnx-over-x-1-as-x-to-1,"ln(x)/(x-1)","ln(x)/(x^1asx)"
limit-of-tanx-as-x-to-infinity,"tan(x)","tan(xasx)"
limit-of-1-over-x2-as-x-to--infinity,"1/x^2","1/(x^2asx)"
limit-of-sinx-as-x-to--infinity,"sin(x)","sin(xasx)"
limit-of-x2-1-over-x-1-as-x-to-1,"(x^2-1)/(x-1)","(x^21)/(x^1asx)"
limit-of-tanx-over-x-as-x-to-0,"tan(x)/x","tan(x)/xasx"
limit-of-tanx-as-x-to--infinity,"tan(x)","tan(xasx)"
limit-of-cosx-as-x-to-0,"cos(x)","cos(xasx)"
limit-of-sinx-as-x-to-infinity,"sin(x)","sin(xasx)"
limit-of-1-over-x-as-x-to-1,"1/x","1/xasx"
limit-of-x2-4-over-x-2-as-x-to-2,"(x^2-4)/(x-2)","(x^24)/(x^2asx)"
limit-of-cosx-as-x-to-infinity,"cos(x)","cos(xasx)"
limit-of-sinx-as-x-to-1,"sin(x)","sin(xasx)"
limit-of-tanx-as-x-to-2,"tan(x)","tan(xasx)"
limit-of-x2-as-x-to-2,"x^2","x^2asx"
limit-of-x2-as-x-to-infinity,"x^2","x^2asx"
limit-of-1-over-x-as-x-to--infinity,"1/x","1/xasx"
limit-of-1-over-x2-as-x-to-2,"1/x^2","1/(x^2asx)"
limit-of-cosx-as-x-to-2,"cos(x)","cos(xasx)"
limit-of-1-over-x-as-x-to-0,"1/x","1/xasx"
limit-of-1-over-x2-as-x-to-1,"1/x^2","1/(x^2asx)"
limit-of-sinx-as-x-to-0,"sin(x)","sin(xasx)"
limit-of-cosx-as-x-to-1,"cos(x)","cos(xasx)"
limit-of-1-over-x-as-x-to-infinity,"1/x","1/xasx"
limit-of-cosx-as-x-to--infinity,"cos(x)","cos(xasx)"
limit-of-x2-as-x-to-0,"x^2","x^2asx"
limit-of-tanx-as-x-to-1,"tan(x)","tan(xasx)"
limit-of-tanx-as-x-to-0,"tan(x)","tan(xasx)"
limit-of-x2-as-x-to-1,"x^2","x^2asx"
limit-of-1-over-x2-as-x-to-infinity,"1/x^2","1/(x^2asx)"
limit-of-1-over-x-as-x-to-2,"1/x","1/xasx"
limit-of-x2-as-x-to--infinity,"x^2","x^2asx"
limit-of-absx-over-5lnx-as-x-to-2,"abs(x) / 5*ln(x)","absx/(5lnxasx)"
limit-of-2lnx-over-ex-as-x-to-2,"2*ln(x) / e^x","(2lnx)/exasx"
limit-of-1-over-1-over-x2--1-over-1-over-x2-as-x-to-inf,"(1/1/(x^2)) - (1/1/(x^2))","(1/1/x^21/1)/(x^2asx)"
limit-of-sinx-3x2-over-lnx-as-x-to--inf,"(sin(x) * 3*x^2) / ln(x)","(sin(x^3x^2))/ln(xasx)"
limit-of-3x-over-5sinx-as-x-to-2,"3*x / 5*sin(x)","(3x)/(5sinxasx)"
limit-of-2sqrtx-over-41-over-x-as-x-to--inf,"2*sqrt(x) / 4*1/x","(2sqrtx/41)/xasx"
limit-of-sqrt2cosx--sqrt2lnx-as-x-to--2,"sqrt(2*cos(x)) - sqrt(2*ln(x))","sqrt(2cosxsqrt^2lnxasx)"
limit-of-x3-sqrtx-over-x-as-x-to-0,"(x^3 * sqrt(x)) / x","(x^3sqrtx)/xasx"
limit-of-x3-3ex-over-absx-as-x-to-2,"(x^3 * 3*e^x) / abs(x)","(x^33ex)/absxasx"
limit-of-sqrtabsx--sqrtx-as-x-to--2,"sqrt(abs(x)) - sqrt(x)","sqrt(absxsqrtxasx)"
limit-of-sqrt1-over-x2--sqrt21-over-x-as-x-to-inf,"sqrt(1/(x^2)) - sqrt(2*1/x)","(sqrt(1)/x^2sqrt^21)/xasx"
limit-of-ex-3x2-over-1-over-x2-as-x-to-0,"(e^x * 3*x^2) / 1/(x^2)","(ex^3x^2/1)/(x^2asx)"
limit-of-sqrt5cosx--sqrt4absx-as-x-to--1,"sqrt(5*cos(x)) - sqrt(4*abs(x))","sqrt(5cosxsqrt^4absxasx)"
limit-of-sqrtsqrtx--sqrtlnx-as-x-to-pi-2,"sqrt(sqrt(x)) - sqrt(ln(x))","sqrt(sqrtxsqrtlnxasx)"
limit-of-4sqrtx-over-cosx-as-x-to-1,"4*sqrt(x) / cos(x)","(4sqrtx)/cos(xasx)"
limit-of-lnx-over-5absx-as-x-to-pi-2,"ln(x) / 5*abs(x)","ln(x)/(5absxasx)"
limit-of-absx-4x-over-absx-as-x-to-0,"(abs(x) * 4*x) / abs(x)","(absx^4x)/absxasx"
limit-of-sqrtx--cosx-over-tanx--1-over-x-as-x-to-2,"(sqrt(x) - cos(x)) / (tan(x) - 1/x)","(sqrt(xcosx)/tan(x^1))/xasx"
limit-of-2sqrtx-over-4absx-as-x-to--2,"2*sqrt(x) / 4*abs(x)","(2sqrtx)/(4absxasx)"
limit-of-31-over-x-5x2-over-1-over-x2-as-x-to-pi,"(3*1/x * 5*x^2) / 1/(x^2)","(31/x^5x^2/1)/(x^2asx)"
limit-of-1-over-x2--1-over-x2-as-x-to--1,"(1/x^2) - (1/x^2)","(1/x^21)/(x^2asx)"
limit-of-x2--3x-over-sinx--1-over-x-as-x-to-0,"(x^2 - 3*x) / (sin(x) - 1/x)","(x^23x/sin(x^1))/xasx"
limit-of-sqrtx--sinx-over-sqrtx--x2-as-x-to-inf,"(sqrt(x) - sin(x)) / (sqrt(x) - x^2)","sqrt(xsinx)/(sqrt(xx^2asx))"
limit-of-lnx-41-over-x2-over-x2-as-x-to-inf,"(ln(x) * 4*1/(x^2)) / x^2","(ln(x^41)/x^2)/(x^2asx)"
limit-of-sqrttanx--sqrt1-over-x2-as-x-to-pi,"sqrt(tan(x)) - sqrt(1/(x^2))","(sqrt(tanxsqrt^1))/(x^2asx)"
limit-of-1-over-3sinx--1-over-1-over-x2-as-x-to--inf,"(1/3*sin(x)) - (1/1/(x^2))","(1/3sinx^1/1)/(x^2asx)"
limit-of-x2-3tanx-over-ex-as-x-to--1,"(x^2 * 3*tan(x)) / e^x","(x^23tanx)/exasx"
limit-of-sqrtx--sqrtsqrtx-as-x-to-pi,"sqrt(x) - sqrt(sqrt(x))","sqrt(xsqrtsqrtxasx)"
limit-of-tanx-x-over-x-as-x-to--2,"(tan(x) * x) / x","tan(xx)/xasx"
limit-of-absx2--3x2-as-x-to-0,"abs(x)^2 - 3*x^2","absx^23x^2asx"
limit-of-sqrttanx--sqrtlnx-as-x-to-2,"sqrt(tan(x)) - sqrt(ln(x))","sqrt(tanxsqrtlnxasx)"
limit-of-1-over-x2-over-4x-as-x-to--inf,"1/(x^2) / 4*x","(1/x^2)/(4xasx)"
limit-of-31-over-x-5cosx-over-x2-as-x-to--2,"(3*1/x * 5*cos(x)) / x^2","(31/x^5cosx)/(x^2asx)"
limit-of-1-over-x2--2absx-over-lnx--cosx-as-x-to-inf,"(1/(x^2) - 2*abs(x)) / (ln(x) - cos(x))","(1/x^22absx)/ln(xcosxasx)"
limit-of-1-over-x-4x-over-ex-as-x-to-inf,"(1/x * 4*x) / e^x","(1/x^4x)/exasx"
limit-of-3ex2--1-over-x22-as-x-to-pi-2,"3*e^x^2 - 1/(x^2)^2","(3ex^21)/(x^22asx)"
limit-of-absx-3sqrtx-over-x3-as-x-to-1,"(abs(x) * 3*sqrt(x)) / x^3","(absx^3sqrtx)/(x^3asx)"
limit-of-31-over-x2-over-lnx-as-x-to-inf,"3*1/(x^2) / ln(x)","(31/x^2)/ln(xasx)"
limit-of-1-over-x2-x2-over-1-over-x2-as-x-to--inf,"(1/(x^2) * x^2) / 1/(x^2)","(1/x^2x^2/1)/(x^2asx)"
limit-of-sqrt1-over-x--sqrtex-as-x-to-pi-2,"sqrt(1/x) - sqrt(e^x)","(sqrt(1))/xsqrtexasx"
limit-of-1-over-lnx--1-over-3ex-as-x-to-inf,"(1/ln(x)) - (1/3*e^x)","(1/ln(x^1))/(3exasx)"
limit-of-sqrt41-over-x2--sqrt4sinx-as-x-to--inf,"sqrt(4*1/(x^2)) - sqrt(4*sin(x))","(sqrt(41))/(x^2sqrt^4sinxasx)"
limit-of-5ex-over-absx-as-x-to-1,"5*e^x / abs(x)","(5ex)/absxasx"
limit-of-cosx2--4ex2-as-x-to--2,"cos(x)^2 - 4*e^x^2","cos(x^24ex^2asx)"
limit-of-sqrt5absx--sqrt4x2-as-x-to-2,"sqrt(5*abs(x)) - sqrt(4*x^2)","sqrt(5absxsqrt^4x^2asx)"
limit-of-sqrt3x--sqrtex-as-x-to--2,"sqrt(3*x) - sqrt(e^x)","sqrt(3xsqrtexasx)"
limit-of-1-over-x--31-over-x2-over-x3--sinx-as-x-to-2,"(1/x - 3*1/(x^2)) / (x^3 - sin(x))","(1/x^31/x^2)/(x^3sinxasx)"
limit-of-ex2--2ex2-as-x-to-2,"e^x^2 - 2*e^x^2","ex^22ex^2asx"
limit-of-sqrt4tanx--sqrt3sqrtx-as-x-to-pi,"sqrt(4*tan(x)) - sqrt(3*sqrt(x))","sqrt(4tanxsqrt^3sqrtxasx)"
limit-of-3ex-1-over-x2-over-lnx-as-x-to--2,"(3*e^x * 1/(x^2)) / ln(x)","(3ex^1/x^2)/ln(xasx)"
limit-of-1-over-x--4x-over-x3--lnx-as-x-to-pi,"(1/x - 4*x) / (x^3 - ln(x))","(1/x^4x)/(x^3lnxasx)"
limit-of-1-over-x2--1-over-tanx-as-x-to--1,"(1/x^2) - (1/tan(x))","(1/x^21)/tan(xasx)"
limit-of-5lnx2--1-over-x2-as-x-to--1,"5*ln(x)^2 - 1/x^2","(5lnx^21)/(x^2asx)"
limit-of-sqrt41-over-x--sqrtex-as-x-to-2,"sqrt(4*1/x) - sqrt(e^x)","(sqrt(41))/xsqrtexasx"
limit-of-1-over-2x3--1-over-absx-as-x-to--1,"(1/2*x^3) - (1/abs(x))","(1/2x^31)/absxasx"
limit-of-tanx--1-over-x-over-ex--1-over-x2-as-x-to-inf,"(tan(x) - 1/x) / (e^x - 1/(x^2))","(tan(x^1)/x/ex^1)/(x^2asx)"
limit-of-sqrt3sinx--sqrt4sinx-as-x-to--inf,"sqrt(3*sin(x)) - sqrt(4*sin(x))","sqrt(3sinxsqrt^4sinxasx)"
limit-of-x3-31-over-x2-over-1-over-x-as-x-to-2,"(x^3 * 3*1/(x^2)) / 1/x","(x^331/x^2/1)/xasx"
limit-of-sqrt4x2--sqrtcosx-as-x-to-1,"sqrt(4*x^2) - sqrt(cos(x))","sqrt(4x^2sqrtcosxasx)"
limit-of-sqrtcosx--sqrtsqrtx-as-x-to--inf,"sqrt(cos(x)) - sqrt(sqrt(x))","sqrt(cosxsqrtsqrtxasx)"
limit-of-5sqrtx-over-21-over-x2-as-x-to--2,"5*sqrt(x) / 2*1/(x^2)","(5sqrtx/21)/(x^2asx)"
limit-of-5x3-tanx-over-cosx-as-x-to-inf,"(5*x^3 * tan(x)) / cos(x)","(5x^3tanx)/cos(xasx)"
limit-of-41-over-x2--2x-over-ex--tanx-as-x-to--2,"(4*1/(x^2) - 2*x) / (e^x - tan(x))","(41/x^22x)/extanxasx"
limit-of-1-over-3cosx--1-over-1-over-x2-as-x-to--1,"(1/3*cos(x)) - (1/1/(x^2))","(1/3cosx^1/1)/(x^2asx)"
limit-of-x-4ex-over-x-as-x-to--2,"(x * 4*e^x) / x","(x^4ex)/xasx"
limit-of-3x2--3ex2-as-x-to--2,"3*x^2 - 3*e^x^2","3x^23ex^2asx"
limit-of-1-over-3x3--1-over-5ex-as-x-to-inf,"(1/3*x^3) - (1/5*e^x)","(1/3x^31)/(5exasx)"
limit-of-51-over-x-over-3x-as-x-to-2,"5*1/x / 3*x","(51/x)/(3xasx)"
limit-of-1-over-x2--31-over-x22-as-x-to-inf,"1/x^2 - 3*1/(x^2)^2","(1/x^231)/(x^22asx)"
limit-of-2sinx-over-3tanx-as-x-to-pi-2,"2*sin(x) / 3*tan(x)","(2sinx)/(3tanxasx)"
limit-of-sqrt1-over-x2--sqrtsqrtx-as-x-to-pi-2,"sqrt(1/(x^2)) - sqrt(sqrt(x))","(sqrt(1))/(x^2sqrtsqrtxasx)"
limit-of-1-over-3cosx--1-over-2tanx-as-x-to-1,"(1/3*cos(x)) - (1/2*tan(x))","(1/3cosx^1)/(2tanxasx)"
limit-of-sqrt3x--sqrtx-as-x-to-pi,"sqrt(3*x) - sqrt(x)","sqrt(3xsqrtxasx)"
limit-of-1-over-x3--1-over-2cosx-as-x-to--2,"(1/x^3) - (1/2*cos(x))","(1/x^31)/(2cosxasx)"
limit-of-2ex2--lnx2-as-x-to-2,"2*e^x^2 - ln(x)^2","2ex^2lnx^2asx"
limit-of-x2-over-3lnx-as-x-to-2,"x^2 / 3*ln(x)","(x^2)/(3lnxasx)"
limit-of-2tanx-1-over-x2-over-absx-as-x-to--inf,"(2*tan(x) * 1/(x^2)) / abs(x)","(2tanx^1/x^2)/absxasx"
limit-of-sqrtx-sqrtx-over-x2-as-x-to--1,"(sqrt(x) * sqrt(x)) / x^2","sqrt(xsqrtx)/(x^2asx)"
limit-of-lnx--ex-over-absx--sqrtx-as-x-to-2,"(ln(x) - e^x) / (abs(x) - sqrt(x))","ln(xex)/absxsqrtxasx"
limit-of-1-over-2sinx--1-over-1-over-x-as-x-to-inf,"(1/2*sin(x)) - (1/1/x)","(1/2sinx^1/1)/xasx"
limit-of-3x2--1-over-x22-as-x-to-2,"3*x^2 - 1/(x^2)^2","(3x^21)/(x^22asx)"
limit-of-3sinx--2tanx-over-1-over-x2--1-over-x2-as-x-to--2,"(3*sin(x) - 2*tan(x)) / (1/(x^2) - 1/(x^2))","(3sinx^2tanx/1/x^21)/(x^2asx)"
limit-of-1-over-4lnx--1-over-2sqrtx-as-x-to--2,"(1/4*ln(x)) - (1/2*sqrt(x))","(1/4lnx^1)/(2sqrtxasx)"
limit-of-5cosx-2lnx-over-x-as-x-to--inf,"(5*cos(x) * 2*ln(x)) / x","(5cosx^2lnx)/xasx"
limit-of-sqrt31-over-x2--sqrt4tanx-as-x-to-0,"sqrt(3*1/(x^2)) - sqrt(4*tan(x))","(sqrt(31))/(x^2sqrt^4tanxasx)"
limit-of-2sinx2--31-over-x22-as-x-to-1,"2*sin(x)^2 - 3*1/(x^2)^2","(2sinx^231)/(x^22asx)"
limit-of-sqrtcosx--sqrtabsx-as-x-to-1,"sqrt(cos(x)) - sqrt(abs(x))","sqrt(cosxsqrtabsxasx)"
limit-of-sqrttanx--sqrt2absx-as-x-to-inf,"sqrt(tan(x)) - sqrt(2*abs(x))","sqrt(tanxsqrt^2absxasx)"
limit-of-5sqrtx2--x2-as-x-to-2,"5*sqrt(x)^2 - x^2","5sqrtx^2x^2asx"
limit-of-1-over-x2--sqrtx2-as-x-to-1,"1/x^2 - sqrt(x)^2","1/(x^2sqrtx^2asx)"
limit-of-sqrtlnx--sqrt5x2-as-x-to--1,"sqrt(ln(x)) - sqrt(5*x^2)","sqrt(lnxsqrt^5x^2asx)"
limit-of-21-over-x2-over-41-over-x-as-x-to-2,"2*1/(x^2) / 4*1/x","(21/x^2/41)/xasx"
limit-of-absx--2absx-over-sqrtx--cosx-as-x-to-pi-2,"(abs(x) - 2*abs(x)) / (sqrt(x) - cos(x))","(absx^2absx)/sqrt(xcosxasx)"
limit-of-2x2--21-over-x22-as-x-to-pi-2,"2*x^2 - 2*1/(x^2)^2","(2x^221)/(x^22asx)"
limit-of-3lnx--x3-over-lnx--lnx-as-x-to--1,"(3*ln(x) - x^3) / (ln(x) - ln(x))","(3lnxx^3)/ln(xlnxasx)"
limit-of-4x-5ex-over-1-over-x2-as-x-to-pi,"(4*x * 5*e^x) / 1/(x^2)","(4x^5ex/1)/(x^2asx)"
limit-of-1-over-sqrtx--1-over-3sinx-as-x-to-pi-2,"(1/sqrt(x)) - (1/3*sin(x))","(1/sqrt(x^1))/(3sinxasx)"
limit-of-2x--x3-over-1-over-x2--1-over-x-as-x-to-0,"(2*x - x^3) / (1/(x^2) - 1/x)","(2xx^3/1/x^21)/xasx"
limit-of-tanx--cosx-over-lnx--lnx-as-x-to--1,"(tan(x) - cos(x)) / (ln(x) - ln(x))","tan(xcosx)/ln(xlnxasx)"
limit-of-1-over-tanx--1-over-1-over-x-as-x-to-pi-2,"(1/tan(x)) - (1/1/x)","(1/tan(x^1)/1)/xasx"
limit-of-1-over-3lnx--1-over-4x-as-x-to-2,"(1/3*ln(x)) - (1/4*x)","(1/3lnx^1)/(4xasx)"
limit-of-4x-5x2-over-sqrtx-as-x-to-pi-2,"(4*x * 5*x^2) / sqrt(x)","(4x^5x^2)/sqrt(xasx)"
limit-of-ex--absx-over-ex--sqrtx-as-x-to--2,"(e^x - abs(x)) / (e^x - sqrt(x))","exabsx/exsqrtxasx"
limit-of-21-over-x2-1-over-x-over-absx-as-x-to--inf,"(2*1/(x^2) * 1/x) / abs(x)","(21/x^21/x)/absxasx"
limit-of-sqrt4sqrtx--sqrtx3-as-x-to--2,"sqrt(4*sqrt(x)) - sqrt(x^3)","sqrt(4sqrtxsqrtx^3asx)"
limit-of-1-over-2sqrtx--1-over-4sinx-as-x-to-inf,"(1/2*sqrt(x)) - (1/4*sin(x))","(1/2sqrtx^1)/(4sinxasx)"
limit-of-sinx2--1-over-x2-as-x-to-pi-2,"sin(x)^2 - 1/x^2","(sin(x^21))/(x^2asx)"
limit-of-sqrt5absx--sqrtx3-as-x-to--2,"sqrt(5*abs(x)) - sqrt(x^3)","sqrt(5absxsqrtx^3asx)"
limit-of-x2--4lnx2-as-x-to-2,"x^2 - 4*ln(x)^2","x^24lnx^2asx"
limit-of-x2-over-sqrtx-as-x-to-1,"x^2 / sqrt(x)","(x^2)/sqrt(xasx)"
limit-of-lnx-over-absx-as-x-to--inf,"ln(x) / abs(x)","ln(x)/absxasx"
limit-of-ex-tanx-over-1-over-x-as-x-to--inf,"(e^x * tan(x)) / 1/x","(extanx/1)/xasx"
limit-of-2cosx-1-over-x-over-sqrtx-as-x-to-inf,"(2*cos(x) * 1/x) / sqrt(x)","(2cosx^1/x)/sqrt(xasx)"
limit-of-1-over-3lnx--1-over-4x2-as-x-to-1,"(1/3*ln(x)) - (1/4*x^2)","(1/3lnx^1)/(4x^2asx)"
limit-of-sqrt31-over-x--sqrt2tanx-as-x-to-2,"sqrt(3*1/x) - sqrt(2*tan(x))","(sqrt(31))/(xsqrt^2tanxasx)"
limit-of-x3-cosx-over-x2-as-x-to-pi-2,"(x^3 * cos(x)) / x^2","(x^3cosx)/(x^2asx)"
limit-of-x22--5tanx2-as-x-to-1,"x^2^2 - 5*tan(x)^2","x^225tanx^2asx"
limit-of-1-over-x2-over-1-over-x-as-x-to--1,"1/(x^2) / 1/x","(1/x^2/1)/xasx"
limit-of-cosx-over-sinx-as-x-to-pi-2,"cos(x) / sin(x)","cos(x)/sin(xasx)"
limit-of-5sinx-2sinx-over-tanx-as-x-to-inf,"(5*sin(x) * 2*sin(x)) / tan(x)","(5sinx^2sinx)/tan(xasx)"
limit-of-1-over-x2--sinx-over-tanx--1-over-x-as-x-to-pi-2,"(1/(x^2) - sin(x)) / (tan(x) - 1/x)","(1/x^2sinx/tan(x^1))/xasx"
limit-of-sqrt3sqrtx--sqrt5sqrtx-as-x-to-pi-2,"sqrt(3*sqrt(x)) - sqrt(5*sqrt(x))","sqrt(3sqrtxsqrt^5sqrtxasx)"
limit-of-1-over-x2-over-ex-as-x-to-pi,"1/(x^2) / e^x","(1/x^2)/exasx"
limit-of-1-over-3x3--1-over-lnx-as-x-to-inf,"(1/3*x^3) - (1/ln(x))","(1/3x^31)/ln(xasx)"
limit-of-1-over-x2-cosx-over-sqrtx-as-x-to-inf,"(1/(x^2) * cos(x)) / sqrt(x)","(1/x^2cosx)/sqrt(xasx)"
limit-of-sqrtx--sqrtx2-as-x-to--2,"sqrt(x) - sqrt(x^2)","sqrt(xsqrtx^2asx)"
limit-of-lnx-4sqrtx-over-ex-as-x-to-inf,"(ln(x) * 4*sqrt(x)) / e^x","(ln(x^4sqrtx))/exasx"
limit-of-1-over-4sqrtx--1-over-2cosx-as-x-to-2,"(1/4*sqrt(x)) - (1/2*cos(x))","(1/4sqrtx^1)/(2cosxasx)"
limit-of-sqrt3x3--sqrtsinx-as-x-to-inf,"sqrt(3*x^3) - sqrt(sin(x))","sqrt(3x^3sqrtsinxasx)"
limit-of-x3-over-tanx-as-x-to-inf,"x^3 / tan(x)","(x^3)/tan(xasx)"
limit-of-sqrtx2--sqrt3absx-as-x-to-1,"sqrt(x^2) - sqrt(3*abs(x))","sqrt(x^2sqrt^3absxasx)"
limit-of-sqrt2x3--sqrt31-over-x2-as-x-to--1,"sqrt(2*x^3) - sqrt(3*1/(x^2))","(sqrt(2x^3sqrt^31))/(x^2asx)"
limit-of-lnx2--absx2-as-x-to-2,"ln(x)^2 - abs(x)^2","ln(x^2absx^2asx)"
limit-of-2sqrtx--x-over-sqrtx--1-over-x2-as-x-to--1,"(2*sqrt(x) - x) / (sqrt(x) - 1/(x^2))","(2sqrtxx/sqrt(x^1))/(x^2asx)"
limit-of-1-over-x3--1-over-x-as-x-to-1,"(1/x^3) - (1/x)","(1/x^31)/xasx"
limit-of-x-5absx-over-lnx-as-x-to--1,"(x * 5*abs(x)) / ln(x)","(x^5absx)/ln(xasx)"
limit-of-x2-ex-over-x-as-x-to--inf,"(x^2 * e^x) / x","(x^2ex)/xasx"
limit-of-5tanx-over-1-over-x-as-x-to-pi,"5*tan(x) / 1/x","(5tanx/1)/xasx"
limit-of-3ex-over-x2-as-x-to-0,"3*e^x / x^2","(3ex)/(x^2asx)"
limit-of-3x22--lnx2-as-x-to--2,"3*x^2^2 - ln(x)^2","3x^22lnx^2asx"
limit-of-5x-4x3-over-sinx-as-x-to--1,"(5*x * 4*x^3) / sin(x)","(5x^4x^3)/sin(xasx)"
limit-of-2lnx--4tanx-over-1-over-x--lnx-as-x-to-inf,"(2*ln(x) - 4*tan(x)) / (1/x - ln(x))","(2lnx^4tanx/1)/xlnxasx"
limit-of-x2--absx2-as-x-to--1,"x^2 - abs(x)^2","x^2absx^2asx"
limit-of-3sqrtx-over-1-over-x2-as-x-to-pi-2,"3*sqrt(x) / 1/(x^2)","(3sqrtx/1)/(x^2asx)"
limit-of-absx-x2-over-tanx-as-x-to--inf,"(abs(x) * x^2) / tan(x)","(absxx^2)/tan(xasx)"
limit-of-21-over-x2-3absx-over-sinx-as-x-to--1,"(2*1/(x^2) * 3*abs(x)) / sin(x)","(21/x^23absx)/sin(xasx)"
limit-of-1-over-sqrtx--1-over-3ex-as-x-to--1,"(1/sqrt(x)) - (1/3*e^x)","(1/sqrt(x^1))/(3exasx)"
limit-of-sqrtx-3tanx-over-tanx-as-x-to-2,"(sqrt(x) * 3*tan(x)) / tan(x)","(sqrt(x^3tanx))/tan(xasx)"
limit-of-5sinx-over-4x-as-x-to-pi,"5*sin(x) / 4*x","(5sinx)/(4xasx)"
limit-of-5sinx-over-lnx-as-x-to--2,"5*sin(x) / ln(x)","(5sinx)/ln(xasx)"
limit-of-4lnx-sinx-over-sqrtx-as-x-to-inf,"(4*ln(x) * sin(x)) / sqrt(x)","(4lnxsinx)/sqrt(xasx)"
limit-of-1-over-1-over-x--1-over-3ex-as-x-to--inf,"(1/1/x) - (1/3*e^x)","(1/1/x^1)/(3exasx)"
limit-of-5tanx2--4sqrtx2-as-x-to-pi,"5*tan(x)^2 - 4*sqrt(x)^2","5tanx^24sqrtx^2asx"
limit-of-sinx-x-over-absx-as-x-to--2,"(sin(x) * x) / abs(x)","sin(xx)/absxasx"
limit-of-x2--x32-as-x-to-inf,"x^2 - x^3^2","x^2x^32asx"
limit-of-2absx--1-over-x2-over-absx--absx-as-x-to-pi,"(2*abs(x) - 1/(x^2)) / (abs(x) - abs(x))","(2absx^1/x^2)/absxabsxasx"
limit-of-sqrtx2--sqrt2ex-as-x-to-pi-2,"sqrt(x^2) - sqrt(2*e^x)","sqrt(x^2sqrt^2exasx)"
limit-of-2x3-2ex-over-sinx-as-x-to--2,"(2*x^3 * 2*e^x) / sin(x)","(2x^32ex)/sin(xasx)"
limit-of-x--absx-over-x2--x2-as-x-to-0,"(x - abs(x)) / (x^2 - x^2)","xabsx/(x^2x^2asx)"
limit-of-31-over-x2--x32-as-x-to-pi-2,"3*1/x^2 - x^3^2","31/(x^2x^32asx)"
limit-of-absx-over-2tanx-as-x-to--inf,"abs(x) / 2*tan(x)","absx/(2tanxasx)"
limit-of-3lnx-5lnx-over-ex-as-x-to--2,"(3*ln(x) * 5*ln(x)) / e^x","(3lnx^5lnx)/exasx"
limit-of-1-over-x2--sqrtx-over-1-over-x2--cosx-as-x-to-pi,"(1/(x^2) - sqrt(x)) / (1/(x^2) - cos(x))","(1/x^2sqrtx/1)/(x^2cosxasx)"
limit-of-4x32--5sinx2-as-x-to-0,"4*x^3^2 - 5*sin(x)^2","4x^325sinx^2asx"
limit-of-3lnx-tanx-over-1-over-x2-as-x-to--2,"(3*ln(x) * tan(x)) / 1/(x^2)","(3lnxtanx/1)/(x^2asx)"
limit-of-1-over-x-x3-over-ex-as-x-to--inf,"(1/x * x^3) / e^x","(1/xx^3)/exasx"
limit-of-cosx2--cosx2-as-x-to-0,"cos(x)^2 - cos(x)^2","cos(x^2cosx^2asx)"
limit-of-1-over-2lnx--1-over-2absx-as-x-to--1,"(1/2*ln(x)) - (1/2*abs(x))","(1/2lnx^1)/(2absxasx)"
limit-of-4lnx-over-2sqrtx-as-x-to-pi,"4*ln(x) / 2*sqrt(x)","(4lnx)/(2sqrtxasx)"
limit-of-sqrt2tanx--sqrt2tanx-as-x-to-inf,"sqrt(2*tan(x)) - sqrt(2*tan(x))","sqrt(2tanxsqrt^2tanxasx)"
limit-of-absx2--2x2-as-x-to-pi-2,"abs(x)^2 - 2*x^2","absx^22x^2asx"
limit-of-sqrtlnx--sqrt2sqrtx-as-x-to-pi,"sqrt(ln(x)) - sqrt(2*sqrt(x))","sqrt(lnxsqrt^2sqrtxasx)"
limit-of-1-over-lnx--1-over-ex-as-x-to-2,"(1/ln(x)) - (1/e^x)","(1/ln(x^1))/exasx"
limit-of-ex2--5ex2-as-x-to-pi-2,"e^x^2 - 5*e^x^2","ex^25ex^2asx"
limit-of-31-over-x22--4cosx2-as-x-to--inf,"3*1/(x^2)^2 - 4*cos(x)^2","31/(x^224cosx^2asx)"
limit-of-5x3-over-lnx-as-x-to--1,"5*x^3 / ln(x)","(5x^3)/ln(xasx)"
limit-of-1-over-3x3--1-over-x2-as-x-to--2,"(1/3*x^3) - (1/x^2)","(1/3x^31)/(x^2asx)"
limit-of-4cosx-2sinx-over-sinx-as-x-to-1,"(4*cos(x) * 2*sin(x)) / sin(x)","(4cosx^2sinx)/sin(xasx)"
limit-of-3tanx-4x2-over-1-over-x-as-x-to--1,"(3*tan(x) * 4*x^2) / 1/x","(3tanx^4x^2/1)/xasx"
limit-of-absx2--2cosx2-as-x-to--inf,"abs(x)^2 - 2*cos(x)^2","absx^22cosx^2asx"
limit-of-1-over-x2-3x3-over-sqrtx-as-x-to-pi,"(1/(x^2) * 3*x^3) / sqrt(x)","(1/x^23x^3)/sqrt(xasx)"
limit-of-x2--5ex-over-lnx--tanx-as-x-to--2,"(x^2 - 5*e^x) / (ln(x) - tan(x))","(x^25ex)/ln(xtanxasx)"
limit-of-31-over-x-over-41-over-x2-as-x-to--1,"3*1/x / 4*1/(x^2)","(31/x/41)/(x^2asx)"
limit-of-absx-over-1-over-x-as-x-to-pi,"abs(x) / 1/x","(absx/1)/xasx"
limit-of-1-over-41-over-x2--1-over-5x2-as-x-to-inf,"(1/4*1/(x^2)) - (1/5*x^2)","(1/41/x^21)/(5x^2asx)"
limit-of-cosx-x-over-1-over-x-as-x-to--2,"(cos(x) * x) / 1/x","(cos(xx)/1)/xasx"
limit-of-31-over-x2-over-x3-as-x-to--2,"3*1/(x^2) / x^3","(31/x^2)/(x^3asx)"
limit-of-x-2sqrtx-over-x-as-x-to--2,"(x * 2*sqrt(x)) / x","(x^2sqrtx)/xasx"
limit-of-4x32--2x2-as-x-to--inf,"4*x^3^2 - 2*x^2","4x^322x^2asx"
limit-of-x22--5x2-as-x-to-pi,"x^2^2 - 5*x^2","x^225x^2asx"
limit-of-x2--sqrtx2-as-x-to-2,"x^2 - sqrt(x)^2","x^2sqrtx^2asx"
limit-of-1-over-x-over-1-over-x-as-x-to--1,"1/x / 1/x","(1/x/1)/xasx"
limit-of-sinx-over-4cosx-as-x-to-1,"sin(x) / 4*cos(x)","sin(x)/(4cosxasx)"
limit-of-3x-over-3sinx-as-x-to--inf,"3*x / 3*sin(x)","(3x)/(3sinxasx)"
limit-of-2tanx-x3-over-cosx-as-x-to-0,"(2*tan(x) * x^3) / cos(x)","(2tanxx^3)/cos(xasx)"
limit-of-2x3-over-4x3-as-x-to-1,"2*x^3 / 4*x^3","(2x^3)/(4x^3asx)"
limit-of-51-over-x--cosx-over-sqrtx--lnx-as-x-to-pi,"(5*1/x - cos(x)) / (sqrt(x) - ln(x))","(51/xcosx)/sqrt(xlnxasx)"
limit-of-3cosx2--5ex2-as-x-to-2,"3*cos(x)^2 - 5*e^x^2","3cosx^25ex^2asx"
limit-of-2ex2--2x32-as-x-to-pi,"2*e^x^2 - 2*x^3^2","2ex^22x^32asx"
limit-of-sqrtsinx--sqrtx3-as-x-to-pi-2,"sqrt(sin(x)) - sqrt(x^3)","sqrt(sinxsqrtx^3asx)"
limit-of-sqrt3lnx--sqrt2sinx-as-x-to--2,"sqrt(3*ln(x)) - sqrt(2*sin(x))","sqrt(3lnxsqrt^2sinxasx)"
limit-of-3x2-4sinx-over-cosx-as-x-to-1,"(3*x^2 * 4*sin(x)) / cos(x)","(3x^24sinx)/cos(xasx)"
limit-of-x2--41-over-x-over-x2--x2-as-x-to-pi-2,"(x^2 - 4*1/x) / (x^2 - x^2)","(x^241/x)/(x^2x^2asx)"
limit-of-sqrtabsx--sqrtex-as-x-to-1,"sqrt(abs(x)) - sqrt(e^x)","sqrt(absxsqrtexasx)"
limit-of-x--41-over-x-over-x2--absx-as-x-to--inf,"(x - 4*1/x) / (x^2 - abs(x))","(x^41/x)/(x^2absxasx)"
limit-of-lnx-3tanx-over-1-over-x2-as-x-to--1,"(ln(x) * 3*tan(x)) / 1/(x^2)","(ln(x^3tanx)/1)/(x^2asx)"
limit-of-sqrttanx--sqrtsqrtx-as-x-to-pi,"sqrt(tan(x)) - sqrt(sqrt(x))","sqrt(tanxsqrtsqrtxasx)"
limit-of-sqrt4sinx--sqrtx-as-x-to-1,"sqrt(4*sin(x)) - sqrt(x)","sqrt(4sinxsqrtxasx)"
limit-of-1-over-x2--5lnx2-as-x-to-inf,"1/x^2 - 5*ln(x)^2","1/(x^25lnx^2asx)"
limit-of-sqrtx-over-2x2-as-x-to-1,"sqrt(x) / 2*x^2","sqrt(x)/(2x^2asx)"
limit-of-31-over-x22--1-over-x2-as-x-to--2,"3*1/(x^2)^2 - 1/x^2","(31/x^221)/(x^2asx)"
limit-of-1-over-ex--1-over-5cosx-as-x-to--1,"(1/e^x) - (1/5*cos(x))","(1/ex^1)/(5cosxasx)"
limit-of-1-over-x-over-lnx-as-x-to--2,"1/x / ln(x)","(1/x)/ln(xasx)"
limit-of-1-over-51-over-x2--1-over-2x3-as-x-to-1,"(1/5*1/(x^2)) - (1/2*x^3)","(1/51/x^21)/(2x^3asx)"
limit-of-sqrtex--sqrtsqrtx-as-x-to-0,"sqrt(e^x) - sqrt(sqrt(x))","sqrt(exsqrtsqrtxasx)"
limit-of-sinx2--3ex2-as-x-to-inf,"sin(x)^2 - 3*e^x^2","sin(x^23ex^2asx)"
limit-of-tanx--sinx-over-x2--sinx-as-x-to-0,"(tan(x) - sin(x)) / (x^2 - sin(x))","tan(xsinx)/(x^2sinxasx)"
limit-of-2cosx-over-tanx-as-x-to--1,"2*cos(x) / tan(x)","(2cosx)/tan(xasx)"
limit-of-3cosx2--5absx2-as-x-to--1,"3*cos(x)^2 - 5*abs(x)^2","3cosx^25absx^2asx"
limit-of-5sinx-4sqrtx-over-x-as-x-to-inf,"(5*sin(x) * 4*sqrt(x)) / x","(5sinx^4sqrtx)/xasx"
limit-of-5absx2--cosx2-as-x-to-inf,"5*abs(x)^2 - cos(x)^2","5absx^2cosx^2asx"
limit-of-1-over-3cosx--1-over-2x-as-x-to-1,"(1/3*cos(x)) - (1/2*x)","(1/3cosx^1)/(2xasx)"
limit-of-3x3--1-over-x2-over-ex--1-over-x-as-x-to--inf,"(3*x^3 - 1/(x^2)) / (e^x - 1/x)","(3x^31/x^2/ex^1)/xasx"
limit-of-4ex--4sinx-over-1-over-x--absx-as-x-to-pi,"(4*e^x - 4*sin(x)) / (1/x - abs(x))","(4ex^4sinx/1)/xabsxasx"
limit-of-cosx2--x32-as-x-to-inf,"cos(x)^2 - x^3^2","cos(x^2x^32asx)"
limit-of-x2--x2-as-x-to--2,"x^2 - x^2","x^2x^2asx"
limit-of-1-over-x2-absx-over-x-as-x-to--inf,"(1/(x^2) * abs(x)) / x","(1/x^2absx)/xasx"
limit-of-sqrt1-over-x--sqrt31-over-x-as-x-to-pi-2,"sqrt(1/x) - sqrt(3*1/x)","(sqrt(1)/xsqrt^31)/xasx"
limit-of-4lnx2--3absx2-as-x-to-1,"4*ln(x)^2 - 3*abs(x)^2","4lnx^23absx^2asx"
limit-of-x2-tanx-over-x2-as-x-to--1,"(x^2 * tan(x)) / x^2","(x^2tanx)/(x^2asx)"
limit-of-2absx2--sinx2-as-x-to-1,"2*abs(x)^2 - sin(x)^2","2absx^2sinx^2asx"
limit-of-absx-over-3absx-as-x-to-pi,"abs(x) / 3*abs(x)","absx/(3absxasx)"
limit-of-1-over-5sinx--1-over-ex-as-x-to-pi-2,"(1/5*sin(x)) - (1/e^x)","(1/5sinx^1)/exasx"
limit-of-tanx2--2sinx2-as-x-to-1,"tan(x)^2 - 2*sin(x)^2","tan(x^22sinx^2asx)"
limit-of-sinx2--x32-as-x-to-0,"sin(x)^2 - x^3^2","sin(x^2x^32asx)"
limit-of-sqrt5ex--sqrtlnx-as-x-to-inf,"sqrt(5*e^x) - sqrt(ln(x))","sqrt(5exsqrtlnxasx)"
limit-of-x2--1-over-x-over-cosx--tanx-as-x-to--inf,"(x^2 - 1/x) / (cos(x) - tan(x))","(x^21/x)/cos(xtanxasx)"
limit-of-3x32--cosx2-as-x-to-1,"3*x^3^2 - cos(x)^2","3x^32cosx^2asx"
limit-of-4cosx2--1-over-x2-as-x-to-inf,"4*cos(x)^2 - 1/x^2","(4cosx^21)/(x^2asx)"
limit-of-31-over-x2-5absx-over-1-over-x-as-x-to-pi-2,"(3*1/(x^2) * 5*abs(x)) / 1/x","(31/x^25absx/1)/xasx"
limit-of-sqrtx--sqrtx3-as-x-to-pi-2,"sqrt(x) - sqrt(x^3)","sqrt(xsqrtx^3asx)"
limit-of-1-over-1-over-x--1-over-cosx-as-x-to--inf,"(1/1/x) - (1/cos(x))","(1/1/x^1)/cos(xasx)"
limit-of-1-over-lnx--1-over-3cosx-as-x-to-2,"(1/ln(x)) - (1/3*cos(x))","(1/ln(x^1))/(3cosxasx)"
limit-of-tanx-41-over-x-over-cosx-as-x-to-inf,"(tan(x) * 4*1/x) / cos(x)","(tan(x^41)/x)/cos(xasx)"
limit-of-4sinx-cosx-over-tanx-as-x-to-pi-2,"(4*sin(x) * cos(x)) / tan(x)","(4sinxcosx)/tan(xasx)"
limit-of-1-over-2sqrtx--1-over-x3-as-x-to--2,"(1/2*sqrt(x)) - (1/x^3)","(1/2sqrtx^1)/(x^3asx)"
limit-of-sinx--1-over-x2-over-x--sinx-as-x-to--inf,"(sin(x) - 1/(x^2)) / (x - sin(x))","(sin(x^1)/x^2)/xsinxasx"
limit-of-51-over-x22--sqrtx2-as-x-to--inf,"5*1/(x^2)^2 - sqrt(x)^2","51/(x^22sqrtx^2asx)"
limit-of-4x3--2cosx-over-sqrtx--1-over-x2-as-x-to-inf,"(4*x^3 - 2*cos(x)) / (sqrt(x) - 1/(x^2))","(4x^32cosx/sqrt(x^1))/(x^2asx)"
limit-of-lnx2--4cosx2-as-x-to--inf,"ln(x)^2 - 4*cos(x)^2","ln(x^24cosx^2asx)"
limit-of-2x2--5absx2-as-x-to-0,"2*x^2 - 5*abs(x)^2","2x^25absx^2asx"
limit-of-1-over-x2--3x32-as-x-to-1,"1/x^2 - 3*x^3^2","1/(x^23x^32asx)"
limit-of-x2-5x-over-ex-as-x-to-pi,"(x^2 * 5*x) / e^x","(x^25x)/exasx"
limit-of-cosx2--x2-as-x-to-pi,"cos(x)^2 - x^2","cos(x^2x^2asx)"
limit-of-2x2--1-over-x2-over-cosx--x-as-x-to--2,"(2*x^2 - 1/(x^2)) / (cos(x) - x)","(2x^21/x^2)/cos(xxasx)"
limit-of-21-over-x2--21-over-x2-as-x-to--1,"2*1/x^2 - 2*1/x^2","(21/x^221)/(x^2asx)"
limit-of-31-over-x-over-lnx-as-x-to-pi-2,"3*1/x / ln(x)","(31/x)/ln(xasx)"
limit-of-3ex2--cosx2-as-x-to-2,"3*e^x^2 - cos(x)^2","3ex^2cosx^2asx"
limit-of-5x2-lnx-over-cosx-as-x-to-pi,"(5*x^2 * ln(x)) / cos(x)","(5x^2lnx)/cos(xasx)"
limit-of-x3-over-4lnx-as-x-to-0,"x^3 / 4*ln(x)","(x^3)/(4lnxasx)"
limit-of-sqrtx--sqrt5tanx-as-x-to-2,"sqrt(x) - sqrt(5*tan(x))","sqrt(xsqrt^5tanxasx)"
limit-of-sqrt4x2--sqrt2x-as-x-to--inf,"sqrt(4*x^2) - sqrt(2*x)","sqrt(4x^2sqrt^2xasx)"
limit-of-41-over-x22--x32-as-x-to-inf,"4*1/(x^2)^2 - x^3^2","41/(x^22x^32asx)"
limit-of-x32--4sinx2-as-x-to-2,"x^3^2 - 4*sin(x)^2","x^324sinx^2asx"
limit-of-sqrtabsx--sqrt3absx-as-x-to--2,"sqrt(abs(x)) - sqrt(3*abs(x))","sqrt(absxsqrt^3absxasx)"
limit-of-5x-over-1-over-x-as-x-to-0,"5*x / 1/x","(5x/1)/xasx"
limit-of-4sinx-over-4tanx-as-x-to-pi-2,"4*sin(x) / 4*tan(x)","(4sinx)/(4tanxasx)"
limit-of-4cosx--ex-over-x2--x-as-x-to-1,"(4*cos(x) - e^x) / (x^2 - x)","(4cosxex)/(x^2xasx)"
limit-of-sinx-5x2-over-sqrtx-as-x-to-pi,"(sin(x) * 5*x^2) / sqrt(x)","(sin(x^5x^2))/sqrt(xasx)"
limit-of-sqrtx-over-5absx-as-x-to-inf,"sqrt(x) / 5*abs(x)","sqrt(x)/(5absxasx)"
limit-of-1-over-x2-over-5sinx-as-x-to-1,"1/(x^2) / 5*sin(x)","(1/x^2)/(5sinxasx)"
limit-of-1-over-2tanx--1-over-2x-as-x-to--2,"(1/2*tan(x)) - (1/2*x)","(1/2tanx^1)/(2xasx)"
limit-of-tanx-over-tanx-as-x-to-2,"tan(x) / tan(x)","tan(x)/tan(xasx)"
limit-of-tanx--1-over-x-over-x3--lnx-as-x-to--inf,"(tan(x) - 1/x) / (x^3 - ln(x))","(tan(x^1)/x)/(x^3lnxasx)"
limit-of-5sinx--x2-over-ex--absx-as-x-to-pi,"(5*sin(x) - x^2) / (e^x - abs(x))","(5sinxx^2)/exabsxasx"
limit-of-cosx--tanx-over-absx--ex-as-x-to--2,"(cos(x) - tan(x)) / (abs(x) - e^x)","cos(xtanx)/absxexasx"
limit-of-4cosx-over-x-as-x-to--inf,"4*cos(x) / x","(4cosx)/xasx"
limit-of-x22--sinx2-as-x-to--inf,"x^2^2 - sin(x)^2","x^22sinx^2asx"
limit-of-sinx--sinx-over-1-over-x2--1-over-x2-as-x-to-0,"(sin(x) - sin(x)) / (1/(x^2) - 1/(x^2))","(sin(xsinx)/1/x^21)/(x^2asx)"
limit-of-5lnx-over-cosx-as-x-to-0,"5*ln(x) / cos(x)","(5lnx)/cos(xasx)"
limit-of-1-over-lnx--1-over-sinx-as-x-to-inf,"(1/ln(x)) - (1/sin(x))","(1/ln(x^1))/sin(xasx)"
limit-of-tanx-over-sinx-as-x-to--2,"tan(x) / sin(x)","tan(x)/sin(xasx)"
limit-of-1-over-x2-tanx-over-x2-as-x-to-2,"(1/(x^2) * tan(x)) / x^2","(1/x^2tanx)/(x^2asx)"
limit-of-cosx2--cosx2-as-x-to-1,"cos(x)^2 - cos(x)^2","cos(x^2cosx^2asx)"
limit-of-x3-sqrtx-over-x3-as-x-to-pi,"(x^3 * sqrt(x)) / x^3","(x^3sqrtx)/(x^3asx)"
limit-of-1-over-x--4absx-over-sqrtx--cosx-as-x-to-pi,"(1/x - 4*abs(x)) / (sqrt(x) - cos(x))","(1/x^4absx)/sqrt(xcosxasx)"
limit-of-3sinx2--3absx2-as-x-to--2,"3*sin(x)^2 - 3*abs(x)^2","3sinx^23absx^2asx"
limit-of-cosx2--2sqrtx2-as-x-to--2,"cos(x)^2 - 2*sqrt(x)^2","cos(x^22sqrtx^2asx)"
limit-of-1-over-4x--1-over-4x3-as-x-to-0,"(1/4*x) - (1/4*x^3)","(1/4x^1)/(4x^3asx)"
limit-of-sqrtx-over-2ex-as-x-to-pi-2,"sqrt(x) / 2*e^x","sqrt(x)/(2exasx)"
limit-of-sqrtabsx--sqrttanx-as-x-to-1,"sqrt(abs(x)) - sqrt(tan(x))","sqrt(absxsqrttanxasx)"
limit-of-2lnx-3lnx-over-x2-as-x-to-pi,"(2*ln(x) * 3*ln(x)) / x^2","(2lnx^3lnx)/(x^2asx)"
limit-of-sqrtcosx--sqrt41-over-x-as-x-to-pi-2,"sqrt(cos(x)) - sqrt(4*1/x)","(sqrt(cosxsqrt^41))/xasx"
limit-of-cosx2--4x22-as-x-to-pi,"cos(x)^2 - 4*x^2^2","cos(x^24x^22asx)"
limit-of-2x--3ex-over-absx--x3-as-x-to-1,"(2*x - 3*e^x) / (abs(x) - x^3)","(2x^3ex)/(absxx^3asx)"
limit-of-x3-over-21-over-x2-as-x-to--1,"x^3 / 2*1/(x^2)","(x^3/21)/(x^2asx)"
limit-of-sqrtx-over-2sinx-as-x-to-1,"sqrt(x) / 2*sin(x)","sqrt(x)/(2sinxasx)"
limit-of-sqrt2absx--sqrt4ex-as-x-to-inf,"sqrt(2*abs(x)) - sqrt(4*e^x)","sqrt(2absxsqrt^4exasx)"
limit-of-5cosx2--cosx2-as-x-to--inf,"5*cos(x)^2 - cos(x)^2","5cosx^2cosx^2asx"
limit-of-1-over-x2--cosx-over-ex--tanx-as-x-to-pi,"(1/(x^2) - cos(x)) / (e^x - tan(x))","(1/x^2cosx)/extanxasx"
limit-of-4x--1-over-x2-over-x3--ex-as-x-to--inf,"(4*x - 1/(x^2)) / (x^3 - e^x)","(4x^1/x^2)/(x^3exasx)"
limit-of-ex--3x2-over-x2--tanx-as-x-to-pi-2,"(e^x - 3*x^2) / (x^2 - tan(x))","(ex^3x^2)/(x^2tanxasx)"
limit-of-1-over-sqrtx--1-over-sinx-as-x-to--2,"(1/sqrt(x)) - (1/sin(x))","(1/sqrt(x^1))/sin(xasx)"
limit-of-sqrtx2--sqrtabsx-as-x-to-2,"sqrt(x^2) - sqrt(abs(x))","sqrt(x^2sqrtabsxasx)"
limit-of-ex-over-tanx-as-x-to-pi,"e^x / tan(x)","ex/tan(xasx)"
limit-of-1-over-sinx--1-over-ex-as-x-to-pi-2,"(1/sin(x)) - (1/e^x)","(1/sin(x^1))/exasx"
limit-of-x3-3sqrtx-over-sqrtx-as-x-to--1,"(x^3 * 3*sqrt(x)) / sqrt(x)","(x^33sqrtx)/sqrt(xasx)"
limit-of-sqrt3sqrtx--sqrtx2-as-x-to-pi,"sqrt(3*sqrt(x)) - sqrt(x^2)","sqrt(3sqrtxsqrtx^2asx)"
limit-of-sinx-4sqrtx-over-absx-as-x-to--2,"(sin(x) * 4*sqrt(x)) / abs(x)","(sin(x^4sqrtx))/absxasx"
limit-of-ex-2x3-over-tanx-as-x-to--1,"(e^x * 2*x^3) / tan(x)","(ex^2x^3)/tan(xasx)"
limit-of-3sinx2--sqrtx2-as-x-to--2,"3*sin(x)^2 - sqrt(x)^2","3sinx^2sqrtx^2asx"
limit-of-21-over-x2--absx2-as-x-to-1,"2*1/x^2 - abs(x)^2","21/(x^2absx^2asx)"
limit-of-5ex2--x32-as-x-to--inf,"5*e^x^2 - x^3^2","5ex^2x^32asx"
limit-of-sqrt5x--sqrtabsx-as-x-to--1,"sqrt(5*x) - sqrt(abs(x))","sqrt(5xsqrtabsxasx)"
limit-of-1-over-1-over-x--1-over-x2-as-x-to-pi,"(1/1/x) - (1/x^2)","(1/1/x^1)/(x^2asx)"
limit-of-sqrtx2--4absx2-as-x-to-0,"sqrt(x)^2 - 4*abs(x)^2","sqrt(x^24absx^2asx)"
limit-of-cosx-21-over-x-over-sinx-as-x-to-2,"(cos(x) * 2*1/x) / sin(x)","(cos(x^21)/x)/sin(xasx)"
limit-of-sqrtx-over-x3-as-x-to--inf,"sqrt(x) / x^3","sqrt(x)/(x^3asx)"
limit-of-21-over-x-over-2x3-as-x-to-1,"2*1/x / 2*x^3","(21/x)/(2x^3asx)"
limit-of-41-over-x2--ex2-as-x-to--1,"4*1/x^2 - e^x^2","41/(x^2ex^2asx)"
limit-of-sinx-cosx-over-cosx-as-x-to--inf,"(sin(x) * cos(x)) / cos(x)","sin(xcosx)/cos(xasx)"
limit-of-3ex-2sinx-over-lnx-as-x-to--2,"(3*e^x * 2*sin(x)) / ln(x)","(3ex^2sinx)/ln(xasx)"
limit-of-sqrt1-over-x2--sqrt5cosx-as-x-to-0,"sqrt(1/(x^2)) - sqrt(5*cos(x))","(sqrt(1))/(x^2sqrt^5cosxasx)"
limit-of-cosx2--3absx2-as-x-to--1,"cos(x)^2 - 3*abs(x)^2","cos(x^23absx^2asx)"
limit-of-4ex-over-sqrtx-as-x-to-pi-2,"4*e^x / sqrt(x)","(4ex)/sqrt(xasx)"
limit-of-sinx--5x3-over-lnx--tanx-as-x-to-1,"(sin(x) - 5*x^3) / (ln(x) - tan(x))","(sin(x^5x^3))/ln(xtanxasx)"
limit-of-5absx-sqrtx-over-x-as-x-to--2,"(5*abs(x) * sqrt(x)) / x","(5absxsqrtx)/xasx"
limit-of-3x32--2sinx2-as-x-to-pi,"3*x^3^2 - 2*sin(x)^2","3x^322sinx^2asx"
limit-of-3absx-4sinx-over-sinx-as-x-to--1,"(3*abs(x) * 4*sin(x)) / sin(x)","(3absx^4sinx)/sin(xasx)"
limit-of-2x2-over-absx-as-x-to--1,"2*x^2 / abs(x)","(2x^2)/absxasx"
limit-of-ex-over-1-over-x-as-x-to-inf,"e^x / 1/x","(ex/1)/xasx"
limit-of-3sinx-over-x2-as-x-to-inf,"3*sin(x) / x^2","(3sinx)/(x^2asx)"
limit-of-1-over-x-over-4cosx-as-x-to--inf,"1/x / 4*cos(x)","(1/x)/(4cosxasx)"
limit-of-4absx-x3-over-ex-as-x-to--1,"(4*abs(x) * x^3) / e^x","(4absxx^3)/exasx"
limit-of-3tanx-over-absx-as-x-to-inf,"3*tan(x) / abs(x)","(3tanx)/absxasx"
limit-of-4x-5x3-over-sqrtx-as-x-to--1,"(4*x * 5*x^3) / sqrt(x)","(4x^5x^3)/sqrt(xasx)"
limit-of-sqrtx--5tanx-over-sqrtx--cosx-as-x-to--2,"(sqrt(x) - 5*tan(x)) / (sqrt(x) - cos(x))","(sqrt(x^5tanx))/sqrt(xcosxasx)"
limit-of-1-over-5sqrtx--1-over-5lnx-as-x-to--inf,"(1/5*sqrt(x)) - (1/5*ln(x))","(1/5sqrtx^1)/(5lnxasx)"
limit-of-sqrt2x3--sqrt3tanx-as-x-to-1,"sqrt(2*x^3) - sqrt(3*tan(x))","sqrt(2x^3sqrt^3tanxasx)"
limit-of-1-over-x2--lnx2-as-x-to--2,"1/x^2 - ln(x)^2","1/(x^2lnx^2asx)"
limit-of-1-over-absx--1-over-2lnx-as-x-to-pi-2,"(1/abs(x)) - (1/2*ln(x))","(1/absx^1)/(2lnxasx)"
limit-of-absx-over-1-over-x-as-x-to-pi-2,"abs(x) / 1/x","(absx/1)/xasx"
limit-of-absx--absx-over-ex--absx-as-x-to-pi-2,"(abs(x) - abs(x)) / (e^x - abs(x))","absxabsx/exabsxasx"
limit-of-5absx--4absx-over-1-over-x2--tanx-as-x-to-pi,"(5*abs(x) - 4*abs(x)) / (1/(x^2) - tan(x))","(5absx^4absx/1)/(x^2tanxasx)"
limit-of-sqrt2x3--sqrt5absx-as-x-to-0,"sqrt(2*x^3) - sqrt(5*abs(x))","sqrt(2x^3sqrt^5absxasx)"
limit-of-lnx-4lnx-over-1-over-x-as-x-to--2,"(ln(x) * 4*ln(x)) / 1/x","(ln(x^4lnx)/1)/xasx"
limit-of-1-over-2x--1-over-4x3-as-x-to-2,"(1/2*x) - (1/4*x^3)","(1/2x^1)/(4x^3asx)"
limit-of-sqrtsinx--sqrt2x2-as-x-to--2,"sqrt(sin(x)) - sqrt(2*x^2)","sqrt(sinxsqrt^2x^2asx)"
limit-of-1-over-3x--1-over-x2-as-x-to-1,"(1/3*x) - (1/x^2)","(1/3x^1)/(x^2asx)"
limit-of-tanx-over-x3-as-x-to--2,"tan(x) / x^3","tan(x)/(x^3asx)"
limit-of-1-over-x-over-lnx-as-x-to-pi-2,"1/x / ln(x)","(1/x)/ln(xasx)"
limit-of-4x-tanx-over-tanx-as-x-to-inf,"(4*x * tan(x)) / tan(x)","(4xtanx)/tan(xasx)"
limit-of-5absx-sinx-over-sqrtx-as-x-to-0,"(5*abs(x) * sin(x)) / sqrt(x)","(5absxsinx)/sqrt(xasx)"
limit-of-sqrtx2--41-over-x2-as-x-to--inf,"sqrt(x)^2 - 4*1/x^2","(sqrt(x^241))/(x^2asx)"
limit-of-1-over-1-over-x--1-over-1-over-x2-as-x-to-pi,"(1/1/x) - (1/1/(x^2))","(1/1/x^1/1)/(x^2asx)"
limit-of-4x--tanx-over-tanx--absx-as-x-to--2,"(4*x - tan(x)) / (tan(x) - abs(x))","(4xtanx)/tan(xabsxasx)"
limit-of-2sinx--41-over-x2-over-cosx--sinx-as-x-to-1,"(2*sin(x) - 4*1/(x^2)) / (cos(x) - sin(x))","(2sinx^41/x^2)/cos(xsinxasx)"
limit-of-sqrt3x2--sqrtx3-as-x-to-inf,"sqrt(3*x^2) - sqrt(x^3)","sqrt(3x^2sqrtx^3asx)"
limit-of-2x3-over-4absx-as-x-to-pi,"2*x^3 / 4*abs(x)","(2x^3)/(4absxasx)"
limit-of-5cosx-3ex-over-1-over-x2-as-x-to--inf,"(5*cos(x) * 3*e^x) / 1/(x^2)","(5cosx^3ex/1)/(x^2asx)"
limit-of-absx-1-over-x2-over-1-over-x-as-x-to-0,"(abs(x) * 1/(x^2)) / 1/x","(absx^1/x^2/1)/xasx"
limit-of-sqrtx--sqrtx-as-x-to--inf,"sqrt(x) - sqrt(x)","sqrt(xsqrtxasx)"
limit-of-1-over-absx--1-over-2sinx-as-x-to-0,"(1/abs(x)) - (1/2*sin(x))","(1/absx^1)/(2sinxasx)"
limit-of-ex--tanx-over-1-over-x2--sqrtx-as-x-to-1,"(e^x - tan(x)) / (1/(x^2) - sqrt(x))","(extanx/1)/(x^2sqrtxasx)"
limit-of-3x2-lnx-over-x3-as-x-to-pi-2,"(3*x^2 * ln(x)) / x^3","(3x^2lnx)/(x^3asx)"
limit-of-1-over-3x3--1-over-41-over-x2-as-x-to-1,"(1/3*x^3) - (1/4*1/(x^2))","(1/3x^31/41)/(x^2asx)"
limit-of-sqrt2sinx--sqrt1-over-x2-as-x-to--2,"sqrt(2*sin(x)) - sqrt(1/(x^2))","(sqrt(2sinxsqrt^1))/(x^2asx)"
limit-of-1-over-5tanx--1-over-2cosx-as-x-to-inf,"(1/5*tan(x)) - (1/2*cos(x))","(1/5tanx^1)/(2cosxasx)"
limit-of-x3--lnx-over-sqrtx--lnx-as-x-to--inf,"(x^3 - ln(x)) / (sqrt(x) - ln(x))","(x^3lnx)/sqrt(xlnxasx)"
limit-of-1-over-sqrtx--1-over-sinx-as-x-to-inf,"(1/sqrt(x)) - (1/sin(x))","(1/sqrt(x^1))/sin(xasx)"
limit-of-x2--3cosx-over-x--1-over-x-as-x-to-0,"(x^2 - 3*cos(x)) / (x - 1/x)","(x^23cosx/x^1)/xasx"
limit-of-sqrt5sinx--sqrtx-as-x-to-1,"sqrt(5*sin(x)) - sqrt(x)","sqrt(5sinxsqrtxasx)"
limit-of-1-over-sinx--1-over-2x-as-x-to-0,"(1/sin(x)) - (1/2*x)","(1/sin(x^1))/(2xasx)"
limit-of-ex2--tanx2-as-x-to-pi-2,"e^x^2 - tan(x)^2","ex^2tanx^2asx"
limit-of-sqrt4absx--sqrt5x-as-x-to-0,"sqrt(4*abs(x)) - sqrt(5*x)","sqrt(4absxsqrt^5xasx)"
limit-of-x-over-sinx-as-x-to--inf,"x / sin(x)","x/sin(xasx)"
limit-of-5x-over-21-over-x-as-x-to-pi-2,"5*x / 2*1/x","(5x/21)/xasx"
limit-of-sinx--41-over-x2-over-absx--absx-as-x-to-1,"(sin(x) - 4*1/(x^2)) / (abs(x) - abs(x))","(sin(x^41)/x^2)/absxabsxasx"
limit-of-3x3-absx-over-1-over-x2-as-x-to-1,"(3*x^3 * abs(x)) / 1/(x^2)","(3x^3absx/1)/(x^2asx)"
limit-of-x-over-x3-as-x-to-inf,"x / x^3","x/(x^3asx)"
limit-of-1-over-x--sqrtx-over-ex--x-as-x-to-pi,"(1/x - sqrt(x)) / (e^x - x)","(1/xsqrtx)/exxasx"
limit-of-sqrt3ex--sqrt4sinx-as-x-to--1,"sqrt(3*e^x) - sqrt(4*sin(x))","sqrt(3exsqrt^4sinxasx)"
limit-of-3ex-1-over-x-over-sqrtx-as-x-to-1,"(3*e^x * 1/x) / sqrt(x)","(3ex^1/x)/sqrt(xasx)"
limit-of-2x-31-over-x2-over-tanx-as-x-to--1,"(2*x * 3*1/(x^2)) / tan(x)","(2x^31/x^2)/tan(xasx)"
limit-of-2cosx-over-51-over-x-as-x-to--2,"2*cos(x) / 5*1/x","(2cosx/51)/xasx"
limit-of-1-over-sinx--1-over-41-over-x-as-x-to--inf,"(1/sin(x)) - (1/4*1/x)","(1/sin(x^1)/41)/xasx"
limit-of-5absx2--4x32-as-x-to-1,"5*abs(x)^2 - 4*x^3^2","5absx^24x^32asx"
limit-of-x3--cosx-over-x2--absx-as-x-to--inf,"(x^3 - cos(x)) / (x^2 - abs(x))","(x^3cosx)/(x^2absxasx)"
limit-of-1-over-2x2--1-over-absx-as-x-to--inf,"(1/2*x^2) - (1/abs(x))","(1/2x^21)/absxasx"
limit-of-1-over-lnx--1-over-2x2-as-x-to-pi,"(1/ln(x)) - (1/2*x^2)","(1/ln(x^1))/(2x^2asx)"
limit-of-51-over-x2--x32-as-x-to--2,"5*1/x^2 - x^3^2","51/(x^2x^32asx)"
limit-of-sinx-3absx-over-x-as-x-to-pi,"(sin(x) * 3*abs(x)) / x","(sin(x^3absx))/xasx"
limit-of-lnx-over-cosx-as-x-to--inf,"ln(x) / cos(x)","ln(x)/cos(xasx)"
limit-of-1-over-cosx--1-over-3ex-as-x-to-pi-2,"(1/cos(x)) - (1/3*e^x)","(1/cos(x^1))/(3exasx)"
limit-of-3ex-x3-over-x3-as-x-to-pi-2,"(3*e^x * x^3) / x^3","(3exx^3)/(x^3asx)"
limit-of-sqrtex--sqrtcosx-as-x-to-pi-2,"sqrt(e^x) - sqrt(cos(x))","sqrt(exsqrtcosxasx)"
limit-of-x22--5absx2-as-x-to-1,"x^2^2 - 5*abs(x)^2","x^225absx^2asx"
limit-of-x2--ex2-as-x-to-pi,"x^2 - e^x^2","x^2ex^2asx"
limit-of-2lnx-over-1-over-x2-as-x-to-pi,"2*ln(x) / 1/(x^2)","(2lnx/1)/(x^2asx)"
limit-of-3x3-over-absx-as-x-to-0,"3*x^3 / abs(x)","(3x^3)/absxasx"
limit-of-1-over-x2-x2-over-cosx-as-x-to--1,"(1/(x^2) * x^2) / cos(x)","(1/x^2x^2)/cos(xasx)"
limit-of-5x2--4lnx-over-tanx--x3-as-x-to--inf,"(5*x^2 - 4*ln(x)) / (tan(x) - x^3)","(5x^24lnx)/(tan(xx^3asx))"
limit-of-lnx2--2sqrtx2-as-x-to-pi,"ln(x)^2 - 2*sqrt(x)^2","ln(x^22sqrtx^2asx)"
limit-of-1-over-x3--1-over-3ex-as-x-to-2,"(1/x^3) - (1/3*e^x)","(1/x^31)/(3exasx)"
limit-of-sqrtabsx--sqrtabsx-as-x-to--2,"sqrt(abs(x)) - sqrt(abs(x))","sqrt(absxsqrtabsxasx)"
limit-of-absx-over-cosx-as-x-to-inf,"abs(x) / cos(x)","absx/cos(xasx)"
limit-of-5ex2--sqrtx2-as-x-to-1,"5*e^x^2 - sqrt(x)^2","5ex^2sqrtx^2asx"
limit-of-3x3-sinx-over-x3-as-x-to-pi,"(3*x^3 * sin(x)) / x^3","(3x^3sinx)/(x^3asx)"
limit-of-lnx2--lnx2-as-x-to-1,"ln(x)^2 - ln(x)^2","ln(x^2lnx^2asx)"
limit-of-3x-over-absx-as-x-to-pi,"3*x / abs(x)","(3x)/absxasx"
limit-of-4sqrtx2--sqrtx2-as-x-to--2,"4*sqrt(x)^2 - sqrt(x)^2","4sqrtx^2sqrtx^2asx"
limit-of-ex-cosx-over-tanx-as-x-to--1,"(e^x * cos(x)) / tan(x)","excosx/tan(xasx)"
limit-of-sqrt4lnx--sqrttanx-as-x-to-0,"sqrt(4*ln(x)) - sqrt(tan(x))","sqrt(4lnxsqrttanxasx)"
limit-of-31-over-x2--2tanx2-as-x-to-inf,"3*1/x^2 - 2*tan(x)^2","31/(x^22tanx^2asx)"
limit-of-cosx2--ex2-as-x-to--inf,"cos(x)^2 - e^x^2","cos(x^2ex^2asx)"
limit-of-5sinx-absx-over-tanx-as-x-to-1,"(5*sin(x) * abs(x)) / tan(x)","(5sinxabsx)/tan(xasx)"
limit-of-4absx-over-absx-as-x-to-inf,"4*abs(x) / abs(x)","(4absx)/absxasx"
limit-of-absx--2cosx-over-x--ex-as-x-to-pi-2,"(abs(x) - 2*cos(x)) / (x - e^x)","(absx^2cosx)/xexasx"
limit-of-cosx-over-4cosx-as-x-to--1,"cos(x) / 4*cos(x)","cos(x)/(4cosxasx)"
limit-of-sqrt51-over-x2--sqrtlnx-as-x-to--1,"sqrt(5*1/(x^2)) - sqrt(ln(x))","(sqrt(51))/(x^2sqrtlnxasx)"
limit-of-sqrt3x--sqrt5sinx-as-x-to--inf,"sqrt(3*x) - sqrt(5*sin(x))","sqrt(3xsqrt^5sinxasx)"
limit-of-sqrt31-over-x2--sqrtex-as-x-to-inf,"sqrt(3*1/(x^2)) - sqrt(e^x)","(sqrt(31))/(x^2sqrtexasx)"
limit-of-2tanx2--5x22-as-x-to-pi-2,"2*tan(x)^2 - 5*x^2^2","2tanx^25x^22asx"
limit-of-cosx-over-21-over-x-as-x-to-0,"cos(x) / 2*1/x","(cos(x)/21)/xasx"
limit-of-1-over-x-5sinx-over-ex-as-x-to-pi,"(1/x * 5*sin(x)) / e^x","(1/x^5sinx)/exasx"
limit-of-1-over-x2--1-over-1-over-x2-as-x-to-pi-2,"(1/x^2) - (1/1/(x^2))","(1/x^21/1)/(x^2asx)"
limit-of-2tanx--5absx-over-sinx--absx-as-x-to-0,"(2*tan(x) - 5*abs(x)) / (sin(x) - abs(x))","(2tanx^5absx)/sin(xabsxasx)"
limit-of-sqrt41-over-x--sqrt1-over-x-as-x-to--2,"sqrt(4*1/x) - sqrt(1/x)","(sqrt(41)/xsqrt^1)/xasx"
limit-of-4sinx-over-x3-as-x-to--inf,"4*sin(x) / x^3","(4sinx)/(x^3asx)"
limit-of-5lnx2--sinx2-as-x-to-inf,"5*ln(x)^2 - sin(x)^2","5lnx^2sinx^2asx"
limit-of-x22--3ex2-as-x-to--1,"x^2^2 - 3*e^x^2","x^223ex^2asx"
limit-of-1-over-5sinx--1-over-5x3-as-x-to-pi,"(1/5*sin(x)) - (1/5*x^3)","(1/5sinx^1)/(5x^3asx)"
limit-of-sqrt51-over-x2--sqrtex-as-x-to--inf,"sqrt(5*1/(x^2)) - sqrt(e^x)","(sqrt(51))/(x^2sqrtexasx)"
limit-of-sqrt3x3--sqrtsqrtx-as-x-to-pi-2,"sqrt(3*x^3) - sqrt(sqrt(x))","sqrt(3x^3sqrtsqrtxasx)"
limit-of-sqrtcosx--sqrt4ex-as-x-to--1,"sqrt(cos(x)) - sqrt(4*e^x)","sqrt(cosxsqrt^4exasx)"
limit-of-1-over-3x2--1-over-sqrtx-as-x-to-pi-2,"(1/3*x^2) - (1/sqrt(x))","(1/3x^21)/sqrt(xasx)"
limit-of-2cosx2--tanx2-as-x-to-0,"2*cos(x)^2 - tan(x)^2","2cosx^2tanx^2asx"
limit-of-1-over-x2--1-over-tanx-as-x-to-0,"(1/x^2) - (1/tan(x))","(1/x^21)/tan(xasx)"
limit-of-sqrtx-over-4x3-as-x-to--2,"sqrt(x) / 4*x^3","sqrt(x)/(4x^3asx)"
limit-of-2absx2--31-over-x22-as-x-to-0,"2*abs(x)^2 - 3*1/(x^2)^2","(2absx^231)/(x^22asx)"
limit-of-3sinx-over-2tanx-as-x-to--1,"3*sin(x) / 2*tan(x)","(3sinx)/(2tanxasx)"
limit-of-2absx-over-cosx-as-x-to-2,"2*abs(x) / cos(x)","(2absx)/cos(xasx)"
limit-of-4sinx2--x32-as-x-to-pi-2,"4*sin(x)^2 - x^3^2","4sinx^2x^32asx"
limit-of-2sqrtx-4x2-over-x3-as-x-to-pi-2,"(2*sqrt(x) * 4*x^2) / x^3","(2sqrtx^4x^2)/(x^3asx)"
limit-of-sqrtcosx--sqrt3ex-as-x-to-0,"sqrt(cos(x)) - sqrt(3*e^x)","sqrt(cosxsqrt^3exasx)"
limit-of-1-over-4absx--1-over-4sqrtx-as-x-to--2,"(1/4*abs(x)) - (1/4*sqrt(x))","(1/4absx^1)/(4sqrtxasx)"
limit-of-sinx--tanx-over-absx--1-over-x2-as-x-to-pi-2,"(sin(x) - tan(x)) / (abs(x) - 1/(x^2))","(sin(xtanx)/absx^1)/(x^2asx)"
limit-of-2absx-cosx-over-1-over-x2-as-x-to-pi-2,"(2*abs(x) * cos(x)) / 1/(x^2)","(2absxcosx/1)/(x^2asx)"
limit-of-2lnx-over-cosx-as-x-to--inf,"2*ln(x) / cos(x)","(2lnx)/cos(xasx)"
limit-of-sqrt1-over-x2--sqrtsinx-as-x-to-pi,"sqrt(1/(x^2)) - sqrt(sin(x))","(sqrt(1))/(x^2sqrtsinxasx)"
limit-of-1-over-2x2--1-over-5sqrtx-as-x-to--2,"(1/2*x^2) - (1/5*sqrt(x))","(1/2x^21)/(5sqrtxasx)"
limit-of-tanx-over-2cosx-as-x-to--inf,"tan(x) / 2*cos(x)","tan(x)/(2cosxasx)"
limit-of-x2--4x-over-sinx--x3-as-x-to-pi,"(x^2 - 4*x) / (sin(x) - x^3)","(x^24x)/(sin(xx^3asx))"
limit-of-tanx-sinx-over-x-as-x-to-pi,"(tan(x) * sin(x)) / x","tan(xsinx)/xasx"
limit-of-5absx2--x2-as-x-to-1,"5*abs(x)^2 - x^2","5absx^2x^2asx"
limit-of-2x3-over-x3-as-x-to--1,"2*x^3 / x^3","(2x^3)/(x^3asx)"
limit-of-1-over-x--1-over-4x3-as-x-to-2,"(1/x) - (1/4*x^3)","(1/x^1)/(4x^3asx)"
limit-of-4x22--ex2-as-x-to--2,"4*x^2^2 - e^x^2","4x^22ex^2asx"
limit-of-4x2-sinx-over-tanx-as-x-to--inf,"(4*x^2 * sin(x)) / tan(x)","(4x^2sinx)/tan(xasx)"
limit-of-x22--4x22-as-x-to-pi-2,"x^2^2 - 4*x^2^2","x^224x^22asx"
limit-of-1-over-x22--tanx2-as-x-to--inf,"1/(x^2)^2 - tan(x)^2","1/(x^22tanx^2asx)"
limit-of-4x3--ex-over-x2--sinx-as-x-to-2,"(4*x^3 - e^x) / (x^2 - sin(x))","(4x^3ex)/(x^2sinxasx)"
limit-of-sqrtsinx--sqrt3cosx-as-x-to-pi,"sqrt(sin(x)) - sqrt(3*cos(x))","sqrt(sinxsqrt^3cosxasx)"
limit-of-x2-sqrtx-over-tanx-as-x-to-pi-2,"(x^2 * sqrt(x)) / tan(x)","(x^2sqrtx)/tan(xasx)"
limit-of-lnx-lnx-over-x3-as-x-to-1,"(ln(x) * ln(x)) / x^3","ln(xlnx)/(x^3asx)"
limit-of-1-over-5absx--1-over-21-over-x2-as-x-to--2,"(1/5*abs(x)) - (1/2*1/(x^2))","(1/5absx^1/21)/(x^2asx)"
limit-of-2cosx-sqrtx-over-1-over-x2-as-x-to-2,"(2*cos(x) * sqrt(x)) / 1/(x^2)","(2cosxsqrtx/1)/(x^2asx)"
limit-of-3ex2--1-over-x22-as-x-to-inf,"3*e^x^2 - 1/(x^2)^2","(3ex^21)/(x^22asx)"
limit-of-1-over-x22--x32-as-x-to-1,"1/(x^2)^2 - x^3^2","1/(x^22x^32asx)"
limit-of-lnx--3lnx-over-x--sinx-as-x-to-pi,"(ln(x) - 3*ln(x)) / (x - sin(x))","(ln(x^3lnx))/xsinxasx"
limit-of-3sqrtx-5lnx-over-1-over-x2-as-x-to-pi-2,"(3*sqrt(x) * 5*ln(x)) / 1/(x^2)","(3sqrtx^5lnx/1)/(x^2asx)"
limit-of-cosx2--3lnx2-as-x-to--2,"cos(x)^2 - 3*ln(x)^2","cos(x^23lnx^2asx)"
limit-of-1-over-x2-5absx-over-x2-as-x-to-pi-2,"(1/(x^2) * 5*abs(x)) / x^2","(1/x^25absx)/(x^2asx)"
limit-of-2cosx-sqrtx-over-tanx-as-x-to-pi-2,"(2*cos(x) * sqrt(x)) / tan(x)","(2cosxsqrtx)/tan(xasx)"
limit-of-lnx-over-3sqrtx-as-x-to--2,"ln(x) / 3*sqrt(x)","ln(x)/(3sqrtxasx)"
limit-of-41-over-x--3sqrtx-over-sinx--tanx-as-x-to--1,"(4*1/x - 3*sqrt(x)) / (sin(x) - tan(x))","(41/x^3sqrtx)/sin(xtanxasx)"
limit-of-1-over-sqrtx--1-over-ex-as-x-to-0,"(1/sqrt(x)) - (1/e^x)","(1/sqrt(x^1))/exasx"
limit-of-sqrtx--sqrt4x2-as-x-to-pi,"sqrt(x) - sqrt(4*x^2)","sqrt(xsqrt^4x^2asx)"
limit-of-1-over-x2--2cosx2-as-x-to-pi-2,"1/x^2 - 2*cos(x)^2","1/(x^22cosx^2asx)"
limit-of-4x22--4sqrtx2-as-x-to-1,"4*x^2^2 - 4*sqrt(x)^2","4x^224sqrtx^2asx"
limit-of-3x2--cosx2-as-x-to-2,"3*x^2 - cos(x)^2","3x^2cosx^2asx"
limit-of-x2-2x2-over-cosx-as-x-to--2,"(x^2 * 2*x^2) / cos(x)","(x^22x^2)/cos(xasx)"
limit-of-4absx-tanx-over-sinx-as-x-to-1,"(4*abs(x) * tan(x)) / sin(x)","(4absxtanx)/sin(xasx)"
limit-of-4tanx--lnx-over-sinx--lnx-as-x-to-2,"(4*tan(x) - ln(x)) / (sin(x) - ln(x))","(4tanxlnx)/sin(xlnxasx)"
limit-of-1-over-absx--1-over-4cosx-as-x-to-pi,"(1/abs(x)) - (1/4*cos(x))","(1/absx^1)/(4cosxasx)"
limit-of-ex2--2cosx2-as-x-to--1,"e^x^2 - 2*cos(x)^2","ex^22cosx^2asx"
limit-of-5lnx2--x32-as-x-to-1,"5*ln(x)^2 - x^3^2","5lnx^2x^32asx"
limit-of-sqrtsqrtx--sqrt5sqrtx-as-x-to--inf,"sqrt(sqrt(x)) - sqrt(5*sqrt(x))","sqrt(sqrtxsqrt^5sqrtxasx)"
limit-of-sqrttanx--sqrt41-over-x-as-x-to--2,"sqrt(tan(x)) - sqrt(4*1/x)","(sqrt(tanxsqrt^41))/xasx"
limit-of-sqrt3x3--sqrt1-over-x2-as-x-to-1,"sqrt(3*x^3) - sqrt(1/(x^2))","(sqrt(3x^3sqrt^1))/(x^2asx)"
limit-of-tanx-over-absx-as-x-to-pi-2,"tan(x) / abs(x)","tan(x)/absxasx"
limit-of-cosx-over-sqrtx-as-x-to--1,"cos(x) / sqrt(x)","cos(x)/sqrt(xasx)"
limit-of-sqrt51-over-x2--sqrt5lnx-as-x-to-pi-2,"sqrt(5*1/(x^2)) - sqrt(5*ln(x))","(sqrt(51))/(x^2sqrt^5lnxasx)"
limit-of-1-over-41-over-x--1-over-sinx-as-x-to-pi-2,"(1/4*1/x) - (1/sin(x))","(1/41/x^1)/sin(xasx)"
limit-of-51-over-x-over-x3-as-x-to--2,"5*1/x / x^3","(51/x)/(x^3asx)"
limit-of-cosx-5x3-over-x2-as-x-to-1,"(cos(x) * 5*x^3) / x^2","(cos(x^5x^3))/(x^2asx)"
limit-of-sqrt2cosx--sqrt5cosx-as-x-to-2,"sqrt(2*cos(x)) - sqrt(5*cos(x))","sqrt(2cosxsqrt^5cosxasx)"
limit-of-4absx--2x3-over-sinx--1-over-x2-as-x-to-0,"(4*abs(x) - 2*x^3) / (sin(x) - 1/(x^2))","(4absx^2x^3/sin(x^1))/(x^2asx)"
limit-of-1-over-5cosx--1-over-5lnx-as-x-to--inf,"(1/5*cos(x)) - (1/5*ln(x))","(1/5cosx^1)/(5lnxasx)"
limit-of-sqrtsinx--sqrt2tanx-as-x-to-pi,"sqrt(sin(x)) - sqrt(2*tan(x))","sqrt(sinxsqrt^2tanxasx)"
limit-of-ex--1-over-x2-over-tanx--x3-as-x-to-1,"(e^x - 1/(x^2)) / (tan(x) - x^3)","(ex^1/x^2)/(tan(xx^3asx))"
limit-of-sinx-over-41-over-x-as-x-to-2,"sin(x) / 4*1/x","(sin(x)/41)/xasx"
limit-of-1-over-lnx--1-over-2x2-as-x-to-pi-2,"(1/ln(x)) - (1/2*x^2)","(1/ln(x^1))/(2x^2asx)"
limit-of-5lnx-over-2x3-as-x-to-1,"5*ln(x) / 2*x^3","(5lnx)/(2x^3asx)"
limit-of-cosx-over-ex-as-x-to--2,"cos(x) / e^x","cos(x)/exasx"
limit-of-sqrtx2--4tanx2-as-x-to-inf,"sqrt(x)^2 - 4*tan(x)^2","sqrt(x^24tanx^2asx)"
limit-of-sqrt5x3--sqrt5cosx-as-x-to-1,"sqrt(5*x^3) - sqrt(5*cos(x))","sqrt(5x^3sqrt^5cosxasx)"
limit-of-1-over-tanx--1-over-1-over-x-as-x-to--1,"(1/tan(x)) - (1/1/x)","(1/tan(x^1)/1)/xasx"
limit-of-ex--3x2-over-1-over-x2--x2-as-x-to-pi,"(e^x - 3*x^2) / (1/(x^2) - x^2)","(ex^3x^2/1)/(x^2x^2asx)"
limit-of-1-over-ex--1-over-sqrtx-as-x-to-1,"(1/e^x) - (1/sqrt(x))","(1/ex^1)/sqrt(xasx)"
limit-of-1-over-51-over-x2--1-over-4x2-as-x-to-0,"(1/5*1/(x^2)) - (1/4*x^2)","(1/51/x^21)/(4x^2asx)"
limit-of-51-over-x-over-31-over-x2-as-x-to--2,"5*1/x / 3*1/(x^2)","(51/x/31)/(x^2asx)"
limit-of-1-over-5lnx--1-over-5x2-as-x-to--2,"(1/5*ln(x)) - (1/5*x^2)","(1/5lnx^1)/(5x^2asx)"
limit-of-31-over-x-over-1-over-x2-as-x-to-1,"3*1/x / 1/(x^2)","(31/x/1)/(x^2asx)"
limit-of-2absx2--1-over-x22-as-x-to--1,"2*abs(x)^2 - 1/(x^2)^2","(2absx^21)/(x^22asx)"
limit-of-sqrt21-over-x2--sqrt4absx-as-x-to-pi,"sqrt(2*1/(x^2)) - sqrt(4*abs(x))","(sqrt(21))/(x^2sqrt^4absxasx)"
limit-of-tanx--2sinx-over-absx--sinx-as-x-to-2,"(tan(x) - 2*sin(x)) / (abs(x) - sin(x))","(tan(x^2sinx))/absxsinxasx"
limit-of-2x22--5absx2-as-x-to-pi-2,"2*x^2^2 - 5*abs(x)^2","2x^225absx^2asx"
limit-of-absx--x2-over-sqrtx--1-over-x2-as-x-to--inf,"(abs(x) - x^2) / (sqrt(x) - 1/(x^2))","(absxx^2/sqrt(x^1))/(x^2asx)"
limit-of-sqrt1-over-x2--sqrtex-as-x-to-pi,"sqrt(1/(x^2)) - sqrt(e^x)","(sqrt(1))/(x^2sqrtexasx)"
limit-of-1-over-3x3--1-over-2absx-as-x-to--2,"(1/3*x^3) - (1/2*abs(x))","(1/3x^31)/(2absxasx)"
limit-of-1-over-3lnx--1-over-ex-as-x-to-2,"(1/3*ln(x)) - (1/e^x)","(1/3lnx^1)/exasx"
limit-of-2x--tanx-over-absx--tanx-as-x-to--2,"(2*x - tan(x)) / (abs(x) - tan(x))","(2xtanx)/absxtanxasx"
limit-of-sqrt3tanx--sqrt2absx-as-x-to-1,"sqrt(3*tan(x)) - sqrt(2*abs(x))","sqrt(3tanxsqrt^2absxasx)"
limit-of-21-over-x2-over-x3-as-x-to--1,"2*1/(x^2) / x^3","(21/x^2)/(x^3asx)"
limit-of-1-over-cosx--1-over-x2-as-x-to--inf,"(1/cos(x)) - (1/x^2)","(1/cos(x^1))/(x^2asx)"
limit-of-5sqrtx-5lnx-over-tanx-as-x-to--inf,"(5*sqrt(x) * 5*ln(x)) / tan(x)","(5sqrtx^5lnx)/tan(xasx)"
limit-of-4sinx--5sqrtx-over-tanx--absx-as-x-to-0,"(4*sin(x) - 5*sqrt(x)) / (tan(x) - abs(x))","(4sinx^5sqrtx)/tan(xabsxasx)"
limit-of-3lnx2--x22-as-x-to-pi,"3*ln(x)^2 - x^2^2","3lnx^2x^22asx"
limit-of-x-sinx-over-lnx-as-x-to--2,"(x * sin(x)) / ln(x)","xsinx/ln(xasx)"
limit-of-5sinx-2x3-over-1-over-x-as-x-to-pi,"(5*sin(x) * 2*x^3) / 1/x","(5sinx^2x^3/1)/xasx"
limit-of-3lnx--lnx-over-1-over-x2--1-over-x-as-x-to-pi,"(3*ln(x) - ln(x)) / (1/(x^2) - 1/x)","(3lnxlnx/1/x^21)/xasx"
limit-of-x--sinx-over-sqrtx--1-over-x-as-x-to--inf,"(x - sin(x)) / (sqrt(x) - 1/x)","(xsinx/sqrt(x^1))/xasx"
limit-of-1-over-absx--1-over-x-as-x-to-pi,"(1/abs(x)) - (1/x)","(1/absx^1)/xasx"
limit-of-4sinx--lnx-over-tanx--cosx-as-x-to-inf,"(4*sin(x) - ln(x)) / (tan(x) - cos(x))","(4sinxlnx)/tan(xcosxasx)"
limit-of-sqrt3cosx--sqrtabsx-as-x-to-pi-2,"sqrt(3*cos(x)) - sqrt(abs(x))","sqrt(3cosxsqrtabsxasx)"
limit-of-3sinx2--3sinx2-as-x-to--inf,"3*sin(x)^2 - 3*sin(x)^2","3sinx^23sinx^2asx"
limit-of-31-over-x-1-over-x-over-cosx-as-x-to-pi-2,"(3*1/x * 1/x) / cos(x)","(31/x^1/x)/cos(xasx)"
limit-of-sqrtx3--sqrt1-over-x2-as-x-to-0,"sqrt(x^3) - sqrt(1/(x^2))","(sqrt(x^3sqrt^1))/(x^2asx)"
limit-of-cosx-over-41-over-x2-as-x-to--1,"cos(x) / 4*1/(x^2)","(cos(x)/41)/(x^2asx)"
limit-of-4sqrtx2--31-over-x2-as-x-to--2,"4*sqrt(x)^2 - 3*1/x^2","(4sqrtx^231)/(x^2asx)"
limit-of-1-over-x2--x-over-sinx--lnx-as-x-to-pi,"(1/(x^2) - x) / (sin(x) - ln(x))","(1/x^2x)/sin(xlnxasx)"
limit-of-sqrtlnx--sqrt5x2-as-x-to-1,"sqrt(ln(x)) - sqrt(5*x^2)","sqrt(lnxsqrt^5x^2asx)"
limit-of-5tanx-3sqrtx-over-1-over-x2-as-x-to--2,"(5*tan(x) * 3*sqrt(x)) / 1/(x^2)","(5tanx^3sqrtx/1)/(x^2asx)"
limit-of-sqrt1-over-x2--sqrt2tanx-as-x-to-0,"sqrt(1/(x^2)) - sqrt(2*tan(x))","(sqrt(1))/(x^2sqrt^2tanxasx)"
limit-of-2sqrtx-cosx-over-cosx-as-x-to-pi-2,"(2*sqrt(x) * cos(x)) / cos(x)","(2sqrtxcosx)/cos(xasx)"
limit-of-4x2-over-1-over-x2-as-x-to-pi-2,"4*x^2 / 1/(x^2)","(4x^2/1)/(x^2asx)"
limit-of-1-over-absx--1-over-4sqrtx-as-x-to-pi,"(1/abs(x)) - (1/4*sqrt(x))","(1/absx^1)/(4sqrtxasx)"
limit-of-5cosx-over-3x-as-x-to-0,"5*cos(x) / 3*x","(5cosx)/(3xasx)"
limit-of-tanx-over-tanx-as-x-to-0,"tan(x) / tan(x)","tan(x)/tan(xasx)"
limit-of-sqrtx--3x2-over-x3--absx-as-x-to-inf,"(sqrt(x) - 3*x^2) / (x^3 - abs(x))","(sqrt(x^3x^2))/(x^3absxasx)"
limit-of-sqrtx-absx-over-lnx-as-x-to--inf,"(sqrt(x) * abs(x)) / ln(x)","sqrt(xabsx)/ln(xasx)"
limit-of-31-over-x2--5x32-as-x-to-0,"3*1/x^2 - 5*x^3^2","31/(x^25x^32asx)"
limit-of-ex2--51-over-x22-as-x-to-1,"e^x^2 - 5*1/(x^2)^2","(ex^251)/(x^22asx)"
limit-of-4x32--cosx2-as-x-to--inf,"4*x^3^2 - cos(x)^2","4x^32cosx^2asx"
limit-of-sqrtx2--4x32-as-x-to-pi,"sqrt(x)^2 - 4*x^3^2","sqrt(x^24x^32asx)"
limit-of-sqrt3x--sqrtcosx-as-x-to--2,"sqrt(3*x) - sqrt(cos(x))","sqrt(3xsqrtcosxasx)"
limit-of-x--3sqrtx-over-lnx--1-over-x2-as-x-to-pi,"(x - 3*sqrt(x)) / (ln(x) - 1/(x^2))","(x^3sqrtx/ln(x^1))/(x^2asx)"
limit-of-x2-over-3sqrtx-as-x-to-0,"x^2 / 3*sqrt(x)","(x^2)/(3sqrtxasx)"
limit-of-1-over-4absx--1-over-5lnx-as-x-to-pi,"(1/4*abs(x)) - (1/5*ln(x))","(1/4absx^1)/(5lnxasx)"
limit-of-4absx2--sqrtx2-as-x-to-inf,"4*abs(x)^2 - sqrt(x)^2","4absx^2sqrtx^2asx"
limit-of-4sinx-x2-over-tanx-as-x-to-1,"(4*sin(x) * x^2) / tan(x)","(4sinxx^2)/tan(xasx)"
limit-of-sqrtx2--sqrt2x-as-x-to-1,"sqrt(x^2) - sqrt(2*x)","sqrt(x^2sqrt^2xasx)"
limit-of-sqrtsqrtx--sqrtabsx-as-x-to-pi-2,"sqrt(sqrt(x)) - sqrt(abs(x))","sqrt(sqrtxsqrtabsxasx)"
limit-of-lnx-tanx-over-1-over-x-as-x-to--2,"(ln(x) * tan(x)) / 1/x","(ln(xtanx)/1)/xasx"
limit-of-1-over-x--1-over-1-over-x-as-x-to-inf,"(1/x) - (1/1/x)","(1/x^1/1)/xasx"
limit-of-x3--ex-over-absx--1-over-x2-as-x-to-1,"(x^3 - e^x) / (abs(x) - 1/(x^2))","(x^3ex/absx^1)/(x^2asx)"
limit-of-1-over-1-over-x--1-over-2x3-as-x-to--2,"(1/1/x) - (1/2*x^3)","(1/1/x^1)/(2x^3asx)"
limit-of-ex2--4absx2-as-x-to-2,"e^x^2 - 4*abs(x)^2","ex^24absx^2asx"
limit-of-5x2-over-sqrtx-as-x-to--1,"5*x^2 / sqrt(x)","(5x^2)/sqrt(xasx)"
limit-of-sqrt3sinx--sqrt3ex-as-x-to-1,"sqrt(3*sin(x)) - sqrt(3*e^x)","sqrt(3sinxsqrt^3exasx)"
limit-of-sqrtsinx--sqrt4x2-as-x-to--2,"sqrt(sin(x)) - sqrt(4*x^2)","sqrt(sinxsqrt^4x^2asx)"
limit-of-sqrtx--5x-over-x2--sqrtx-as-x-to--2,"(sqrt(x) - 5*x) / (x^2 - sqrt(x))","(sqrt(x^5x))/(x^2sqrtxasx)"
limit-of-sqrt41-over-x2--sqrt3x-as-x-to-0,"sqrt(4*1/(x^2)) - sqrt(3*x)","(sqrt(41))/(x^2sqrt^3xasx)"
limit-of-ex-over-lnx-as-x-to--inf,"e^x / ln(x)","ex/ln(xasx)"
limit-of-ex-over-3tanx-as-x-to-pi,"e^x / 3*tan(x)","ex/(3tanxasx)"
limit-of-5x2-tanx-over-cosx-as-x-to--1,"(5*x^2 * tan(x)) / cos(x)","(5x^2tanx)/cos(xasx)"
limit-of-1-over-3lnx--1-over-41-over-x2-as-x-to-1,"(1/3*ln(x)) - (1/4*1/(x^2))","(1/3lnx^1/41)/(x^2asx)"
limit-of-1-over-x2--x3-over-x2--x3-as-x-to-1,"(1/(x^2) - x^3) / (x^2 - x^3)","(1/x^2x^3)/(x^2x^3asx)"
limit-of-3x22--x32-as-x-to--1,"3*x^2^2 - x^3^2","3x^22x^32asx"
limit-of-sqrtx2--sqrtx2-as-x-to-inf,"sqrt(x^2) - sqrt(x^2)","sqrt(x^2sqrtx^2asx)"
limit-of-3sqrtx--4tanx-over-cosx--1-over-x-as-x-to--1,"(3*sqrt(x) - 4*tan(x)) / (cos(x) - 1/x)","(3sqrtx^4tanx/cos(x^1))/xasx"
limit-of-2tanx2--3lnx2-as-x-to-0,"2*tan(x)^2 - 3*ln(x)^2","2tanx^23lnx^2asx"
limit-of-x32--lnx2-as-x-to-pi-2,"x^3^2 - ln(x)^2","x^32lnx^2asx"
limit-of-51-over-x-over-4tanx-as-x-to-1,"5*1/x / 4*tan(x)","(51/x)/(4tanxasx)"
limit-of-1-over-x-1-over-x2-over-absx-as-x-to-2,"(1/x * 1/(x^2)) / abs(x)","(1/x^1/x^2)/absxasx"
limit-of-sinx--3x2-over-1-over-x--sqrtx-as-x-to-pi,"(sin(x) - 3*x^2) / (1/x - sqrt(x))","(sin(x^3x^2)/1)/xsqrtxasx"
limit-of-1-over-2sqrtx--1-over-x2-as-x-to-1,"(1/2*sqrt(x)) - (1/x^2)","(1/2sqrtx^1)/(x^2asx)"
limit-of-3absx2--tanx2-as-x-to--2,"3*abs(x)^2 - tan(x)^2","3absx^2tanx^2asx"
limit-of-3x32--2sqrtx2-as-x-to-0,"3*x^3^2 - 2*sqrt(x)^2","3x^322sqrtx^2asx"
limit-of-sinx--2x2-over-tanx--cosx-as-x-to-pi,"(sin(x) - 2*x^2) / (tan(x) - cos(x))","(sin(x^2x^2))/tan(xcosxasx)"
limit-of-sqrtsinx--sqrttanx-as-x-to--inf,"sqrt(sin(x)) - sqrt(tan(x))","sqrt(sinxsqrttanxasx)"
limit-of-2absx--x3-over-1-over-x--ex-as-x-to-pi,"(2*abs(x) - x^3) / (1/x - e^x)","(2absxx^3/1)/xexasx"
limit-of-3ex-2cosx-over-sinx-as-x-to--2,"(3*e^x * 2*cos(x)) / sin(x)","(3ex^2cosx)/sin(xasx)"
limit-of-sqrtx--4ex-over-x3--sqrtx-as-x-to-pi,"(sqrt(x) - 4*e^x) / (x^3 - sqrt(x))","(sqrt(x^4ex))/(x^3sqrtxasx)"
limit-of-sqrtx2--sqrt2ex-as-x-to-2,"sqrt(x^2) - sqrt(2*e^x)","sqrt(x^2sqrt^2exasx)"
limit-of-tanx-2sinx-over-sqrtx-as-x-to-pi-2,"(tan(x) * 2*sin(x)) / sqrt(x)","(tan(x^2sinx))/sqrt(xasx)"
limit-of-sqrt4absx--sqrt2cosx-as-x-to-inf,"sqrt(4*abs(x)) - sqrt(2*cos(x))","sqrt(4absxsqrt^2cosxasx)"
limit-of-1-over-x2--1-over-4absx-as-x-to--2,"(1/x^2) - (1/4*abs(x))","(1/x^21)/(4absxasx)"
limit-of-sqrt3sqrtx--sqrtlnx-as-x-to--inf,"sqrt(3*sqrt(x)) - sqrt(ln(x))","sqrt(3sqrtxsqrtlnxasx)"
limit-of-sqrt3sqrtx--sqrtcosx-as-x-to-pi,"sqrt(3*sqrt(x)) - sqrt(cos(x))","sqrt(3sqrtxsqrtcosxasx)"
limit-of-1-over-tanx--1-over-5x3-as-x-to--2,"(1/tan(x)) - (1/5*x^3)","(1/tan(x^1))/(5x^3asx)"
limit-of-tanx-over-4sinx-as-x-to--1,"tan(x) / 4*sin(x)","tan(x)/(4sinxasx)"
limit-of-sqrt31-over-x--sqrtsinx-as-x-to--1,"sqrt(3*1/x) - sqrt(sin(x))","(sqrt(31))/xsqrtsinxasx"
limit-of-2absx-over-5cosx-as-x-to-1,"2*abs(x) / 5*cos(x)","(2absx)/(5cosxasx)"
limit-of-1-over-x--1-over-tanx-as-x-to-0,"(1/x) - (1/tan(x))","(1/x^1)/tan(xasx)"
limit-of-1-over-cosx--1-over-cosx-as-x-to-0,"(1/cos(x)) - (1/cos(x))","(1/cos(x^1))/cos(xasx)"
limit-of-2x3-over-x3-as-x-to--2,"2*x^3 / x^3","(2x^3)/(x^3asx)"
limit-of-ex-1-over-x2-over-1-over-x2-as-x-to--inf,"(e^x * 1/(x^2)) / 1/(x^2)","(ex^1/x^2/1)/(x^2asx)"
limit-of-sqrt31-over-x2--sqrt2tanx-as-x-to-1,"sqrt(3*1/(x^2)) - sqrt(2*tan(x))","(sqrt(31))/(x^2sqrt^2tanxasx)"
limit-of-1-over-2x2--1-over-x3-as-x-to-2,"(1/2*x^2) - (1/x^3)","(1/2x^21)/(x^3asx)"
limit-of-31-over-x2--x22-as-x-to-2,"3*1/x^2 - x^2^2","31/(x^2x^22asx)"
limit-of-1-over-3x3--1-over-2x2-as-x-to-0,"(1/3*x^3) - (1/2*x^2)","(1/3x^31)/(2x^2asx)"
limit-of-1-over-ex--1-over-41-over-x2-as-x-to--1,"(1/e^x) - (1/4*1/(x^2))","(1/ex^1/41)/(x^2asx)"
limit-of-1-over-x2-absx-over-sqrtx-as-x-to-0,"(1/(x^2) * abs(x)) / sqrt(x)","(1/x^2absx)/sqrt(xasx)"
limit-of-lnx-5ex-over-sinx-as-x-to-pi-2,"(ln(x) * 5*e^x) / sin(x)","(ln(x^5ex))/sin(xasx)"
limit-of-5sinx2--cosx2-as-x-to-pi,"5*sin(x)^2 - cos(x)^2","5sinx^2cosx^2asx"
limit-of-2x-4lnx-over-1-over-x2-as-x-to-1,"(2*x * 4*ln(x)) / 1/(x^2)","(2x^4lnx/1)/(x^2asx)"
limit-of-5sqrtx2--2lnx2-as-x-to-pi-2,"5*sqrt(x)^2 - 2*ln(x)^2","5sqrtx^22lnx^2asx"
limit-of-sqrt3x--sqrtlnx-as-x-to-pi,"sqrt(3*x) - sqrt(ln(x))","sqrt(3xsqrtlnxasx)"
limit-of-1-over-x22--tanx2-as-x-to--2,"1/(x^2)^2 - tan(x)^2","1/(x^22tanx^2asx)"
limit-of-1-over-sqrtx--1-over-4tanx-as-x-to-inf,"(1/sqrt(x)) - (1/4*tan(x))","(1/sqrt(x^1))/(4tanxasx)"
limit-of-4ex-sinx-over-sinx-as-x-to--2,"(4*e^x * sin(x)) / sin(x)","(4exsinx)/sin(xasx)"
limit-of-4ex-3ex-over-tanx-as-x-to--2,"(4*e^x * 3*e^x) / tan(x)","(4ex^3ex)/tan(xasx)"
limit-of-absx-5x3-over-x2-as-x-to-0,"(abs(x) * 5*x^3) / x^2","(absx^5x^3)/(x^2asx)"
limit-of-sqrtlnx--sqrtlnx-as-x-to-2,"sqrt(ln(x)) - sqrt(ln(x))","sqrt(lnxsqrtlnxasx)"
limit-of-1-over-x--absx-over-sqrtx--absx-as-x-to--inf,"(1/x - abs(x)) / (sqrt(x) - abs(x))","(1/xabsx)/sqrt(xabsxasx)"
limit-of-3tanx--5ex-over-lnx--sqrtx-as-x-to-2,"(3*tan(x) - 5*e^x) / (ln(x) - sqrt(x))","(3tanx^5ex)/ln(xsqrtxasx)"
limit-of-lnx-over-3cosx-as-x-to-pi,"ln(x) / 3*cos(x)","ln(x)/(3cosxasx)"
limit-of-5sqrtx2--21-over-x2-as-x-to-pi,"5*sqrt(x)^2 - 2*1/x^2","(5sqrtx^221)/(x^2asx)"
limit-of-4tanx--ex-over-x2--sqrtx-as-x-to-pi-2,"(4*tan(x) - e^x) / (x^2 - sqrt(x))","(4tanxex)/(x^2sqrtxasx)"
limit-of-sqrt5cosx--sqrt2lnx-as-x-to-inf,"sqrt(5*cos(x)) - sqrt(2*ln(x))","sqrt(5cosxsqrt^2lnxasx)"
limit-of-x2--1-over-x2-as-x-to-pi,"x^2 - 1/x^2","(x^21)/(x^2asx)"
limit-of-51-over-x2--x22-as-x-to-pi,"5*1/x^2 - x^2^2","51/(x^2x^22asx)"
limit-of-1-over-x-over-4cosx-as-x-to-pi-2,"1/x / 4*cos(x)","(1/x)/(4cosxasx)"
limit-of-sqrt5x3--sqrt5x3-as-x-to--2,"sqrt(5*x^3) - sqrt(5*x^3)","sqrt(5x^3sqrt^5x^3asx)"
limit-of-sinx2--1-over-x22-as-x-to--inf,"sin(x)^2 - 1/(x^2)^2","(sin(x^21))/(x^22asx)"
limit-of-x-x2-over-lnx-as-x-to--1,"(x * x^2) / ln(x)","(xx^2)/ln(xasx)"
limit-of-3x--51-over-x2-over-sqrtx--ex-as-x-to-inf,"(3*x - 5*1/(x^2)) / (sqrt(x) - e^x)","(3x^51/x^2)/sqrt(xexasx)"
limit-of-1-over-x2--1-over-21-over-x2-as-x-to-inf,"(1/x^2) - (1/2*1/(x^2))","(1/x^21/21)/(x^2asx)"
limit-of-1-over-x2--4cosx2-as-x-to-pi,"1/x^2 - 4*cos(x)^2","1/(x^24cosx^2asx)"
limit-of-x2-3lnx-over-x-as-x-to--1,"(x^2 * 3*ln(x)) / x","(x^23lnx)/xasx"
limit-of-sqrt3x--sqrt1-over-x2-as-x-to-2,"sqrt(3*x) - sqrt(1/(x^2))","(sqrt(3xsqrt^1))/(x^2asx)"
limit-of-sqrt2x3--sqrtx3-as-x-to--2,"sqrt(2*x^3) - sqrt(x^3)","sqrt(2x^3sqrtx^3asx)"
limit-of-lnx-over-3absx-as-x-to--2,"ln(x) / 3*abs(x)","ln(x)/(3absxasx)"
limit-of-sqrt4x--sqrt3lnx-as-x-to-0,"sqrt(4*x) - sqrt(3*ln(x))","sqrt(4xsqrt^3lnxasx)"
limit-of-x3--51-over-x2-over-ex--x-as-x-to-1,"(x^3 - 5*1/(x^2)) / (e^x - x)","(x^351/x^2)/exxasx"
limit-of-sqrt51-over-x2--sqrt41-over-x-as-x-to--inf,"sqrt(5*1/(x^2)) - sqrt(4*1/x)","(sqrt(51)/x^2sqrt^41)/xasx"
limit-of-sqrt3lnx--sqrt3x-as-x-to--inf,"sqrt(3*ln(x)) - sqrt(3*x)","sqrt(3lnxsqrt^3xasx)"
limit-of-1-over-3sqrtx--1-over-3x3-as-x-to-2,"(1/3*sqrt(x)) - (1/3*x^3)","(1/3sqrtx^1)/(3x^3asx)"
limit-of-1-over-2sqrtx--1-over-lnx-as-x-to-1,"(1/2*sqrt(x)) - (1/ln(x))","(1/2sqrtx^1)/ln(xasx)"
limit-of-5x2-over-5lnx-as-x-to-inf,"5*x^2 / 5*ln(x)","(5x^2)/(5lnxasx)"
limit-of-51-over-x--3lnx-over-1-over-x2--x-as-x-to-2,"(5*1/x - 3*ln(x)) / (1/(x^2) - x)","(51/x^3lnx/1)/(x^2xasx)"
limit-of-1-over-x--1-over-4sqrtx-as-x-to-1,"(1/x) - (1/4*sqrt(x))","(1/x^1)/(4sqrtxasx)"
limit-of-2ex--absx-over-tanx--cosx-as-x-to--2,"(2*e^x - abs(x)) / (tan(x) - cos(x))","(2exabsx)/tan(xcosxasx)"
limit-of-4absx-4sinx-over-1-over-x-as-x-to--2,"(4*abs(x) * 4*sin(x)) / 1/x","(4absx^4sinx/1)/xasx"
limit-of-sinx--tanx-over-1-over-x2--ex-as-x-to-0,"(sin(x) - tan(x)) / (1/(x^2) - e^x)","(sin(xtanx)/1)/(x^2exasx)"
limit-of-1-over-x2--1-over-5tanx-as-x-to--2,"(1/x^2) - (1/5*tan(x))","(1/x^21)/(5tanxasx)"
limit-of-2x--4absx-over-x2--ex-as-x-to-2,"(2*x - 4*abs(x)) / (x^2 - e^x)","(2x^4absx)/(x^2exasx)"
limit-of-21-over-x22--x2-as-x-to-pi-2,"2*1/(x^2)^2 - x^2","21/(x^22x^2asx)"
limit-of-sqrt3sinx--sqrt3x2-as-x-to-0,"sqrt(3*sin(x)) - sqrt(3*x^2)","sqrt(3sinxsqrt^3x^2asx)"
limit-of-5sqrtx2--ex2-as-x-to-1,"5*sqrt(x)^2 - e^x^2","5sqrtx^2ex^2asx"
limit-of-sqrtlnx--sqrt4x3-as-x-to-pi-2,"sqrt(ln(x)) - sqrt(4*x^3)","sqrt(lnxsqrt^4x^3asx)"
limit-of-3lnx-absx-over-x-as-x-to-2,"(3*ln(x) * abs(x)) / x","(3lnxabsx)/xasx"
limit-of-2absx-over-2cosx-as-x-to--2,"2*abs(x) / 2*cos(x)","(2absx)/(2cosxasx)"
limit-of-1-over-1-over-x--1-over-4x2-as-x-to-pi,"(1/1/x) - (1/4*x^2)","(1/1/x^1)/(4x^2asx)"
limit-of-2tanx-sqrtx-over-lnx-as-x-to--1,"(2*tan(x) * sqrt(x)) / ln(x)","(2tanxsqrtx)/ln(xasx)"
limit-of-sqrtsinx--sqrtsinx-as-x-to-pi,"sqrt(sin(x)) - sqrt(sin(x))","sqrt(sinxsqrtsinxasx)"
limit-of-5x3-2sqrtx-over-x3-as-x-to--1,"(5*x^3 * 2*sqrt(x)) / x^3","(5x^32sqrtx)/(x^3asx)"
limit-of-21-over-x-over-41-over-x2-as-x-to-2,"2*1/x / 4*1/(x^2)","(21/x/41)/(x^2asx)"
limit-of-2tanx2--absx2-as-x-to--inf,"2*tan(x)^2 - abs(x)^2","2tanx^2absx^2asx"
limit-of-3x2--cosx2-as-x-to--inf,"3*x^2 - cos(x)^2","3x^2cosx^2asx"
limit-of-sqrt4sqrtx--sqrt51-over-x2-as-x-to--inf,"sqrt(4*sqrt(x)) - sqrt(5*1/(x^2))","(sqrt(4sqrtxsqrt^51))/(x^2asx)"
limit-of-5sqrtx-1-over-x-over-1-over-x-as-x-to--1,"(5*sqrt(x) * 1/x) / 1/x","(5sqrtx^1/x/1)/xasx"
limit-of-21-over-x2-over-4x2-as-x-to-2,"2*1/(x^2) / 4*x^2","(21/x^2)/(4x^2asx)"
limit-of-sinx2--4x2-as-x-to--inf,"sin(x)^2 - 4*x^2","sin(x^24x^2asx)"
limit-of-1-over-3ex--1-over-5sinx-as-x-to-inf,"(1/3*e^x) - (1/5*sin(x))","(1/3ex^1)/(5sinxasx)"
limit-of-sqrtx3--sqrttanx-as-x-to--2,"sqrt(x^3) - sqrt(tan(x))","sqrt(x^3sqrttanxasx)"
limit-of-4ex-over-2absx-as-x-to-pi,"4*e^x / 2*abs(x)","(4ex)/(2absxasx)"
limit-of-x2--1-over-x2-as-x-to-inf,"x^2 - 1/x^2","(x^21)/(x^2asx)"
limit-of-2tanx-over-3sinx-as-x-to--1,"2*tan(x) / 3*sin(x)","(2tanx)/(3sinxasx)"
limit-of-1-over-2x2--1-over-tanx-as-x-to-1,"(1/2*x^2) - (1/tan(x))","(1/2x^21)/tan(xasx)"
limit-of-1-over-cosx--1-over-tanx-as-x-to--2,"(1/cos(x)) - (1/tan(x))","(1/cos(x^1))/tan(xasx)"
limit-of-3absx2--41-over-x22-as-x-to--2,"3*abs(x)^2 - 4*1/(x^2)^2","(3absx^241)/(x^22asx)"
limit-of-x2--x2-over-lnx--absx-as-x-to-2,"(x^2 - x^2) / (ln(x) - abs(x))","(x^2x^2)/ln(xabsxasx)"
limit-of-ex-over-3absx-as-x-to--1,"e^x / 3*abs(x)","ex/(3absxasx)"
limit-of-sqrt3x3--sqrt5x2-as-x-to-inf,"sqrt(3*x^3) - sqrt(5*x^2)","sqrt(3x^3sqrt^5x^2asx)"
limit-of-2x22--3x22-as-x-to-2,"2*x^2^2 - 3*x^2^2","2x^223x^22asx"
limit-of-4x3--x-over-x2--1-over-x-as-x-to-0,"(4*x^3 - x) / (x^2 - 1/x)","(4x^3x/x^21)/xasx"
limit-of-sinx2--1-over-x22-as-x-to--1,"sin(x)^2 - 1/(x^2)^2","(sin(x^21))/(x^22asx)"
limit-of-3lnx-over-3sqrtx-as-x-to--1,"3*ln(x) / 3*sqrt(x)","(3lnx)/(3sqrtxasx)"
limit-of-sqrtcosx--sqrt1-over-x2-as-x-to-pi,"sqrt(cos(x)) - sqrt(1/(x^2))","(sqrt(cosxsqrt^1))/(x^2asx)"
limit-of-ex--x-over-x2--lnx-as-x-to-0,"(e^x - x) / (x^2 - ln(x))","exx/(x^2lnxasx)"
limit-of-51-over-x2--x3-over-1-over-x--sqrtx-as-x-to-2,"(5*1/(x^2) - x^3) / (1/x - sqrt(x))","(51/x^2x^3/1)/xsqrtxasx"
limit-of-sqrtx--absx-over-1-over-x2--x-as-x-to--1,"(sqrt(x) - abs(x)) / (1/(x^2) - x)","(sqrt(xabsx)/1)/(x^2xasx)"
limit-of-sqrtx--1-over-x2-over-sqrtx--lnx-as-x-to-0,"(sqrt(x) - 1/(x^2)) / (sqrt(x) - ln(x))","(sqrt(x^1)/x^2)/sqrt(xlnxasx)"
limit-of-tanx-5x2-over-lnx-as-x-to-2,"(tan(x) * 5*x^2) / ln(x)","(tan(x^5x^2))/ln(xasx)"
limit-of-lnx2--4x32-as-x-to-inf,"ln(x)^2 - 4*x^3^2","ln(x^24x^32asx)"
limit-of-sqrtx-over-1-over-x-as-x-to--2,"sqrt(x) / 1/x","(sqrt(x)/1)/xasx"
limit-of-4x3--x2-over-1-over-x2--ex-as-x-to-inf,"(4*x^3 - x^2) / (1/(x^2) - e^x)","(4x^3x^2/1)/(x^2exasx)"
limit-of-5x3-over-sqrtx-as-x-to-1,"5*x^3 / sqrt(x)","(5x^3)/sqrt(xasx)"
limit-of-1-over-sqrtx--1-over-4ex-as-x-to--1,"(1/sqrt(x)) - (1/4*e^x)","(1/sqrt(x^1))/(4exasx)"
limit-of-5ex-over-31-over-x2-as-x-to-2,"5*e^x / 3*1/(x^2)","(5ex/31)/(x^2asx)"
limit-of-lnx-3lnx-over-absx-as-x-to-pi-2,"(ln(x) * 3*ln(x)) / abs(x)","(ln(x^3lnx))/absxasx"
limit-of-sqrt2x2--sqrtx-as-x-to--2,"sqrt(2*x^2) - sqrt(x)","sqrt(2x^2sqrtxasx)"
limit-of-21-over-x2--1-over-x2-over-tanx--1-over-x2-as-x-to-inf,"(2*1/(x^2) - 1/(x^2)) / (tan(x) - 1/(x^2))","(21/x^21/x^2/tan(x^1))/(x^2asx)"
limit-of-1-over-x--1-over-1-over-x2-as-x-to-inf,"(1/x) - (1/1/(x^2))","(1/x^1/1)/(x^2asx)"
limit-of-sqrt5tanx--sqrt4cosx-as-x-to--inf,"sqrt(5*tan(x)) - sqrt(4*cos(x))","sqrt(5tanxsqrt^4cosxasx)"
limit-of-cosx-over-4sinx-as-x-to-pi,"cos(x) / 4*sin(x)","cos(x)/(4sinxasx)"
limit-of-2x2--51-over-x2-as-x-to-pi,"2*x^2 - 5*1/x^2","(2x^251)/(x^2asx)"
limit-of-cosx--4sinx-over-1-over-x--absx-as-x-to--2,"(cos(x) - 4*sin(x)) / (1/x - abs(x))","(cos(x^4sinx)/1)/xabsxasx"
limit-of-1-over-absx--1-over-21-over-x-as-x-to-2,"(1/abs(x)) - (1/2*1/x)","(1/absx^1/21)/xasx"
limit-of-5ex2--1-over-x22-as-x-to-pi,"5*e^x^2 - 1/(x^2)^2","(5ex^21)/(x^22asx)"
limit-of-tanx-4cosx-over-ex-as-x-to-pi,"(tan(x) * 4*cos(x)) / e^x","(tan(x^4cosx))/exasx"
limit-of-sqrtx2--x32-as-x-to--1,"sqrt(x)^2 - x^3^2","sqrt(x^2x^32asx)"
limit-of-x--x3-over-cosx--tanx-as-x-to-2,"(x - x^3) / (cos(x) - tan(x))","(xx^3)/cos(xtanxasx)"
limit-of-4sqrtx-x2-over-1-over-x-as-x-to-2,"(4*sqrt(x) * x^2) / 1/x","(4sqrtxx^2/1)/xasx"
limit-of-sqrt31-over-x--sqrt41-over-x-as-x-to-1,"sqrt(3*1/x) - sqrt(4*1/x)","(sqrt(31)/xsqrt^41)/xasx"
limit-of-5sqrtx-cosx-over-1-over-x2-as-x-to-pi-2,"(5*sqrt(x) * cos(x)) / 1/(x^2)","(5sqrtxcosx/1)/(x^2asx)"
limit-of-1-over-x22--2ex2-as-x-to--inf,"1/(x^2)^2 - 2*e^x^2","1/(x^222ex^2asx)"
limit-of-3lnx-over-tanx-as-x-to-pi,"3*ln(x) / tan(x)","(3lnx)/tan(xasx)"
limit-of-sqrtx2--4sinx2-as-x-to-pi-2,"sqrt(x)^2 - 4*sin(x)^2","sqrt(x^24sinx^2asx)"
limit-of-ex-over-5ex-as-x-to-pi-2,"e^x / 5*e^x","ex/(5exasx)"
limit-of-4tanx2--cosx2-as-x-to--2,"4*tan(x)^2 - cos(x)^2","4tanx^2cosx^2asx"
limit-of-absx2--3tanx2-as-x-to--1,"abs(x)^2 - 3*tan(x)^2","absx^23tanx^2asx"
limit-of-sqrt5x3--sqrtlnx-as-x-to-pi,"sqrt(5*x^3) - sqrt(ln(x))","sqrt(5x^3sqrtlnxasx)"
limit-of-1-over-x2-over-2tanx-as-x-to-pi,"1/(x^2) / 2*tan(x)","(1/x^2)/(2tanxasx)"
limit-of-sqrtx--4ex-over-sinx--1-over-x-as-x-to-2,"(sqrt(x) - 4*e^x) / (sin(x) - 1/x)","(sqrt(x^4ex)/sin(x^1))/xasx"
limit-of-4cosx2--2x22-as-x-to-pi-2,"4*cos(x)^2 - 2*x^2^2","4cosx^22x^22asx"
limit-of-sqrt2tanx--sqrt1-over-x2-as-x-to-pi,"sqrt(2*tan(x)) - sqrt(1/(x^2))","(sqrt(2tanxsqrt^1))/(x^2asx)"
limit-of-sqrtx--sqrtx3-as-x-to-1,"sqrt(x) - sqrt(x^3)","sqrt(xsqrtx^3asx)"
limit-of-3lnx2--x32-as-x-to-pi-2,"3*ln(x)^2 - x^3^2","3lnx^2x^32asx"
limit-of-4absx-x-over-tanx-as-x-to--inf,"(4*abs(x) * x) / tan(x)","(4absxx)/tan(xasx)"
limit-of-41-over-x2--2x2-over-x--ex-as-x-to--inf,"(4*1/(x^2) - 2*x^2) / (x - e^x)","(41/x^22x^2)/xexasx"
limit-of-1-over-lnx--1-over-absx-as-x-to--inf,"(1/ln(x)) - (1/abs(x))","(1/ln(x^1))/absxasx"
limit-of-lnx--5sinx-over-sqrtx--x-as-x-to-pi,"(ln(x) - 5*sin(x)) / (sqrt(x) - x)","(ln(x^5sinx))/sqrt(xxasx)"
limit-of-sqrt21-over-x2--sqrttanx-as-x-to--1,"sqrt(2*1/(x^2)) - sqrt(tan(x))","(sqrt(21))/(x^2sqrttanxasx)"
limit-of-tanx2--x32-as-x-to--1,"tan(x)^2 - x^3^2","tan(x^2x^32asx)"
limit-of-2sqrtx-4ex-over-sqrtx-as-x-to-pi,"(2*sqrt(x) * 4*e^x) / sqrt(x)","(2sqrtx^4ex)/sqrt(xasx)"
limit-of-1-over-sinx--1-over-tanx-as-x-to-inf,"(1/sin(x)) - (1/tan(x))","(1/sin(x^1))/tan(xasx)"
limit-of-cosx--x3-over-sqrtx--tanx-as-x-to-inf,"(cos(x) - x^3) / (sqrt(x) - tan(x))","(cos(xx^3))/sqrt(xtanxasx)"
limit-of-2sqrtx-over-sinx-as-x-to-1,"2*sqrt(x) / sin(x)","(2sqrtx)/sin(xasx)"
limit-of-3sqrtx-sinx-over-ex-as-x-to-pi,"(3*sqrt(x) * sin(x)) / e^x","(3sqrtxsinx)/exasx"
limit-of-3absx2--3tanx2-as-x-to--1,"3*abs(x)^2 - 3*tan(x)^2","3absx^23tanx^2asx"
limit-of-1-over-x3--1-over-3tanx-as-x-to-1,"(1/x^3) - (1/3*tan(x))","(1/x^31)/(3tanxasx)"
limit-of-lnx2--21-over-x2-as-x-to--inf,"ln(x)^2 - 2*1/x^2","(ln(x^221))/(x^2asx)"
limit-of-1-over-absx--1-over-2tanx-as-x-to-2,"(1/abs(x)) - (1/2*tan(x))","(1/absx^1)/(2tanxasx)"
limit-of-1-over-x-over-3tanx-as-x-to--1,"1/x / 3*tan(x)","(1/x)/(3tanxasx)"
limit-of-cosx2--1-over-x22-as-x-to-0,"cos(x)^2 - 1/(x^2)^2","(cos(x^21))/(x^22asx)"
limit-of-41-over-x22--31-over-x22-as-x-to-1,"4*1/(x^2)^2 - 3*1/(x^2)^2","(41/x^2231)/(x^22asx)"
limit-of-1-over-3x--1-over-tanx-as-x-to--inf,"(1/3*x) - (1/tan(x))","(1/3x^1)/tan(xasx)"
limit-of-sinx-over-x2-as-x-to-pi-2,"sin(x) / x^2","sin(x)/(x^2asx)"
limit-of-x3-2lnx-over-lnx-as-x-to-1,"(x^3 * 2*ln(x)) / ln(x)","(x^32lnx)/ln(xasx)"
limit-of-lnx2--1-over-x2-as-x-to--1,"ln(x)^2 - 1/x^2","(ln(x^21))/(x^2asx)"
limit-of-tanx-over-41-over-x-as-x-to-pi-2,"tan(x) / 4*1/x","(tan(x)/41)/xasx"
limit-of-lnx2--5x22-as-x-to-1,"ln(x)^2 - 5*x^2^2","ln(x^25x^22asx)"
limit-of-1-over-x-21-over-x2-over-lnx-as-x-to--inf,"(1/x * 2*1/(x^2)) / ln(x)","(1/x^21/x^2)/ln(xasx)"
limit-of-3cosx-5ex-over-lnx-as-x-to-0,"(3*cos(x) * 5*e^x) / ln(x)","(3cosx^5ex)/ln(xasx)"
limit-of-sqrtx-2lnx-over-x3-as-x-to-pi-2,"(sqrt(x) * 2*ln(x)) / x^3","(sqrt(x^2lnx))/(x^3asx)"
limit-of-1-over-2lnx--1-over-sqrtx-as-x-to-2,"(1/2*ln(x)) - (1/sqrt(x))","(1/2lnx^1)/sqrt(xasx)"
limit-of-sinx-over-1-over-x-as-x-to-2,"sin(x) / 1/x","(sin(x)/1)/xasx"
limit-of-3ex-over-sqrtx-as-x-to-pi-2,"3*e^x / sqrt(x)","(3ex)/sqrt(xasx)"
limit-of-x2--sqrtx-over-x3--x3-as-x-to-1,"(x^2 - sqrt(x)) / (x^3 - x^3)","(x^2sqrtx)/(x^3x^3asx)"
limit-of-2ex--2x2-over-sinx--lnx-as-x-to--2,"(2*e^x - 2*x^2) / (sin(x) - ln(x))","(2ex^2x^2)/sin(xlnxasx)"
limit-of-2sqrtx-1-over-x-over-absx-as-x-to-pi-2,"(2*sqrt(x) * 1/x) / abs(x)","(2sqrtx^1/x)/absxasx"
limit-of-sqrtx2--5ex2-as-x-to-2,"sqrt(x)^2 - 5*e^x^2","sqrt(x^25ex^2asx)"
limit-of-ex2--5x22-as-x-to--2,"e^x^2 - 5*x^2^2","ex^25x^22asx"
limit-of-tanx2--ex2-as-x-to--inf,"tan(x)^2 - e^x^2","tan(x^2ex^2asx)"
limit-of-1-over-3tanx--1-over-ex-as-x-to-pi-2,"(1/3*tan(x)) - (1/e^x)","(1/3tanx^1)/exasx"
limit-of-5lnx-5sinx-over-sqrtx-as-x-to-pi-2,"(5*ln(x) * 5*sin(x)) / sqrt(x)","(5lnx^5sinx)/sqrt(xasx)"
limit-of-5absx--5sinx-over-x3--tanx-as-x-to-pi,"(5*abs(x) - 5*sin(x)) / (x^3 - tan(x))","(5absx^5sinx)/(x^3tanxasx)"
limit-of-tanx2--5sinx2-as-x-to-pi,"tan(x)^2 - 5*sin(x)^2","tan(x^25sinx^2asx)"
limit-of-sqrtex--sqrttanx-as-x-to-2,"sqrt(e^x) - sqrt(tan(x))","sqrt(exsqrttanxasx)"
limit-of-sqrt4x2--sqrt31-over-x2-as-x-to-pi,"sqrt(4*x^2) - sqrt(3*1/(x^2))","(sqrt(4x^2sqrt^31))/(x^2asx)"
limit-of-4x2-over-tanx-as-x-to--2,"4*x^2 / tan(x)","(4x^2)/tan(xasx)"
limit-of-sqrt21-over-x--sqrtx3-as-x-to--1,"sqrt(2*1/x) - sqrt(x^3)","(sqrt(21))/(xsqrtx^3asx)"
limit-of-sqrt4x3--sqrt2absx-as-x-to-pi,"sqrt(4*x^3) - sqrt(2*abs(x))","sqrt(4x^3sqrt^2absxasx)"
limit-of-tanx-5x3-over-sqrtx-as-x-to-1,"(tan(x) * 5*x^3) / sqrt(x)","(tan(x^5x^3))/sqrt(xasx)"
limit-of-41-over-x2-over-x-as-x-to--1,"4*1/(x^2) / x","(41/x^2)/xasx"
limit-of-ex-over-3x3-as-x-to-pi-2,"e^x / 3*x^3","ex/(3x^3asx)"
limit-of-1-over-5cosx--1-over-sqrtx-as-x-to-pi,"(1/5*cos(x)) - (1/sqrt(x))","(1/5cosx^1)/sqrt(xasx)"
limit-of-3tanx-over-x-as-x-to-pi-2,"3*tan(x) / x","(3tanx)/xasx"
limit-of-sqrttanx--sqrtsqrtx-as-x-to-inf,"sqrt(tan(x)) - sqrt(sqrt(x))","sqrt(tanxsqrtsqrtxasx)"
limit-of-5absx-over-absx-as-x-to-0,"5*abs(x) / abs(x)","(5absx)/absxasx"
limit-of-31-over-x2--4lnx-over-sqrtx--ex-as-x-to--2,"(3*1/(x^2) - 4*ln(x)) / (sqrt(x) - e^x)","(31/x^24lnx)/sqrt(xexasx)"
limit-of-cosx-over-tanx-as-x-to--2,"cos(x) / tan(x)","cos(x)/tan(xasx)"
limit-of-1-over-x--sinx-over-ex--1-over-x-as-x-to--2,"(1/x - sin(x)) / (e^x - 1/x)","(1/xsinx/ex^1)/xasx"
limit-of-sqrtsqrtx--sqrt5x3-as-x-to-1,"sqrt(sqrt(x)) - sqrt(5*x^3)","sqrt(sqrtxsqrt^5x^3asx)"
limit-of-1-over-4x--1-over-31-over-x2-as-x-to-inf,"(1/4*x) - (1/3*1/(x^2))","(1/4x^1/31)/(x^2asx)"
limit-of-x2--5x2-as-x-to-pi,"x^2 - 5*x^2","x^25x^2asx"
limit-of-2ex-over-1-over-x2-as-x-to-2,"2*e^x / 1/(x^2)","(2ex/1)/(x^2asx)"
limit-of-4sqrtx-over-sinx-as-x-to-pi-2,"4*sqrt(x) / sin(x)","(4sqrtx)/sin(xasx)"
limit-of-x-over-4x-as-x-to--2,"x / 4*x","x/(4xasx)"
limit-of-sqrt2tanx--sqrtex-as-x-to-0,"sqrt(2*tan(x)) - sqrt(e^x)","sqrt(2tanxsqrtexasx)"
limit-of-tanx-over-x-as-x-to-1,"tan(x) / x","tan(x)/xasx"
limit-of-21-over-x-5lnx-over-sqrtx-as-x-to-pi,"(2*1/x * 5*ln(x)) / sqrt(x)","(21/x^5lnx)/sqrt(xasx)"
limit-of-lnx-tanx-over-cosx-as-x-to-0,"(ln(x) * tan(x)) / cos(x)","ln(xtanx)/cos(xasx)"
limit-of-x-over-3x3-as-x-to--2,"x / 3*x^3","x/(3x^3asx)"
limit-of-3sinx--2lnx-over-sinx--ex-as-x-to-inf,"(3*sin(x) - 2*ln(x)) / (sin(x) - e^x)","(3sinx^2lnx)/sin(xexasx)"
limit-of-1-over-tanx--1-over-x-as-x-to-0,"(1/tan(x)) - (1/x)","(1/tan(x^1))/xasx"
limit-of-1-over-absx--1-over-ex-as-x-to-pi-2,"(1/abs(x)) - (1/e^x)","(1/absx^1)/exasx"
limit-of-2x3--3x2-over-x3--x3-as-x-to--inf,"(2*x^3 - 3*x^2) / (x^3 - x^3)","(2x^33x^2)/(x^3x^3asx)"
limit-of-1-over-tanx--1-over-x3-as-x-to-pi,"(1/tan(x)) - (1/x^3)","(1/tan(x^1))/(x^3asx)"
limit-of-1-over-2x3--1-over-51-over-x-as-x-to-1,"(1/2*x^3) - (1/5*1/x)","(1/2x^31/51)/xasx"
limit-of-absx--4x3-over-lnx--1-over-x2-as-x-to--1,"(abs(x) - 4*x^3) / (ln(x) - 1/(x^2))","(absx^4x^3/ln(x^1))/(x^2asx)"
limit-of-sqrt3x--sqrt1-over-x-as-x-to-inf,"sqrt(3*x) - sqrt(1/x)","(sqrt(3xsqrt^1))/xasx"
limit-of-ex--tanx-over-tanx--sinx-as-x-to-pi,"(e^x - tan(x)) / (tan(x) - sin(x))","extanx/tan(xsinxasx)"
limit-of-1-over-2x--1-over-ex-as-x-to-0,"(1/2*x) - (1/e^x)","(1/2x^1)/exasx"
limit-of-3cosx2--cosx2-as-x-to-pi-2,"3*cos(x)^2 - cos(x)^2","3cosx^2cosx^2asx"
limit-of-41-over-x22--tanx2-as-x-to--2,"4*1/(x^2)^2 - tan(x)^2","41/(x^22tanx^2asx)"
limit-of-1-over-sinx--1-over-5sqrtx-as-x-to-0,"(1/sin(x)) - (1/5*sqrt(x))","(1/sin(x^1))/(5sqrtxasx)"
limit-of-31-over-x-over-3x2-as-x-to--inf,"3*1/x / 3*x^2","(31/x)/(3x^2asx)"
limit-of-sqrt5cosx--sqrtx3-as-x-to-inf,"sqrt(5*cos(x)) - sqrt(x^3)","sqrt(5cosxsqrtx^3asx)"
limit-of-1-over-2x--1-over-x-as-x-to--1,"(1/2*x) - (1/x)","(1/2x^1)/xasx"
limit-of-4x2-over-5cosx-as-x-to-1,"4*x^2 / 5*cos(x)","(4x^2)/(5cosxasx)"
limit-of-x-over-3x2-as-x-to--1,"x / 3*x^2","x/(3x^2asx)"
limit-of-sqrtx2--sqrttanx-as-x-to-inf,"sqrt(x^2) - sqrt(tan(x))","sqrt(x^2sqrttanxasx)"
limit-of-1-over-sinx--1-over-41-over-x2-as-x-to-pi-2,"(1/sin(x)) - (1/4*1/(x^2))","(1/sin(x^1)/41)/(x^2asx)"
limit-of-sqrtsqrtx--sqrt21-over-x2-as-x-to--inf,"sqrt(sqrt(x)) - sqrt(2*1/(x^2))","(sqrt(sqrtxsqrt^21))/(x^2asx)"
limit-of-31-over-x2-x-over-ex-as-x-to--2,"(3*1/(x^2) * x) / e^x","(31/x^2x)/exasx"
limit-of-absx--absx-over-ex--1-over-x-as-x-to-inf,"(abs(x) - abs(x)) / (e^x - 1/x)","(absxabsx/ex^1)/xasx"
limit-of-sinx-5x-over-x-as-x-to-pi,"(sin(x) * 5*x) / x","(sin(x^5x))/xasx"
limit-of-x2--2lnx2-as-x-to-2,"x^2 - 2*ln(x)^2","x^22lnx^2asx"
limit-of-x3-4ex-over-x-as-x-to-0,"(x^3 * 4*e^x) / x","(x^34ex)/xasx"
limit-of-3ex2--sqrtx2-as-x-to-0,"3*e^x^2 - sqrt(x)^2","3ex^2sqrtx^2asx"
limit-of-4sqrtx-4ex-over-1-over-x-as-x-to--inf,"(4*sqrt(x) * 4*e^x) / 1/x","(4sqrtx^4ex/1)/xasx"
limit-of-cosx-over-x2-as-x-to-pi-2,"cos(x) / x^2","cos(x)/(x^2asx)"
limit-of-1-over-ex--1-over-51-over-x2-as-x-to-1,"(1/e^x) - (1/5*1/(x^2))","(1/ex^1/51)/(x^2asx)"
limit-of-tanx--x2-over-sinx--absx-as-x-to-pi,"(tan(x) - x^2) / (sin(x) - abs(x))","(tan(xx^2))/sin(xabsxasx)"
limit-of-sqrt2ex--sqrt21-over-x-as-x-to-pi,"sqrt(2*e^x) - sqrt(2*1/x)","(sqrt(2exsqrt^21))/xasx"
limit-of-1-over-2lnx--1-over-sinx-as-x-to--1,"(1/2*ln(x)) - (1/sin(x))","(1/2lnx^1)/sin(xasx)"
limit-of-sqrtsinx--sqrt3cosx-as-x-to-1,"sqrt(sin(x)) - sqrt(3*cos(x))","sqrt(sinxsqrt^3cosxasx)"
limit-of-51-over-x2--5sinx-over-tanx--tanx-as-x-to-pi,"(5*1/(x^2) - 5*sin(x)) / (tan(x) - tan(x))","(51/x^25sinx)/tan(xtanxasx)"
limit-of-tanx-3cosx-over-sqrtx-as-x-to-pi,"(tan(x) * 3*cos(x)) / sqrt(x)","(tan(x^3cosx))/sqrt(xasx)"
limit-of-x--3tanx-over-x3--sinx-as-x-to-1,"(x - 3*tan(x)) / (x^3 - sin(x))","(x^3tanx)/(x^3sinxasx)"
limit-of-5lnx2--41-over-x2-as-x-to-2,"5*ln(x)^2 - 4*1/x^2","(5lnx^241)/(x^2asx)"
limit-of-1-over-x2--1-over-2cosx-as-x-to--1,"(1/x^2) - (1/2*cos(x))","(1/x^21)/(2cosxasx)"
limit-of-1-over-x--1-over-ex-as-x-to-2,"(1/x) - (1/e^x)","(1/x^1)/exasx"
limit-of-sinx--absx-over-tanx--cosx-as-x-to-inf,"(sin(x) - abs(x)) / (tan(x) - cos(x))","sin(xabsx)/tan(xcosxasx)"
limit-of-x2-2absx-over-sqrtx-as-x-to-0,"(x^2 * 2*abs(x)) / sqrt(x)","(x^22absx)/sqrt(xasx)"
limit-of-x2-absx-over-1-over-x2-as-x-to--1,"(x^2 * abs(x)) / 1/(x^2)","(x^2absx/1)/(x^2asx)"
limit-of-sinx-lnx-over-x2-as-x-to-0,"(sin(x) * ln(x)) / x^2","sin(xlnx)/(x^2asx)"
limit-of-21-over-x2-lnx-over-x2-as-x-to--1,"(2*1/(x^2) * ln(x)) / x^2","(21/x^2lnx)/(x^2asx)"
limit-of-4sqrtx2--3absx2-as-x-to-pi,"4*sqrt(x)^2 - 3*abs(x)^2","4sqrtx^23absx^2asx"
limit-of-1-over-x2-over-5x-as-x-to-1,"1/(x^2) / 5*x","(1/x^2)/(5xasx)"
limit-of-2absx-2sqrtx-over-sqrtx-as-x-to-0,"(2*abs(x) * 2*sqrt(x)) / sqrt(x)","(2absx^2sqrtx)/sqrt(xasx)"
limit-of-sinx-over-31-over-x2-as-x-to--1,"sin(x) / 3*1/(x^2)","(sin(x)/31)/(x^2asx)"
limit-of-sqrt4x--sqrtcosx-as-x-to-1,"sqrt(4*x) - sqrt(cos(x))","sqrt(4xsqrtcosxasx)"
limit-of-sqrtlnx--sqrt3sinx-as-x-to--2,"sqrt(ln(x)) - sqrt(3*sin(x))","sqrt(lnxsqrt^3sinxasx)"
limit-of-sqrt41-over-x2--sqrt21-over-x-as-x-to--2,"sqrt(4*1/(x^2)) - sqrt(2*1/x)","(sqrt(41)/x^2sqrt^21)/xasx"
limit-of-4tanx-1-over-x-over-sinx-as-x-to-inf,"(4*tan(x) * 1/x) / sin(x)","(4tanx^1/x)/sin(xasx)"
limit-of-2x-over-3sinx-as-x-to-pi,"2*x / 3*sin(x)","(2x)/(3sinxasx)"
limit-of-sinx--2x-over-lnx--lnx-as-x-to-pi-2,"(sin(x) - 2*x) / (ln(x) - ln(x))","(sin(x^2x))/ln(xlnxasx)"
limit-of-tanx--1-over-x2-over-lnx--sqrtx-as-x-to-inf,"(tan(x) - 1/(x^2)) / (ln(x) - sqrt(x))","(tan(x^1)/x^2)/ln(xsqrtxasx)"
limit-of-3tanx--3x3-over-x2--cosx-as-x-to-2,"(3*tan(x) - 3*x^3) / (x^2 - cos(x))","(3tanx^3x^3)/(x^2cosxasx)"
limit-of-sinx-over-1-over-x-as-x-to--inf,"sin(x) / 1/x","(sin(x)/1)/xasx"
limit-of-x3--x-over-sinx--ex-as-x-to--inf,"(x^3 - x) / (sin(x) - e^x)","(x^3x)/sin(xexasx)"
limit-of-sinx-over-3cosx-as-x-to--1,"sin(x) / 3*cos(x)","sin(x)/(3cosxasx)"
limit-of-3lnx--51-over-x-over-tanx--1-over-x-as-x-to-1,"(3*ln(x) - 5*1/x) / (tan(x) - 1/x)","(3lnx^51/x/tan(x^1))/xasx"
limit-of-3tanx--sinx-over-1-over-x--ex-as-x-to--1,"(3*tan(x) - sin(x)) / (1/x - e^x)","(3tanxsinx/1)/xexasx"
limit-of-ex2--2absx2-as-x-to-2,"e^x^2 - 2*abs(x)^2","ex^22absx^2asx"
limit-of-tanx-sqrtx-over-sinx-as-x-to-pi,"(tan(x) * sqrt(x)) / sin(x)","tan(xsqrtx)/sin(xasx)"
limit-of-x2--21-over-x-over-sqrtx--tanx-as-x-to-0,"(x^2 - 2*1/x) / (sqrt(x) - tan(x))","(x^221/x)/sqrt(xtanxasx)"
limit-of-sqrt21-over-x2--sqrt5x3-as-x-to--1,"sqrt(2*1/(x^2)) - sqrt(5*x^3)","(sqrt(21))/(x^2sqrt^5x^3asx)"
limit-of-1-over-x--4lnx-over-1-over-x2--ex-as-x-to--2,"(1/x - 4*ln(x)) / (1/(x^2) - e^x)","(1/x^4lnx/1)/(x^2exasx)"
limit-of-x32--2tanx2-as-x-to-inf,"x^3^2 - 2*tan(x)^2","x^322tanx^2asx"
limit-of-1-over-5lnx--1-over-2sinx-as-x-to--1,"(1/5*ln(x)) - (1/2*sin(x))","(1/5lnx^1)/(2sinxasx)"
limit-of-1-over-21-over-x2--1-over-ex-as-x-to-0,"(1/2*1/(x^2)) - (1/e^x)","(1/21/x^21)/exasx"
limit-of-sqrtx-over-3cosx-as-x-to--inf,"sqrt(x) / 3*cos(x)","sqrt(x)/(3cosxasx)"
limit-of-2x3--cosx-over-sinx--absx-as-x-to--1,"(2*x^3 - cos(x)) / (sin(x) - abs(x))","(2x^3cosx)/sin(xabsxasx)"
limit-of-4x--31-over-x-over-cosx--lnx-as-x-to--inf,"(4*x - 3*1/x) / (cos(x) - ln(x))","(4x^31/x)/cos(xlnxasx)"
limit-of-1-over-41-over-x2--1-over-absx-as-x-to-2,"(1/4*1/(x^2)) - (1/abs(x))","(1/41/x^21)/absxasx"
limit-of-sqrt2x2--sqrt2sinx-as-x-to-2,"sqrt(2*x^2) - sqrt(2*sin(x))","sqrt(2x^2sqrt^2sinxasx)"
limit-of-4tanx2--sqrtx2-as-x-to--2,"4*tan(x)^2 - sqrt(x)^2","4tanx^2sqrtx^2asx"
limit-of-ex-over-2ex-as-x-to-2,"e^x / 2*e^x","ex/(2exasx)"
limit-of-3tanx--2absx-over-1-over-x--x3-as-x-to--2,"(3*tan(x) - 2*abs(x)) / (1/x - x^3)","(3tanx^2absx/1)/(xx^3asx)"
limit-of-1-over-x22--x22-as-x-to-pi-2,"1/(x^2)^2 - x^2^2","1/(x^22x^22asx)"
limit-of-x2-2sinx-over-sqrtx-as-x-to--1,"(x^2 * 2*sin(x)) / sqrt(x)","(x^22sinx)/sqrt(xasx)"
limit-of-4x3-over-5x-as-x-to--inf,"4*x^3 / 5*x","(4x^3)/(5xasx)"
limit-of-1-over-5lnx--1-over-sqrtx-as-x-to-2,"(1/5*ln(x)) - (1/sqrt(x))","(1/5lnx^1)/sqrt(xasx)"
limit-of-sqrt2absx--sqrt4cosx-as-x-to--2,"sqrt(2*abs(x)) - sqrt(4*cos(x))","sqrt(2absxsqrt^4cosxasx)"
limit-of-1-over-5x3--1-over-3cosx-as-x-to-1,"(1/5*x^3) - (1/3*cos(x))","(1/5x^31)/(3cosxasx)"
limit-of-3x2--tanx2-as-x-to--2,"3*x^2 - tan(x)^2","3x^2tanx^2asx"
limit-of-sqrtx-1-over-x-over-lnx-as-x-to-0,"(sqrt(x) * 1/x) / ln(x)","(sqrt(x^1)/x)/ln(xasx)"
limit-of-x3-x2-over-1-over-x-as-x-to-2,"(x^3 * x^2) / 1/x","(x^3x^2/1)/xasx"
limit-of-x-over-lnx-as-x-to-0,"x / ln(x)","x/ln(xasx)"
limit-of-sqrt5sqrtx--sqrt1-over-x2-as-x-to-0,"sqrt(5*sqrt(x)) - sqrt(1/(x^2))","(sqrt(5sqrtxsqrt^1))/(x^2asx)"
limit-of-3lnx--21-over-x-over-cosx--cosx-as-x-to--2,"(3*ln(x) - 2*1/x) / (cos(x) - cos(x))","(3lnx^21/x)/cos(xcosxasx)"
limit-of-21-over-x2-over-sqrtx-as-x-to-2,"2*1/(x^2) / sqrt(x)","(21/x^2)/sqrt(xasx)"
limit-of-1-over-x2--1-over-x2-as-x-to--inf,"(1/x^2) - (1/x^2)","(1/x^21)/(x^2asx)"
limit-of-1-over-x2-2sinx-over-cosx-as-x-to-inf,"(1/(x^2) * 2*sin(x)) / cos(x)","(1/x^22sinx)/cos(xasx)"
limit-of-sinx-2cosx-over-sqrtx-as-x-to--2,"(sin(x) * 2*cos(x)) / sqrt(x)","(sin(x^2cosx))/sqrt(xasx)"
limit-of-absx-3tanx-over-1-over-x2-as-x-to--1,"(abs(x) * 3*tan(x)) / 1/(x^2)","(absx^3tanx/1)/(x^2asx)"
limit-of-1-over-absx--1-over-cosx-as-x-to-0,"(1/abs(x)) - (1/cos(x))","(1/absx^1)/cos(xasx)"
limit-of-1-over-x2--sqrtx-over-x--ex-as-x-to-inf,"(1/(x^2) - sqrt(x)) / (x - e^x)","(1/x^2sqrtx)/xexasx"
limit-of-sinx--sinx-over-sinx--x3-as-x-to--1,"(sin(x) - sin(x)) / (sin(x) - x^3)","sin(xsinx)/(sin(xx^3asx))"
limit-of-1-over-x--1-over-x3-as-x-to-0,"(1/x) - (1/x^3)","(1/x^1)/(x^3asx)"
limit-of-sqrtx2--sqrt2cosx-as-x-to-2,"sqrt(x^2) - sqrt(2*cos(x))","sqrt(x^2sqrt^2cosxasx)"
limit-of-sinx--x2-over-cosx--x2-as-x-to--1,"(sin(x) - x^2) / (cos(x) - x^2)","(sin(xx^2))/(cos(xx^2asx))"
limit-of-absx-over-x3-as-x-to--inf,"abs(x) / x^3","absx/(x^3asx)"
limit-of-1-over-x2-over-cosx-as-x-to-pi,"1/(x^2) / cos(x)","(1/x^2)/cos(xasx)"
limit-of-3tanx--x-over-cosx--1-over-x-as-x-to-pi-2,"(3*tan(x) - x) / (cos(x) - 1/x)","(3tanxx/cos(x^1))/xasx"
limit-of-5x2-over-tanx-as-x-to-1,"5*x^2 / tan(x)","(5x^2)/tan(xasx)"
limit-of-sqrtx-2sqrtx-over-lnx-as-x-to--1,"(sqrt(x) * 2*sqrt(x)) / ln(x)","(sqrt(x^2sqrtx))/ln(xasx)"
limit-of-sqrt5ex--sqrt4x2-as-x-to-1,"sqrt(5*e^x) - sqrt(4*x^2)","sqrt(5exsqrt^4x^2asx)"
limit-of-sqrt3sinx--sqrtabsx-as-x-to-0,"sqrt(3*sin(x)) - sqrt(abs(x))","sqrt(3sinxsqrtabsxasx)"
limit-of-3cosx-4x-over-tanx-as-x-to-1,"(3*cos(x) * 4*x) / tan(x)","(3cosx^4x)/tan(xasx)"
limit-of-5cosx--51-over-x-over-tanx--x2-as-x-to--2,"(5*cos(x) - 5*1/x) / (tan(x) - x^2)","(5cosx^51/x)/(tan(xx^2asx))"
limit-of-tanx--5x3-over-ex--lnx-as-x-to-1,"(tan(x) - 5*x^3) / (e^x - ln(x))","(tan(x^5x^3))/exlnxasx"
limit-of-sqrtabsx--sqrt3x-as-x-to-inf,"sqrt(abs(x)) - sqrt(3*x)","sqrt(absxsqrt^3xasx)"
limit-of-cosx2--5tanx2-as-x-to-inf,"cos(x)^2 - 5*tan(x)^2","cos(x^25tanx^2asx)"
limit-of-1-over-3cosx--1-over-3x2-as-x-to-2,"(1/3*cos(x)) - (1/3*x^2)","(1/3cosx^1)/(3x^2asx)"
limit-of-1-over-2tanx--1-over-41-over-x2-as-x-to-pi,"(1/2*tan(x)) - (1/4*1/(x^2))","(1/2tanx^1/41)/(x^2asx)"
limit-of-tanx-over-3x2-as-x-to-pi,"tan(x) / 3*x^2","tan(x)/(3x^2asx)"
limit-of-x3-over-1-over-x2-as-x-to-1,"x^3 / 1/(x^2)","(x^3/1)/(x^2asx)"
limit-of-tanx-over-1-over-x-as-x-to-0,"tan(x) / 1/x","(tan(x)/1)/xasx"
limit-of-1-over-3x2--1-over-3x-as-x-to-1,"(1/3*x^2) - (1/3*x)","(1/3x^21)/(3xasx)"
limit-of-5sinx--sqrtx-over-1-over-x2--x-as-x-to--1,"(5*sin(x) - sqrt(x)) / (1/(x^2) - x)","(5sinxsqrtx/1)/(x^2xasx)"
limit-of-sqrtx--x-over-x3--1-over-x2-as-x-to--inf,"(sqrt(x) - x) / (x^3 - 1/(x^2))","(sqrt(xx)/x^31)/(x^2asx)"
limit-of-3sqrtx--sqrtx-over-x2--cosx-as-x-to-inf,"(3*sqrt(x) - sqrt(x)) / (x^2 - cos(x))","(3sqrtxsqrtx)/(x^2cosxasx)"
limit-of-x2--2tanx2-as-x-to-1,"x^2 - 2*tan(x)^2","x^22tanx^2asx"
limit-of-5x-4x-over-lnx-as-x-to-inf,"(5*x * 4*x) / ln(x)","(5x^4x)/ln(xasx)"
limit-of-51-over-x2--5sinx2-as-x-to-pi,"5*1/x^2 - 5*sin(x)^2","51/(x^25sinx^2asx)"
limit-of-1-over-21-over-x--1-over-cosx-as-x-to--1,"(1/2*1/x) - (1/cos(x))","(1/21/x^1)/cos(xasx)"
limit-of-sqrt3x3--sqrt5lnx-as-x-to-0,"sqrt(3*x^3) - sqrt(5*ln(x))","sqrt(3x^3sqrt^5lnxasx)"
limit-of-sqrtsqrtx--sqrt1-over-x2-as-x-to-inf,"sqrt(sqrt(x)) - sqrt(1/(x^2))","(sqrt(sqrtxsqrt^1))/(x^2asx)"
limit-of-sqrtabsx--sqrt5tanx-as-x-to-2,"sqrt(abs(x)) - sqrt(5*tan(x))","sqrt(absxsqrt^5tanxasx)"
limit-of-5cosx-1-over-x-over-x2-as-x-to-1,"(5*cos(x) * 1/x) / x^2","(5cosx^1/x)/(x^2asx)"
limit-of-sqrt5absx--sqrt2sqrtx-as-x-to--2,"sqrt(5*abs(x)) - sqrt(2*sqrt(x))","sqrt(5absxsqrt^2sqrtxasx)"
limit-of-3x-over-ex-as-x-to-1,"3*x / e^x","(3x)/exasx"
limit-of-1-over-sqrtx--1-over-4sqrtx-as-x-to--1,"(1/sqrt(x)) - (1/4*sqrt(x))","(1/sqrt(x^1))/(4sqrtxasx)"
limit-of-1-over-1-over-x--1-over-ex-as-x-to-pi-2,"(1/1/x) - (1/e^x)","(1/1/x^1)/exasx"
limit-of-tanx-over-x2-as-x-to-1,"tan(x) / x^2","tan(x)/(x^2asx)"
limit-of-1-over-x2--x3-over-1-over-x--1-over-x2-as-x-to-0,"(1/(x^2) - x^3) / (1/x - 1/(x^2))","(1/x^2x^3/1/x^1)/(x^2asx)"
limit-of-sqrttanx--sqrtabsx-as-x-to-0,"sqrt(tan(x)) - sqrt(abs(x))","sqrt(tanxsqrtabsxasx)"
limit-of-3ex--1-over-x2-over-sqrtx--x3-as-x-to-pi-2,"(3*e^x - 1/(x^2)) / (sqrt(x) - x^3)","(3ex^1/x^2)/(sqrt(xx^3asx))"
limit-of-4sinx-over-lnx-as-x-to--2,"4*sin(x) / ln(x)","(4sinx)/ln(xasx)"
limit-of-1-over-sqrtx--1-over-4absx-as-x-to--1,"(1/sqrt(x)) - (1/4*abs(x))","(1/sqrt(x^1))/(4absxasx)"
limit-of-2ex-over-3x2-as-x-to-pi-2,"2*e^x / 3*x^2","(2ex)/(3x^2asx)"
limit-of-sqrtx--21-over-x2-over-cosx--x2-as-x-to--1,"(sqrt(x) - 2*1/(x^2)) / (cos(x) - x^2)","(sqrt(x^21)/x^2)/(cos(xx^2asx))"
limit-of-sqrtlnx--sqrtex-as-x-to-1,"sqrt(ln(x)) - sqrt(e^x)","sqrt(lnxsqrtexasx)"
limit-of-tanx2--tanx2-as-x-to--inf,"tan(x)^2 - tan(x)^2","tan(x^2tanx^2asx)"
limit-of-2lnx2--cosx2-as-x-to--2,"2*ln(x)^2 - cos(x)^2","2lnx^2cosx^2asx"
limit-of-absx2--1-over-x22-as-x-to--1,"abs(x)^2 - 1/(x^2)^2","(absx^21)/(x^22asx)"
limit-of-absx2--5sqrtx2-as-x-to--2,"abs(x)^2 - 5*sqrt(x)^2","absx^25sqrtx^2asx"
limit-of-lnx-over-x-as-x-to--1,"ln(x) / x","ln(x)/xasx"
limit-of-1-over-2sinx--1-over-2sinx-as-x-to-1,"(1/2*sin(x)) - (1/2*sin(x))","(1/2sinx^1)/(2sinxasx)"
limit-of-x-over-ex-as-x-to-0,"x / e^x","x/exasx"
limit-of-1-over-x2--2cosx2-as-x-to-pi,"1/x^2 - 2*cos(x)^2","1/(x^22cosx^2asx)"
limit-of-absx-sinx-over-1-over-x2-as-x-to--2,"(abs(x) * sin(x)) / 1/(x^2)","(absxsinx/1)/(x^2asx)"
limit-of-sqrtex--sqrt3tanx-as-x-to--2,"sqrt(e^x) - sqrt(3*tan(x))","sqrt(exsqrt^3tanxasx)"
limit-of-41-over-x-over-5x-as-x-to-pi-2,"4*1/x / 5*x","(41/x)/(5xasx)"
limit-of-4tanx2--1-over-x2-as-x-to-0,"4*tan(x)^2 - 1/x^2","(4tanx^21)/(x^2asx)"
limit-of-1-over-21-over-x--1-over-tanx-as-x-to-0,"(1/2*1/x) - (1/tan(x))","(1/21/x^1)/tan(xasx)"
limit-of-1-over-lnx--1-over-1-over-x-as-x-to--inf,"(1/ln(x)) - (1/1/x)","(1/ln(x^1)/1)/xasx"
limit-of-1-over-4tanx--1-over-1-over-x-as-x-to--1,"(1/4*tan(x)) - (1/1/x)","(1/4tanx^1/1)/xasx"
limit-of-sqrt4cosx--sqrtx2-as-x-to--2,"sqrt(4*cos(x)) - sqrt(x^2)","sqrt(4cosxsqrtx^2asx)"
limit-of-5absx-over-1-over-x-as-x-to-1,"5*abs(x) / 1/x","(5absx/1)/xasx"
limit-of-3x2--lnx2-as-x-to--inf,"3*x^2 - ln(x)^2","3x^2lnx^2asx"
limit-of-5x2-lnx-over-x3-as-x-to--inf,"(5*x^2 * ln(x)) / x^3","(5x^2lnx)/(x^3asx)"
limit-of-x2-x2-over-sinx-as-x-to--2,"(x^2 * x^2) / sin(x)","(x^2x^2)/sin(xasx)"
limit-of-2lnx-31-over-x-over-tanx-as-x-to--2,"(2*ln(x) * 3*1/x) / tan(x)","(2lnx^31/x)/tan(xasx)"
limit-of-5sinx--ex-over-1-over-x--1-over-x2-as-x-to-2,"(5*sin(x) - e^x) / (1/x - 1/(x^2))","(5sinxex/1/x^1)/(x^2asx)"
limit-of-sinx-31-over-x-over-x-as-x-to-2,"(sin(x) * 3*1/x) / x","(sin(x^31)/x)/xasx"
limit-of-cosx2--4x22-as-x-to-inf,"cos(x)^2 - 4*x^2^2","cos(x^24x^22asx)"
limit-of-sqrtx--sqrt2x-as-x-to-0,"sqrt(x) - sqrt(2*x)","sqrt(xsqrt^2xasx)"
limit-of-sqrt3x3--sqrt2cosx-as-x-to-2,"sqrt(3*x^3) - sqrt(2*cos(x))","sqrt(3x^3sqrt^2cosxasx)"
limit-of-sqrt4tanx--sqrt1-over-x-as-x-to--2,"sqrt(4*tan(x)) - sqrt(1/x)","(sqrt(4tanxsqrt^1))/xasx"
limit-of-1-over-ex--1-over-3sqrtx-as-x-to--1,"(1/e^x) - (1/3*sqrt(x))","(1/ex^1)/(3sqrtxasx)"
limit-of-sqrt2ex--sqrt2x2-as-x-to-1,"sqrt(2*e^x) - sqrt(2*x^2)","sqrt(2exsqrt^2x^2asx)"
limit-of-1-over-1-over-x2--1-over-4sqrtx-as-x-to-pi-2,"(1/1/(x^2)) - (1/4*sqrt(x))","(1/1/x^21)/(4sqrtxasx)"
limit-of-5lnx-over-x2-as-x-to--1,"5*ln(x) / x^2","(5lnx)/(x^2asx)"
limit-of-cosx--5ex-over-sinx--ex-as-x-to-2,"(cos(x) - 5*e^x) / (sin(x) - e^x)","(cos(x^5ex))/sin(xexasx)"
limit-of-sqrt51-over-x2--sqrt2x3-as-x-to--1,"sqrt(5*1/(x^2)) - sqrt(2*x^3)","(sqrt(51))/(x^2sqrt^2x^3asx)"
limit-of-1-over-x22--5sinx2-as-x-to-1,"1/(x^2)^2 - 5*sin(x)^2","1/(x^225sinx^2asx)"
limit-of-1-over-x2--5sqrtx-over-tanx--sqrtx-as-x-to-pi,"(1/(x^2) - 5*sqrt(x)) / (tan(x) - sqrt(x))","(1/x^25sqrtx)/tan(xsqrtxasx)"
limit-of-3absx-over-cosx-as-x-to--1,"3*abs(x) / cos(x)","(3absx)/cos(xasx)"
limit-of-1-over-x2--lnx-over-x3--x3-as-x-to-inf,"(1/(x^2) - ln(x)) / (x^3 - x^3)","(1/x^2lnx)/(x^3x^3asx)"
limit-of-2sinx2--sinx2-as-x-to-pi,"2*sin(x)^2 - sin(x)^2","2sinx^2sinx^2asx"
limit-of-1-over-2cosx--1-over-3sqrtx-as-x-to-0,"(1/2*cos(x)) - (1/3*sqrt(x))","(1/2cosx^1)/(3sqrtxasx)"
limit-of-x-ex-over-x3-as-x-to-1,"(x * e^x) / x^3","xex/(x^3asx)"
limit-of-1-over-sqrtx--1-over-51-over-x2-as-x-to-0,"(1/sqrt(x)) - (1/5*1/(x^2))","(1/sqrt(x^1)/51)/(x^2asx)"
limit-of-4x3-4sqrtx-over-cosx-as-x-to-pi-2,"(4*x^3 * 4*sqrt(x)) / cos(x)","(4x^34sqrtx)/cos(xasx)"
limit-of-tanx--3x-over-sinx--sinx-as-x-to-0,"(tan(x) - 3*x) / (sin(x) - sin(x))","(tan(x^3x))/sin(xsinxasx)"
limit-of-3sqrtx-sinx-over-ex-as-x-to-0,"(3*sqrt(x) * sin(x)) / e^x","(3sqrtxsinx)/exasx"
limit-of-sqrt2x2--sqrt5ex-as-x-to-inf,"sqrt(2*x^2) - sqrt(5*e^x)","sqrt(2x^2sqrt^5exasx)"
limit-of-1-over-5sqrtx--1-over-2sqrtx-as-x-to--inf,"(1/5*sqrt(x)) - (1/2*sqrt(x))","(1/5sqrtx^1)/(2sqrtxasx)"
limit-of-41-over-x2-4x-over-lnx-as-x-to-0,"(4*1/(x^2) * 4*x) / ln(x)","(41/x^24x)/ln(xasx)"
limit-of-5absx--3lnx-over-absx--x2-as-x-to-2,"(5*abs(x) - 3*ln(x)) / (abs(x) - x^2)","(5absx^3lnx)/(absxx^2asx)"
limit-of-1-over-sqrtx--1-over-3sqrtx-as-x-to-pi,"(1/sqrt(x)) - (1/3*sqrt(x))","(1/sqrt(x^1))/(3sqrtxasx)"
limit-of-5tanx-over-sinx-as-x-to--inf,"5*tan(x) / sin(x)","(5tanx)/sin(xasx)"
limit-of-2x2-over-tanx-as-x-to--2,"2*x^2 / tan(x)","(2x^2)/tan(xasx)"
limit-of-31-over-x2--cosx-over-ex--absx-as-x-to-pi,"(3*1/(x^2) - cos(x)) / (e^x - abs(x))","(31/x^2cosx)/exabsxasx"
limit-of-sqrt3x2--sqrt4sinx-as-x-to--inf,"sqrt(3*x^2) - sqrt(4*sin(x))","sqrt(3x^2sqrt^4sinxasx)"
limit-of-x2-over-4ex-as-x-to-1,"x^2 / 4*e^x","(x^2)/(4exasx)"
limit-of-cosx2--absx2-as-x-to--inf,"cos(x)^2 - abs(x)^2","cos(x^2absx^2asx)"
limit-of-3ex-over-absx-as-x-to-pi-2,"3*e^x / abs(x)","(3ex)/absxasx"
limit-of-1-over-1-over-x--1-over-sinx-as-x-to-pi-2,"(1/1/x) - (1/sin(x))","(1/1/x^1)/sin(xasx)"
limit-of-31-over-x2-over-sinx-as-x-to--2,"3*1/(x^2) / sin(x)","(31/x^2)/sin(xasx)"
limit-of-31-over-x-over-tanx-as-x-to-pi,"3*1/x / tan(x)","(31/x)/tan(xasx)"
derivative-of-x-e-x,"x*e^x","xex"
derivative-of-1-x,"1/x","1x"
limit-of-sin-x-x,"sin(x)/x","sin(xx)"
limit-of-e-x-1-x,"(e^x-1)/x","ex^1x"
integral-of-x-sin-x,"x*sin(x)","xsinx"
integral-of-x-e-x,"x*e^x","xex"
integral-of-x2-from-0-to-1,"x^2","x^2from^0to^1"
integral-of-sin-x-from-0-to-pi,"sin(x)","sin(xfrom^0topi)"
derivative-of-x2-y2-25,"x^2+y^2=25","x^2y^225"
derivative-of-sin-xy-x,"sin(x*y)=x","sin(xyx)"
partial-derivative-of-x2y-xy2,"x^2*y + x*y^2","(parser returned null)"
partial-derivative-of-sin-xy,"sin(x*y)","(parser returned null)"
integral-of-x-cos-x2,"x*cos(x^2)","xcosx^2"
integral-of-2x-x2-1,"2*x/(x^2+1)","2xx^21"
derivative-of-x2-by-definition,"x^2","x^2bydefinition"
derivative-of-3x-by-definition,"3*x","3xbydefinition"
derivative-of-e-x,"e^x","ex"
derivative-of-2-x,"2^x","2x"
integral-of-x-from-0-to-2,"x","xfrom^0to^2"
integral-of-x2-from-1-to-3,"x^2","x^2from^1to^3"
mvt-problem-1,"x^2","(parser returned null)"
mvt-problem-2,"x^3-x","(parser returned null)"