URL,Slug,Route source,Page type,Subtype,HTTP status,Indexable,Robots,Canonical,Self-canonical,Sitemap status,Title,H1,Meta description,SSR main content,Internal inlinks,Click depth,Orphan,Content fingerprint,Quality status
https://derivativecalculatorai.com/,,home,other,other,200,Yes,index,https://derivativecalculatorai.com/,Yes,Included,,,Yes,Partial,0,0,Unknown,,Not reviewed
https://derivativecalculatorai.com/integral,integral,integral-calculator,other,other,200,Yes,index,https://derivativecalculatorai.com/integral,Yes,Included,,,Yes,Partial,0,0,Unknown,,Not reviewed
https://derivativecalculatorai.com/limit,limit,limit-calculator,other,other,200,Yes,index,https://derivativecalculatorai.com/limit,Yes,Included,,,Yes,Partial,0,0,Unknown,,Not reviewed
https://derivativecalculatorai.com/ode,ode,ode-calculator,other,other,200,Yes,index,https://derivativecalculatorai.com/ode,Yes,Included,,,Yes,Partial,0,0,Unknown,,Not reviewed
https://derivativecalculatorai.com/matrix,matrix,matrix-calculator,other,other,200,Yes,index,https://derivativecalculatorai.com/matrix,Yes,Included,,,Yes,Partial,0,0,Unknown,,Not reviewed
https://derivativecalculatorai.com/calculators,calculators,hub,other,other,200,Yes,index,https://derivativecalculatorai.com/calculators,Yes,Included,,,Yes,Partial,0,0,Unknown,,Not reviewed
https://derivativecalculatorai.com/problems,problems,hub,other,other,200,Yes,index,https://derivativecalculatorai.com/problems,Yes,Included,,,Yes,Partial,0,0,Unknown,,Not reviewed
https://derivativecalculatorai.com/directory,directory,hub,other,other,200,Yes,index,https://derivativecalculatorai.com/directory,Yes,Included,,,Yes,Partial,0,0,Unknown,,Not reviewed
https://derivativecalculatorai.com/wiki,wiki,hub,other,other,200,Yes,index,https://derivativecalculatorai.com/wiki,Yes,Included,,,Yes,Partial,0,0,Unknown,,Not reviewed
https://derivativecalculatorai.com/about,about,static,other,other,200,Yes,index,https://derivativecalculatorai.com/about,Yes,Excluded,,,Yes,Partial,0,0,Unknown,,Not reviewed
https://derivativecalculatorai.com/contact,contact,static,other,other,200,Yes,index,https://derivativecalculatorai.com/contact,Yes,Excluded,,,Yes,Partial,0,0,Unknown,,Not reviewed
https://derivativecalculatorai.com/privacy,privacy,static,other,other,200,Yes,index,https://derivativecalculatorai.com/privacy,Yes,Excluded,,,Yes,Partial,0,0,Unknown,,Not reviewed
https://derivativecalculatorai.com/derivative-of-x-squared,derivative-of-x-squared,problems.json,derivative,problem,200,No,noindex,https://derivativecalculatorai.com/derivative-of-x-squared,Yes,Excluded,,,Yes,Partial,0,0,Unknown,,Not reviewed
https://derivativecalculatorai.com/derivative-of-sin-x,derivative-of-sin-x,problems.json,derivative,problem,200,No,noindex,https://derivativecalculatorai.com/derivative-of-sin-x,Yes,Excluded,,,Yes,Partial,0,0,Unknown,,Not reviewed
https://derivativecalculatorai.com/derivative-of-cos-x,derivative-of-cos-x,problems.json,derivative,problem,200,No,noindex,https://derivativecalculatorai.com/derivative-of-cos-x,Yes,Excluded,,,Yes,Partial,0,0,Unknown,,Not reviewed
https://derivativecalculatorai.com/derivative-of-tan-x,derivative-of-tan-x,problems.json,derivative,problem,200,No,noindex,https://derivativecalculatorai.com/derivative-of-tan-x,Yes,Excluded,,,Yes,Partial,0,0,Unknown,,Not reviewed
https://derivativecalculatorai.com/derivative-of-ln-x,derivative-of-ln-x,problems.json,derivative,problem,200,No,noindex,https://derivativecalculatorai.com/derivative-of-ln-x,Yes,Excluded,,,Yes,Partial,0,0,Unknown,,Not reviewed
https://derivativecalculatorai.com/derivative-of-e-to-the-x,derivative-of-e-to-the-x,problems.json,derivative,problem,200,No,noindex,https://derivativecalculatorai.com/derivative-of-e-to-the-x,Yes,Excluded,,,Yes,Partial,0,0,Unknown,,Not reviewed
https://derivativecalculatorai.com/derivative-of-1-over-x,derivative-of-1-over-x,problems.json,derivative,problem,200,No,noindex,https://derivativecalculatorai.com/derivative-of-1-over-x,Yes,Excluded,,,Yes,Partial,0,0,Unknown,,Not reviewed
https://derivativecalculatorai.com/derivative-of-sqrt-x,derivative-of-sqrt-x,problems.json,derivative,problem,200,No,noindex,https://derivativecalculatorai.com/derivative-of-sqrt-x,Yes,Excluded,,,Yes,Partial,0,0,Unknown,,Not reviewed
https://derivativecalculatorai.com/derivative-of-x-cubed,derivative-of-x-cubed,problems.json,derivative,problem,200,No,noindex,https://derivativecalculatorai.com/derivative-of-x-cubed,Yes,Excluded,,,Yes,Partial,0,0,Unknown,,Not reviewed
https://derivativecalculatorai.com/derivative-of-log-x,derivative-of-log-x,problems.json,derivative,problem,200,Yes,index,https://derivativecalculatorai.com/derivative-of-log-x,Yes,Excluded,,,Yes,Partial,0,0,Unknown,,Not reviewed
https://derivativecalculatorai.com/derivative-of-sec-x,derivative-of-sec-x,problems.json,derivative,problem,200,Yes,index,https://derivativecalculatorai.com/derivative-of-sec-x,Yes,Excluded,,,Yes,Partial,0,0,Unknown,,Not reviewed
https://derivativecalculatorai.com/derivative-of-csc-x,derivative-of-csc-x,problems.json,derivative,problem,200,Yes,index,https://derivativecalculatorai.com/derivative-of-csc-x,Yes,Excluded,,,Yes,Partial,0,0,Unknown,,Not reviewed
https://derivativecalculatorai.com/derivative-of-cot-x,derivative-of-cot-x,problems.json,derivative,problem,200,Yes,index,https://derivativecalculatorai.com/derivative-of-cot-x,Yes,Excluded,,,Yes,Partial,0,0,Unknown,,Not reviewed
https://derivativecalculatorai.com/derivative-of-arcsin-x,derivative-of-arcsin-x,problems.json,derivative,problem,200,Yes,index,https://derivativecalculatorai.com/derivative-of-arcsin-x,Yes,Excluded,,,Yes,Partial,0,0,Unknown,,Not reviewed
https://derivativecalculatorai.com/derivative-of-arccos-x,derivative-of-arccos-x,problems.json,derivative,problem,200,Yes,index,https://derivativecalculatorai.com/derivative-of-arccos-x,Yes,Excluded,,,Yes,Partial,0,0,Unknown,,Not reviewed
https://derivativecalculatorai.com/derivative-of-arctan-x,derivative-of-arctan-x,problems.json,derivative,problem,200,Yes,index,https://derivativecalculatorai.com/derivative-of-arctan-x,Yes,Excluded,,,Yes,Partial,0,0,Unknown,,Not reviewed
https://derivativecalculatorai.com/derivative-of-2x,derivative-of-2x,problems.json,derivative,problem,200,No,noindex,https://derivativecalculatorai.com/derivative-of-2x,Yes,Excluded,,,Yes,Partial,0,0,Unknown,,Not reviewed
https://derivativecalculatorai.com/derivative-of-3x-squared,derivative-of-3x-squared,problems.json,derivative,problem,200,No,noindex,https://derivativecalculatorai.com/derivative-of-3x-squared,Yes,Excluded,,,Yes,Partial,0,0,Unknown,,Not reviewed
https://derivativecalculatorai.com/derivative-of-e-to-the-2x,derivative-of-e-to-the-2x,problems.json,derivative,problem,200,Yes,index,https://derivativecalculatorai.com/derivative-of-e-to-the-2x,Yes,Excluded,,,Yes,Partial,0,0,Unknown,,Not reviewed
https://derivativecalculatorai.com/derivative-of-sin-2x,derivative-of-sin-2x,problems.json,derivative,problem,200,No,noindex,https://derivativecalculatorai.com/derivative-of-sin-2x,Yes,Excluded,,,Yes,Partial,0,0,Unknown,,Not reviewed
https://derivativecalculatorai.com/derivative-of-cos-2x,derivative-of-cos-2x,problems.json,derivative,problem,200,No,noindex,https://derivativecalculatorai.com/derivative-of-cos-2x,Yes,Excluded,,,Yes,Partial,0,0,Unknown,,Not reviewed
https://derivativecalculatorai.com/derivative-of-ln-2x,derivative-of-ln-2x,problems.json,derivative,problem,200,No,noindex,https://derivativecalculatorai.com/derivative-of-ln-2x,Yes,Excluded,,,Yes,Partial,0,0,Unknown,,Not reviewed
https://derivativecalculatorai.com/derivative-of-x-to-the-4,derivative-of-x-to-the-4,problems.json,derivative,problem,200,No,noindex,https://derivativecalculatorai.com/derivative-of-x-to-the-4,Yes,Excluded,,,Yes,Partial,0,0,Unknown,,Not reviewed
https://derivativecalculatorai.com/derivative-of-5x,derivative-of-5x,problems.json,derivative,problem,200,No,noindex,https://derivativecalculatorai.com/derivative-of-5x,Yes,Excluded,,,Yes,Partial,0,0,Unknown,,Not reviewed
https://derivativecalculatorai.com/derivative-of-minus-x,derivative-of-minus-x,problems.json,derivative,problem,200,No,noindex,https://derivativecalculatorai.com/derivative-of-minus-x,Yes,Excluded,,,Yes,Partial,0,0,Unknown,,Not reviewed
https://derivativecalculatorai.com/derivative-of-1-minus-x,derivative-of-1-minus-x,problems.json,derivative,problem,200,Yes,index,https://derivativecalculatorai.com/derivative-of-1-minus-x,Yes,Excluded,,,Yes,Partial,0,0,Unknown,,Not reviewed
https://derivativecalculatorai.com/derivative-of-x-plus-1,derivative-of-x-plus-1,problems.json,derivative,problem,200,Yes,index,https://derivativecalculatorai.com/derivative-of-x-plus-1,Yes,Excluded,,,Yes,Partial,0,0,Unknown,,Not reviewed
https://derivativecalculatorai.com/derivative-of-x-squared-plus-1,derivative-of-x-squared-plus-1,problems.json,derivative,problem,200,Yes,index,https://derivativecalculatorai.com/derivative-of-x-squared-plus-1,Yes,Excluded,,,Yes,Partial,0,0,Unknown,,Not reviewed
https://derivativecalculatorai.com/derivative-of-x-squared-minus-1,derivative-of-x-squared-minus-1,problems.json,derivative,problem,200,Yes,index,https://derivativecalculatorai.com/derivative-of-x-squared-minus-1,Yes,Excluded,,,Yes,Partial,0,0,Unknown,,Not reviewed
https://derivativecalculatorai.com/derivative-of-1-over-x-squared,derivative-of-1-over-x-squared,problems.json,derivative,problem,200,No,noindex,https://derivativecalculatorai.com/derivative-of-1-over-x-squared,Yes,Excluded,,,Yes,Partial,0,0,Unknown,,Not reviewed
https://derivativecalculatorai.com/derivative-of-root-x,derivative-of-root-x,problems.json,derivative,problem,200,No,noindex,https://derivativecalculatorai.com/derivative-of-root-x,Yes,Excluded,,,Yes,Partial,0,0,Unknown,,Not reviewed
https://derivativecalculatorai.com/derivative-of-cbrt-x,derivative-of-cbrt-x,problems.json,derivative,problem,200,No,noindex,https://derivativecalculatorai.com/derivative-of-cbrt-x,Yes,Excluded,,,Yes,Partial,0,0,Unknown,,Not reviewed
https://derivativecalculatorai.com/derivative-of-pi,derivative-of-pi,problems.json,derivative,problem,200,Yes,index,https://derivativecalculatorai.com/derivative-of-pi,Yes,Excluded,,,Yes,Partial,0,0,Unknown,,Not reviewed
https://derivativecalculatorai.com/derivative-of-constant,derivative-of-constant,problems.json,derivative,problem,200,Yes,index,https://derivativecalculatorai.com/derivative-of-constant,Yes,Excluded,,,Yes,Partial,0,0,Unknown,,Not reviewed
https://derivativecalculatorai.com/derivative-of-x-sin-x,derivative-of-x-sin-x,problems.json,derivative,problem,200,No,noindex,https://derivativecalculatorai.com/derivative-of-x-sin-x,Yes,Excluded,,,Yes,Partial,0,0,Unknown,,Not reviewed
https://derivativecalculatorai.com/derivative-of-x-cos-x,derivative-of-x-cos-x,problems.json,derivative,problem,200,Yes,index,https://derivativecalculatorai.com/derivative-of-x-cos-x,Yes,Excluded,,,Yes,Partial,0,0,Unknown,,Not reviewed
https://derivativecalculatorai.com/derivative-of-x-e-to-the-x,derivative-of-x-e-to-the-x,problems.json,derivative,problem,200,No,noindex,https://derivativecalculatorai.com/derivative-of-x-e-to-the-x,Yes,Excluded,,,Yes,Partial,0,0,Unknown,,Not reviewed
https://derivativecalculatorai.com/derivative-of-x-ln-x,derivative-of-x-ln-x,problems.json,derivative,problem,200,Yes,index,https://derivativecalculatorai.com/derivative-of-x-ln-x,Yes,Excluded,,,Yes,Partial,0,0,Unknown,,Not reviewed
https://derivativecalculatorai.com/derivative-of-sin-squared-x,derivative-of-sin-squared-x,problems.json,derivative,problem,200,Yes,index,https://derivativecalculatorai.com/derivative-of-sin-squared-x,Yes,Excluded,,,Yes,Partial,0,0,Unknown,,Not reviewed
https://derivativecalculatorai.com/derivative-of-cos-squared-x,derivative-of-cos-squared-x,problems.json,derivative,problem,200,Yes,index,https://derivativecalculatorai.com/derivative-of-cos-squared-x,Yes,Excluded,,,Yes,Partial,0,0,Unknown,,Not reviewed
https://derivativecalculatorai.com/derivative-of-tan-squared-x,derivative-of-tan-squared-x,problems.json,derivative,problem,200,Yes,index,https://derivativecalculatorai.com/derivative-of-tan-squared-x,Yes,Excluded,,,Yes,Partial,0,0,Unknown,,Not reviewed
https://derivativecalculatorai.com/derivative-of-e-to-the-minus-x,derivative-of-e-to-the-minus-x,problems.json,derivative,problem,200,Yes,index,https://derivativecalculatorai.com/derivative-of-e-to-the-minus-x,Yes,Excluded,,,Yes,Partial,0,0,Unknown,,Not reviewed
https://derivativecalculatorai.com/derivative-of-2-to-the-x,derivative-of-2-to-the-x,problems.json,derivative,problem,200,No,noindex,https://derivativecalculatorai.com/derivative-of-2-to-the-x,Yes,Excluded,,,Yes,Partial,0,0,Unknown,,Not reviewed
https://derivativecalculatorai.com/derivative-of-10-to-the-x,derivative-of-10-to-the-x,problems.json,derivative,problem,200,No,noindex,https://derivativecalculatorai.com/derivative-of-10-to-the-x,Yes,Excluded,,,Yes,Partial,0,0,Unknown,,Not reviewed
https://derivativecalculatorai.com/derivative-of-sinh-x,derivative-of-sinh-x,problems.json,derivative,problem,200,Yes,index,https://derivativecalculatorai.com/derivative-of-sinh-x,Yes,Excluded,,,Yes,Partial,0,0,Unknown,,Not reviewed
https://derivativecalculatorai.com/derivative-of-cosh-x,derivative-of-cosh-x,problems.json,derivative,problem,200,Yes,index,https://derivativecalculatorai.com/derivative-of-cosh-x,Yes,Excluded,,,Yes,Partial,0,0,Unknown,,Not reviewed
https://derivativecalculatorai.com/derivative-of-tanh-x,derivative-of-tanh-x,problems.json,derivative,problem,200,Yes,index,https://derivativecalculatorai.com/derivative-of-tanh-x,Yes,Excluded,,,Yes,Partial,0,0,Unknown,,Not reviewed
https://derivativecalculatorai.com/derivative-of-abs-x,derivative-of-abs-x,problems.json,derivative,problem,200,Yes,index,https://derivativecalculatorai.com/derivative-of-abs-x,Yes,Excluded,,,Yes,Partial,0,0,Unknown,,Not reviewed
https://derivativecalculatorai.com/derivative-of-sign-x,derivative-of-sign-x,problems.json,derivative,problem,200,Yes,index,https://derivativecalculatorai.com/derivative-of-sign-x,Yes,Excluded,,,Yes,Partial,0,0,Unknown,,Not reviewed
https://derivativecalculatorai.com/derivative-of-floor-x,derivative-of-floor-x,problems.json,derivative,problem,200,Yes,index,https://derivativecalculatorai.com/derivative-of-floor-x,Yes,Excluded,,,Yes,Partial,0,0,Unknown,,Not reviewed
https://derivativecalculatorai.com/derivative-of-x-minus-to-minus-the-minus-2,derivative-of-x-minus-to-minus-the-minus-2,problems.json,derivative,problem,200,No,noindex,https://derivativecalculatorai.com/derivative-of-x-minus-to-minus-the-minus-2,Yes,Excluded,,,Yes,Partial,0,0,Unknown,,Not reviewed
https://derivativecalculatorai.com/derivative-of-2x-minus-to-minus-the-minus-2,derivative-of-2x-minus-to-minus-the-minus-2,problems.json,derivative,problem,200,No,noindex,https://derivativecalculatorai.com/derivative-of-2x-minus-to-minus-the-minus-2,Yes,Excluded,,,Yes,Partial,0,0,Unknown,,Not reviewed
https://derivativecalculatorai.com/derivative-of-x-minus-to-minus-the-minus-2-minus-minus-plus-minus-minus-x-minus-to-minus-the-minus-1,derivative-of-x-minus-to-minus-the-minus-2-minus-minus-plus-minus-minus-x-minus-to-minus-the-minus-1,problems.json,derivative,problem,200,No,noindex,https://derivativecalculatorai.com/derivative-of-x-minus-to-minus-the-minus-2-minus-minus-plus-minus-minus-x-minus-to-minus-the-minus-1,Yes,Excluded,,,Yes,Partial,0,0,Unknown,,Not reviewed
https://derivativecalculatorai.com/derivative-of-x-minus-to-minus-the-minus-2-minus-minus-minus-x,derivative-of-x-minus-to-minus-the-minus-2-minus-minus-minus-x,problems.json,derivative,problem,200,No,noindex,https://derivativecalculatorai.com/derivative-of-x-minus-to-minus-the-minus-2-minus-minus-minus-x,Yes,Excluded,,,Yes,Partial,0,0,Unknown,,Not reviewed
https://derivativecalculatorai.com/derivative-of-x-minus-to-minus-the-minus-3,derivative-of-x-minus-to-minus-the-minus-3,problems.json,derivative,problem,200,No,noindex,https://derivativecalculatorai.com/derivative-of-x-minus-to-minus-the-minus-3,Yes,Excluded,,,Yes,Partial,0,0,Unknown,,Not reviewed
https://derivativecalculatorai.com/derivative-of-3x-minus-to-minus-the-minus-3,derivative-of-3x-minus-to-minus-the-minus-3,problems.json,derivative,problem,200,No,noindex,https://derivativecalculatorai.com/derivative-of-3x-minus-to-minus-the-minus-3,Yes,Excluded,,,Yes,Partial,0,0,Unknown,,Not reviewed
https://derivativecalculatorai.com/derivative-of-x-minus-to-minus-the-minus-3-minus-minus-plus-minus-minus-x-minus-to-minus-the-minus-2,derivative-of-x-minus-to-minus-the-minus-3-minus-minus-plus-minus-minus-x-minus-to-minus-the-minus-2,problems.json,derivative,problem,200,No,noindex,https://derivativecalculatorai.com/derivative-of-x-minus-to-minus-the-minus-3-minus-minus-plus-minus-minus-x-minus-to-minus-the-minus-2,Yes,Excluded,,,Yes,Partial,0,0,Unknown,,Not reviewed
https://derivativecalculatorai.com/derivative-of-x-minus-to-minus-the-minus-3-minus-minus-minus-x,derivative-of-x-minus-to-minus-the-minus-3-minus-minus-minus-x,problems.json,derivative,problem,200,No,noindex,https://derivativecalculatorai.com/derivative-of-x-minus-to-minus-the-minus-3-minus-minus-minus-x,Yes,Excluded,,,Yes,Partial,0,0,Unknown,,Not reviewed
https://derivativecalculatorai.com/derivative-of-x-minus-to-minus-the-minus-4,derivative-of-x-minus-to-minus-the-minus-4,problems.json,derivative,problem,200,No,noindex,https://derivativecalculatorai.com/derivative-of-x-minus-to-minus-the-minus-4,Yes,Excluded,,,Yes,Partial,0,0,Unknown,,Not reviewed
https://derivativecalculatorai.com/derivative-of-4x-minus-to-minus-the-minus-4,derivative-of-4x-minus-to-minus-the-minus-4,problems.json,derivative,problem,200,No,noindex,https://derivativecalculatorai.com/derivative-of-4x-minus-to-minus-the-minus-4,Yes,Excluded,,,Yes,Partial,0,0,Unknown,,Not reviewed
https://derivativecalculatorai.com/derivative-of-x-minus-to-minus-the-minus-4-minus-minus-plus-minus-minus-x-minus-to-minus-the-minus-3,derivative-of-x-minus-to-minus-the-minus-4-minus-minus-plus-minus-minus-x-minus-to-minus-the-minus-3,problems.json,derivative,problem,200,No,noindex,https://derivativecalculatorai.com/derivative-of-x-minus-to-minus-the-minus-4-minus-minus-plus-minus-minus-x-minus-to-minus-the-minus-3,Yes,Excluded,,,Yes,Partial,0,0,Unknown,,Not reviewed
https://derivativecalculatorai.com/derivative-of-x-minus-to-minus-the-minus-4-minus-minus-minus-x,derivative-of-x-minus-to-minus-the-minus-4-minus-minus-minus-x,problems.json,derivative,problem,200,No,noindex,https://derivativecalculatorai.com/derivative-of-x-minus-to-minus-the-minus-4-minus-minus-minus-x,Yes,Excluded,,,Yes,Partial,0,0,Unknown,,Not reviewed
https://derivativecalculatorai.com/derivative-of-x-minus-to-minus-the-minus-5,derivative-of-x-minus-to-minus-the-minus-5,problems.json,derivative,problem,200,Yes,index,https://derivativecalculatorai.com/derivative-of-x-minus-to-minus-the-minus-5,Yes,Excluded,,,Yes,Partial,0,0,Unknown,,Not reviewed
https://derivativecalculatorai.com/derivative-of-5x-minus-to-minus-the-minus-5,derivative-of-5x-minus-to-minus-the-minus-5,problems.json,derivative,problem,200,Yes,index,https://derivativecalculatorai.com/derivative-of-5x-minus-to-minus-the-minus-5,Yes,Excluded,,,Yes,Partial,0,0,Unknown,,Not reviewed
https://derivativecalculatorai.com/derivative-of-x-minus-to-minus-the-minus-5-minus-minus-plus-minus-minus-x-minus-to-minus-the-minus-4,derivative-of-x-minus-to-minus-the-minus-5-minus-minus-plus-minus-minus-x-minus-to-minus-the-minus-4,problems.json,derivative,problem,200,No,noindex,https://derivativecalculatorai.com/derivative-of-x-minus-to-minus-the-minus-5-minus-minus-plus-minus-minus-x-minus-to-minus-the-minus-4,Yes,Excluded,,,Yes,Partial,0,0,Unknown,,Not reviewed
https://derivativecalculatorai.com/derivative-of-x-minus-to-minus-the-minus-5-minus-minus-minus-x,derivative-of-x-minus-to-minus-the-minus-5-minus-minus-minus-x,problems.json,derivative,problem,200,No,noindex,https://derivativecalculatorai.com/derivative-of-x-minus-to-minus-the-minus-5-minus-minus-minus-x,Yes,Excluded,,,Yes,Partial,0,0,Unknown,,Not reviewed
https://derivativecalculatorai.com/derivative-of-x-minus-to-minus-the-minus-6,derivative-of-x-minus-to-minus-the-minus-6,problems.json,derivative,problem,200,Yes,index,https://derivativecalculatorai.com/derivative-of-x-minus-to-minus-the-minus-6,Yes,Excluded,,,Yes,Partial,0,0,Unknown,,Not reviewed
https://derivativecalculatorai.com/derivative-of-6x-minus-to-minus-the-minus-6,derivative-of-6x-minus-to-minus-the-minus-6,problems.json,derivative,problem,200,Yes,index,https://derivativecalculatorai.com/derivative-of-6x-minus-to-minus-the-minus-6,Yes,Excluded,,,Yes,Partial,0,0,Unknown,,Not reviewed
https://derivativecalculatorai.com/derivative-of-x-minus-to-minus-the-minus-6-minus-minus-plus-minus-minus-x-minus-to-minus-the-minus-5,derivative-of-x-minus-to-minus-the-minus-6-minus-minus-plus-minus-minus-x-minus-to-minus-the-minus-5,problems.json,derivative,problem,200,No,noindex,https://derivativecalculatorai.com/derivative-of-x-minus-to-minus-the-minus-6-minus-minus-plus-minus-minus-x-minus-to-minus-the-minus-5,Yes,Excluded,,,Yes,Partial,0,0,Unknown,,Not reviewed
https://derivativecalculatorai.com/derivative-of-x-minus-to-minus-the-minus-6-minus-minus-minus-x,derivative-of-x-minus-to-minus-the-minus-6-minus-minus-minus-x,problems.json,derivative,problem,200,No,noindex,https://derivativecalculatorai.com/derivative-of-x-minus-to-minus-the-minus-6-minus-minus-minus-x,Yes,Excluded,,,Yes,Partial,0,0,Unknown,,Not reviewed
https://derivativecalculatorai.com/derivative-of-x-minus-to-minus-the-minus-7,derivative-of-x-minus-to-minus-the-minus-7,problems.json,derivative,problem,200,Yes,index,https://derivativecalculatorai.com/derivative-of-x-minus-to-minus-the-minus-7,Yes,Excluded,,,Yes,Partial,0,0,Unknown,,Not reviewed
https://derivativecalculatorai.com/derivative-of-7x-minus-to-minus-the-minus-7,derivative-of-7x-minus-to-minus-the-minus-7,problems.json,derivative,problem,200,Yes,index,https://derivativecalculatorai.com/derivative-of-7x-minus-to-minus-the-minus-7,Yes,Excluded,,,Yes,Partial,0,0,Unknown,,Not reviewed
https://derivativecalculatorai.com/derivative-of-x-minus-to-minus-the-minus-7-minus-minus-plus-minus-minus-x-minus-to-minus-the-minus-6,derivative-of-x-minus-to-minus-the-minus-7-minus-minus-plus-minus-minus-x-minus-to-minus-the-minus-6,problems.json,derivative,problem,200,No,noindex,https://derivativecalculatorai.com/derivative-of-x-minus-to-minus-the-minus-7-minus-minus-plus-minus-minus-x-minus-to-minus-the-minus-6,Yes,Excluded,,,Yes,Partial,0,0,Unknown,,Not reviewed
https://derivativecalculatorai.com/derivative-of-x-minus-to-minus-the-minus-7-minus-minus-minus-x,derivative-of-x-minus-to-minus-the-minus-7-minus-minus-minus-x,problems.json,derivative,problem,200,No,noindex,https://derivativecalculatorai.com/derivative-of-x-minus-to-minus-the-minus-7-minus-minus-minus-x,Yes,Excluded,,,Yes,Partial,0,0,Unknown,,Not reviewed
https://derivativecalculatorai.com/derivative-of-x-minus-to-minus-the-minus-8,derivative-of-x-minus-to-minus-the-minus-8,problems.json,derivative,problem,200,Yes,index,https://derivativecalculatorai.com/derivative-of-x-minus-to-minus-the-minus-8,Yes,Excluded,,,Yes,Partial,0,0,Unknown,,Not reviewed
https://derivativecalculatorai.com/derivative-of-8x-minus-to-minus-the-minus-8,derivative-of-8x-minus-to-minus-the-minus-8,problems.json,derivative,problem,200,Yes,index,https://derivativecalculatorai.com/derivative-of-8x-minus-to-minus-the-minus-8,Yes,Excluded,,,Yes,Partial,0,0,Unknown,,Not reviewed
https://derivativecalculatorai.com/derivative-of-x-minus-to-minus-the-minus-8-minus-minus-plus-minus-minus-x-minus-to-minus-the-minus-7,derivative-of-x-minus-to-minus-the-minus-8-minus-minus-plus-minus-minus-x-minus-to-minus-the-minus-7,problems.json,derivative,problem,200,No,noindex,https://derivativecalculatorai.com/derivative-of-x-minus-to-minus-the-minus-8-minus-minus-plus-minus-minus-x-minus-to-minus-the-minus-7,Yes,Excluded,,,Yes,Partial,0,0,Unknown,,Not reviewed
https://derivativecalculatorai.com/derivative-of-x-minus-to-minus-the-minus-8-minus-minus-minus-x,derivative-of-x-minus-to-minus-the-minus-8-minus-minus-minus-x,problems.json,derivative,problem,200,No,noindex,https://derivativecalculatorai.com/derivative-of-x-minus-to-minus-the-minus-8-minus-minus-minus-x,Yes,Excluded,,,Yes,Partial,0,0,Unknown,,Not reviewed
https://derivativecalculatorai.com/derivative-of-x-minus-to-minus-the-minus-9,derivative-of-x-minus-to-minus-the-minus-9,problems.json,derivative,problem,200,Yes,index,https://derivativecalculatorai.com/derivative-of-x-minus-to-minus-the-minus-9,Yes,Excluded,,,Yes,Partial,0,0,Unknown,,Not reviewed
https://derivativecalculatorai.com/derivative-of-9x-minus-to-minus-the-minus-9,derivative-of-9x-minus-to-minus-the-minus-9,problems.json,derivative,problem,200,Yes,index,https://derivativecalculatorai.com/derivative-of-9x-minus-to-minus-the-minus-9,Yes,Excluded,,,Yes,Partial,0,0,Unknown,,Not reviewed
https://derivativecalculatorai.com/derivative-of-x-minus-to-minus-the-minus-9-minus-minus-plus-minus-minus-x-minus-to-minus-the-minus-8,derivative-of-x-minus-to-minus-the-minus-9-minus-minus-plus-minus-minus-x-minus-to-minus-the-minus-8,problems.json,derivative,problem,200,No,noindex,https://derivativecalculatorai.com/derivative-of-x-minus-to-minus-the-minus-9-minus-minus-plus-minus-minus-x-minus-to-minus-the-minus-8,Yes,Excluded,,,Yes,Partial,0,0,Unknown,,Not reviewed
https://derivativecalculatorai.com/derivative-of-x-minus-to-minus-the-minus-9-minus-minus-minus-x,derivative-of-x-minus-to-minus-the-minus-9-minus-minus-minus-x,problems.json,derivative,problem,200,No,noindex,https://derivativecalculatorai.com/derivative-of-x-minus-to-minus-the-minus-9-minus-minus-minus-x,Yes,Excluded,,,Yes,Partial,0,0,Unknown,,Not reviewed
https://derivativecalculatorai.com/derivative-of-x-minus-to-minus-the-minus-10,derivative-of-x-minus-to-minus-the-minus-10,problems.json,derivative,problem,200,Yes,index,https://derivativecalculatorai.com/derivative-of-x-minus-to-minus-the-minus-10,Yes,Excluded,,,Yes,Partial,0,0,Unknown,,Not reviewed
https://derivativecalculatorai.com/derivative-of-10x-minus-to-minus-the-minus-10,derivative-of-10x-minus-to-minus-the-minus-10,problems.json,derivative,problem,200,Yes,index,https://derivativecalculatorai.com/derivative-of-10x-minus-to-minus-the-minus-10,Yes,Excluded,,,Yes,Partial,0,0,Unknown,,Not reviewed
https://derivativecalculatorai.com/derivative-of-x-minus-to-minus-the-minus-10-minus-minus-plus-minus-minus-x-minus-to-minus-the-minus-9,derivative-of-x-minus-to-minus-the-minus-10-minus-minus-plus-minus-minus-x-minus-to-minus-the-minus-9,problems.json,derivative,problem,200,No,noindex,https://derivativecalculatorai.com/derivative-of-x-minus-to-minus-the-minus-10-minus-minus-plus-minus-minus-x-minus-to-minus-the-minus-9,Yes,Excluded,,,Yes,Partial,0,0,Unknown,,Not reviewed
https://derivativecalculatorai.com/derivative-of-x-minus-to-minus-the-minus-10-minus-minus-minus-x,derivative-of-x-minus-to-minus-the-minus-10-minus-minus-minus-x,problems.json,derivative,problem,200,No,noindex,https://derivativecalculatorai.com/derivative-of-x-minus-to-minus-the-minus-10-minus-minus-minus-x,Yes,Excluded,,,Yes,Partial,0,0,Unknown,,Not reviewed
https://derivativecalculatorai.com/derivative-of-x-minus-to-minus-the-minus-11,derivative-of-x-minus-to-minus-the-minus-11,problems.json,derivative,problem,200,Yes,index,https://derivativecalculatorai.com/derivative-of-x-minus-to-minus-the-minus-11,Yes,Excluded,,,Yes,Partial,0,0,Unknown,,Not reviewed
https://derivativecalculatorai.com/derivative-of-11x-minus-to-minus-the-minus-11,derivative-of-11x-minus-to-minus-the-minus-11,problems.json,derivative,problem,200,Yes,index,https://derivativecalculatorai.com/derivative-of-11x-minus-to-minus-the-minus-11,Yes,Excluded,,,Yes,Partial,0,0,Unknown,,Not reviewed
https://derivativecalculatorai.com/derivative-of-x-minus-to-minus-the-minus-11-minus-minus-plus-minus-minus-x-minus-to-minus-the-minus-10,derivative-of-x-minus-to-minus-the-minus-11-minus-minus-plus-minus-minus-x-minus-to-minus-the-minus-10,problems.json,derivative,problem,200,No,noindex,https://derivativecalculatorai.com/derivative-of-x-minus-to-minus-the-minus-11-minus-minus-plus-minus-minus-x-minus-to-minus-the-minus-10,Yes,Excluded,,,Yes,Partial,0,0,Unknown,,Not reviewed
https://derivativecalculatorai.com/derivative-of-x-minus-to-minus-the-minus-11-minus-minus-minus-x,derivative-of-x-minus-to-minus-the-minus-11-minus-minus-minus-x,problems.json,derivative,problem,200,No,noindex,https://derivativecalculatorai.com/derivative-of-x-minus-to-minus-the-minus-11-minus-minus-minus-x,Yes,Excluded,,,Yes,Partial,0,0,Unknown,,Not reviewed
https://derivativecalculatorai.com/derivative-of-x-minus-to-minus-the-minus-12,derivative-of-x-minus-to-minus-the-minus-12,problems.json,derivative,problem,200,Yes,index,https://derivativecalculatorai.com/derivative-of-x-minus-to-minus-the-minus-12,Yes,Excluded,,,Yes,Partial,0,0,Unknown,,Not reviewed
https://derivativecalculatorai.com/derivative-of-12x-minus-to-minus-the-minus-12,derivative-of-12x-minus-to-minus-the-minus-12,problems.json,derivative,problem,200,Yes,index,https://derivativecalculatorai.com/derivative-of-12x-minus-to-minus-the-minus-12,Yes,Excluded,,,Yes,Partial,0,0,Unknown,,Not reviewed
https://derivativecalculatorai.com/derivative-of-x-minus-to-minus-the-minus-12-minus-minus-plus-minus-minus-x-minus-to-minus-the-minus-11,derivative-of-x-minus-to-minus-the-minus-12-minus-minus-plus-minus-minus-x-minus-to-minus-the-minus-11,problems.json,derivative,problem,200,No,noindex,https://derivativecalculatorai.com/derivative-of-x-minus-to-minus-the-minus-12-minus-minus-plus-minus-minus-x-minus-to-minus-the-minus-11,Yes,Excluded,,,Yes,Partial,0,0,Unknown,,Not reviewed
https://derivativecalculatorai.com/derivative-of-x-minus-to-minus-the-minus-12-minus-minus-minus-x,derivative-of-x-minus-to-minus-the-minus-12-minus-minus-minus-x,problems.json,derivative,problem,200,No,noindex,https://derivativecalculatorai.com/derivative-of-x-minus-to-minus-the-minus-12-minus-minus-minus-x,Yes,Excluded,,,Yes,Partial,0,0,Unknown,,Not reviewed
https://derivativecalculatorai.com/derivative-of-x-minus-to-minus-the-minus-13,derivative-of-x-minus-to-minus-the-minus-13,problems.json,derivative,problem,200,Yes,index,https://derivativecalculatorai.com/derivative-of-x-minus-to-minus-the-minus-13,Yes,Excluded,,,Yes,Partial,0,0,Unknown,,Not reviewed
https://derivativecalculatorai.com/derivative-of-13x-minus-to-minus-the-minus-13,derivative-of-13x-minus-to-minus-the-minus-13,problems.json,derivative,problem,200,Yes,index,https://derivativecalculatorai.com/derivative-of-13x-minus-to-minus-the-minus-13,Yes,Excluded,,,Yes,Partial,0,0,Unknown,,Not reviewed
https://derivativecalculatorai.com/derivative-of-x-minus-to-minus-the-minus-13-minus-minus-plus-minus-minus-x-minus-to-minus-the-minus-12,derivative-of-x-minus-to-minus-the-minus-13-minus-minus-plus-minus-minus-x-minus-to-minus-the-minus-12,problems.json,derivative,problem,200,No,noindex,https://derivativecalculatorai.com/derivative-of-x-minus-to-minus-the-minus-13-minus-minus-plus-minus-minus-x-minus-to-minus-the-minus-12,Yes,Excluded,,,Yes,Partial,0,0,Unknown,,Not reviewed
https://derivativecalculatorai.com/derivative-of-x-minus-to-minus-the-minus-13-minus-minus-minus-x,derivative-of-x-minus-to-minus-the-minus-13-minus-minus-minus-x,problems.json,derivative,problem,200,No,noindex,https://derivativecalculatorai.com/derivative-of-x-minus-to-minus-the-minus-13-minus-minus-minus-x,Yes,Excluded,,,Yes,Partial,0,0,Unknown,,Not reviewed
https://derivativecalculatorai.com/derivative-of-x-minus-to-minus-the-minus-14,derivative-of-x-minus-to-minus-the-minus-14,problems.json,derivative,problem,200,Yes,index,https://derivativecalculatorai.com/derivative-of-x-minus-to-minus-the-minus-14,Yes,Excluded,,,Yes,Partial,0,0,Unknown,,Not reviewed
https://derivativecalculatorai.com/derivative-of-14x-minus-to-minus-the-minus-14,derivative-of-14x-minus-to-minus-the-minus-14,problems.json,derivative,problem,200,Yes,index,https://derivativecalculatorai.com/derivative-of-14x-minus-to-minus-the-minus-14,Yes,Excluded,,,Yes,Partial,0,0,Unknown,,Not reviewed
https://derivativecalculatorai.com/derivative-of-x-minus-to-minus-the-minus-14-minus-minus-plus-minus-minus-x-minus-to-minus-the-minus-13,derivative-of-x-minus-to-minus-the-minus-14-minus-minus-plus-minus-minus-x-minus-to-minus-the-minus-13,problems.json,derivative,problem,200,No,noindex,https://derivativecalculatorai.com/derivative-of-x-minus-to-minus-the-minus-14-minus-minus-plus-minus-minus-x-minus-to-minus-the-minus-13,Yes,Excluded,,,Yes,Partial,0,0,Unknown,,Not reviewed
https://derivativecalculatorai.com/derivative-of-x-minus-to-minus-the-minus-14-minus-minus-minus-x,derivative-of-x-minus-to-minus-the-minus-14-minus-minus-minus-x,problems.json,derivative,problem,200,No,noindex,https://derivativecalculatorai.com/derivative-of-x-minus-to-minus-the-minus-14-minus-minus-minus-x,Yes,Excluded,,,Yes,Partial,0,0,Unknown,,Not reviewed
https://derivativecalculatorai.com/derivative-of-x-minus-to-minus-the-minus-15,derivative-of-x-minus-to-minus-the-minus-15,problems.json,derivative,problem,200,Yes,index,https://derivativecalculatorai.com/derivative-of-x-minus-to-minus-the-minus-15,Yes,Excluded,,,Yes,Partial,0,0,Unknown,,Not reviewed
https://derivativecalculatorai.com/derivative-of-15x-minus-to-minus-the-minus-15,derivative-of-15x-minus-to-minus-the-minus-15,problems.json,derivative,problem,200,Yes,index,https://derivativecalculatorai.com/derivative-of-15x-minus-to-minus-the-minus-15,Yes,Excluded,,,Yes,Partial,0,0,Unknown,,Not reviewed
https://derivativecalculatorai.com/derivative-of-x-minus-to-minus-the-minus-15-minus-minus-plus-minus-minus-x-minus-to-minus-the-minus-14,derivative-of-x-minus-to-minus-the-minus-15-minus-minus-plus-minus-minus-x-minus-to-minus-the-minus-14,problems.json,derivative,problem,200,No,noindex,https://derivativecalculatorai.com/derivative-of-x-minus-to-minus-the-minus-15-minus-minus-plus-minus-minus-x-minus-to-minus-the-minus-14,Yes,Excluded,,,Yes,Partial,0,0,Unknown,,Not reviewed
https://derivativecalculatorai.com/derivative-of-x-minus-to-minus-the-minus-15-minus-minus-minus-x,derivative-of-x-minus-to-minus-the-minus-15-minus-minus-minus-x,problems.json,derivative,problem,200,No,noindex,https://derivativecalculatorai.com/derivative-of-x-minus-to-minus-the-minus-15-minus-minus-minus-x,Yes,Excluded,,,Yes,Partial,0,0,Unknown,,Not reviewed
https://derivativecalculatorai.com/derivative-of-x-minus-to-minus-the-minus-16,derivative-of-x-minus-to-minus-the-minus-16,problems.json,derivative,problem,200,Yes,index,https://derivativecalculatorai.com/derivative-of-x-minus-to-minus-the-minus-16,Yes,Excluded,,,Yes,Partial,0,0,Unknown,,Not reviewed
https://derivativecalculatorai.com/derivative-of-16x-minus-to-minus-the-minus-16,derivative-of-16x-minus-to-minus-the-minus-16,problems.json,derivative,problem,200,Yes,index,https://derivativecalculatorai.com/derivative-of-16x-minus-to-minus-the-minus-16,Yes,Excluded,,,Yes,Partial,0,0,Unknown,,Not reviewed
https://derivativecalculatorai.com/derivative-of-x-minus-to-minus-the-minus-16-minus-minus-plus-minus-minus-x-minus-to-minus-the-minus-15,derivative-of-x-minus-to-minus-the-minus-16-minus-minus-plus-minus-minus-x-minus-to-minus-the-minus-15,problems.json,derivative,problem,200,No,noindex,https://derivativecalculatorai.com/derivative-of-x-minus-to-minus-the-minus-16-minus-minus-plus-minus-minus-x-minus-to-minus-the-minus-15,Yes,Excluded,,,Yes,Partial,0,0,Unknown,,Not reviewed
https://derivativecalculatorai.com/derivative-of-x-minus-to-minus-the-minus-16-minus-minus-minus-x,derivative-of-x-minus-to-minus-the-minus-16-minus-minus-minus-x,problems.json,derivative,problem,200,No,noindex,https://derivativecalculatorai.com/derivative-of-x-minus-to-minus-the-minus-16-minus-minus-minus-x,Yes,Excluded,,,Yes,Partial,0,0,Unknown,,Not reviewed
https://derivativecalculatorai.com/derivative-of-x-minus-to-minus-the-minus-17,derivative-of-x-minus-to-minus-the-minus-17,problems.json,derivative,problem,200,Yes,index,https://derivativecalculatorai.com/derivative-of-x-minus-to-minus-the-minus-17,Yes,Excluded,,,Yes,Partial,0,0,Unknown,,Not reviewed
https://derivativecalculatorai.com/derivative-of-17x-minus-to-minus-the-minus-17,derivative-of-17x-minus-to-minus-the-minus-17,problems.json,derivative,problem,200,Yes,index,https://derivativecalculatorai.com/derivative-of-17x-minus-to-minus-the-minus-17,Yes,Excluded,,,Yes,Partial,0,0,Unknown,,Not reviewed
https://derivativecalculatorai.com/derivative-of-x-minus-to-minus-the-minus-17-minus-minus-plus-minus-minus-x-minus-to-minus-the-minus-16,derivative-of-x-minus-to-minus-the-minus-17-minus-minus-plus-minus-minus-x-minus-to-minus-the-minus-16,problems.json,derivative,problem,200,No,noindex,https://derivativecalculatorai.com/derivative-of-x-minus-to-minus-the-minus-17-minus-minus-plus-minus-minus-x-minus-to-minus-the-minus-16,Yes,Excluded,,,Yes,Partial,0,0,Unknown,,Not reviewed
https://derivativecalculatorai.com/derivative-of-x-minus-to-minus-the-minus-17-minus-minus-minus-x,derivative-of-x-minus-to-minus-the-minus-17-minus-minus-minus-x,problems.json,derivative,problem,200,No,noindex,https://derivativecalculatorai.com/derivative-of-x-minus-to-minus-the-minus-17-minus-minus-minus-x,Yes,Excluded,,,Yes,Partial,0,0,Unknown,,Not reviewed
https://derivativecalculatorai.com/derivative-of-x-minus-to-minus-the-minus-18,derivative-of-x-minus-to-minus-the-minus-18,problems.json,derivative,problem,200,Yes,index,https://derivativecalculatorai.com/derivative-of-x-minus-to-minus-the-minus-18,Yes,Excluded,,,Yes,Partial,0,0,Unknown,,Not reviewed
https://derivativecalculatorai.com/derivative-of-18x-minus-to-minus-the-minus-18,derivative-of-18x-minus-to-minus-the-minus-18,problems.json,derivative,problem,200,Yes,index,https://derivativecalculatorai.com/derivative-of-18x-minus-to-minus-the-minus-18,Yes,Excluded,,,Yes,Partial,0,0,Unknown,,Not reviewed
https://derivativecalculatorai.com/derivative-of-x-minus-to-minus-the-minus-18-minus-minus-plus-minus-minus-x-minus-to-minus-the-minus-17,derivative-of-x-minus-to-minus-the-minus-18-minus-minus-plus-minus-minus-x-minus-to-minus-the-minus-17,problems.json,derivative,problem,200,No,noindex,https://derivativecalculatorai.com/derivative-of-x-minus-to-minus-the-minus-18-minus-minus-plus-minus-minus-x-minus-to-minus-the-minus-17,Yes,Excluded,,,Yes,Partial,0,0,Unknown,,Not reviewed
https://derivativecalculatorai.com/derivative-of-x-minus-to-minus-the-minus-18-minus-minus-minus-x,derivative-of-x-minus-to-minus-the-minus-18-minus-minus-minus-x,problems.json,derivative,problem,200,No,noindex,https://derivativecalculatorai.com/derivative-of-x-minus-to-minus-the-minus-18-minus-minus-minus-x,Yes,Excluded,,,Yes,Partial,0,0,Unknown,,Not reviewed
https://derivativecalculatorai.com/derivative-of-x-minus-to-minus-the-minus-19,derivative-of-x-minus-to-minus-the-minus-19,problems.json,derivative,problem,200,Yes,index,https://derivativecalculatorai.com/derivative-of-x-minus-to-minus-the-minus-19,Yes,Excluded,,,Yes,Partial,0,0,Unknown,,Not reviewed
https://derivativecalculatorai.com/derivative-of-19x-minus-to-minus-the-minus-19,derivative-of-19x-minus-to-minus-the-minus-19,problems.json,derivative,problem,200,Yes,index,https://derivativecalculatorai.com/derivative-of-19x-minus-to-minus-the-minus-19,Yes,Excluded,,,Yes,Partial,0,0,Unknown,,Not reviewed
https://derivativecalculatorai.com/derivative-of-x-minus-to-minus-the-minus-19-minus-minus-plus-minus-minus-x-minus-to-minus-the-minus-18,derivative-of-x-minus-to-minus-the-minus-19-minus-minus-plus-minus-minus-x-minus-to-minus-the-minus-18,problems.json,derivative,problem,200,No,noindex,https://derivativecalculatorai.com/derivative-of-x-minus-to-minus-the-minus-19-minus-minus-plus-minus-minus-x-minus-to-minus-the-minus-18,Yes,Excluded,,,Yes,Partial,0,0,Unknown,,Not reviewed
https://derivativecalculatorai.com/derivative-of-x-minus-to-minus-the-minus-19-minus-minus-minus-x,derivative-of-x-minus-to-minus-the-minus-19-minus-minus-minus-x,problems.json,derivative,problem,200,No,noindex,https://derivativecalculatorai.com/derivative-of-x-minus-to-minus-the-minus-19-minus-minus-minus-x,Yes,Excluded,,,Yes,Partial,0,0,Unknown,,Not reviewed
https://derivativecalculatorai.com/derivative-of-x-minus-to-minus-the-minus-20,derivative-of-x-minus-to-minus-the-minus-20,problems.json,derivative,problem,200,Yes,index,https://derivativecalculatorai.com/derivative-of-x-minus-to-minus-the-minus-20,Yes,Excluded,,,Yes,Partial,0,0,Unknown,,Not reviewed
https://derivativecalculatorai.com/derivative-of-20x-minus-to-minus-the-minus-20,derivative-of-20x-minus-to-minus-the-minus-20,problems.json,derivative,problem,200,Yes,index,https://derivativecalculatorai.com/derivative-of-20x-minus-to-minus-the-minus-20,Yes,Excluded,,,Yes,Partial,0,0,Unknown,,Not reviewed
https://derivativecalculatorai.com/derivative-of-x-minus-to-minus-the-minus-20-minus-minus-plus-minus-minus-x-minus-to-minus-the-minus-19,derivative-of-x-minus-to-minus-the-minus-20-minus-minus-plus-minus-minus-x-minus-to-minus-the-minus-19,problems.json,derivative,problem,200,No,noindex,https://derivativecalculatorai.com/derivative-of-x-minus-to-minus-the-minus-20-minus-minus-plus-minus-minus-x-minus-to-minus-the-minus-19,Yes,Excluded,,,Yes,Partial,0,0,Unknown,,Not reviewed
https://derivativecalculatorai.com/derivative-of-x-minus-to-minus-the-minus-20-minus-minus-minus-x,derivative-of-x-minus-to-minus-the-minus-20-minus-minus-minus-x,problems.json,derivative,problem,200,No,noindex,https://derivativecalculatorai.com/derivative-of-x-minus-to-minus-the-minus-20-minus-minus-minus-x,Yes,Excluded,,,Yes,Partial,0,0,Unknown,,Not reviewed
https://derivativecalculatorai.com/derivative-of-sin2x,derivative-of-sin2x,problems.json,derivative,problem,200,No,noindex,https://derivativecalculatorai.com/derivative-of-sin2x,Yes,Excluded,,,Yes,Partial,0,0,Unknown,,Not reviewed
https://derivativecalculatorai.com/derivative-of-cos2x,derivative-of-cos2x,problems.json,derivative,problem,200,No,noindex,https://derivativecalculatorai.com/derivative-of-cos2x,Yes,Excluded,,,Yes,Partial,0,0,Unknown,,Not reviewed
https://derivativecalculatorai.com/derivative-of-tan2x,derivative-of-tan2x,problems.json,derivative,problem,200,Yes,index,https://derivativecalculatorai.com/derivative-of-tan2x,Yes,Excluded,,,Yes,Partial,0,0,Unknown,,Not reviewed
https://derivativecalculatorai.com/derivative-of-2sinx,derivative-of-2sinx,problems.json,derivative,problem,200,No,noindex,https://derivativecalculatorai.com/derivative-of-2sinx,Yes,Excluded,,,Yes,Partial,0,0,Unknown,,Not reviewed
https://derivativecalculatorai.com/derivative-of-2cosx,derivative-of-2cosx,problems.json,derivative,problem,200,No,noindex,https://derivativecalculatorai.com/derivative-of-2cosx,Yes,Excluded,,,Yes,Partial,0,0,Unknown,,Not reviewed
https://derivativecalculatorai.com/derivative-of-sin3x,derivative-of-sin3x,problems.json,derivative,problem,200,Yes,index,https://derivativecalculatorai.com/derivative-of-sin3x,Yes,Excluded,,,Yes,Partial,0,0,Unknown,,Not reviewed
https://derivativecalculatorai.com/derivative-of-cos3x,derivative-of-cos3x,problems.json,derivative,problem,200,Yes,index,https://derivativecalculatorai.com/derivative-of-cos3x,Yes,Excluded,,,Yes,Partial,0,0,Unknown,,Not reviewed
https://derivativecalculatorai.com/derivative-of-tan3x,derivative-of-tan3x,problems.json,derivative,problem,200,Yes,index,https://derivativecalculatorai.com/derivative-of-tan3x,Yes,Excluded,,,Yes,Partial,0,0,Unknown,,Not reviewed
https://derivativecalculatorai.com/derivative-of-3sinx,derivative-of-3sinx,problems.json,derivative,problem,200,No,noindex,https://derivativecalculatorai.com/derivative-of-3sinx,Yes,Excluded,,,Yes,Partial,0,0,Unknown,,Not reviewed
https://derivativecalculatorai.com/derivative-of-3cosx,derivative-of-3cosx,problems.json,derivative,problem,200,No,noindex,https://derivativecalculatorai.com/derivative-of-3cosx,Yes,Excluded,,,Yes,Partial,0,0,Unknown,,Not reviewed
https://derivativecalculatorai.com/derivative-of-sin4x,derivative-of-sin4x,problems.json,derivative,problem,200,Yes,index,https://derivativecalculatorai.com/derivative-of-sin4x,Yes,Excluded,,,Yes,Partial,0,0,Unknown,,Not reviewed
https://derivativecalculatorai.com/derivative-of-cos4x,derivative-of-cos4x,problems.json,derivative,problem,200,Yes,index,https://derivativecalculatorai.com/derivative-of-cos4x,Yes,Excluded,,,Yes,Partial,0,0,Unknown,,Not reviewed
https://derivativecalculatorai.com/derivative-of-tan4x,derivative-of-tan4x,problems.json,derivative,problem,200,Yes,index,https://derivativecalculatorai.com/derivative-of-tan4x,Yes,Excluded,,,Yes,Partial,0,0,Unknown,,Not reviewed
https://derivativecalculatorai.com/derivative-of-4sinx,derivative-of-4sinx,problems.json,derivative,problem,200,No,noindex,https://derivativecalculatorai.com/derivative-of-4sinx,Yes,Excluded,,,Yes,Partial,0,0,Unknown,,Not reviewed
https://derivativecalculatorai.com/derivative-of-4cosx,derivative-of-4cosx,problems.json,derivative,problem,200,No,noindex,https://derivativecalculatorai.com/derivative-of-4cosx,Yes,Excluded,,,Yes,Partial,0,0,Unknown,,Not reviewed
https://derivativecalculatorai.com/derivative-of-sin5x,derivative-of-sin5x,problems.json,derivative,problem,200,Yes,index,https://derivativecalculatorai.com/derivative-of-sin5x,Yes,Excluded,,,Yes,Partial,0,0,Unknown,,Not reviewed
https://derivativecalculatorai.com/derivative-of-cos5x,derivative-of-cos5x,problems.json,derivative,problem,200,Yes,index,https://derivativecalculatorai.com/derivative-of-cos5x,Yes,Excluded,,,Yes,Partial,0,0,Unknown,,Not reviewed
https://derivativecalculatorai.com/derivative-of-tan5x,derivative-of-tan5x,problems.json,derivative,problem,200,Yes,index,https://derivativecalculatorai.com/derivative-of-tan5x,Yes,Excluded,,,Yes,Partial,0,0,Unknown,,Not reviewed
https://derivativecalculatorai.com/derivative-of-5sinx,derivative-of-5sinx,problems.json,derivative,problem,200,No,noindex,https://derivativecalculatorai.com/derivative-of-5sinx,Yes,Excluded,,,Yes,Partial,0,0,Unknown,,Not reviewed
https://derivativecalculatorai.com/derivative-of-5cosx,derivative-of-5cosx,problems.json,derivative,problem,200,No,noindex,https://derivativecalculatorai.com/derivative-of-5cosx,Yes,Excluded,,,Yes,Partial,0,0,Unknown,,Not reviewed
https://derivativecalculatorai.com/derivative-of-sin6x,derivative-of-sin6x,problems.json,derivative,problem,200,Yes,index,https://derivativecalculatorai.com/derivative-of-sin6x,Yes,Excluded,,,Yes,Partial,0,0,Unknown,,Not reviewed
https://derivativecalculatorai.com/derivative-of-cos6x,derivative-of-cos6x,problems.json,derivative,problem,200,Yes,index,https://derivativecalculatorai.com/derivative-of-cos6x,Yes,Excluded,,,Yes,Partial,0,0,Unknown,,Not reviewed
https://derivativecalculatorai.com/derivative-of-tan6x,derivative-of-tan6x,problems.json,derivative,problem,200,Yes,index,https://derivativecalculatorai.com/derivative-of-tan6x,Yes,Excluded,,,Yes,Partial,0,0,Unknown,,Not reviewed
https://derivativecalculatorai.com/derivative-of-6sinx,derivative-of-6sinx,problems.json,derivative,problem,200,Yes,index,https://derivativecalculatorai.com/derivative-of-6sinx,Yes,Excluded,,,Yes,Partial,0,0,Unknown,,Not reviewed
https://derivativecalculatorai.com/derivative-of-6cosx,derivative-of-6cosx,problems.json,derivative,problem,200,Yes,index,https://derivativecalculatorai.com/derivative-of-6cosx,Yes,Excluded,,,Yes,Partial,0,0,Unknown,,Not reviewed
https://derivativecalculatorai.com/derivative-of-sin7x,derivative-of-sin7x,problems.json,derivative,problem,200,Yes,index,https://derivativecalculatorai.com/derivative-of-sin7x,Yes,Excluded,,,Yes,Partial,0,0,Unknown,,Not reviewed
https://derivativecalculatorai.com/derivative-of-cos7x,derivative-of-cos7x,problems.json,derivative,problem,200,Yes,index,https://derivativecalculatorai.com/derivative-of-cos7x,Yes,Excluded,,,Yes,Partial,0,0,Unknown,,Not reviewed
https://derivativecalculatorai.com/derivative-of-tan7x,derivative-of-tan7x,problems.json,derivative,problem,200,Yes,index,https://derivativecalculatorai.com/derivative-of-tan7x,Yes,Excluded,,,Yes,Partial,0,0,Unknown,,Not reviewed
https://derivativecalculatorai.com/derivative-of-7sinx,derivative-of-7sinx,problems.json,derivative,problem,200,Yes,index,https://derivativecalculatorai.com/derivative-of-7sinx,Yes,Excluded,,,Yes,Partial,0,0,Unknown,,Not reviewed
https://derivativecalculatorai.com/derivative-of-7cosx,derivative-of-7cosx,problems.json,derivative,problem,200,Yes,index,https://derivativecalculatorai.com/derivative-of-7cosx,Yes,Excluded,,,Yes,Partial,0,0,Unknown,,Not reviewed
https://derivativecalculatorai.com/derivative-of-sin8x,derivative-of-sin8x,problems.json,derivative,problem,200,Yes,index,https://derivativecalculatorai.com/derivative-of-sin8x,Yes,Excluded,,,Yes,Partial,0,0,Unknown,,Not reviewed
https://derivativecalculatorai.com/derivative-of-cos8x,derivative-of-cos8x,problems.json,derivative,problem,200,Yes,index,https://derivativecalculatorai.com/derivative-of-cos8x,Yes,Excluded,,,Yes,Partial,0,0,Unknown,,Not reviewed
https://derivativecalculatorai.com/derivative-of-tan8x,derivative-of-tan8x,problems.json,derivative,problem,200,Yes,index,https://derivativecalculatorai.com/derivative-of-tan8x,Yes,Excluded,,,Yes,Partial,0,0,Unknown,,Not reviewed
https://derivativecalculatorai.com/derivative-of-8sinx,derivative-of-8sinx,problems.json,derivative,problem,200,Yes,index,https://derivativecalculatorai.com/derivative-of-8sinx,Yes,Excluded,,,Yes,Partial,0,0,Unknown,,Not reviewed
https://derivativecalculatorai.com/derivative-of-8cosx,derivative-of-8cosx,problems.json,derivative,problem,200,Yes,index,https://derivativecalculatorai.com/derivative-of-8cosx,Yes,Excluded,,,Yes,Partial,0,0,Unknown,,Not reviewed
https://derivativecalculatorai.com/derivative-of-sin9x,derivative-of-sin9x,problems.json,derivative,problem,200,Yes,index,https://derivativecalculatorai.com/derivative-of-sin9x,Yes,Excluded,,,Yes,Partial,0,0,Unknown,,Not reviewed
https://derivativecalculatorai.com/derivative-of-cos9x,derivative-of-cos9x,problems.json,derivative,problem,200,Yes,index,https://derivativecalculatorai.com/derivative-of-cos9x,Yes,Excluded,,,Yes,Partial,0,0,Unknown,,Not reviewed
https://derivativecalculatorai.com/derivative-of-tan9x,derivative-of-tan9x,problems.json,derivative,problem,200,Yes,index,https://derivativecalculatorai.com/derivative-of-tan9x,Yes,Excluded,,,Yes,Partial,0,0,Unknown,,Not reviewed
https://derivativecalculatorai.com/derivative-of-9sinx,derivative-of-9sinx,problems.json,derivative,problem,200,Yes,index,https://derivativecalculatorai.com/derivative-of-9sinx,Yes,Excluded,,,Yes,Partial,0,0,Unknown,,Not reviewed
https://derivativecalculatorai.com/derivative-of-9cosx,derivative-of-9cosx,problems.json,derivative,problem,200,Yes,index,https://derivativecalculatorai.com/derivative-of-9cosx,Yes,Excluded,,,Yes,Partial,0,0,Unknown,,Not reviewed
https://derivativecalculatorai.com/derivative-of-sin10x,derivative-of-sin10x,problems.json,derivative,problem,200,Yes,index,https://derivativecalculatorai.com/derivative-of-sin10x,Yes,Excluded,,,Yes,Partial,0,0,Unknown,,Not reviewed
https://derivativecalculatorai.com/derivative-of-cos10x,derivative-of-cos10x,problems.json,derivative,problem,200,Yes,index,https://derivativecalculatorai.com/derivative-of-cos10x,Yes,Excluded,,,Yes,Partial,0,0,Unknown,,Not reviewed
https://derivativecalculatorai.com/derivative-of-tan10x,derivative-of-tan10x,problems.json,derivative,problem,200,Yes,index,https://derivativecalculatorai.com/derivative-of-tan10x,Yes,Excluded,,,Yes,Partial,0,0,Unknown,,Not reviewed
https://derivativecalculatorai.com/derivative-of-10sinx,derivative-of-10sinx,problems.json,derivative,problem,200,Yes,index,https://derivativecalculatorai.com/derivative-of-10sinx,Yes,Excluded,,,Yes,Partial,0,0,Unknown,,Not reviewed
https://derivativecalculatorai.com/derivative-of-10cosx,derivative-of-10cosx,problems.json,derivative,problem,200,Yes,index,https://derivativecalculatorai.com/derivative-of-10cosx,Yes,Excluded,,,Yes,Partial,0,0,Unknown,,Not reviewed
https://derivativecalculatorai.com/derivative-of-sin11x,derivative-of-sin11x,problems.json,derivative,problem,200,Yes,index,https://derivativecalculatorai.com/derivative-of-sin11x,Yes,Excluded,,,Yes,Partial,0,0,Unknown,,Not reviewed
https://derivativecalculatorai.com/derivative-of-cos11x,derivative-of-cos11x,problems.json,derivative,problem,200,Yes,index,https://derivativecalculatorai.com/derivative-of-cos11x,Yes,Excluded,,,Yes,Partial,0,0,Unknown,,Not reviewed
https://derivativecalculatorai.com/derivative-of-tan11x,derivative-of-tan11x,problems.json,derivative,problem,200,Yes,index,https://derivativecalculatorai.com/derivative-of-tan11x,Yes,Excluded,,,Yes,Partial,0,0,Unknown,,Not reviewed
https://derivativecalculatorai.com/derivative-of-11sinx,derivative-of-11sinx,problems.json,derivative,problem,200,Yes,index,https://derivativecalculatorai.com/derivative-of-11sinx,Yes,Excluded,,,Yes,Partial,0,0,Unknown,,Not reviewed
https://derivativecalculatorai.com/derivative-of-11cosx,derivative-of-11cosx,problems.json,derivative,problem,200,Yes,index,https://derivativecalculatorai.com/derivative-of-11cosx,Yes,Excluded,,,Yes,Partial,0,0,Unknown,,Not reviewed
https://derivativecalculatorai.com/derivative-of-sin12x,derivative-of-sin12x,problems.json,derivative,problem,200,Yes,index,https://derivativecalculatorai.com/derivative-of-sin12x,Yes,Excluded,,,Yes,Partial,0,0,Unknown,,Not reviewed
https://derivativecalculatorai.com/derivative-of-cos12x,derivative-of-cos12x,problems.json,derivative,problem,200,Yes,index,https://derivativecalculatorai.com/derivative-of-cos12x,Yes,Excluded,,,Yes,Partial,0,0,Unknown,,Not reviewed
https://derivativecalculatorai.com/derivative-of-tan12x,derivative-of-tan12x,problems.json,derivative,problem,200,Yes,index,https://derivativecalculatorai.com/derivative-of-tan12x,Yes,Excluded,,,Yes,Partial,0,0,Unknown,,Not reviewed
https://derivativecalculatorai.com/derivative-of-12sinx,derivative-of-12sinx,problems.json,derivative,problem,200,Yes,index,https://derivativecalculatorai.com/derivative-of-12sinx,Yes,Excluded,,,Yes,Partial,0,0,Unknown,,Not reviewed
https://derivativecalculatorai.com/derivative-of-12cosx,derivative-of-12cosx,problems.json,derivative,problem,200,Yes,index,https://derivativecalculatorai.com/derivative-of-12cosx,Yes,Excluded,,,Yes,Partial,0,0,Unknown,,Not reviewed
https://derivativecalculatorai.com/derivative-of-sin13x,derivative-of-sin13x,problems.json,derivative,problem,200,Yes,index,https://derivativecalculatorai.com/derivative-of-sin13x,Yes,Excluded,,,Yes,Partial,0,0,Unknown,,Not reviewed
https://derivativecalculatorai.com/derivative-of-cos13x,derivative-of-cos13x,problems.json,derivative,problem,200,Yes,index,https://derivativecalculatorai.com/derivative-of-cos13x,Yes,Excluded,,,Yes,Partial,0,0,Unknown,,Not reviewed
https://derivativecalculatorai.com/derivative-of-tan13x,derivative-of-tan13x,problems.json,derivative,problem,200,Yes,index,https://derivativecalculatorai.com/derivative-of-tan13x,Yes,Excluded,,,Yes,Partial,0,0,Unknown,,Not reviewed
https://derivativecalculatorai.com/derivative-of-13sinx,derivative-of-13sinx,problems.json,derivative,problem,200,Yes,index,https://derivativecalculatorai.com/derivative-of-13sinx,Yes,Excluded,,,Yes,Partial,0,0,Unknown,,Not reviewed
https://derivativecalculatorai.com/derivative-of-13cosx,derivative-of-13cosx,problems.json,derivative,problem,200,Yes,index,https://derivativecalculatorai.com/derivative-of-13cosx,Yes,Excluded,,,Yes,Partial,0,0,Unknown,,Not reviewed
https://derivativecalculatorai.com/derivative-of-sin14x,derivative-of-sin14x,problems.json,derivative,problem,200,Yes,index,https://derivativecalculatorai.com/derivative-of-sin14x,Yes,Excluded,,,Yes,Partial,0,0,Unknown,,Not reviewed
https://derivativecalculatorai.com/derivative-of-cos14x,derivative-of-cos14x,problems.json,derivative,problem,200,Yes,index,https://derivativecalculatorai.com/derivative-of-cos14x,Yes,Excluded,,,Yes,Partial,0,0,Unknown,,Not reviewed
https://derivativecalculatorai.com/derivative-of-tan14x,derivative-of-tan14x,problems.json,derivative,problem,200,Yes,index,https://derivativecalculatorai.com/derivative-of-tan14x,Yes,Excluded,,,Yes,Partial,0,0,Unknown,,Not reviewed
https://derivativecalculatorai.com/derivative-of-14sinx,derivative-of-14sinx,problems.json,derivative,problem,200,Yes,index,https://derivativecalculatorai.com/derivative-of-14sinx,Yes,Excluded,,,Yes,Partial,0,0,Unknown,,Not reviewed
https://derivativecalculatorai.com/derivative-of-14cosx,derivative-of-14cosx,problems.json,derivative,problem,200,Yes,index,https://derivativecalculatorai.com/derivative-of-14cosx,Yes,Excluded,,,Yes,Partial,0,0,Unknown,,Not reviewed
https://derivativecalculatorai.com/derivative-of-sin15x,derivative-of-sin15x,problems.json,derivative,problem,200,Yes,index,https://derivativecalculatorai.com/derivative-of-sin15x,Yes,Excluded,,,Yes,Partial,0,0,Unknown,,Not reviewed
https://derivativecalculatorai.com/derivative-of-cos15x,derivative-of-cos15x,problems.json,derivative,problem,200,Yes,index,https://derivativecalculatorai.com/derivative-of-cos15x,Yes,Excluded,,,Yes,Partial,0,0,Unknown,,Not reviewed
https://derivativecalculatorai.com/derivative-of-tan15x,derivative-of-tan15x,problems.json,derivative,problem,200,Yes,index,https://derivativecalculatorai.com/derivative-of-tan15x,Yes,Excluded,,,Yes,Partial,0,0,Unknown,,Not reviewed
https://derivativecalculatorai.com/derivative-of-15sinx,derivative-of-15sinx,problems.json,derivative,problem,200,Yes,index,https://derivativecalculatorai.com/derivative-of-15sinx,Yes,Excluded,,,Yes,Partial,0,0,Unknown,,Not reviewed
https://derivativecalculatorai.com/derivative-of-15cosx,derivative-of-15cosx,problems.json,derivative,problem,200,Yes,index,https://derivativecalculatorai.com/derivative-of-15cosx,Yes,Excluded,,,Yes,Partial,0,0,Unknown,,Not reviewed
https://derivativecalculatorai.com/derivative-of-e-minus-to-minus-the-minus-2x,derivative-of-e-minus-to-minus-the-minus-2x,problems.json,derivative,problem,200,Yes,index,https://derivativecalculatorai.com/derivative-of-e-minus-to-minus-the-minus-2x,Yes,Excluded,,,Yes,Partial,0,0,Unknown,,Not reviewed
https://derivativecalculatorai.com/derivative-of-2-minus-to-minus-the-minus-x,derivative-of-2-minus-to-minus-the-minus-x,problems.json,derivative,problem,200,No,noindex,https://derivativecalculatorai.com/derivative-of-2-minus-to-minus-the-minus-x,Yes,Excluded,,,Yes,Partial,0,0,Unknown,,Not reviewed
https://derivativecalculatorai.com/derivative-of-xe-minus-to-minus-the-minus-2x,derivative-of-xe-minus-to-minus-the-minus-2x,problems.json,derivative,problem,200,Yes,index,https://derivativecalculatorai.com/derivative-of-xe-minus-to-minus-the-minus-2x,Yes,Excluded,,,Yes,Partial,0,0,Unknown,,Not reviewed
https://derivativecalculatorai.com/derivative-of-e-minus-to-minus-the-minus-3x,derivative-of-e-minus-to-minus-the-minus-3x,problems.json,derivative,problem,200,Yes,index,https://derivativecalculatorai.com/derivative-of-e-minus-to-minus-the-minus-3x,Yes,Excluded,,,Yes,Partial,0,0,Unknown,,Not reviewed
https://derivativecalculatorai.com/derivative-of-3-minus-to-minus-the-minus-x,derivative-of-3-minus-to-minus-the-minus-x,problems.json,derivative,problem,200,Yes,index,https://derivativecalculatorai.com/derivative-of-3-minus-to-minus-the-minus-x,Yes,Excluded,,,Yes,Partial,0,0,Unknown,,Not reviewed
https://derivativecalculatorai.com/derivative-of-xe-minus-to-minus-the-minus-3x,derivative-of-xe-minus-to-minus-the-minus-3x,problems.json,derivative,problem,200,Yes,index,https://derivativecalculatorai.com/derivative-of-xe-minus-to-minus-the-minus-3x,Yes,Excluded,,,Yes,Partial,0,0,Unknown,,Not reviewed
https://derivativecalculatorai.com/derivative-of-e-minus-to-minus-the-minus-4x,derivative-of-e-minus-to-minus-the-minus-4x,problems.json,derivative,problem,200,Yes,index,https://derivativecalculatorai.com/derivative-of-e-minus-to-minus-the-minus-4x,Yes,Excluded,,,Yes,Partial,0,0,Unknown,,Not reviewed
https://derivativecalculatorai.com/derivative-of-4-minus-to-minus-the-minus-x,derivative-of-4-minus-to-minus-the-minus-x,problems.json,derivative,problem,200,Yes,index,https://derivativecalculatorai.com/derivative-of-4-minus-to-minus-the-minus-x,Yes,Excluded,,,Yes,Partial,0,0,Unknown,,Not reviewed
https://derivativecalculatorai.com/derivative-of-xe-minus-to-minus-the-minus-4x,derivative-of-xe-minus-to-minus-the-minus-4x,problems.json,derivative,problem,200,Yes,index,https://derivativecalculatorai.com/derivative-of-xe-minus-to-minus-the-minus-4x,Yes,Excluded,,,Yes,Partial,0,0,Unknown,,Not reviewed
https://derivativecalculatorai.com/derivative-of-e-minus-to-minus-the-minus-5x,derivative-of-e-minus-to-minus-the-minus-5x,problems.json,derivative,problem,200,Yes,index,https://derivativecalculatorai.com/derivative-of-e-minus-to-minus-the-minus-5x,Yes,Excluded,,,Yes,Partial,0,0,Unknown,,Not reviewed
https://derivativecalculatorai.com/derivative-of-5-minus-to-minus-the-minus-x,derivative-of-5-minus-to-minus-the-minus-x,problems.json,derivative,problem,200,Yes,index,https://derivativecalculatorai.com/derivative-of-5-minus-to-minus-the-minus-x,Yes,Excluded,,,Yes,Partial,0,0,Unknown,,Not reviewed
https://derivativecalculatorai.com/derivative-of-xe-minus-to-minus-the-minus-5x,derivative-of-xe-minus-to-minus-the-minus-5x,problems.json,derivative,problem,200,Yes,index,https://derivativecalculatorai.com/derivative-of-xe-minus-to-minus-the-minus-5x,Yes,Excluded,,,Yes,Partial,0,0,Unknown,,Not reviewed
https://derivativecalculatorai.com/derivative-of-e-minus-to-minus-the-minus-6x,derivative-of-e-minus-to-minus-the-minus-6x,problems.json,derivative,problem,200,Yes,index,https://derivativecalculatorai.com/derivative-of-e-minus-to-minus-the-minus-6x,Yes,Excluded,,,Yes,Partial,0,0,Unknown,,Not reviewed
https://derivativecalculatorai.com/derivative-of-6-minus-to-minus-the-minus-x,derivative-of-6-minus-to-minus-the-minus-x,problems.json,derivative,problem,200,Yes,index,https://derivativecalculatorai.com/derivative-of-6-minus-to-minus-the-minus-x,Yes,Excluded,,,Yes,Partial,0,0,Unknown,,Not reviewed
https://derivativecalculatorai.com/derivative-of-xe-minus-to-minus-the-minus-6x,derivative-of-xe-minus-to-minus-the-minus-6x,problems.json,derivative,problem,200,Yes,index,https://derivativecalculatorai.com/derivative-of-xe-minus-to-minus-the-minus-6x,Yes,Excluded,,,Yes,Partial,0,0,Unknown,,Not reviewed
https://derivativecalculatorai.com/derivative-of-e-minus-to-minus-the-minus-7x,derivative-of-e-minus-to-minus-the-minus-7x,problems.json,derivative,problem,200,Yes,index,https://derivativecalculatorai.com/derivative-of-e-minus-to-minus-the-minus-7x,Yes,Excluded,,,Yes,Partial,0,0,Unknown,,Not reviewed
https://derivativecalculatorai.com/derivative-of-7-minus-to-minus-the-minus-x,derivative-of-7-minus-to-minus-the-minus-x,problems.json,derivative,problem,200,Yes,index,https://derivativecalculatorai.com/derivative-of-7-minus-to-minus-the-minus-x,Yes,Excluded,,,Yes,Partial,0,0,Unknown,,Not reviewed
https://derivativecalculatorai.com/derivative-of-xe-minus-to-minus-the-minus-7x,derivative-of-xe-minus-to-minus-the-minus-7x,problems.json,derivative,problem,200,Yes,index,https://derivativecalculatorai.com/derivative-of-xe-minus-to-minus-the-minus-7x,Yes,Excluded,,,Yes,Partial,0,0,Unknown,,Not reviewed
https://derivativecalculatorai.com/derivative-of-e-minus-to-minus-the-minus-8x,derivative-of-e-minus-to-minus-the-minus-8x,problems.json,derivative,problem,200,Yes,index,https://derivativecalculatorai.com/derivative-of-e-minus-to-minus-the-minus-8x,Yes,Excluded,,,Yes,Partial,0,0,Unknown,,Not reviewed
https://derivativecalculatorai.com/derivative-of-8-minus-to-minus-the-minus-x,derivative-of-8-minus-to-minus-the-minus-x,problems.json,derivative,problem,200,Yes,index,https://derivativecalculatorai.com/derivative-of-8-minus-to-minus-the-minus-x,Yes,Excluded,,,Yes,Partial,0,0,Unknown,,Not reviewed
https://derivativecalculatorai.com/derivative-of-xe-minus-to-minus-the-minus-8x,derivative-of-xe-minus-to-minus-the-minus-8x,problems.json,derivative,problem,200,Yes,index,https://derivativecalculatorai.com/derivative-of-xe-minus-to-minus-the-minus-8x,Yes,Excluded,,,Yes,Partial,0,0,Unknown,,Not reviewed
https://derivativecalculatorai.com/derivative-of-e-minus-to-minus-the-minus-9x,derivative-of-e-minus-to-minus-the-minus-9x,problems.json,derivative,problem,200,Yes,index,https://derivativecalculatorai.com/derivative-of-e-minus-to-minus-the-minus-9x,Yes,Excluded,,,Yes,Partial,0,0,Unknown,,Not reviewed
https://derivativecalculatorai.com/derivative-of-9-minus-to-minus-the-minus-x,derivative-of-9-minus-to-minus-the-minus-x,problems.json,derivative,problem,200,Yes,index,https://derivativecalculatorai.com/derivative-of-9-minus-to-minus-the-minus-x,Yes,Excluded,,,Yes,Partial,0,0,Unknown,,Not reviewed
https://derivativecalculatorai.com/derivative-of-xe-minus-to-minus-the-minus-9x,derivative-of-xe-minus-to-minus-the-minus-9x,problems.json,derivative,problem,200,Yes,index,https://derivativecalculatorai.com/derivative-of-xe-minus-to-minus-the-minus-9x,Yes,Excluded,,,Yes,Partial,0,0,Unknown,,Not reviewed
https://derivativecalculatorai.com/derivative-of-e-minus-to-minus-the-minus-10x,derivative-of-e-minus-to-minus-the-minus-10x,problems.json,derivative,problem,200,Yes,index,https://derivativecalculatorai.com/derivative-of-e-minus-to-minus-the-minus-10x,Yes,Excluded,,,Yes,Partial,0,0,Unknown,,Not reviewed
https://derivativecalculatorai.com/derivative-of-10-minus-to-minus-the-minus-x,derivative-of-10-minus-to-minus-the-minus-x,problems.json,derivative,problem,200,No,noindex,https://derivativecalculatorai.com/derivative-of-10-minus-to-minus-the-minus-x,Yes,Excluded,,,Yes,Partial,0,0,Unknown,,Not reviewed
https://derivativecalculatorai.com/derivative-of-xe-minus-to-minus-the-minus-10x,derivative-of-xe-minus-to-minus-the-minus-10x,problems.json,derivative,problem,200,Yes,index,https://derivativecalculatorai.com/derivative-of-xe-minus-to-minus-the-minus-10x,Yes,Excluded,,,Yes,Partial,0,0,Unknown,,Not reviewed
https://derivativecalculatorai.com/derivative-of-e-minus-to-minus-the-minus-11x,derivative-of-e-minus-to-minus-the-minus-11x,problems.json,derivative,problem,200,Yes,index,https://derivativecalculatorai.com/derivative-of-e-minus-to-minus-the-minus-11x,Yes,Excluded,,,Yes,Partial,0,0,Unknown,,Not reviewed
https://derivativecalculatorai.com/derivative-of-11-minus-to-minus-the-minus-x,derivative-of-11-minus-to-minus-the-minus-x,problems.json,derivative,problem,200,Yes,index,https://derivativecalculatorai.com/derivative-of-11-minus-to-minus-the-minus-x,Yes,Excluded,,,Yes,Partial,0,0,Unknown,,Not reviewed
https://derivativecalculatorai.com/derivative-of-xe-minus-to-minus-the-minus-11x,derivative-of-xe-minus-to-minus-the-minus-11x,problems.json,derivative,problem,200,Yes,index,https://derivativecalculatorai.com/derivative-of-xe-minus-to-minus-the-minus-11x,Yes,Excluded,,,Yes,Partial,0,0,Unknown,,Not reviewed
https://derivativecalculatorai.com/derivative-of-e-minus-to-minus-the-minus-12x,derivative-of-e-minus-to-minus-the-minus-12x,problems.json,derivative,problem,200,Yes,index,https://derivativecalculatorai.com/derivative-of-e-minus-to-minus-the-minus-12x,Yes,Excluded,,,Yes,Partial,0,0,Unknown,,Not reviewed
https://derivativecalculatorai.com/derivative-of-12-minus-to-minus-the-minus-x,derivative-of-12-minus-to-minus-the-minus-x,problems.json,derivative,problem,200,Yes,index,https://derivativecalculatorai.com/derivative-of-12-minus-to-minus-the-minus-x,Yes,Excluded,,,Yes,Partial,0,0,Unknown,,Not reviewed
https://derivativecalculatorai.com/derivative-of-xe-minus-to-minus-the-minus-12x,derivative-of-xe-minus-to-minus-the-minus-12x,problems.json,derivative,problem,200,Yes,index,https://derivativecalculatorai.com/derivative-of-xe-minus-to-minus-the-minus-12x,Yes,Excluded,,,Yes,Partial,0,0,Unknown,,Not reviewed
https://derivativecalculatorai.com/derivative-of-e-minus-to-minus-the-minus-13x,derivative-of-e-minus-to-minus-the-minus-13x,problems.json,derivative,problem,200,Yes,index,https://derivativecalculatorai.com/derivative-of-e-minus-to-minus-the-minus-13x,Yes,Excluded,,,Yes,Partial,0,0,Unknown,,Not reviewed
https://derivativecalculatorai.com/derivative-of-13-minus-to-minus-the-minus-x,derivative-of-13-minus-to-minus-the-minus-x,problems.json,derivative,problem,200,Yes,index,https://derivativecalculatorai.com/derivative-of-13-minus-to-minus-the-minus-x,Yes,Excluded,,,Yes,Partial,0,0,Unknown,,Not reviewed
https://derivativecalculatorai.com/derivative-of-xe-minus-to-minus-the-minus-13x,derivative-of-xe-minus-to-minus-the-minus-13x,problems.json,derivative,problem,200,Yes,index,https://derivativecalculatorai.com/derivative-of-xe-minus-to-minus-the-minus-13x,Yes,Excluded,,,Yes,Partial,0,0,Unknown,,Not reviewed
https://derivativecalculatorai.com/derivative-of-e-minus-to-minus-the-minus-14x,derivative-of-e-minus-to-minus-the-minus-14x,problems.json,derivative,problem,200,Yes,index,https://derivativecalculatorai.com/derivative-of-e-minus-to-minus-the-minus-14x,Yes,Excluded,,,Yes,Partial,0,0,Unknown,,Not reviewed
https://derivativecalculatorai.com/derivative-of-14-minus-to-minus-the-minus-x,derivative-of-14-minus-to-minus-the-minus-x,problems.json,derivative,problem,200,Yes,index,https://derivativecalculatorai.com/derivative-of-14-minus-to-minus-the-minus-x,Yes,Excluded,,,Yes,Partial,0,0,Unknown,,Not reviewed
https://derivativecalculatorai.com/derivative-of-xe-minus-to-minus-the-minus-14x,derivative-of-xe-minus-to-minus-the-minus-14x,problems.json,derivative,problem,200,Yes,index,https://derivativecalculatorai.com/derivative-of-xe-minus-to-minus-the-minus-14x,Yes,Excluded,,,Yes,Partial,0,0,Unknown,,Not reviewed
https://derivativecalculatorai.com/derivative-of-e-minus-to-minus-the-minus-15x,derivative-of-e-minus-to-minus-the-minus-15x,problems.json,derivative,problem,200,Yes,index,https://derivativecalculatorai.com/derivative-of-e-minus-to-minus-the-minus-15x,Yes,Excluded,,,Yes,Partial,0,0,Unknown,,Not reviewed
https://derivativecalculatorai.com/derivative-of-15-minus-to-minus-the-minus-x,derivative-of-15-minus-to-minus-the-minus-x,problems.json,derivative,problem,200,Yes,index,https://derivativecalculatorai.com/derivative-of-15-minus-to-minus-the-minus-x,Yes,Excluded,,,Yes,Partial,0,0,Unknown,,Not reviewed
https://derivativecalculatorai.com/derivative-of-xe-minus-to-minus-the-minus-15x,derivative-of-xe-minus-to-minus-the-minus-15x,problems.json,derivative,problem,200,Yes,index,https://derivativecalculatorai.com/derivative-of-xe-minus-to-minus-the-minus-15x,Yes,Excluded,,,Yes,Partial,0,0,Unknown,,Not reviewed
https://derivativecalculatorai.com/derivative-of-ln2x,derivative-of-ln2x,problems.json,derivative,problem,200,No,noindex,https://derivativecalculatorai.com/derivative-of-ln2x,Yes,Excluded,,,Yes,Partial,0,0,Unknown,,Not reviewed
https://derivativecalculatorai.com/derivative-of-xln2x,derivative-of-xln2x,problems.json,derivative,problem,200,Yes,index,https://derivativecalculatorai.com/derivative-of-xln2x,Yes,Excluded,,,Yes,Partial,0,0,Unknown,,Not reviewed
https://derivativecalculatorai.com/derivative-of-ln3x,derivative-of-ln3x,problems.json,derivative,problem,200,Yes,index,https://derivativecalculatorai.com/derivative-of-ln3x,Yes,Excluded,,,Yes,Partial,0,0,Unknown,,Not reviewed
https://derivativecalculatorai.com/derivative-of-xln3x,derivative-of-xln3x,problems.json,derivative,problem,200,Yes,index,https://derivativecalculatorai.com/derivative-of-xln3x,Yes,Excluded,,,Yes,Partial,0,0,Unknown,,Not reviewed
https://derivativecalculatorai.com/derivative-of-ln4x,derivative-of-ln4x,problems.json,derivative,problem,200,Yes,index,https://derivativecalculatorai.com/derivative-of-ln4x,Yes,Excluded,,,Yes,Partial,0,0,Unknown,,Not reviewed
https://derivativecalculatorai.com/derivative-of-xln4x,derivative-of-xln4x,problems.json,derivative,problem,200,Yes,index,https://derivativecalculatorai.com/derivative-of-xln4x,Yes,Excluded,,,Yes,Partial,0,0,Unknown,,Not reviewed
https://derivativecalculatorai.com/derivative-of-ln5x,derivative-of-ln5x,problems.json,derivative,problem,200,Yes,index,https://derivativecalculatorai.com/derivative-of-ln5x,Yes,Excluded,,,Yes,Partial,0,0,Unknown,,Not reviewed
https://derivativecalculatorai.com/derivative-of-xln5x,derivative-of-xln5x,problems.json,derivative,problem,200,Yes,index,https://derivativecalculatorai.com/derivative-of-xln5x,Yes,Excluded,,,Yes,Partial,0,0,Unknown,,Not reviewed
https://derivativecalculatorai.com/derivative-of-ln6x,derivative-of-ln6x,problems.json,derivative,problem,200,Yes,index,https://derivativecalculatorai.com/derivative-of-ln6x,Yes,Excluded,,,Yes,Partial,0,0,Unknown,,Not reviewed
https://derivativecalculatorai.com/derivative-of-xln6x,derivative-of-xln6x,problems.json,derivative,problem,200,Yes,index,https://derivativecalculatorai.com/derivative-of-xln6x,Yes,Excluded,,,Yes,Partial,0,0,Unknown,,Not reviewed
https://derivativecalculatorai.com/derivative-of-ln7x,derivative-of-ln7x,problems.json,derivative,problem,200,Yes,index,https://derivativecalculatorai.com/derivative-of-ln7x,Yes,Excluded,,,Yes,Partial,0,0,Unknown,,Not reviewed
https://derivativecalculatorai.com/derivative-of-xln7x,derivative-of-xln7x,problems.json,derivative,problem,200,Yes,index,https://derivativecalculatorai.com/derivative-of-xln7x,Yes,Excluded,,,Yes,Partial,0,0,Unknown,,Not reviewed
https://derivativecalculatorai.com/derivative-of-ln8x,derivative-of-ln8x,problems.json,derivative,problem,200,Yes,index,https://derivativecalculatorai.com/derivative-of-ln8x,Yes,Excluded,,,Yes,Partial,0,0,Unknown,,Not reviewed
https://derivativecalculatorai.com/derivative-of-xln8x,derivative-of-xln8x,problems.json,derivative,problem,200,Yes,index,https://derivativecalculatorai.com/derivative-of-xln8x,Yes,Excluded,,,Yes,Partial,0,0,Unknown,,Not reviewed
https://derivativecalculatorai.com/derivative-of-ln9x,derivative-of-ln9x,problems.json,derivative,problem,200,Yes,index,https://derivativecalculatorai.com/derivative-of-ln9x,Yes,Excluded,,,Yes,Partial,0,0,Unknown,,Not reviewed
https://derivativecalculatorai.com/derivative-of-xln9x,derivative-of-xln9x,problems.json,derivative,problem,200,Yes,index,https://derivativecalculatorai.com/derivative-of-xln9x,Yes,Excluded,,,Yes,Partial,0,0,Unknown,,Not reviewed
https://derivativecalculatorai.com/derivative-of-ln10x,derivative-of-ln10x,problems.json,derivative,problem,200,Yes,index,https://derivativecalculatorai.com/derivative-of-ln10x,Yes,Excluded,,,Yes,Partial,0,0,Unknown,,Not reviewed
https://derivativecalculatorai.com/derivative-of-xln10x,derivative-of-xln10x,problems.json,derivative,problem,200,Yes,index,https://derivativecalculatorai.com/derivative-of-xln10x,Yes,Excluded,,,Yes,Partial,0,0,Unknown,,Not reviewed
https://derivativecalculatorai.com/derivative-of-ln11x,derivative-of-ln11x,problems.json,derivative,problem,200,Yes,index,https://derivativecalculatorai.com/derivative-of-ln11x,Yes,Excluded,,,Yes,Partial,0,0,Unknown,,Not reviewed
https://derivativecalculatorai.com/derivative-of-xln11x,derivative-of-xln11x,problems.json,derivative,problem,200,Yes,index,https://derivativecalculatorai.com/derivative-of-xln11x,Yes,Excluded,,,Yes,Partial,0,0,Unknown,,Not reviewed
https://derivativecalculatorai.com/derivative-of-ln12x,derivative-of-ln12x,problems.json,derivative,problem,200,Yes,index,https://derivativecalculatorai.com/derivative-of-ln12x,Yes,Excluded,,,Yes,Partial,0,0,Unknown,,Not reviewed
https://derivativecalculatorai.com/derivative-of-xln12x,derivative-of-xln12x,problems.json,derivative,problem,200,Yes,index,https://derivativecalculatorai.com/derivative-of-xln12x,Yes,Excluded,,,Yes,Partial,0,0,Unknown,,Not reviewed
https://derivativecalculatorai.com/derivative-of-ln13x,derivative-of-ln13x,problems.json,derivative,problem,200,Yes,index,https://derivativecalculatorai.com/derivative-of-ln13x,Yes,Excluded,,,Yes,Partial,0,0,Unknown,,Not reviewed
https://derivativecalculatorai.com/derivative-of-xln13x,derivative-of-xln13x,problems.json,derivative,problem,200,Yes,index,https://derivativecalculatorai.com/derivative-of-xln13x,Yes,Excluded,,,Yes,Partial,0,0,Unknown,,Not reviewed
https://derivativecalculatorai.com/derivative-of-ln14x,derivative-of-ln14x,problems.json,derivative,problem,200,Yes,index,https://derivativecalculatorai.com/derivative-of-ln14x,Yes,Excluded,,,Yes,Partial,0,0,Unknown,,Not reviewed
https://derivativecalculatorai.com/derivative-of-xln14x,derivative-of-xln14x,problems.json,derivative,problem,200,Yes,index,https://derivativecalculatorai.com/derivative-of-xln14x,Yes,Excluded,,,Yes,Partial,0,0,Unknown,,Not reviewed
https://derivativecalculatorai.com/derivative-of-ln15x,derivative-of-ln15x,problems.json,derivative,problem,200,Yes,index,https://derivativecalculatorai.com/derivative-of-ln15x,Yes,Excluded,,,Yes,Partial,0,0,Unknown,,Not reviewed
https://derivativecalculatorai.com/derivative-of-xln15x,derivative-of-xln15x,problems.json,derivative,problem,200,Yes,index,https://derivativecalculatorai.com/derivative-of-xln15x,Yes,Excluded,,,Yes,Partial,0,0,Unknown,,Not reviewed
https://derivativecalculatorai.com/derivative-of-1-minus-over-minus-x-minus-to-minus-the-minus-2,derivative-of-1-minus-over-minus-x-minus-to-minus-the-minus-2,problems.json,derivative,problem,200,No,noindex,https://derivativecalculatorai.com/derivative-of-1-minus-over-minus-x-minus-to-minus-the-minus-2,Yes,Excluded,,,Yes,Partial,0,0,Unknown,,Not reviewed
https://derivativecalculatorai.com/derivative-of-2-minus-over-minus-x,derivative-of-2-minus-over-minus-x,problems.json,derivative,problem,200,Yes,index,https://derivativecalculatorai.com/derivative-of-2-minus-over-minus-x,Yes,Excluded,,,Yes,Partial,0,0,Unknown,,Not reviewed
https://derivativecalculatorai.com/derivative-of-1-minus-over-minus-x-minus-to-minus-the-minus-3,derivative-of-1-minus-over-minus-x-minus-to-minus-the-minus-3,problems.json,derivative,problem,200,No,noindex,https://derivativecalculatorai.com/derivative-of-1-minus-over-minus-x-minus-to-minus-the-minus-3,Yes,Excluded,,,Yes,Partial,0,0,Unknown,,Not reviewed
https://derivativecalculatorai.com/derivative-of-3-minus-over-minus-x,derivative-of-3-minus-over-minus-x,problems.json,derivative,problem,200,Yes,index,https://derivativecalculatorai.com/derivative-of-3-minus-over-minus-x,Yes,Excluded,,,Yes,Partial,0,0,Unknown,,Not reviewed
https://derivativecalculatorai.com/derivative-of-1-minus-over-minus-x-minus-to-minus-the-minus-4,derivative-of-1-minus-over-minus-x-minus-to-minus-the-minus-4,problems.json,derivative,problem,200,No,noindex,https://derivativecalculatorai.com/derivative-of-1-minus-over-minus-x-minus-to-minus-the-minus-4,Yes,Excluded,,,Yes,Partial,0,0,Unknown,,Not reviewed
https://derivativecalculatorai.com/derivative-of-4-minus-over-minus-x,derivative-of-4-minus-over-minus-x,problems.json,derivative,problem,200,Yes,index,https://derivativecalculatorai.com/derivative-of-4-minus-over-minus-x,Yes,Excluded,,,Yes,Partial,0,0,Unknown,,Not reviewed
https://derivativecalculatorai.com/derivative-of-1-minus-over-minus-x-minus-to-minus-the-minus-5,derivative-of-1-minus-over-minus-x-minus-to-minus-the-minus-5,problems.json,derivative,problem,200,No,noindex,https://derivativecalculatorai.com/derivative-of-1-minus-over-minus-x-minus-to-minus-the-minus-5,Yes,Excluded,,,Yes,Partial,0,0,Unknown,,Not reviewed
https://derivativecalculatorai.com/derivative-of-5-minus-over-minus-x,derivative-of-5-minus-over-minus-x,problems.json,derivative,problem,200,Yes,index,https://derivativecalculatorai.com/derivative-of-5-minus-over-minus-x,Yes,Excluded,,,Yes,Partial,0,0,Unknown,,Not reviewed
https://derivativecalculatorai.com/derivative-of-1-minus-over-minus-x-minus-to-minus-the-minus-6,derivative-of-1-minus-over-minus-x-minus-to-minus-the-minus-6,problems.json,derivative,problem,200,No,noindex,https://derivativecalculatorai.com/derivative-of-1-minus-over-minus-x-minus-to-minus-the-minus-6,Yes,Excluded,,,Yes,Partial,0,0,Unknown,,Not reviewed
https://derivativecalculatorai.com/derivative-of-6-minus-over-minus-x,derivative-of-6-minus-over-minus-x,problems.json,derivative,problem,200,Yes,index,https://derivativecalculatorai.com/derivative-of-6-minus-over-minus-x,Yes,Excluded,,,Yes,Partial,0,0,Unknown,,Not reviewed
https://derivativecalculatorai.com/derivative-of-1-minus-over-minus-x-minus-to-minus-the-minus-7,derivative-of-1-minus-over-minus-x-minus-to-minus-the-minus-7,problems.json,derivative,problem,200,No,noindex,https://derivativecalculatorai.com/derivative-of-1-minus-over-minus-x-minus-to-minus-the-minus-7,Yes,Excluded,,,Yes,Partial,0,0,Unknown,,Not reviewed
https://derivativecalculatorai.com/derivative-of-7-minus-over-minus-x,derivative-of-7-minus-over-minus-x,problems.json,derivative,problem,200,Yes,index,https://derivativecalculatorai.com/derivative-of-7-minus-over-minus-x,Yes,Excluded,,,Yes,Partial,0,0,Unknown,,Not reviewed
https://derivativecalculatorai.com/derivative-of-1-minus-over-minus-x-minus-to-minus-the-minus-8,derivative-of-1-minus-over-minus-x-minus-to-minus-the-minus-8,problems.json,derivative,problem,200,No,noindex,https://derivativecalculatorai.com/derivative-of-1-minus-over-minus-x-minus-to-minus-the-minus-8,Yes,Excluded,,,Yes,Partial,0,0,Unknown,,Not reviewed
https://derivativecalculatorai.com/derivative-of-8-minus-over-minus-x,derivative-of-8-minus-over-minus-x,problems.json,derivative,problem,200,Yes,index,https://derivativecalculatorai.com/derivative-of-8-minus-over-minus-x,Yes,Excluded,,,Yes,Partial,0,0,Unknown,,Not reviewed
https://derivativecalculatorai.com/derivative-of-1-minus-over-minus-x-minus-to-minus-the-minus-9,derivative-of-1-minus-over-minus-x-minus-to-minus-the-minus-9,problems.json,derivative,problem,200,No,noindex,https://derivativecalculatorai.com/derivative-of-1-minus-over-minus-x-minus-to-minus-the-minus-9,Yes,Excluded,,,Yes,Partial,0,0,Unknown,,Not reviewed
https://derivativecalculatorai.com/derivative-of-9-minus-over-minus-x,derivative-of-9-minus-over-minus-x,problems.json,derivative,problem,200,Yes,index,https://derivativecalculatorai.com/derivative-of-9-minus-over-minus-x,Yes,Excluded,,,Yes,Partial,0,0,Unknown,,Not reviewed
https://derivativecalculatorai.com/derivative-of-1-minus-over-minus-x-minus-to-minus-the-minus-10,derivative-of-1-minus-over-minus-x-minus-to-minus-the-minus-10,problems.json,derivative,problem,200,No,noindex,https://derivativecalculatorai.com/derivative-of-1-minus-over-minus-x-minus-to-minus-the-minus-10,Yes,Excluded,,,Yes,Partial,0,0,Unknown,,Not reviewed
https://derivativecalculatorai.com/derivative-of-10-minus-over-minus-x,derivative-of-10-minus-over-minus-x,problems.json,derivative,problem,200,Yes,index,https://derivativecalculatorai.com/derivative-of-10-minus-over-minus-x,Yes,Excluded,,,Yes,Partial,0,0,Unknown,,Not reviewed
https://derivativecalculatorai.com/derivative-of-sqrt2x,derivative-of-sqrt2x,problems.json,derivative,problem,200,Yes,index,https://derivativecalculatorai.com/derivative-of-sqrt2x,Yes,Excluded,,,Yes,Partial,0,0,Unknown,,Not reviewed
https://derivativecalculatorai.com/derivative-of-x-minus-to-minus-the-minus-1-minus-over-minus-2,derivative-of-x-minus-to-minus-the-minus-1-minus-over-minus-2,problems.json,derivative,problem,200,No,noindex,https://derivativecalculatorai.com/derivative-of-x-minus-to-minus-the-minus-1-minus-over-minus-2,Yes,Excluded,,,Yes,Partial,0,0,Unknown,,Not reviewed
https://derivativecalculatorai.com/derivative-of-sqrt3x,derivative-of-sqrt3x,problems.json,derivative,problem,200,Yes,index,https://derivativecalculatorai.com/derivative-of-sqrt3x,Yes,Excluded,,,Yes,Partial,0,0,Unknown,,Not reviewed
https://derivativecalculatorai.com/derivative-of-x-minus-to-minus-the-minus-1-minus-over-minus-3,derivative-of-x-minus-to-minus-the-minus-1-minus-over-minus-3,problems.json,derivative,problem,200,No,noindex,https://derivativecalculatorai.com/derivative-of-x-minus-to-minus-the-minus-1-minus-over-minus-3,Yes,Excluded,,,Yes,Partial,0,0,Unknown,,Not reviewed
https://derivativecalculatorai.com/derivative-of-sqrt4x,derivative-of-sqrt4x,problems.json,derivative,problem,200,Yes,index,https://derivativecalculatorai.com/derivative-of-sqrt4x,Yes,Excluded,,,Yes,Partial,0,0,Unknown,,Not reviewed
https://derivativecalculatorai.com/derivative-of-x-minus-to-minus-the-minus-1-minus-over-minus-4,derivative-of-x-minus-to-minus-the-minus-1-minus-over-minus-4,problems.json,derivative,problem,200,No,noindex,https://derivativecalculatorai.com/derivative-of-x-minus-to-minus-the-minus-1-minus-over-minus-4,Yes,Excluded,,,Yes,Partial,0,0,Unknown,,Not reviewed
https://derivativecalculatorai.com/derivative-of-sqrt5x,derivative-of-sqrt5x,problems.json,derivative,problem,200,Yes,index,https://derivativecalculatorai.com/derivative-of-sqrt5x,Yes,Excluded,,,Yes,Partial,0,0,Unknown,,Not reviewed
https://derivativecalculatorai.com/derivative-of-x-minus-to-minus-the-minus-1-minus-over-minus-5,derivative-of-x-minus-to-minus-the-minus-1-minus-over-minus-5,problems.json,derivative,problem,200,No,noindex,https://derivativecalculatorai.com/derivative-of-x-minus-to-minus-the-minus-1-minus-over-minus-5,Yes,Excluded,,,Yes,Partial,0,0,Unknown,,Not reviewed
https://derivativecalculatorai.com/derivative-of-sqrt6x,derivative-of-sqrt6x,problems.json,derivative,problem,200,Yes,index,https://derivativecalculatorai.com/derivative-of-sqrt6x,Yes,Excluded,,,Yes,Partial,0,0,Unknown,,Not reviewed
https://derivativecalculatorai.com/derivative-of-x-minus-to-minus-the-minus-1-minus-over-minus-6,derivative-of-x-minus-to-minus-the-minus-1-minus-over-minus-6,problems.json,derivative,problem,200,No,noindex,https://derivativecalculatorai.com/derivative-of-x-minus-to-minus-the-minus-1-minus-over-minus-6,Yes,Excluded,,,Yes,Partial,0,0,Unknown,,Not reviewed
https://derivativecalculatorai.com/derivative-of-sqrt7x,derivative-of-sqrt7x,problems.json,derivative,problem,200,Yes,index,https://derivativecalculatorai.com/derivative-of-sqrt7x,Yes,Excluded,,,Yes,Partial,0,0,Unknown,,Not reviewed
https://derivativecalculatorai.com/derivative-of-x-minus-to-minus-the-minus-1-minus-over-minus-7,derivative-of-x-minus-to-minus-the-minus-1-minus-over-minus-7,problems.json,derivative,problem,200,No,noindex,https://derivativecalculatorai.com/derivative-of-x-minus-to-minus-the-minus-1-minus-over-minus-7,Yes,Excluded,,,Yes,Partial,0,0,Unknown,,Not reviewed
https://derivativecalculatorai.com/derivative-of-sqrt8x,derivative-of-sqrt8x,problems.json,derivative,problem,200,Yes,index,https://derivativecalculatorai.com/derivative-of-sqrt8x,Yes,Excluded,,,Yes,Partial,0,0,Unknown,,Not reviewed
https://derivativecalculatorai.com/derivative-of-x-minus-to-minus-the-minus-1-minus-over-minus-8,derivative-of-x-minus-to-minus-the-minus-1-minus-over-minus-8,problems.json,derivative,problem,200,No,noindex,https://derivativecalculatorai.com/derivative-of-x-minus-to-minus-the-minus-1-minus-over-minus-8,Yes,Excluded,,,Yes,Partial,0,0,Unknown,,Not reviewed
https://derivativecalculatorai.com/derivative-of-sqrt9x,derivative-of-sqrt9x,problems.json,derivative,problem,200,Yes,index,https://derivativecalculatorai.com/derivative-of-sqrt9x,Yes,Excluded,,,Yes,Partial,0,0,Unknown,,Not reviewed
https://derivativecalculatorai.com/derivative-of-x-minus-to-minus-the-minus-1-minus-over-minus-9,derivative-of-x-minus-to-minus-the-minus-1-minus-over-minus-9,problems.json,derivative,problem,200,No,noindex,https://derivativecalculatorai.com/derivative-of-x-minus-to-minus-the-minus-1-minus-over-minus-9,Yes,Excluded,,,Yes,Partial,0,0,Unknown,,Not reviewed
https://derivativecalculatorai.com/derivative-of-sqrt10x,derivative-of-sqrt10x,problems.json,derivative,problem,200,Yes,index,https://derivativecalculatorai.com/derivative-of-sqrt10x,Yes,Excluded,,,Yes,Partial,0,0,Unknown,,Not reviewed
https://derivativecalculatorai.com/derivative-of-x-minus-to-minus-the-minus-1-minus-over-minus-10,derivative-of-x-minus-to-minus-the-minus-1-minus-over-minus-10,problems.json,derivative,problem,200,No,noindex,https://derivativecalculatorai.com/derivative-of-x-minus-to-minus-the-minus-1-minus-over-minus-10,Yes,Excluded,,,Yes,Partial,0,0,Unknown,,Not reviewed
https://derivativecalculatorai.com/derivative-of-asin2x,derivative-of-asin2x,problems.json,derivative,problem,200,Yes,index,https://derivativecalculatorai.com/derivative-of-asin2x,Yes,Excluded,,,Yes,Partial,0,0,Unknown,,Not reviewed
https://derivativecalculatorai.com/derivative-of-atan2x,derivative-of-atan2x,problems.json,derivative,problem,200,Yes,index,https://derivativecalculatorai.com/derivative-of-atan2x,Yes,Excluded,,,Yes,Partial,0,0,Unknown,,Not reviewed
https://derivativecalculatorai.com/derivative-of-asin3x,derivative-of-asin3x,problems.json,derivative,problem,200,Yes,index,https://derivativecalculatorai.com/derivative-of-asin3x,Yes,Excluded,,,Yes,Partial,0,0,Unknown,,Not reviewed
https://derivativecalculatorai.com/derivative-of-atan3x,derivative-of-atan3x,problems.json,derivative,problem,200,Yes,index,https://derivativecalculatorai.com/derivative-of-atan3x,Yes,Excluded,,,Yes,Partial,0,0,Unknown,,Not reviewed
https://derivativecalculatorai.com/derivative-of-asin4x,derivative-of-asin4x,problems.json,derivative,problem,200,Yes,index,https://derivativecalculatorai.com/derivative-of-asin4x,Yes,Excluded,,,Yes,Partial,0,0,Unknown,,Not reviewed
https://derivativecalculatorai.com/derivative-of-atan4x,derivative-of-atan4x,problems.json,derivative,problem,200,Yes,index,https://derivativecalculatorai.com/derivative-of-atan4x,Yes,Excluded,,,Yes,Partial,0,0,Unknown,,Not reviewed
https://derivativecalculatorai.com/derivative-of-asin5x,derivative-of-asin5x,problems.json,derivative,problem,200,Yes,index,https://derivativecalculatorai.com/derivative-of-asin5x,Yes,Excluded,,,Yes,Partial,0,0,Unknown,,Not reviewed
https://derivativecalculatorai.com/derivative-of-atan5x,derivative-of-atan5x,problems.json,derivative,problem,200,Yes,index,https://derivativecalculatorai.com/derivative-of-atan5x,Yes,Excluded,,,Yes,Partial,0,0,Unknown,,Not reviewed
https://derivativecalculatorai.com/derivative-of-asin6x,derivative-of-asin6x,problems.json,derivative,problem,200,Yes,index,https://derivativecalculatorai.com/derivative-of-asin6x,Yes,Excluded,,,Yes,Partial,0,0,Unknown,,Not reviewed
https://derivativecalculatorai.com/derivative-of-atan6x,derivative-of-atan6x,problems.json,derivative,problem,200,Yes,index,https://derivativecalculatorai.com/derivative-of-atan6x,Yes,Excluded,,,Yes,Partial,0,0,Unknown,,Not reviewed
https://derivativecalculatorai.com/derivative-of-asin7x,derivative-of-asin7x,problems.json,derivative,problem,200,Yes,index,https://derivativecalculatorai.com/derivative-of-asin7x,Yes,Excluded,,,Yes,Partial,0,0,Unknown,,Not reviewed
https://derivativecalculatorai.com/derivative-of-atan7x,derivative-of-atan7x,problems.json,derivative,problem,200,Yes,index,https://derivativecalculatorai.com/derivative-of-atan7x,Yes,Excluded,,,Yes,Partial,0,0,Unknown,,Not reviewed
https://derivativecalculatorai.com/derivative-of-asin8x,derivative-of-asin8x,problems.json,derivative,problem,200,Yes,index,https://derivativecalculatorai.com/derivative-of-asin8x,Yes,Excluded,,,Yes,Partial,0,0,Unknown,,Not reviewed
https://derivativecalculatorai.com/derivative-of-atan8x,derivative-of-atan8x,problems.json,derivative,problem,200,Yes,index,https://derivativecalculatorai.com/derivative-of-atan8x,Yes,Excluded,,,Yes,Partial,0,0,Unknown,,Not reviewed
https://derivativecalculatorai.com/derivative-of-asin9x,derivative-of-asin9x,problems.json,derivative,problem,200,Yes,index,https://derivativecalculatorai.com/derivative-of-asin9x,Yes,Excluded,,,Yes,Partial,0,0,Unknown,,Not reviewed
https://derivativecalculatorai.com/derivative-of-atan9x,derivative-of-atan9x,problems.json,derivative,problem,200,Yes,index,https://derivativecalculatorai.com/derivative-of-atan9x,Yes,Excluded,,,Yes,Partial,0,0,Unknown,,Not reviewed
https://derivativecalculatorai.com/derivative-of-asin10x,derivative-of-asin10x,problems.json,derivative,problem,200,Yes,index,https://derivativecalculatorai.com/derivative-of-asin10x,Yes,Excluded,,,Yes,Partial,0,0,Unknown,,Not reviewed
https://derivativecalculatorai.com/derivative-of-atan10x,derivative-of-atan10x,problems.json,derivative,problem,200,Yes,index,https://derivativecalculatorai.com/derivative-of-atan10x,Yes,Excluded,,,Yes,Partial,0,0,Unknown,,Not reviewed
https://derivativecalculatorai.com/derivative-of-sinh2x,derivative-of-sinh2x,problems.json,derivative,problem,200,Yes,index,https://derivativecalculatorai.com/derivative-of-sinh2x,Yes,Excluded,,,Yes,Partial,0,0,Unknown,,Not reviewed
https://derivativecalculatorai.com/derivative-of-cosh2x,derivative-of-cosh2x,problems.json,derivative,problem,200,Yes,index,https://derivativecalculatorai.com/derivative-of-cosh2x,Yes,Excluded,,,Yes,Partial,0,0,Unknown,,Not reviewed
https://derivativecalculatorai.com/derivative-of-sinh3x,derivative-of-sinh3x,problems.json,derivative,problem,200,Yes,index,https://derivativecalculatorai.com/derivative-of-sinh3x,Yes,Excluded,,,Yes,Partial,0,0,Unknown,,Not reviewed
https://derivativecalculatorai.com/derivative-of-cosh3x,derivative-of-cosh3x,problems.json,derivative,problem,200,Yes,index,https://derivativecalculatorai.com/derivative-of-cosh3x,Yes,Excluded,,,Yes,Partial,0,0,Unknown,,Not reviewed
https://derivativecalculatorai.com/derivative-of-sinh4x,derivative-of-sinh4x,problems.json,derivative,problem,200,Yes,index,https://derivativecalculatorai.com/derivative-of-sinh4x,Yes,Excluded,,,Yes,Partial,0,0,Unknown,,Not reviewed
https://derivativecalculatorai.com/derivative-of-cosh4x,derivative-of-cosh4x,problems.json,derivative,problem,200,Yes,index,https://derivativecalculatorai.com/derivative-of-cosh4x,Yes,Excluded,,,Yes,Partial,0,0,Unknown,,Not reviewed
https://derivativecalculatorai.com/derivative-of-sinh5x,derivative-of-sinh5x,problems.json,derivative,problem,200,Yes,index,https://derivativecalculatorai.com/derivative-of-sinh5x,Yes,Excluded,,,Yes,Partial,0,0,Unknown,,Not reviewed
https://derivativecalculatorai.com/derivative-of-cosh5x,derivative-of-cosh5x,problems.json,derivative,problem,200,Yes,index,https://derivativecalculatorai.com/derivative-of-cosh5x,Yes,Excluded,,,Yes,Partial,0,0,Unknown,,Not reviewed
https://derivativecalculatorai.com/derivative-of-sinh6x,derivative-of-sinh6x,problems.json,derivative,problem,200,Yes,index,https://derivativecalculatorai.com/derivative-of-sinh6x,Yes,Excluded,,,Yes,Partial,0,0,Unknown,,Not reviewed
https://derivativecalculatorai.com/derivative-of-cosh6x,derivative-of-cosh6x,problems.json,derivative,problem,200,Yes,index,https://derivativecalculatorai.com/derivative-of-cosh6x,Yes,Excluded,,,Yes,Partial,0,0,Unknown,,Not reviewed
https://derivativecalculatorai.com/derivative-of-sinh7x,derivative-of-sinh7x,problems.json,derivative,problem,200,Yes,index,https://derivativecalculatorai.com/derivative-of-sinh7x,Yes,Excluded,,,Yes,Partial,0,0,Unknown,,Not reviewed
https://derivativecalculatorai.com/derivative-of-cosh7x,derivative-of-cosh7x,problems.json,derivative,problem,200,Yes,index,https://derivativecalculatorai.com/derivative-of-cosh7x,Yes,Excluded,,,Yes,Partial,0,0,Unknown,,Not reviewed
https://derivativecalculatorai.com/derivative-of-sinh8x,derivative-of-sinh8x,problems.json,derivative,problem,200,Yes,index,https://derivativecalculatorai.com/derivative-of-sinh8x,Yes,Excluded,,,Yes,Partial,0,0,Unknown,,Not reviewed
https://derivativecalculatorai.com/derivative-of-cosh8x,derivative-of-cosh8x,problems.json,derivative,problem,200,Yes,index,https://derivativecalculatorai.com/derivative-of-cosh8x,Yes,Excluded,,,Yes,Partial,0,0,Unknown,,Not reviewed
https://derivativecalculatorai.com/derivative-of-sinh9x,derivative-of-sinh9x,problems.json,derivative,problem,200,Yes,index,https://derivativecalculatorai.com/derivative-of-sinh9x,Yes,Excluded,,,Yes,Partial,0,0,Unknown,,Not reviewed
https://derivativecalculatorai.com/derivative-of-cosh9x,derivative-of-cosh9x,problems.json,derivative,problem,200,Yes,index,https://derivativecalculatorai.com/derivative-of-cosh9x,Yes,Excluded,,,Yes,Partial,0,0,Unknown,,Not reviewed
https://derivativecalculatorai.com/derivative-of-sinh10x,derivative-of-sinh10x,problems.json,derivative,problem,200,Yes,index,https://derivativecalculatorai.com/derivative-of-sinh10x,Yes,Excluded,,,Yes,Partial,0,0,Unknown,,Not reviewed
https://derivativecalculatorai.com/derivative-of-cosh10x,derivative-of-cosh10x,problems.json,derivative,problem,200,Yes,index,https://derivativecalculatorai.com/derivative-of-cosh10x,Yes,Excluded,,,Yes,Partial,0,0,Unknown,,Not reviewed
https://derivativecalculatorai.com/derivative-of-x-minus-to-minus-the-minus-2sinx,derivative-of-x-minus-to-minus-the-minus-2sinx,problems.json,derivative,problem,200,Yes,index,https://derivativecalculatorai.com/derivative-of-x-minus-to-minus-the-minus-2sinx,Yes,Excluded,,,Yes,Partial,0,0,Unknown,,Not reviewed
https://derivativecalculatorai.com/derivative-of-x-minus-to-minus-the-minus-2cosx,derivative-of-x-minus-to-minus-the-minus-2cosx,problems.json,derivative,problem,200,Yes,index,https://derivativecalculatorai.com/derivative-of-x-minus-to-minus-the-minus-2cosx,Yes,Excluded,,,Yes,Partial,0,0,Unknown,,Not reviewed
https://derivativecalculatorai.com/derivative-of-x-minus-to-minus-the-minus-2e-minus-to-minus-the-minus-x,derivative-of-x-minus-to-minus-the-minus-2e-minus-to-minus-the-minus-x,problems.json,derivative,problem,200,No,noindex,https://derivativecalculatorai.com/derivative-of-x-minus-to-minus-the-minus-2e-minus-to-minus-the-minus-x,Yes,Excluded,,,Yes,Partial,0,0,Unknown,,Not reviewed
https://derivativecalculatorai.com/derivative-of-sinx-minus-over-minus-x-minus-to-minus-the-minus-2,derivative-of-sinx-minus-over-minus-x-minus-to-minus-the-minus-2,problems.json,derivative,problem,200,No,noindex,https://derivativecalculatorai.com/derivative-of-sinx-minus-over-minus-x-minus-to-minus-the-minus-2,Yes,Excluded,,,Yes,Partial,0,0,Unknown,,Not reviewed
https://derivativecalculatorai.com/derivative-of-e-minus-to-minus-the-minus-x-minus-over-minus-x-minus-to-minus-the-minus-2,derivative-of-e-minus-to-minus-the-minus-x-minus-over-minus-x-minus-to-minus-the-minus-2,problems.json,derivative,problem,200,No,noindex,https://derivativecalculatorai.com/derivative-of-e-minus-to-minus-the-minus-x-minus-over-minus-x-minus-to-minus-the-minus-2,Yes,Excluded,,,Yes,Partial,0,0,Unknown,,Not reviewed
https://derivativecalculatorai.com/derivative-of-x-minus-to-minus-the-minus-3sinx,derivative-of-x-minus-to-minus-the-minus-3sinx,problems.json,derivative,problem,200,Yes,index,https://derivativecalculatorai.com/derivative-of-x-minus-to-minus-the-minus-3sinx,Yes,Excluded,,,Yes,Partial,0,0,Unknown,,Not reviewed
https://derivativecalculatorai.com/derivative-of-x-minus-to-minus-the-minus-3cosx,derivative-of-x-minus-to-minus-the-minus-3cosx,problems.json,derivative,problem,200,Yes,index,https://derivativecalculatorai.com/derivative-of-x-minus-to-minus-the-minus-3cosx,Yes,Excluded,,,Yes,Partial,0,0,Unknown,,Not reviewed
https://derivativecalculatorai.com/derivative-of-x-minus-to-minus-the-minus-3e-minus-to-minus-the-minus-x,derivative-of-x-minus-to-minus-the-minus-3e-minus-to-minus-the-minus-x,problems.json,derivative,problem,200,No,noindex,https://derivativecalculatorai.com/derivative-of-x-minus-to-minus-the-minus-3e-minus-to-minus-the-minus-x,Yes,Excluded,,,Yes,Partial,0,0,Unknown,,Not reviewed
https://derivativecalculatorai.com/derivative-of-sinx-minus-over-minus-x-minus-to-minus-the-minus-3,derivative-of-sinx-minus-over-minus-x-minus-to-minus-the-minus-3,problems.json,derivative,problem,200,No,noindex,https://derivativecalculatorai.com/derivative-of-sinx-minus-over-minus-x-minus-to-minus-the-minus-3,Yes,Excluded,,,Yes,Partial,0,0,Unknown,,Not reviewed
https://derivativecalculatorai.com/derivative-of-e-minus-to-minus-the-minus-x-minus-over-minus-x-minus-to-minus-the-minus-3,derivative-of-e-minus-to-minus-the-minus-x-minus-over-minus-x-minus-to-minus-the-minus-3,problems.json,derivative,problem,200,No,noindex,https://derivativecalculatorai.com/derivative-of-e-minus-to-minus-the-minus-x-minus-over-minus-x-minus-to-minus-the-minus-3,Yes,Excluded,,,Yes,Partial,0,0,Unknown,,Not reviewed
https://derivativecalculatorai.com/derivative-of-x-minus-to-minus-the-minus-4sinx,derivative-of-x-minus-to-minus-the-minus-4sinx,problems.json,derivative,problem,200,Yes,index,https://derivativecalculatorai.com/derivative-of-x-minus-to-minus-the-minus-4sinx,Yes,Excluded,,,Yes,Partial,0,0,Unknown,,Not reviewed
https://derivativecalculatorai.com/derivative-of-x-minus-to-minus-the-minus-4cosx,derivative-of-x-minus-to-minus-the-minus-4cosx,problems.json,derivative,problem,200,Yes,index,https://derivativecalculatorai.com/derivative-of-x-minus-to-minus-the-minus-4cosx,Yes,Excluded,,,Yes,Partial,0,0,Unknown,,Not reviewed
https://derivativecalculatorai.com/derivative-of-x-minus-to-minus-the-minus-4e-minus-to-minus-the-minus-x,derivative-of-x-minus-to-minus-the-minus-4e-minus-to-minus-the-minus-x,problems.json,derivative,problem,200,No,noindex,https://derivativecalculatorai.com/derivative-of-x-minus-to-minus-the-minus-4e-minus-to-minus-the-minus-x,Yes,Excluded,,,Yes,Partial,0,0,Unknown,,Not reviewed
https://derivativecalculatorai.com/derivative-of-sinx-minus-over-minus-x-minus-to-minus-the-minus-4,derivative-of-sinx-minus-over-minus-x-minus-to-minus-the-minus-4,problems.json,derivative,problem,200,No,noindex,https://derivativecalculatorai.com/derivative-of-sinx-minus-over-minus-x-minus-to-minus-the-minus-4,Yes,Excluded,,,Yes,Partial,0,0,Unknown,,Not reviewed
https://derivativecalculatorai.com/derivative-of-e-minus-to-minus-the-minus-x-minus-over-minus-x-minus-to-minus-the-minus-4,derivative-of-e-minus-to-minus-the-minus-x-minus-over-minus-x-minus-to-minus-the-minus-4,problems.json,derivative,problem,200,No,noindex,https://derivativecalculatorai.com/derivative-of-e-minus-to-minus-the-minus-x-minus-over-minus-x-minus-to-minus-the-minus-4,Yes,Excluded,,,Yes,Partial,0,0,Unknown,,Not reviewed
https://derivativecalculatorai.com/derivative-of-x-minus-to-minus-the-minus-5sinx,derivative-of-x-minus-to-minus-the-minus-5sinx,problems.json,derivative,problem,200,Yes,index,https://derivativecalculatorai.com/derivative-of-x-minus-to-minus-the-minus-5sinx,Yes,Excluded,,,Yes,Partial,0,0,Unknown,,Not reviewed
https://derivativecalculatorai.com/derivative-of-x-minus-to-minus-the-minus-5cosx,derivative-of-x-minus-to-minus-the-minus-5cosx,problems.json,derivative,problem,200,Yes,index,https://derivativecalculatorai.com/derivative-of-x-minus-to-minus-the-minus-5cosx,Yes,Excluded,,,Yes,Partial,0,0,Unknown,,Not reviewed
https://derivativecalculatorai.com/derivative-of-x-minus-to-minus-the-minus-5e-minus-to-minus-the-minus-x,derivative-of-x-minus-to-minus-the-minus-5e-minus-to-minus-the-minus-x,problems.json,derivative,problem,200,No,noindex,https://derivativecalculatorai.com/derivative-of-x-minus-to-minus-the-minus-5e-minus-to-minus-the-minus-x,Yes,Excluded,,,Yes,Partial,0,0,Unknown,,Not reviewed
https://derivativecalculatorai.com/derivative-of-sinx-minus-over-minus-x-minus-to-minus-the-minus-5,derivative-of-sinx-minus-over-minus-x-minus-to-minus-the-minus-5,problems.json,derivative,problem,200,No,noindex,https://derivativecalculatorai.com/derivative-of-sinx-minus-over-minus-x-minus-to-minus-the-minus-5,Yes,Excluded,,,Yes,Partial,0,0,Unknown,,Not reviewed
https://derivativecalculatorai.com/derivative-of-e-minus-to-minus-the-minus-x-minus-over-minus-x-minus-to-minus-the-minus-5,derivative-of-e-minus-to-minus-the-minus-x-minus-over-minus-x-minus-to-minus-the-minus-5,problems.json,derivative,problem,200,No,noindex,https://derivativecalculatorai.com/derivative-of-e-minus-to-minus-the-minus-x-minus-over-minus-x-minus-to-minus-the-minus-5,Yes,Excluded,,,Yes,Partial,0,0,Unknown,,Not reviewed
https://derivativecalculatorai.com/derivative-of-sin2x-minus-plus-minus-cos2x,derivative-of-sin2x-minus-plus-minus-cos2x,problems.json,derivative,problem,200,Yes,index,https://derivativecalculatorai.com/derivative-of-sin2x-minus-plus-minus-cos2x,Yes,Excluded,,,Yes,Partial,0,0,Unknown,,Not reviewed
https://derivativecalculatorai.com/derivative-of-e-minus-to-minus-the-minus-2x-minus-plus-minus-x-minus-to-minus-the-minus-2,derivative-of-e-minus-to-minus-the-minus-2x-minus-plus-minus-x-minus-to-minus-the-minus-2,problems.json,derivative,problem,200,No,noindex,https://derivativecalculatorai.com/derivative-of-e-minus-to-minus-the-minus-2x-minus-plus-minus-x-minus-to-minus-the-minus-2,Yes,Excluded,,,Yes,Partial,0,0,Unknown,,Not reviewed
https://derivativecalculatorai.com/derivative-of-sin2x-minus-plus-minus-cos3x,derivative-of-sin2x-minus-plus-minus-cos3x,problems.json,derivative,problem,200,Yes,index,https://derivativecalculatorai.com/derivative-of-sin2x-minus-plus-minus-cos3x,Yes,Excluded,,,Yes,Partial,0,0,Unknown,,Not reviewed
https://derivativecalculatorai.com/derivative-of-e-minus-to-minus-the-minus-2x-minus-plus-minus-x-minus-to-minus-the-minus-3,derivative-of-e-minus-to-minus-the-minus-2x-minus-plus-minus-x-minus-to-minus-the-minus-3,problems.json,derivative,problem,200,No,noindex,https://derivativecalculatorai.com/derivative-of-e-minus-to-minus-the-minus-2x-minus-plus-minus-x-minus-to-minus-the-minus-3,Yes,Excluded,,,Yes,Partial,0,0,Unknown,,Not reviewed
https://derivativecalculatorai.com/derivative-of-sin2x-minus-plus-minus-cos4x,derivative-of-sin2x-minus-plus-minus-cos4x,problems.json,derivative,problem,200,Yes,index,https://derivativecalculatorai.com/derivative-of-sin2x-minus-plus-minus-cos4x,Yes,Excluded,,,Yes,Partial,0,0,Unknown,,Not reviewed
https://derivativecalculatorai.com/derivative-of-e-minus-to-minus-the-minus-2x-minus-plus-minus-x-minus-to-minus-the-minus-4,derivative-of-e-minus-to-minus-the-minus-2x-minus-plus-minus-x-minus-to-minus-the-minus-4,problems.json,derivative,problem,200,No,noindex,https://derivativecalculatorai.com/derivative-of-e-minus-to-minus-the-minus-2x-minus-plus-minus-x-minus-to-minus-the-minus-4,Yes,Excluded,,,Yes,Partial,0,0,Unknown,,Not reviewed
https://derivativecalculatorai.com/derivative-of-sin2x-minus-plus-minus-cos5x,derivative-of-sin2x-minus-plus-minus-cos5x,problems.json,derivative,problem,200,Yes,index,https://derivativecalculatorai.com/derivative-of-sin2x-minus-plus-minus-cos5x,Yes,Excluded,,,Yes,Partial,0,0,Unknown,,Not reviewed
https://derivativecalculatorai.com/derivative-of-e-minus-to-minus-the-minus-2x-minus-plus-minus-x-minus-to-minus-the-minus-5,derivative-of-e-minus-to-minus-the-minus-2x-minus-plus-minus-x-minus-to-minus-the-minus-5,problems.json,derivative,problem,200,No,noindex,https://derivativecalculatorai.com/derivative-of-e-minus-to-minus-the-minus-2x-minus-plus-minus-x-minus-to-minus-the-minus-5,Yes,Excluded,,,Yes,Partial,0,0,Unknown,,Not reviewed
https://derivativecalculatorai.com/derivative-of-sin3x-minus-plus-minus-cos2x,derivative-of-sin3x-minus-plus-minus-cos2x,problems.json,derivative,problem,200,Yes,index,https://derivativecalculatorai.com/derivative-of-sin3x-minus-plus-minus-cos2x,Yes,Excluded,,,Yes,Partial,0,0,Unknown,,Not reviewed
https://derivativecalculatorai.com/derivative-of-e-minus-to-minus-the-minus-3x-minus-plus-minus-x-minus-to-minus-the-minus-2,derivative-of-e-minus-to-minus-the-minus-3x-minus-plus-minus-x-minus-to-minus-the-minus-2,problems.json,derivative,problem,200,No,noindex,https://derivativecalculatorai.com/derivative-of-e-minus-to-minus-the-minus-3x-minus-plus-minus-x-minus-to-minus-the-minus-2,Yes,Excluded,,,Yes,Partial,0,0,Unknown,,Not reviewed
https://derivativecalculatorai.com/derivative-of-sin3x-minus-plus-minus-cos3x,derivative-of-sin3x-minus-plus-minus-cos3x,problems.json,derivative,problem,200,Yes,index,https://derivativecalculatorai.com/derivative-of-sin3x-minus-plus-minus-cos3x,Yes,Excluded,,,Yes,Partial,0,0,Unknown,,Not reviewed
https://derivativecalculatorai.com/derivative-of-e-minus-to-minus-the-minus-3x-minus-plus-minus-x-minus-to-minus-the-minus-3,derivative-of-e-minus-to-minus-the-minus-3x-minus-plus-minus-x-minus-to-minus-the-minus-3,problems.json,derivative,problem,200,No,noindex,https://derivativecalculatorai.com/derivative-of-e-minus-to-minus-the-minus-3x-minus-plus-minus-x-minus-to-minus-the-minus-3,Yes,Excluded,,,Yes,Partial,0,0,Unknown,,Not reviewed
https://derivativecalculatorai.com/derivative-of-sin3x-minus-plus-minus-cos4x,derivative-of-sin3x-minus-plus-minus-cos4x,problems.json,derivative,problem,200,Yes,index,https://derivativecalculatorai.com/derivative-of-sin3x-minus-plus-minus-cos4x,Yes,Excluded,,,Yes,Partial,0,0,Unknown,,Not reviewed
https://derivativecalculatorai.com/derivative-of-e-minus-to-minus-the-minus-3x-minus-plus-minus-x-minus-to-minus-the-minus-4,derivative-of-e-minus-to-minus-the-minus-3x-minus-plus-minus-x-minus-to-minus-the-minus-4,problems.json,derivative,problem,200,No,noindex,https://derivativecalculatorai.com/derivative-of-e-minus-to-minus-the-minus-3x-minus-plus-minus-x-minus-to-minus-the-minus-4,Yes,Excluded,,,Yes,Partial,0,0,Unknown,,Not reviewed
https://derivativecalculatorai.com/derivative-of-sin3x-minus-plus-minus-cos5x,derivative-of-sin3x-minus-plus-minus-cos5x,problems.json,derivative,problem,200,Yes,index,https://derivativecalculatorai.com/derivative-of-sin3x-minus-plus-minus-cos5x,Yes,Excluded,,,Yes,Partial,0,0,Unknown,,Not reviewed
https://derivativecalculatorai.com/derivative-of-e-minus-to-minus-the-minus-3x-minus-plus-minus-x-minus-to-minus-the-minus-5,derivative-of-e-minus-to-minus-the-minus-3x-minus-plus-minus-x-minus-to-minus-the-minus-5,problems.json,derivative,problem,200,No,noindex,https://derivativecalculatorai.com/derivative-of-e-minus-to-minus-the-minus-3x-minus-plus-minus-x-minus-to-minus-the-minus-5,Yes,Excluded,,,Yes,Partial,0,0,Unknown,,Not reviewed
https://derivativecalculatorai.com/derivative-of-sin4x-minus-plus-minus-cos2x,derivative-of-sin4x-minus-plus-minus-cos2x,problems.json,derivative,problem,200,Yes,index,https://derivativecalculatorai.com/derivative-of-sin4x-minus-plus-minus-cos2x,Yes,Excluded,,,Yes,Partial,0,0,Unknown,,Not reviewed
https://derivativecalculatorai.com/derivative-of-e-minus-to-minus-the-minus-4x-minus-plus-minus-x-minus-to-minus-the-minus-2,derivative-of-e-minus-to-minus-the-minus-4x-minus-plus-minus-x-minus-to-minus-the-minus-2,problems.json,derivative,problem,200,No,noindex,https://derivativecalculatorai.com/derivative-of-e-minus-to-minus-the-minus-4x-minus-plus-minus-x-minus-to-minus-the-minus-2,Yes,Excluded,,,Yes,Partial,0,0,Unknown,,Not reviewed
https://derivativecalculatorai.com/derivative-of-sin4x-minus-plus-minus-cos3x,derivative-of-sin4x-minus-plus-minus-cos3x,problems.json,derivative,problem,200,Yes,index,https://derivativecalculatorai.com/derivative-of-sin4x-minus-plus-minus-cos3x,Yes,Excluded,,,Yes,Partial,0,0,Unknown,,Not reviewed
https://derivativecalculatorai.com/derivative-of-e-minus-to-minus-the-minus-4x-minus-plus-minus-x-minus-to-minus-the-minus-3,derivative-of-e-minus-to-minus-the-minus-4x-minus-plus-minus-x-minus-to-minus-the-minus-3,problems.json,derivative,problem,200,No,noindex,https://derivativecalculatorai.com/derivative-of-e-minus-to-minus-the-minus-4x-minus-plus-minus-x-minus-to-minus-the-minus-3,Yes,Excluded,,,Yes,Partial,0,0,Unknown,,Not reviewed
https://derivativecalculatorai.com/derivative-of-sin4x-minus-plus-minus-cos4x,derivative-of-sin4x-minus-plus-minus-cos4x,problems.json,derivative,problem,200,Yes,index,https://derivativecalculatorai.com/derivative-of-sin4x-minus-plus-minus-cos4x,Yes,Excluded,,,Yes,Partial,0,0,Unknown,,Not reviewed
https://derivativecalculatorai.com/derivative-of-e-minus-to-minus-the-minus-4x-minus-plus-minus-x-minus-to-minus-the-minus-4,derivative-of-e-minus-to-minus-the-minus-4x-minus-plus-minus-x-minus-to-minus-the-minus-4,problems.json,derivative,problem,200,No,noindex,https://derivativecalculatorai.com/derivative-of-e-minus-to-minus-the-minus-4x-minus-plus-minus-x-minus-to-minus-the-minus-4,Yes,Excluded,,,Yes,Partial,0,0,Unknown,,Not reviewed
https://derivativecalculatorai.com/derivative-of-sin4x-minus-plus-minus-cos5x,derivative-of-sin4x-minus-plus-minus-cos5x,problems.json,derivative,problem,200,Yes,index,https://derivativecalculatorai.com/derivative-of-sin4x-minus-plus-minus-cos5x,Yes,Excluded,,,Yes,Partial,0,0,Unknown,,Not reviewed
https://derivativecalculatorai.com/derivative-of-e-minus-to-minus-the-minus-4x-minus-plus-minus-x-minus-to-minus-the-minus-5,derivative-of-e-minus-to-minus-the-minus-4x-minus-plus-minus-x-minus-to-minus-the-minus-5,problems.json,derivative,problem,200,No,noindex,https://derivativecalculatorai.com/derivative-of-e-minus-to-minus-the-minus-4x-minus-plus-minus-x-minus-to-minus-the-minus-5,Yes,Excluded,,,Yes,Partial,0,0,Unknown,,Not reviewed
https://derivativecalculatorai.com/derivative-of-sin5x-minus-plus-minus-cos2x,derivative-of-sin5x-minus-plus-minus-cos2x,problems.json,derivative,problem,200,Yes,index,https://derivativecalculatorai.com/derivative-of-sin5x-minus-plus-minus-cos2x,Yes,Excluded,,,Yes,Partial,0,0,Unknown,,Not reviewed
https://derivativecalculatorai.com/derivative-of-e-minus-to-minus-the-minus-5x-minus-plus-minus-x-minus-to-minus-the-minus-2,derivative-of-e-minus-to-minus-the-minus-5x-minus-plus-minus-x-minus-to-minus-the-minus-2,problems.json,derivative,problem,200,No,noindex,https://derivativecalculatorai.com/derivative-of-e-minus-to-minus-the-minus-5x-minus-plus-minus-x-minus-to-minus-the-minus-2,Yes,Excluded,,,Yes,Partial,0,0,Unknown,,Not reviewed
https://derivativecalculatorai.com/derivative-of-sin5x-minus-plus-minus-cos3x,derivative-of-sin5x-minus-plus-minus-cos3x,problems.json,derivative,problem,200,Yes,index,https://derivativecalculatorai.com/derivative-of-sin5x-minus-plus-minus-cos3x,Yes,Excluded,,,Yes,Partial,0,0,Unknown,,Not reviewed
https://derivativecalculatorai.com/derivative-of-e-minus-to-minus-the-minus-5x-minus-plus-minus-x-minus-to-minus-the-minus-3,derivative-of-e-minus-to-minus-the-minus-5x-minus-plus-minus-x-minus-to-minus-the-minus-3,problems.json,derivative,problem,200,No,noindex,https://derivativecalculatorai.com/derivative-of-e-minus-to-minus-the-minus-5x-minus-plus-minus-x-minus-to-minus-the-minus-3,Yes,Excluded,,,Yes,Partial,0,0,Unknown,,Not reviewed
https://derivativecalculatorai.com/derivative-of-sin5x-minus-plus-minus-cos4x,derivative-of-sin5x-minus-plus-minus-cos4x,problems.json,derivative,problem,200,Yes,index,https://derivativecalculatorai.com/derivative-of-sin5x-minus-plus-minus-cos4x,Yes,Excluded,,,Yes,Partial,0,0,Unknown,,Not reviewed
https://derivativecalculatorai.com/derivative-of-e-minus-to-minus-the-minus-5x-minus-plus-minus-x-minus-to-minus-the-minus-4,derivative-of-e-minus-to-minus-the-minus-5x-minus-plus-minus-x-minus-to-minus-the-minus-4,problems.json,derivative,problem,200,No,noindex,https://derivativecalculatorai.com/derivative-of-e-minus-to-minus-the-minus-5x-minus-plus-minus-x-minus-to-minus-the-minus-4,Yes,Excluded,,,Yes,Partial,0,0,Unknown,,Not reviewed
https://derivativecalculatorai.com/derivative-of-sin5x-minus-plus-minus-cos5x,derivative-of-sin5x-minus-plus-minus-cos5x,problems.json,derivative,problem,200,Yes,index,https://derivativecalculatorai.com/derivative-of-sin5x-minus-plus-minus-cos5x,Yes,Excluded,,,Yes,Partial,0,0,Unknown,,Not reviewed
https://derivativecalculatorai.com/derivative-of-e-minus-to-minus-the-minus-5x-minus-plus-minus-x-minus-to-minus-the-minus-5,derivative-of-e-minus-to-minus-the-minus-5x-minus-plus-minus-x-minus-to-minus-the-minus-5,problems.json,derivative,problem,200,No,noindex,https://derivativecalculatorai.com/derivative-of-e-minus-to-minus-the-minus-5x-minus-plus-minus-x-minus-to-minus-the-minus-5,Yes,Excluded,,,Yes,Partial,0,0,Unknown,,Not reviewed
https://derivativecalculatorai.com/derivative-of-sin6x-minus-plus-minus-cos2x,derivative-of-sin6x-minus-plus-minus-cos2x,problems.json,derivative,problem,200,Yes,index,https://derivativecalculatorai.com/derivative-of-sin6x-minus-plus-minus-cos2x,Yes,Excluded,,,Yes,Partial,0,0,Unknown,,Not reviewed
https://derivativecalculatorai.com/derivative-of-e-minus-to-minus-the-minus-6x-minus-plus-minus-x-minus-to-minus-the-minus-2,derivative-of-e-minus-to-minus-the-minus-6x-minus-plus-minus-x-minus-to-minus-the-minus-2,problems.json,derivative,problem,200,No,noindex,https://derivativecalculatorai.com/derivative-of-e-minus-to-minus-the-minus-6x-minus-plus-minus-x-minus-to-minus-the-minus-2,Yes,Excluded,,,Yes,Partial,0,0,Unknown,,Not reviewed
https://derivativecalculatorai.com/derivative-of-sin6x-minus-plus-minus-cos3x,derivative-of-sin6x-minus-plus-minus-cos3x,problems.json,derivative,problem,200,Yes,index,https://derivativecalculatorai.com/derivative-of-sin6x-minus-plus-minus-cos3x,Yes,Excluded,,,Yes,Partial,0,0,Unknown,,Not reviewed
https://derivativecalculatorai.com/derivative-of-e-minus-to-minus-the-minus-6x-minus-plus-minus-x-minus-to-minus-the-minus-3,derivative-of-e-minus-to-minus-the-minus-6x-minus-plus-minus-x-minus-to-minus-the-minus-3,problems.json,derivative,problem,200,No,noindex,https://derivativecalculatorai.com/derivative-of-e-minus-to-minus-the-minus-6x-minus-plus-minus-x-minus-to-minus-the-minus-3,Yes,Excluded,,,Yes,Partial,0,0,Unknown,,Not reviewed
https://derivativecalculatorai.com/derivative-of-sin6x-minus-plus-minus-cos4x,derivative-of-sin6x-minus-plus-minus-cos4x,problems.json,derivative,problem,200,Yes,index,https://derivativecalculatorai.com/derivative-of-sin6x-minus-plus-minus-cos4x,Yes,Excluded,,,Yes,Partial,0,0,Unknown,,Not reviewed
https://derivativecalculatorai.com/derivative-of-e-minus-to-minus-the-minus-6x-minus-plus-minus-x-minus-to-minus-the-minus-4,derivative-of-e-minus-to-minus-the-minus-6x-minus-plus-minus-x-minus-to-minus-the-minus-4,problems.json,derivative,problem,200,No,noindex,https://derivativecalculatorai.com/derivative-of-e-minus-to-minus-the-minus-6x-minus-plus-minus-x-minus-to-minus-the-minus-4,Yes,Excluded,,,Yes,Partial,0,0,Unknown,,Not reviewed
https://derivativecalculatorai.com/derivative-of-sin6x-minus-plus-minus-cos5x,derivative-of-sin6x-minus-plus-minus-cos5x,problems.json,derivative,problem,200,Yes,index,https://derivativecalculatorai.com/derivative-of-sin6x-minus-plus-minus-cos5x,Yes,Excluded,,,Yes,Partial,0,0,Unknown,,Not reviewed
https://derivativecalculatorai.com/derivative-of-e-minus-to-minus-the-minus-6x-minus-plus-minus-x-minus-to-minus-the-minus-5,derivative-of-e-minus-to-minus-the-minus-6x-minus-plus-minus-x-minus-to-minus-the-minus-5,problems.json,derivative,problem,200,No,noindex,https://derivativecalculatorai.com/derivative-of-e-minus-to-minus-the-minus-6x-minus-plus-minus-x-minus-to-minus-the-minus-5,Yes,Excluded,,,Yes,Partial,0,0,Unknown,,Not reviewed
https://derivativecalculatorai.com/derivative-of-sin7x-minus-plus-minus-cos2x,derivative-of-sin7x-minus-plus-minus-cos2x,problems.json,derivative,problem,200,Yes,index,https://derivativecalculatorai.com/derivative-of-sin7x-minus-plus-minus-cos2x,Yes,Excluded,,,Yes,Partial,0,0,Unknown,,Not reviewed
https://derivativecalculatorai.com/derivative-of-e-minus-to-minus-the-minus-7x-minus-plus-minus-x-minus-to-minus-the-minus-2,derivative-of-e-minus-to-minus-the-minus-7x-minus-plus-minus-x-minus-to-minus-the-minus-2,problems.json,derivative,problem,200,No,noindex,https://derivativecalculatorai.com/derivative-of-e-minus-to-minus-the-minus-7x-minus-plus-minus-x-minus-to-minus-the-minus-2,Yes,Excluded,,,Yes,Partial,0,0,Unknown,,Not reviewed
https://derivativecalculatorai.com/derivative-of-sin7x-minus-plus-minus-cos3x,derivative-of-sin7x-minus-plus-minus-cos3x,problems.json,derivative,problem,200,Yes,index,https://derivativecalculatorai.com/derivative-of-sin7x-minus-plus-minus-cos3x,Yes,Excluded,,,Yes,Partial,0,0,Unknown,,Not reviewed
https://derivativecalculatorai.com/derivative-of-e-minus-to-minus-the-minus-7x-minus-plus-minus-x-minus-to-minus-the-minus-3,derivative-of-e-minus-to-minus-the-minus-7x-minus-plus-minus-x-minus-to-minus-the-minus-3,problems.json,derivative,problem,200,No,noindex,https://derivativecalculatorai.com/derivative-of-e-minus-to-minus-the-minus-7x-minus-plus-minus-x-minus-to-minus-the-minus-3,Yes,Excluded,,,Yes,Partial,0,0,Unknown,,Not reviewed
https://derivativecalculatorai.com/derivative-of-sin7x-minus-plus-minus-cos4x,derivative-of-sin7x-minus-plus-minus-cos4x,problems.json,derivative,problem,200,Yes,index,https://derivativecalculatorai.com/derivative-of-sin7x-minus-plus-minus-cos4x,Yes,Excluded,,,Yes,Partial,0,0,Unknown,,Not reviewed
https://derivativecalculatorai.com/derivative-of-e-minus-to-minus-the-minus-7x-minus-plus-minus-x-minus-to-minus-the-minus-4,derivative-of-e-minus-to-minus-the-minus-7x-minus-plus-minus-x-minus-to-minus-the-minus-4,problems.json,derivative,problem,200,No,noindex,https://derivativecalculatorai.com/derivative-of-e-minus-to-minus-the-minus-7x-minus-plus-minus-x-minus-to-minus-the-minus-4,Yes,Excluded,,,Yes,Partial,0,0,Unknown,,Not reviewed
https://derivativecalculatorai.com/derivative-of-sin7x-minus-plus-minus-cos5x,derivative-of-sin7x-minus-plus-minus-cos5x,problems.json,derivative,problem,200,Yes,index,https://derivativecalculatorai.com/derivative-of-sin7x-minus-plus-minus-cos5x,Yes,Excluded,,,Yes,Partial,0,0,Unknown,,Not reviewed
https://derivativecalculatorai.com/derivative-of-e-minus-to-minus-the-minus-7x-minus-plus-minus-x-minus-to-minus-the-minus-5,derivative-of-e-minus-to-minus-the-minus-7x-minus-plus-minus-x-minus-to-minus-the-minus-5,problems.json,derivative,problem,200,No,noindex,https://derivativecalculatorai.com/derivative-of-e-minus-to-minus-the-minus-7x-minus-plus-minus-x-minus-to-minus-the-minus-5,Yes,Excluded,,,Yes,Partial,0,0,Unknown,,Not reviewed
https://derivativecalculatorai.com/derivative-of-sin8x-minus-plus-minus-cos2x,derivative-of-sin8x-minus-plus-minus-cos2x,problems.json,derivative,problem,200,Yes,index,https://derivativecalculatorai.com/derivative-of-sin8x-minus-plus-minus-cos2x,Yes,Excluded,,,Yes,Partial,0,0,Unknown,,Not reviewed
https://derivativecalculatorai.com/derivative-of-e-minus-to-minus-the-minus-8x-minus-plus-minus-x-minus-to-minus-the-minus-2,derivative-of-e-minus-to-minus-the-minus-8x-minus-plus-minus-x-minus-to-minus-the-minus-2,problems.json,derivative,problem,200,No,noindex,https://derivativecalculatorai.com/derivative-of-e-minus-to-minus-the-minus-8x-minus-plus-minus-x-minus-to-minus-the-minus-2,Yes,Excluded,,,Yes,Partial,0,0,Unknown,,Not reviewed
https://derivativecalculatorai.com/derivative-of-sin8x-minus-plus-minus-cos3x,derivative-of-sin8x-minus-plus-minus-cos3x,problems.json,derivative,problem,200,Yes,index,https://derivativecalculatorai.com/derivative-of-sin8x-minus-plus-minus-cos3x,Yes,Excluded,,,Yes,Partial,0,0,Unknown,,Not reviewed
https://derivativecalculatorai.com/derivative-of-e-minus-to-minus-the-minus-8x-minus-plus-minus-x-minus-to-minus-the-minus-3,derivative-of-e-minus-to-minus-the-minus-8x-minus-plus-minus-x-minus-to-minus-the-minus-3,problems.json,derivative,problem,200,No,noindex,https://derivativecalculatorai.com/derivative-of-e-minus-to-minus-the-minus-8x-minus-plus-minus-x-minus-to-minus-the-minus-3,Yes,Excluded,,,Yes,Partial,0,0,Unknown,,Not reviewed
https://derivativecalculatorai.com/derivative-of-sin8x-minus-plus-minus-cos4x,derivative-of-sin8x-minus-plus-minus-cos4x,problems.json,derivative,problem,200,Yes,index,https://derivativecalculatorai.com/derivative-of-sin8x-minus-plus-minus-cos4x,Yes,Excluded,,,Yes,Partial,0,0,Unknown,,Not reviewed
https://derivativecalculatorai.com/derivative-of-e-minus-to-minus-the-minus-8x-minus-plus-minus-x-minus-to-minus-the-minus-4,derivative-of-e-minus-to-minus-the-minus-8x-minus-plus-minus-x-minus-to-minus-the-minus-4,problems.json,derivative,problem,200,No,noindex,https://derivativecalculatorai.com/derivative-of-e-minus-to-minus-the-minus-8x-minus-plus-minus-x-minus-to-minus-the-minus-4,Yes,Excluded,,,Yes,Partial,0,0,Unknown,,Not reviewed
https://derivativecalculatorai.com/derivative-of-sin8x-minus-plus-minus-cos5x,derivative-of-sin8x-minus-plus-minus-cos5x,problems.json,derivative,problem,200,Yes,index,https://derivativecalculatorai.com/derivative-of-sin8x-minus-plus-minus-cos5x,Yes,Excluded,,,Yes,Partial,0,0,Unknown,,Not reviewed
https://derivativecalculatorai.com/derivative-of-e-minus-to-minus-the-minus-8x-minus-plus-minus-x-minus-to-minus-the-minus-5,derivative-of-e-minus-to-minus-the-minus-8x-minus-plus-minus-x-minus-to-minus-the-minus-5,problems.json,derivative,problem,200,No,noindex,https://derivativecalculatorai.com/derivative-of-e-minus-to-minus-the-minus-8x-minus-plus-minus-x-minus-to-minus-the-minus-5,Yes,Excluded,,,Yes,Partial,0,0,Unknown,,Not reviewed
https://derivativecalculatorai.com/derivative-of-sin9x-minus-plus-minus-cos2x,derivative-of-sin9x-minus-plus-minus-cos2x,problems.json,derivative,problem,200,Yes,index,https://derivativecalculatorai.com/derivative-of-sin9x-minus-plus-minus-cos2x,Yes,Excluded,,,Yes,Partial,0,0,Unknown,,Not reviewed
https://derivativecalculatorai.com/derivative-of-e-minus-to-minus-the-minus-9x-minus-plus-minus-x-minus-to-minus-the-minus-2,derivative-of-e-minus-to-minus-the-minus-9x-minus-plus-minus-x-minus-to-minus-the-minus-2,problems.json,derivative,problem,200,No,noindex,https://derivativecalculatorai.com/derivative-of-e-minus-to-minus-the-minus-9x-minus-plus-minus-x-minus-to-minus-the-minus-2,Yes,Excluded,,,Yes,Partial,0,0,Unknown,,Not reviewed
https://derivativecalculatorai.com/derivative-of-sin9x-minus-plus-minus-cos3x,derivative-of-sin9x-minus-plus-minus-cos3x,problems.json,derivative,problem,200,Yes,index,https://derivativecalculatorai.com/derivative-of-sin9x-minus-plus-minus-cos3x,Yes,Excluded,,,Yes,Partial,0,0,Unknown,,Not reviewed
https://derivativecalculatorai.com/derivative-of-e-minus-to-minus-the-minus-9x-minus-plus-minus-x-minus-to-minus-the-minus-3,derivative-of-e-minus-to-minus-the-minus-9x-minus-plus-minus-x-minus-to-minus-the-minus-3,problems.json,derivative,problem,200,No,noindex,https://derivativecalculatorai.com/derivative-of-e-minus-to-minus-the-minus-9x-minus-plus-minus-x-minus-to-minus-the-minus-3,Yes,Excluded,,,Yes,Partial,0,0,Unknown,,Not reviewed
https://derivativecalculatorai.com/derivative-of-sin9x-minus-plus-minus-cos4x,derivative-of-sin9x-minus-plus-minus-cos4x,problems.json,derivative,problem,200,Yes,index,https://derivativecalculatorai.com/derivative-of-sin9x-minus-plus-minus-cos4x,Yes,Excluded,,,Yes,Partial,0,0,Unknown,,Not reviewed
https://derivativecalculatorai.com/derivative-of-e-minus-to-minus-the-minus-9x-minus-plus-minus-x-minus-to-minus-the-minus-4,derivative-of-e-minus-to-minus-the-minus-9x-minus-plus-minus-x-minus-to-minus-the-minus-4,problems.json,derivative,problem,200,No,noindex,https://derivativecalculatorai.com/derivative-of-e-minus-to-minus-the-minus-9x-minus-plus-minus-x-minus-to-minus-the-minus-4,Yes,Excluded,,,Yes,Partial,0,0,Unknown,,Not reviewed
https://derivativecalculatorai.com/derivative-of-sin9x-minus-plus-minus-cos5x,derivative-of-sin9x-minus-plus-minus-cos5x,problems.json,derivative,problem,200,Yes,index,https://derivativecalculatorai.com/derivative-of-sin9x-minus-plus-minus-cos5x,Yes,Excluded,,,Yes,Partial,0,0,Unknown,,Not reviewed
https://derivativecalculatorai.com/derivative-of-e-minus-to-minus-the-minus-9x-minus-plus-minus-x-minus-to-minus-the-minus-5,derivative-of-e-minus-to-minus-the-minus-9x-minus-plus-minus-x-minus-to-minus-the-minus-5,problems.json,derivative,problem,200,No,noindex,https://derivativecalculatorai.com/derivative-of-e-minus-to-minus-the-minus-9x-minus-plus-minus-x-minus-to-minus-the-minus-5,Yes,Excluded,,,Yes,Partial,0,0,Unknown,,Not reviewed
https://derivativecalculatorai.com/derivative-of-sin10x-minus-plus-minus-cos2x,derivative-of-sin10x-minus-plus-minus-cos2x,problems.json,derivative,problem,200,Yes,index,https://derivativecalculatorai.com/derivative-of-sin10x-minus-plus-minus-cos2x,Yes,Excluded,,,Yes,Partial,0,0,Unknown,,Not reviewed
https://derivativecalculatorai.com/derivative-of-e-minus-to-minus-the-minus-10x-minus-plus-minus-x-minus-to-minus-the-minus-2,derivative-of-e-minus-to-minus-the-minus-10x-minus-plus-minus-x-minus-to-minus-the-minus-2,problems.json,derivative,problem,200,No,noindex,https://derivativecalculatorai.com/derivative-of-e-minus-to-minus-the-minus-10x-minus-plus-minus-x-minus-to-minus-the-minus-2,Yes,Excluded,,,Yes,Partial,0,0,Unknown,,Not reviewed
https://derivativecalculatorai.com/derivative-of-sin10x-minus-plus-minus-cos3x,derivative-of-sin10x-minus-plus-minus-cos3x,problems.json,derivative,problem,200,Yes,index,https://derivativecalculatorai.com/derivative-of-sin10x-minus-plus-minus-cos3x,Yes,Excluded,,,Yes,Partial,0,0,Unknown,,Not reviewed
https://derivativecalculatorai.com/derivative-of-e-minus-to-minus-the-minus-10x-minus-plus-minus-x-minus-to-minus-the-minus-3,derivative-of-e-minus-to-minus-the-minus-10x-minus-plus-minus-x-minus-to-minus-the-minus-3,problems.json,derivative,problem,200,No,noindex,https://derivativecalculatorai.com/derivative-of-e-minus-to-minus-the-minus-10x-minus-plus-minus-x-minus-to-minus-the-minus-3,Yes,Excluded,,,Yes,Partial,0,0,Unknown,,Not reviewed
https://derivativecalculatorai.com/derivative-of-sin10x-minus-plus-minus-cos4x,derivative-of-sin10x-minus-plus-minus-cos4x,problems.json,derivative,problem,200,Yes,index,https://derivativecalculatorai.com/derivative-of-sin10x-minus-plus-minus-cos4x,Yes,Excluded,,,Yes,Partial,0,0,Unknown,,Not reviewed
https://derivativecalculatorai.com/derivative-of-e-minus-to-minus-the-minus-10x-minus-plus-minus-x-minus-to-minus-the-minus-4,derivative-of-e-minus-to-minus-the-minus-10x-minus-plus-minus-x-minus-to-minus-the-minus-4,problems.json,derivative,problem,200,No,noindex,https://derivativecalculatorai.com/derivative-of-e-minus-to-minus-the-minus-10x-minus-plus-minus-x-minus-to-minus-the-minus-4,Yes,Excluded,,,Yes,Partial,0,0,Unknown,,Not reviewed
https://derivativecalculatorai.com/derivative-of-sin10x-minus-plus-minus-cos5x,derivative-of-sin10x-minus-plus-minus-cos5x,problems.json,derivative,problem,200,Yes,index,https://derivativecalculatorai.com/derivative-of-sin10x-minus-plus-minus-cos5x,Yes,Excluded,,,Yes,Partial,0,0,Unknown,,Not reviewed
https://derivativecalculatorai.com/derivative-of-e-minus-to-minus-the-minus-10x-minus-plus-minus-x-minus-to-minus-the-minus-5,derivative-of-e-minus-to-minus-the-minus-10x-minus-plus-minus-x-minus-to-minus-the-minus-5,problems.json,derivative,problem,200,No,noindex,https://derivativecalculatorai.com/derivative-of-e-minus-to-minus-the-minus-10x-minus-plus-minus-x-minus-to-minus-the-minus-5,Yes,Excluded,,,Yes,Partial,0,0,Unknown,,Not reviewed
https://derivativecalculatorai.com/derivative-of-e-minus-to-minus-the-minus-2xsin2x,derivative-of-e-minus-to-minus-the-minus-2xsin2x,problems.json,derivative,problem,200,Yes,index,https://derivativecalculatorai.com/derivative-of-e-minus-to-minus-the-minus-2xsin2x,Yes,Excluded,,,Yes,Partial,0,0,Unknown,,Not reviewed
https://derivativecalculatorai.com/derivative-of-e-minus-to-minus-the-minus-2xcos2x,derivative-of-e-minus-to-minus-the-minus-2xcos2x,problems.json,derivative,problem,200,Yes,index,https://derivativecalculatorai.com/derivative-of-e-minus-to-minus-the-minus-2xcos2x,Yes,Excluded,,,Yes,Partial,0,0,Unknown,,Not reviewed
https://derivativecalculatorai.com/derivative-of-e-minus-to-minus-the-minus-2xsin3x,derivative-of-e-minus-to-minus-the-minus-2xsin3x,problems.json,derivative,problem,200,Yes,index,https://derivativecalculatorai.com/derivative-of-e-minus-to-minus-the-minus-2xsin3x,Yes,Excluded,,,Yes,Partial,0,0,Unknown,,Not reviewed
https://derivativecalculatorai.com/derivative-of-e-minus-to-minus-the-minus-2xcos3x,derivative-of-e-minus-to-minus-the-minus-2xcos3x,problems.json,derivative,problem,200,Yes,index,https://derivativecalculatorai.com/derivative-of-e-minus-to-minus-the-minus-2xcos3x,Yes,Excluded,,,Yes,Partial,0,0,Unknown,,Not reviewed
https://derivativecalculatorai.com/derivative-of-e-minus-to-minus-the-minus-2xsin4x,derivative-of-e-minus-to-minus-the-minus-2xsin4x,problems.json,derivative,problem,200,Yes,index,https://derivativecalculatorai.com/derivative-of-e-minus-to-minus-the-minus-2xsin4x,Yes,Excluded,,,Yes,Partial,0,0,Unknown,,Not reviewed
https://derivativecalculatorai.com/derivative-of-e-minus-to-minus-the-minus-2xcos4x,derivative-of-e-minus-to-minus-the-minus-2xcos4x,problems.json,derivative,problem,200,Yes,index,https://derivativecalculatorai.com/derivative-of-e-minus-to-minus-the-minus-2xcos4x,Yes,Excluded,,,Yes,Partial,0,0,Unknown,,Not reviewed
https://derivativecalculatorai.com/derivative-of-e-minus-to-minus-the-minus-2xsin5x,derivative-of-e-minus-to-minus-the-minus-2xsin5x,problems.json,derivative,problem,200,Yes,index,https://derivativecalculatorai.com/derivative-of-e-minus-to-minus-the-minus-2xsin5x,Yes,Excluded,,,Yes,Partial,0,0,Unknown,,Not reviewed
https://derivativecalculatorai.com/derivative-of-e-minus-to-minus-the-minus-2xcos5x,derivative-of-e-minus-to-minus-the-minus-2xcos5x,problems.json,derivative,problem,200,Yes,index,https://derivativecalculatorai.com/derivative-of-e-minus-to-minus-the-minus-2xcos5x,Yes,Excluded,,,Yes,Partial,0,0,Unknown,,Not reviewed
https://derivativecalculatorai.com/derivative-of-e-minus-to-minus-the-minus-3xsin2x,derivative-of-e-minus-to-minus-the-minus-3xsin2x,problems.json,derivative,problem,200,Yes,index,https://derivativecalculatorai.com/derivative-of-e-minus-to-minus-the-minus-3xsin2x,Yes,Excluded,,,Yes,Partial,0,0,Unknown,,Not reviewed
https://derivativecalculatorai.com/derivative-of-e-minus-to-minus-the-minus-3xcos2x,derivative-of-e-minus-to-minus-the-minus-3xcos2x,problems.json,derivative,problem,200,Yes,index,https://derivativecalculatorai.com/derivative-of-e-minus-to-minus-the-minus-3xcos2x,Yes,Excluded,,,Yes,Partial,0,0,Unknown,,Not reviewed
https://derivativecalculatorai.com/derivative-of-e-minus-to-minus-the-minus-3xsin3x,derivative-of-e-minus-to-minus-the-minus-3xsin3x,problems.json,derivative,problem,200,Yes,index,https://derivativecalculatorai.com/derivative-of-e-minus-to-minus-the-minus-3xsin3x,Yes,Excluded,,,Yes,Partial,0,0,Unknown,,Not reviewed
https://derivativecalculatorai.com/derivative-of-e-minus-to-minus-the-minus-3xcos3x,derivative-of-e-minus-to-minus-the-minus-3xcos3x,problems.json,derivative,problem,200,Yes,index,https://derivativecalculatorai.com/derivative-of-e-minus-to-minus-the-minus-3xcos3x,Yes,Excluded,,,Yes,Partial,0,0,Unknown,,Not reviewed
https://derivativecalculatorai.com/derivative-of-e-minus-to-minus-the-minus-3xsin4x,derivative-of-e-minus-to-minus-the-minus-3xsin4x,problems.json,derivative,problem,200,Yes,index,https://derivativecalculatorai.com/derivative-of-e-minus-to-minus-the-minus-3xsin4x,Yes,Excluded,,,Yes,Partial,0,0,Unknown,,Not reviewed
https://derivativecalculatorai.com/derivative-of-e-minus-to-minus-the-minus-3xcos4x,derivative-of-e-minus-to-minus-the-minus-3xcos4x,problems.json,derivative,problem,200,Yes,index,https://derivativecalculatorai.com/derivative-of-e-minus-to-minus-the-minus-3xcos4x,Yes,Excluded,,,Yes,Partial,0,0,Unknown,,Not reviewed
https://derivativecalculatorai.com/derivative-of-e-minus-to-minus-the-minus-3xsin5x,derivative-of-e-minus-to-minus-the-minus-3xsin5x,problems.json,derivative,problem,200,Yes,index,https://derivativecalculatorai.com/derivative-of-e-minus-to-minus-the-minus-3xsin5x,Yes,Excluded,,,Yes,Partial,0,0,Unknown,,Not reviewed
https://derivativecalculatorai.com/derivative-of-e-minus-to-minus-the-minus-3xcos5x,derivative-of-e-minus-to-minus-the-minus-3xcos5x,problems.json,derivative,problem,200,Yes,index,https://derivativecalculatorai.com/derivative-of-e-minus-to-minus-the-minus-3xcos5x,Yes,Excluded,,,Yes,Partial,0,0,Unknown,,Not reviewed
https://derivativecalculatorai.com/derivative-of-e-minus-to-minus-the-minus-4xsin2x,derivative-of-e-minus-to-minus-the-minus-4xsin2x,problems.json,derivative,problem,200,Yes,index,https://derivativecalculatorai.com/derivative-of-e-minus-to-minus-the-minus-4xsin2x,Yes,Excluded,,,Yes,Partial,0,0,Unknown,,Not reviewed
https://derivativecalculatorai.com/derivative-of-e-minus-to-minus-the-minus-4xcos2x,derivative-of-e-minus-to-minus-the-minus-4xcos2x,problems.json,derivative,problem,200,Yes,index,https://derivativecalculatorai.com/derivative-of-e-minus-to-minus-the-minus-4xcos2x,Yes,Excluded,,,Yes,Partial,0,0,Unknown,,Not reviewed
https://derivativecalculatorai.com/derivative-of-e-minus-to-minus-the-minus-4xsin3x,derivative-of-e-minus-to-minus-the-minus-4xsin3x,problems.json,derivative,problem,200,Yes,index,https://derivativecalculatorai.com/derivative-of-e-minus-to-minus-the-minus-4xsin3x,Yes,Excluded,,,Yes,Partial,0,0,Unknown,,Not reviewed
https://derivativecalculatorai.com/derivative-of-e-minus-to-minus-the-minus-4xcos3x,derivative-of-e-minus-to-minus-the-minus-4xcos3x,problems.json,derivative,problem,200,Yes,index,https://derivativecalculatorai.com/derivative-of-e-minus-to-minus-the-minus-4xcos3x,Yes,Excluded,,,Yes,Partial,0,0,Unknown,,Not reviewed
https://derivativecalculatorai.com/derivative-of-e-minus-to-minus-the-minus-4xsin4x,derivative-of-e-minus-to-minus-the-minus-4xsin4x,problems.json,derivative,problem,200,Yes,index,https://derivativecalculatorai.com/derivative-of-e-minus-to-minus-the-minus-4xsin4x,Yes,Excluded,,,Yes,Partial,0,0,Unknown,,Not reviewed
https://derivativecalculatorai.com/derivative-of-e-minus-to-minus-the-minus-4xcos4x,derivative-of-e-minus-to-minus-the-minus-4xcos4x,problems.json,derivative,problem,200,Yes,index,https://derivativecalculatorai.com/derivative-of-e-minus-to-minus-the-minus-4xcos4x,Yes,Excluded,,,Yes,Partial,0,0,Unknown,,Not reviewed
https://derivativecalculatorai.com/derivative-of-e-minus-to-minus-the-minus-4xsin5x,derivative-of-e-minus-to-minus-the-minus-4xsin5x,problems.json,derivative,problem,200,Yes,index,https://derivativecalculatorai.com/derivative-of-e-minus-to-minus-the-minus-4xsin5x,Yes,Excluded,,,Yes,Partial,0,0,Unknown,,Not reviewed
https://derivativecalculatorai.com/derivative-of-e-minus-to-minus-the-minus-4xcos5x,derivative-of-e-minus-to-minus-the-minus-4xcos5x,problems.json,derivative,problem,200,Yes,index,https://derivativecalculatorai.com/derivative-of-e-minus-to-minus-the-minus-4xcos5x,Yes,Excluded,,,Yes,Partial,0,0,Unknown,,Not reviewed
https://derivativecalculatorai.com/derivative-of-e-minus-to-minus-the-minus-5xsin2x,derivative-of-e-minus-to-minus-the-minus-5xsin2x,problems.json,derivative,problem,200,Yes,index,https://derivativecalculatorai.com/derivative-of-e-minus-to-minus-the-minus-5xsin2x,Yes,Excluded,,,Yes,Partial,0,0,Unknown,,Not reviewed
https://derivativecalculatorai.com/derivative-of-e-minus-to-minus-the-minus-5xcos2x,derivative-of-e-minus-to-minus-the-minus-5xcos2x,problems.json,derivative,problem,200,Yes,index,https://derivativecalculatorai.com/derivative-of-e-minus-to-minus-the-minus-5xcos2x,Yes,Excluded,,,Yes,Partial,0,0,Unknown,,Not reviewed
https://derivativecalculatorai.com/derivative-of-e-minus-to-minus-the-minus-5xsin3x,derivative-of-e-minus-to-minus-the-minus-5xsin3x,problems.json,derivative,problem,200,Yes,index,https://derivativecalculatorai.com/derivative-of-e-minus-to-minus-the-minus-5xsin3x,Yes,Excluded,,,Yes,Partial,0,0,Unknown,,Not reviewed
https://derivativecalculatorai.com/derivative-of-e-minus-to-minus-the-minus-5xcos3x,derivative-of-e-minus-to-minus-the-minus-5xcos3x,problems.json,derivative,problem,200,Yes,index,https://derivativecalculatorai.com/derivative-of-e-minus-to-minus-the-minus-5xcos3x,Yes,Excluded,,,Yes,Partial,0,0,Unknown,,Not reviewed
https://derivativecalculatorai.com/derivative-of-e-minus-to-minus-the-minus-5xsin4x,derivative-of-e-minus-to-minus-the-minus-5xsin4x,problems.json,derivative,problem,200,Yes,index,https://derivativecalculatorai.com/derivative-of-e-minus-to-minus-the-minus-5xsin4x,Yes,Excluded,,,Yes,Partial,0,0,Unknown,,Not reviewed
https://derivativecalculatorai.com/derivative-of-e-minus-to-minus-the-minus-5xcos4x,derivative-of-e-minus-to-minus-the-minus-5xcos4x,problems.json,derivative,problem,200,Yes,index,https://derivativecalculatorai.com/derivative-of-e-minus-to-minus-the-minus-5xcos4x,Yes,Excluded,,,Yes,Partial,0,0,Unknown,,Not reviewed
https://derivativecalculatorai.com/derivative-of-e-minus-to-minus-the-minus-5xsin5x,derivative-of-e-minus-to-minus-the-minus-5xsin5x,problems.json,derivative,problem,200,Yes,index,https://derivativecalculatorai.com/derivative-of-e-minus-to-minus-the-minus-5xsin5x,Yes,Excluded,,,Yes,Partial,0,0,Unknown,,Not reviewed
https://derivativecalculatorai.com/derivative-of-e-minus-to-minus-the-minus-5xcos5x,derivative-of-e-minus-to-minus-the-minus-5xcos5x,problems.json,derivative,problem,200,Yes,index,https://derivativecalculatorai.com/derivative-of-e-minus-to-minus-the-minus-5xcos5x,Yes,Excluded,,,Yes,Partial,0,0,Unknown,,Not reviewed
https://derivativecalculatorai.com/derivative-of-e-minus-to-minus-the-minus-6xsin2x,derivative-of-e-minus-to-minus-the-minus-6xsin2x,problems.json,derivative,problem,200,Yes,index,https://derivativecalculatorai.com/derivative-of-e-minus-to-minus-the-minus-6xsin2x,Yes,Excluded,,,Yes,Partial,0,0,Unknown,,Not reviewed
https://derivativecalculatorai.com/derivative-of-e-minus-to-minus-the-minus-6xcos2x,derivative-of-e-minus-to-minus-the-minus-6xcos2x,problems.json,derivative,problem,200,Yes,index,https://derivativecalculatorai.com/derivative-of-e-minus-to-minus-the-minus-6xcos2x,Yes,Excluded,,,Yes,Partial,0,0,Unknown,,Not reviewed
https://derivativecalculatorai.com/derivative-of-e-minus-to-minus-the-minus-6xsin3x,derivative-of-e-minus-to-minus-the-minus-6xsin3x,problems.json,derivative,problem,200,Yes,index,https://derivativecalculatorai.com/derivative-of-e-minus-to-minus-the-minus-6xsin3x,Yes,Excluded,,,Yes,Partial,0,0,Unknown,,Not reviewed
https://derivativecalculatorai.com/derivative-of-e-minus-to-minus-the-minus-6xcos3x,derivative-of-e-minus-to-minus-the-minus-6xcos3x,problems.json,derivative,problem,200,Yes,index,https://derivativecalculatorai.com/derivative-of-e-minus-to-minus-the-minus-6xcos3x,Yes,Excluded,,,Yes,Partial,0,0,Unknown,,Not reviewed
https://derivativecalculatorai.com/derivative-of-e-minus-to-minus-the-minus-6xsin4x,derivative-of-e-minus-to-minus-the-minus-6xsin4x,problems.json,derivative,problem,200,Yes,index,https://derivativecalculatorai.com/derivative-of-e-minus-to-minus-the-minus-6xsin4x,Yes,Excluded,,,Yes,Partial,0,0,Unknown,,Not reviewed
https://derivativecalculatorai.com/derivative-of-e-minus-to-minus-the-minus-6xcos4x,derivative-of-e-minus-to-minus-the-minus-6xcos4x,problems.json,derivative,problem,200,Yes,index,https://derivativecalculatorai.com/derivative-of-e-minus-to-minus-the-minus-6xcos4x,Yes,Excluded,,,Yes,Partial,0,0,Unknown,,Not reviewed
https://derivativecalculatorai.com/derivative-of-e-minus-to-minus-the-minus-6xsin5x,derivative-of-e-minus-to-minus-the-minus-6xsin5x,problems.json,derivative,problem,200,Yes,index,https://derivativecalculatorai.com/derivative-of-e-minus-to-minus-the-minus-6xsin5x,Yes,Excluded,,,Yes,Partial,0,0,Unknown,,Not reviewed
https://derivativecalculatorai.com/derivative-of-e-minus-to-minus-the-minus-6xcos5x,derivative-of-e-minus-to-minus-the-minus-6xcos5x,problems.json,derivative,problem,200,Yes,index,https://derivativecalculatorai.com/derivative-of-e-minus-to-minus-the-minus-6xcos5x,Yes,Excluded,,,Yes,Partial,0,0,Unknown,,Not reviewed
https://derivativecalculatorai.com/derivative-of-e-minus-to-minus-the-minus-7xsin2x,derivative-of-e-minus-to-minus-the-minus-7xsin2x,problems.json,derivative,problem,200,Yes,index,https://derivativecalculatorai.com/derivative-of-e-minus-to-minus-the-minus-7xsin2x,Yes,Excluded,,,Yes,Partial,0,0,Unknown,,Not reviewed
https://derivativecalculatorai.com/derivative-of-e-minus-to-minus-the-minus-7xcos2x,derivative-of-e-minus-to-minus-the-minus-7xcos2x,problems.json,derivative,problem,200,Yes,index,https://derivativecalculatorai.com/derivative-of-e-minus-to-minus-the-minus-7xcos2x,Yes,Excluded,,,Yes,Partial,0,0,Unknown,,Not reviewed
https://derivativecalculatorai.com/derivative-of-e-minus-to-minus-the-minus-7xsin3x,derivative-of-e-minus-to-minus-the-minus-7xsin3x,problems.json,derivative,problem,200,Yes,index,https://derivativecalculatorai.com/derivative-of-e-minus-to-minus-the-minus-7xsin3x,Yes,Excluded,,,Yes,Partial,0,0,Unknown,,Not reviewed
https://derivativecalculatorai.com/derivative-of-e-minus-to-minus-the-minus-7xcos3x,derivative-of-e-minus-to-minus-the-minus-7xcos3x,problems.json,derivative,problem,200,Yes,index,https://derivativecalculatorai.com/derivative-of-e-minus-to-minus-the-minus-7xcos3x,Yes,Excluded,,,Yes,Partial,0,0,Unknown,,Not reviewed
https://derivativecalculatorai.com/derivative-of-e-minus-to-minus-the-minus-7xsin4x,derivative-of-e-minus-to-minus-the-minus-7xsin4x,problems.json,derivative,problem,200,Yes,index,https://derivativecalculatorai.com/derivative-of-e-minus-to-minus-the-minus-7xsin4x,Yes,Excluded,,,Yes,Partial,0,0,Unknown,,Not reviewed
https://derivativecalculatorai.com/derivative-of-e-minus-to-minus-the-minus-7xcos4x,derivative-of-e-minus-to-minus-the-minus-7xcos4x,problems.json,derivative,problem,200,Yes,index,https://derivativecalculatorai.com/derivative-of-e-minus-to-minus-the-minus-7xcos4x,Yes,Excluded,,,Yes,Partial,0,0,Unknown,,Not reviewed
https://derivativecalculatorai.com/derivative-of-e-minus-to-minus-the-minus-7xsin5x,derivative-of-e-minus-to-minus-the-minus-7xsin5x,problems.json,derivative,problem,200,Yes,index,https://derivativecalculatorai.com/derivative-of-e-minus-to-minus-the-minus-7xsin5x,Yes,Excluded,,,Yes,Partial,0,0,Unknown,,Not reviewed
https://derivativecalculatorai.com/derivative-of-e-minus-to-minus-the-minus-7xcos5x,derivative-of-e-minus-to-minus-the-minus-7xcos5x,problems.json,derivative,problem,200,Yes,index,https://derivativecalculatorai.com/derivative-of-e-minus-to-minus-the-minus-7xcos5x,Yes,Excluded,,,Yes,Partial,0,0,Unknown,,Not reviewed
https://derivativecalculatorai.com/derivative-of-sinx-minus-to-minus-the-minus-2,derivative-of-sinx-minus-to-minus-the-minus-2,problems.json,derivative,problem,200,No,noindex,https://derivativecalculatorai.com/derivative-of-sinx-minus-to-minus-the-minus-2,Yes,Excluded,,,Yes,Partial,0,0,Unknown,,Not reviewed
https://derivativecalculatorai.com/derivative-of-cosx-minus-to-minus-the-minus-2,derivative-of-cosx-minus-to-minus-the-minus-2,problems.json,derivative,problem,200,Yes,index,https://derivativecalculatorai.com/derivative-of-cosx-minus-to-minus-the-minus-2,Yes,Excluded,,,Yes,Partial,0,0,Unknown,,Not reviewed
https://derivativecalculatorai.com/derivative-of-e-minus-to-minus-the-minus-x-minus-to-minus-the-minus-2,derivative-of-e-minus-to-minus-the-minus-x-minus-to-minus-the-minus-2,problems.json,derivative,problem,200,No,noindex,https://derivativecalculatorai.com/derivative-of-e-minus-to-minus-the-minus-x-minus-to-minus-the-minus-2,Yes,Excluded,,,Yes,Partial,0,0,Unknown,,Not reviewed
https://derivativecalculatorai.com/derivative-of-lnx-minus-to-minus-the-minus-2,derivative-of-lnx-minus-to-minus-the-minus-2,problems.json,derivative,problem,200,Yes,index,https://derivativecalculatorai.com/derivative-of-lnx-minus-to-minus-the-minus-2,Yes,Excluded,,,Yes,Partial,0,0,Unknown,,Not reviewed
https://derivativecalculatorai.com/derivative-of-sinx-minus-to-minus-the-minus-3,derivative-of-sinx-minus-to-minus-the-minus-3,problems.json,derivative,problem,200,Yes,index,https://derivativecalculatorai.com/derivative-of-sinx-minus-to-minus-the-minus-3,Yes,Excluded,,,Yes,Partial,0,0,Unknown,,Not reviewed
https://derivativecalculatorai.com/derivative-of-cosx-minus-to-minus-the-minus-3,derivative-of-cosx-minus-to-minus-the-minus-3,problems.json,derivative,problem,200,Yes,index,https://derivativecalculatorai.com/derivative-of-cosx-minus-to-minus-the-minus-3,Yes,Excluded,,,Yes,Partial,0,0,Unknown,,Not reviewed
https://derivativecalculatorai.com/derivative-of-e-minus-to-minus-the-minus-x-minus-to-minus-the-minus-3,derivative-of-e-minus-to-minus-the-minus-x-minus-to-minus-the-minus-3,problems.json,derivative,problem,200,No,noindex,https://derivativecalculatorai.com/derivative-of-e-minus-to-minus-the-minus-x-minus-to-minus-the-minus-3,Yes,Excluded,,,Yes,Partial,0,0,Unknown,,Not reviewed
https://derivativecalculatorai.com/derivative-of-lnx-minus-to-minus-the-minus-3,derivative-of-lnx-minus-to-minus-the-minus-3,problems.json,derivative,problem,200,Yes,index,https://derivativecalculatorai.com/derivative-of-lnx-minus-to-minus-the-minus-3,Yes,Excluded,,,Yes,Partial,0,0,Unknown,,Not reviewed
https://derivativecalculatorai.com/derivative-of-sinx-minus-to-minus-the-minus-4,derivative-of-sinx-minus-to-minus-the-minus-4,problems.json,derivative,problem,200,Yes,index,https://derivativecalculatorai.com/derivative-of-sinx-minus-to-minus-the-minus-4,Yes,Excluded,,,Yes,Partial,0,0,Unknown,,Not reviewed
https://derivativecalculatorai.com/derivative-of-cosx-minus-to-minus-the-minus-4,derivative-of-cosx-minus-to-minus-the-minus-4,problems.json,derivative,problem,200,Yes,index,https://derivativecalculatorai.com/derivative-of-cosx-minus-to-minus-the-minus-4,Yes,Excluded,,,Yes,Partial,0,0,Unknown,,Not reviewed
https://derivativecalculatorai.com/derivative-of-e-minus-to-minus-the-minus-x-minus-to-minus-the-minus-4,derivative-of-e-minus-to-minus-the-minus-x-minus-to-minus-the-minus-4,problems.json,derivative,problem,200,No,noindex,https://derivativecalculatorai.com/derivative-of-e-minus-to-minus-the-minus-x-minus-to-minus-the-minus-4,Yes,Excluded,,,Yes,Partial,0,0,Unknown,,Not reviewed
https://derivativecalculatorai.com/derivative-of-lnx-minus-to-minus-the-minus-4,derivative-of-lnx-minus-to-minus-the-minus-4,problems.json,derivative,problem,200,Yes,index,https://derivativecalculatorai.com/derivative-of-lnx-minus-to-minus-the-minus-4,Yes,Excluded,,,Yes,Partial,0,0,Unknown,,Not reviewed
https://derivativecalculatorai.com/derivative-of-sinx-minus-to-minus-the-minus-5,derivative-of-sinx-minus-to-minus-the-minus-5,problems.json,derivative,problem,200,Yes,index,https://derivativecalculatorai.com/derivative-of-sinx-minus-to-minus-the-minus-5,Yes,Excluded,,,Yes,Partial,0,0,Unknown,,Not reviewed
https://derivativecalculatorai.com/derivative-of-cosx-minus-to-minus-the-minus-5,derivative-of-cosx-minus-to-minus-the-minus-5,problems.json,derivative,problem,200,Yes,index,https://derivativecalculatorai.com/derivative-of-cosx-minus-to-minus-the-minus-5,Yes,Excluded,,,Yes,Partial,0,0,Unknown,,Not reviewed
https://derivativecalculatorai.com/derivative-of-e-minus-to-minus-the-minus-x-minus-to-minus-the-minus-5,derivative-of-e-minus-to-minus-the-minus-x-minus-to-minus-the-minus-5,problems.json,derivative,problem,200,No,noindex,https://derivativecalculatorai.com/derivative-of-e-minus-to-minus-the-minus-x-minus-to-minus-the-minus-5,Yes,Excluded,,,Yes,Partial,0,0,Unknown,,Not reviewed
https://derivativecalculatorai.com/derivative-of-lnx-minus-to-minus-the-minus-5,derivative-of-lnx-minus-to-minus-the-minus-5,problems.json,derivative,problem,200,Yes,index,https://derivativecalculatorai.com/derivative-of-lnx-minus-to-minus-the-minus-5,Yes,Excluded,,,Yes,Partial,0,0,Unknown,,Not reviewed
https://derivativecalculatorai.com/derivative-of-sinx-minus-to-minus-the-minus-6,derivative-of-sinx-minus-to-minus-the-minus-6,problems.json,derivative,problem,200,Yes,index,https://derivativecalculatorai.com/derivative-of-sinx-minus-to-minus-the-minus-6,Yes,Excluded,,,Yes,Partial,0,0,Unknown,,Not reviewed
https://derivativecalculatorai.com/derivative-of-cosx-minus-to-minus-the-minus-6,derivative-of-cosx-minus-to-minus-the-minus-6,problems.json,derivative,problem,200,Yes,index,https://derivativecalculatorai.com/derivative-of-cosx-minus-to-minus-the-minus-6,Yes,Excluded,,,Yes,Partial,0,0,Unknown,,Not reviewed
https://derivativecalculatorai.com/derivative-of-e-minus-to-minus-the-minus-x-minus-to-minus-the-minus-6,derivative-of-e-minus-to-minus-the-minus-x-minus-to-minus-the-minus-6,problems.json,derivative,problem,200,No,noindex,https://derivativecalculatorai.com/derivative-of-e-minus-to-minus-the-minus-x-minus-to-minus-the-minus-6,Yes,Excluded,,,Yes,Partial,0,0,Unknown,,Not reviewed
https://derivativecalculatorai.com/derivative-of-lnx-minus-to-minus-the-minus-6,derivative-of-lnx-minus-to-minus-the-minus-6,problems.json,derivative,problem,200,Yes,index,https://derivativecalculatorai.com/derivative-of-lnx-minus-to-minus-the-minus-6,Yes,Excluded,,,Yes,Partial,0,0,Unknown,,Not reviewed
https://derivativecalculatorai.com/derivative-of-sinx-minus-to-minus-the-minus-7,derivative-of-sinx-minus-to-minus-the-minus-7,problems.json,derivative,problem,200,Yes,index,https://derivativecalculatorai.com/derivative-of-sinx-minus-to-minus-the-minus-7,Yes,Excluded,,,Yes,Partial,0,0,Unknown,,Not reviewed
https://derivativecalculatorai.com/derivative-of-cosx-minus-to-minus-the-minus-7,derivative-of-cosx-minus-to-minus-the-minus-7,problems.json,derivative,problem,200,Yes,index,https://derivativecalculatorai.com/derivative-of-cosx-minus-to-minus-the-minus-7,Yes,Excluded,,,Yes,Partial,0,0,Unknown,,Not reviewed
https://derivativecalculatorai.com/derivative-of-e-minus-to-minus-the-minus-x-minus-to-minus-the-minus-7,derivative-of-e-minus-to-minus-the-minus-x-minus-to-minus-the-minus-7,problems.json,derivative,problem,200,No,noindex,https://derivativecalculatorai.com/derivative-of-e-minus-to-minus-the-minus-x-minus-to-minus-the-minus-7,Yes,Excluded,,,Yes,Partial,0,0,Unknown,,Not reviewed
https://derivativecalculatorai.com/derivative-of-lnx-minus-to-minus-the-minus-7,derivative-of-lnx-minus-to-minus-the-minus-7,problems.json,derivative,problem,200,Yes,index,https://derivativecalculatorai.com/derivative-of-lnx-minus-to-minus-the-minus-7,Yes,Excluded,,,Yes,Partial,0,0,Unknown,,Not reviewed
https://derivativecalculatorai.com/derivative-of-sinx-minus-to-minus-the-minus-8,derivative-of-sinx-minus-to-minus-the-minus-8,problems.json,derivative,problem,200,Yes,index,https://derivativecalculatorai.com/derivative-of-sinx-minus-to-minus-the-minus-8,Yes,Excluded,,,Yes,Partial,0,0,Unknown,,Not reviewed
https://derivativecalculatorai.com/derivative-of-cosx-minus-to-minus-the-minus-8,derivative-of-cosx-minus-to-minus-the-minus-8,problems.json,derivative,problem,200,Yes,index,https://derivativecalculatorai.com/derivative-of-cosx-minus-to-minus-the-minus-8,Yes,Excluded,,,Yes,Partial,0,0,Unknown,,Not reviewed
https://derivativecalculatorai.com/derivative-of-e-minus-to-minus-the-minus-x-minus-to-minus-the-minus-8,derivative-of-e-minus-to-minus-the-minus-x-minus-to-minus-the-minus-8,problems.json,derivative,problem,200,No,noindex,https://derivativecalculatorai.com/derivative-of-e-minus-to-minus-the-minus-x-minus-to-minus-the-minus-8,Yes,Excluded,,,Yes,Partial,0,0,Unknown,,Not reviewed
https://derivativecalculatorai.com/derivative-of-lnx-minus-to-minus-the-minus-8,derivative-of-lnx-minus-to-minus-the-minus-8,problems.json,derivative,problem,200,Yes,index,https://derivativecalculatorai.com/derivative-of-lnx-minus-to-minus-the-minus-8,Yes,Excluded,,,Yes,Partial,0,0,Unknown,,Not reviewed
https://derivativecalculatorai.com/derivative-of-sinx-minus-to-minus-the-minus-9,derivative-of-sinx-minus-to-minus-the-minus-9,problems.json,derivative,problem,200,Yes,index,https://derivativecalculatorai.com/derivative-of-sinx-minus-to-minus-the-minus-9,Yes,Excluded,,,Yes,Partial,0,0,Unknown,,Not reviewed
https://derivativecalculatorai.com/derivative-of-cosx-minus-to-minus-the-minus-9,derivative-of-cosx-minus-to-minus-the-minus-9,problems.json,derivative,problem,200,Yes,index,https://derivativecalculatorai.com/derivative-of-cosx-minus-to-minus-the-minus-9,Yes,Excluded,,,Yes,Partial,0,0,Unknown,,Not reviewed
https://derivativecalculatorai.com/derivative-of-e-minus-to-minus-the-minus-x-minus-to-minus-the-minus-9,derivative-of-e-minus-to-minus-the-minus-x-minus-to-minus-the-minus-9,problems.json,derivative,problem,200,No,noindex,https://derivativecalculatorai.com/derivative-of-e-minus-to-minus-the-minus-x-minus-to-minus-the-minus-9,Yes,Excluded,,,Yes,Partial,0,0,Unknown,,Not reviewed
https://derivativecalculatorai.com/derivative-of-lnx-minus-to-minus-the-minus-9,derivative-of-lnx-minus-to-minus-the-minus-9,problems.json,derivative,problem,200,Yes,index,https://derivativecalculatorai.com/derivative-of-lnx-minus-to-minus-the-minus-9,Yes,Excluded,,,Yes,Partial,0,0,Unknown,,Not reviewed
https://derivativecalculatorai.com/derivative-of-sinx-minus-to-minus-the-minus-10,derivative-of-sinx-minus-to-minus-the-minus-10,problems.json,derivative,problem,200,Yes,index,https://derivativecalculatorai.com/derivative-of-sinx-minus-to-minus-the-minus-10,Yes,Excluded,,,Yes,Partial,0,0,Unknown,,Not reviewed
https://derivativecalculatorai.com/derivative-of-cosx-minus-to-minus-the-minus-10,derivative-of-cosx-minus-to-minus-the-minus-10,problems.json,derivative,problem,200,Yes,index,https://derivativecalculatorai.com/derivative-of-cosx-minus-to-minus-the-minus-10,Yes,Excluded,,,Yes,Partial,0,0,Unknown,,Not reviewed
https://derivativecalculatorai.com/derivative-of-e-minus-to-minus-the-minus-x-minus-to-minus-the-minus-10,derivative-of-e-minus-to-minus-the-minus-x-minus-to-minus-the-minus-10,problems.json,derivative,problem,200,No,noindex,https://derivativecalculatorai.com/derivative-of-e-minus-to-minus-the-minus-x-minus-to-minus-the-minus-10,Yes,Excluded,,,Yes,Partial,0,0,Unknown,,Not reviewed
https://derivativecalculatorai.com/derivative-of-lnx-minus-to-minus-the-minus-10,derivative-of-lnx-minus-to-minus-the-minus-10,problems.json,derivative,problem,200,Yes,index,https://derivativecalculatorai.com/derivative-of-lnx-minus-to-minus-the-minus-10,Yes,Excluded,,,Yes,Partial,0,0,Unknown,,Not reviewed
https://derivativecalculatorai.com/derivative-of-lnsinx,derivative-of-lnsinx,problems.json,derivative,problem,200,Yes,index,https://derivativecalculatorai.com/derivative-of-lnsinx,Yes,Excluded,,,Yes,Partial,0,0,Unknown,,Not reviewed
https://derivativecalculatorai.com/derivative-of-lncosx,derivative-of-lncosx,problems.json,derivative,problem,200,Yes,index,https://derivativecalculatorai.com/derivative-of-lncosx,Yes,Excluded,,,Yes,Partial,0,0,Unknown,,Not reviewed
https://derivativecalculatorai.com/derivative-of-lntanx,derivative-of-lntanx,problems.json,derivative,problem,200,Yes,index,https://derivativecalculatorai.com/derivative-of-lntanx,Yes,Excluded,,,Yes,Partial,0,0,Unknown,,Not reviewed
https://derivativecalculatorai.com/derivative-of-sinlnx,derivative-of-sinlnx,problems.json,derivative,problem,200,Yes,index,https://derivativecalculatorai.com/derivative-of-sinlnx,Yes,Excluded,,,Yes,Partial,0,0,Unknown,,Not reviewed
https://derivativecalculatorai.com/derivative-of-coslnx,derivative-of-coslnx,problems.json,derivative,problem,200,Yes,index,https://derivativecalculatorai.com/derivative-of-coslnx,Yes,Excluded,,,Yes,Partial,0,0,Unknown,,Not reviewed
https://derivativecalculatorai.com/derivative-of-e-minus-to-minus-the-minus-sinx,derivative-of-e-minus-to-minus-the-minus-sinx,problems.json,derivative,problem,200,Yes,index,https://derivativecalculatorai.com/derivative-of-e-minus-to-minus-the-minus-sinx,Yes,Excluded,,,Yes,Partial,0,0,Unknown,,Not reviewed
https://derivativecalculatorai.com/derivative-of-e-minus-to-minus-the-minus-cosx,derivative-of-e-minus-to-minus-the-minus-cosx,problems.json,derivative,problem,200,Yes,index,https://derivativecalculatorai.com/derivative-of-e-minus-to-minus-the-minus-cosx,Yes,Excluded,,,Yes,Partial,0,0,Unknown,,Not reviewed
https://derivativecalculatorai.com/derivative-of-x-minus-to-minus-the-minus-3-minus-plus-minus-x-minus-to-minus-the-minus-2,derivative-of-x-minus-to-minus-the-minus-3-minus-plus-minus-x-minus-to-minus-the-minus-2,problems.json,derivative,problem,200,No,noindex,https://derivativecalculatorai.com/derivative-of-x-minus-to-minus-the-minus-3-minus-plus-minus-x-minus-to-minus-the-minus-2,Yes,Excluded,,,Yes,Partial,0,0,Unknown,,Not reviewed
https://derivativecalculatorai.com/derivative-of-x-minus-to-minus-the-minus-3-minus-x-minus-to-minus-the-minus-2,derivative-of-x-minus-to-minus-the-minus-3-minus-x-minus-to-minus-the-minus-2,problems.json,derivative,problem,200,No,noindex,https://derivativecalculatorai.com/derivative-of-x-minus-to-minus-the-minus-3-minus-x-minus-to-minus-the-minus-2,Yes,Excluded,,,Yes,Partial,0,0,Unknown,,Not reviewed
https://derivativecalculatorai.com/derivative-of-x-minus-to-minus-the-minus-4-minus-plus-minus-x-minus-to-minus-the-minus-2,derivative-of-x-minus-to-minus-the-minus-4-minus-plus-minus-x-minus-to-minus-the-minus-2,problems.json,derivative,problem,200,No,noindex,https://derivativecalculatorai.com/derivative-of-x-minus-to-minus-the-minus-4-minus-plus-minus-x-minus-to-minus-the-minus-2,Yes,Excluded,,,Yes,Partial,0,0,Unknown,,Not reviewed
https://derivativecalculatorai.com/derivative-of-x-minus-to-minus-the-minus-4-minus-x-minus-to-minus-the-minus-2,derivative-of-x-minus-to-minus-the-minus-4-minus-x-minus-to-minus-the-minus-2,problems.json,derivative,problem,200,No,noindex,https://derivativecalculatorai.com/derivative-of-x-minus-to-minus-the-minus-4-minus-x-minus-to-minus-the-minus-2,Yes,Excluded,,,Yes,Partial,0,0,Unknown,,Not reviewed
https://derivativecalculatorai.com/derivative-of-x-minus-to-minus-the-minus-4-minus-plus-minus-x-minus-to-minus-the-minus-3,derivative-of-x-minus-to-minus-the-minus-4-minus-plus-minus-x-minus-to-minus-the-minus-3,problems.json,derivative,problem,200,No,noindex,https://derivativecalculatorai.com/derivative-of-x-minus-to-minus-the-minus-4-minus-plus-minus-x-minus-to-minus-the-minus-3,Yes,Excluded,,,Yes,Partial,0,0,Unknown,,Not reviewed
https://derivativecalculatorai.com/derivative-of-x-minus-to-minus-the-minus-4-minus-x-minus-to-minus-the-minus-3,derivative-of-x-minus-to-minus-the-minus-4-minus-x-minus-to-minus-the-minus-3,problems.json,derivative,problem,200,No,noindex,https://derivativecalculatorai.com/derivative-of-x-minus-to-minus-the-minus-4-minus-x-minus-to-minus-the-minus-3,Yes,Excluded,,,Yes,Partial,0,0,Unknown,,Not reviewed
https://derivativecalculatorai.com/derivative-of-x-minus-to-minus-the-minus-5-minus-plus-minus-x-minus-to-minus-the-minus-2,derivative-of-x-minus-to-minus-the-minus-5-minus-plus-minus-x-minus-to-minus-the-minus-2,problems.json,derivative,problem,200,No,noindex,https://derivativecalculatorai.com/derivative-of-x-minus-to-minus-the-minus-5-minus-plus-minus-x-minus-to-minus-the-minus-2,Yes,Excluded,,,Yes,Partial,0,0,Unknown,,Not reviewed
https://derivativecalculatorai.com/derivative-of-x-minus-to-minus-the-minus-5-minus-x-minus-to-minus-the-minus-2,derivative-of-x-minus-to-minus-the-minus-5-minus-x-minus-to-minus-the-minus-2,problems.json,derivative,problem,200,No,noindex,https://derivativecalculatorai.com/derivative-of-x-minus-to-minus-the-minus-5-minus-x-minus-to-minus-the-minus-2,Yes,Excluded,,,Yes,Partial,0,0,Unknown,,Not reviewed
https://derivativecalculatorai.com/derivative-of-x-minus-to-minus-the-minus-5-minus-plus-minus-x-minus-to-minus-the-minus-3,derivative-of-x-minus-to-minus-the-minus-5-minus-plus-minus-x-minus-to-minus-the-minus-3,problems.json,derivative,problem,200,No,noindex,https://derivativecalculatorai.com/derivative-of-x-minus-to-minus-the-minus-5-minus-plus-minus-x-minus-to-minus-the-minus-3,Yes,Excluded,,,Yes,Partial,0,0,Unknown,,Not reviewed
https://derivativecalculatorai.com/derivative-of-x-minus-to-minus-the-minus-5-minus-x-minus-to-minus-the-minus-3,derivative-of-x-minus-to-minus-the-minus-5-minus-x-minus-to-minus-the-minus-3,problems.json,derivative,problem,200,No,noindex,https://derivativecalculatorai.com/derivative-of-x-minus-to-minus-the-minus-5-minus-x-minus-to-minus-the-minus-3,Yes,Excluded,,,Yes,Partial,0,0,Unknown,,Not reviewed
https://derivativecalculatorai.com/derivative-of-x-minus-to-minus-the-minus-5-minus-plus-minus-x-minus-to-minus-the-minus-4,derivative-of-x-minus-to-minus-the-minus-5-minus-plus-minus-x-minus-to-minus-the-minus-4,problems.json,derivative,problem,200,No,noindex,https://derivativecalculatorai.com/derivative-of-x-minus-to-minus-the-minus-5-minus-plus-minus-x-minus-to-minus-the-minus-4,Yes,Excluded,,,Yes,Partial,0,0,Unknown,,Not reviewed
https://derivativecalculatorai.com/derivative-of-x-minus-to-minus-the-minus-5-minus-x-minus-to-minus-the-minus-4,derivative-of-x-minus-to-minus-the-minus-5-minus-x-minus-to-minus-the-minus-4,problems.json,derivative,problem,200,No,noindex,https://derivativecalculatorai.com/derivative-of-x-minus-to-minus-the-minus-5-minus-x-minus-to-minus-the-minus-4,Yes,Excluded,,,Yes,Partial,0,0,Unknown,,Not reviewed
https://derivativecalculatorai.com/derivative-of-x-minus-to-minus-the-minus-6-minus-plus-minus-x-minus-to-minus-the-minus-2,derivative-of-x-minus-to-minus-the-minus-6-minus-plus-minus-x-minus-to-minus-the-minus-2,problems.json,derivative,problem,200,No,noindex,https://derivativecalculatorai.com/derivative-of-x-minus-to-minus-the-minus-6-minus-plus-minus-x-minus-to-minus-the-minus-2,Yes,Excluded,,,Yes,Partial,0,0,Unknown,,Not reviewed
https://derivativecalculatorai.com/derivative-of-x-minus-to-minus-the-minus-6-minus-x-minus-to-minus-the-minus-2,derivative-of-x-minus-to-minus-the-minus-6-minus-x-minus-to-minus-the-minus-2,problems.json,derivative,problem,200,No,noindex,https://derivativecalculatorai.com/derivative-of-x-minus-to-minus-the-minus-6-minus-x-minus-to-minus-the-minus-2,Yes,Excluded,,,Yes,Partial,0,0,Unknown,,Not reviewed
https://derivativecalculatorai.com/derivative-of-x-minus-to-minus-the-minus-6-minus-plus-minus-x-minus-to-minus-the-minus-3,derivative-of-x-minus-to-minus-the-minus-6-minus-plus-minus-x-minus-to-minus-the-minus-3,problems.json,derivative,problem,200,No,noindex,https://derivativecalculatorai.com/derivative-of-x-minus-to-minus-the-minus-6-minus-plus-minus-x-minus-to-minus-the-minus-3,Yes,Excluded,,,Yes,Partial,0,0,Unknown,,Not reviewed
https://derivativecalculatorai.com/derivative-of-x-minus-to-minus-the-minus-6-minus-x-minus-to-minus-the-minus-3,derivative-of-x-minus-to-minus-the-minus-6-minus-x-minus-to-minus-the-minus-3,problems.json,derivative,problem,200,No,noindex,https://derivativecalculatorai.com/derivative-of-x-minus-to-minus-the-minus-6-minus-x-minus-to-minus-the-minus-3,Yes,Excluded,,,Yes,Partial,0,0,Unknown,,Not reviewed
https://derivativecalculatorai.com/derivative-of-x-minus-to-minus-the-minus-6-minus-plus-minus-x-minus-to-minus-the-minus-4,derivative-of-x-minus-to-minus-the-minus-6-minus-plus-minus-x-minus-to-minus-the-minus-4,problems.json,derivative,problem,200,No,noindex,https://derivativecalculatorai.com/derivative-of-x-minus-to-minus-the-minus-6-minus-plus-minus-x-minus-to-minus-the-minus-4,Yes,Excluded,,,Yes,Partial,0,0,Unknown,,Not reviewed
https://derivativecalculatorai.com/derivative-of-x-minus-to-minus-the-minus-6-minus-x-minus-to-minus-the-minus-4,derivative-of-x-minus-to-minus-the-minus-6-minus-x-minus-to-minus-the-minus-4,problems.json,derivative,problem,200,No,noindex,https://derivativecalculatorai.com/derivative-of-x-minus-to-minus-the-minus-6-minus-x-minus-to-minus-the-minus-4,Yes,Excluded,,,Yes,Partial,0,0,Unknown,,Not reviewed
https://derivativecalculatorai.com/derivative-of-x-minus-to-minus-the-minus-6-minus-plus-minus-x-minus-to-minus-the-minus-5,derivative-of-x-minus-to-minus-the-minus-6-minus-plus-minus-x-minus-to-minus-the-minus-5,problems.json,derivative,problem,200,No,noindex,https://derivativecalculatorai.com/derivative-of-x-minus-to-minus-the-minus-6-minus-plus-minus-x-minus-to-minus-the-minus-5,Yes,Excluded,,,Yes,Partial,0,0,Unknown,,Not reviewed
https://derivativecalculatorai.com/derivative-of-x-minus-to-minus-the-minus-6-minus-x-minus-to-minus-the-minus-5,derivative-of-x-minus-to-minus-the-minus-6-minus-x-minus-to-minus-the-minus-5,problems.json,derivative,problem,200,No,noindex,https://derivativecalculatorai.com/derivative-of-x-minus-to-minus-the-minus-6-minus-x-minus-to-minus-the-minus-5,Yes,Excluded,,,Yes,Partial,0,0,Unknown,,Not reviewed
https://derivativecalculatorai.com/derivative-of-x-minus-to-minus-the-minus-7-minus-plus-minus-x-minus-to-minus-the-minus-2,derivative-of-x-minus-to-minus-the-minus-7-minus-plus-minus-x-minus-to-minus-the-minus-2,problems.json,derivative,problem,200,No,noindex,https://derivativecalculatorai.com/derivative-of-x-minus-to-minus-the-minus-7-minus-plus-minus-x-minus-to-minus-the-minus-2,Yes,Excluded,,,Yes,Partial,0,0,Unknown,,Not reviewed
https://derivativecalculatorai.com/derivative-of-x-minus-to-minus-the-minus-7-minus-x-minus-to-minus-the-minus-2,derivative-of-x-minus-to-minus-the-minus-7-minus-x-minus-to-minus-the-minus-2,problems.json,derivative,problem,200,No,noindex,https://derivativecalculatorai.com/derivative-of-x-minus-to-minus-the-minus-7-minus-x-minus-to-minus-the-minus-2,Yes,Excluded,,,Yes,Partial,0,0,Unknown,,Not reviewed
https://derivativecalculatorai.com/derivative-of-x-minus-to-minus-the-minus-7-minus-plus-minus-x-minus-to-minus-the-minus-3,derivative-of-x-minus-to-minus-the-minus-7-minus-plus-minus-x-minus-to-minus-the-minus-3,problems.json,derivative,problem,200,No,noindex,https://derivativecalculatorai.com/derivative-of-x-minus-to-minus-the-minus-7-minus-plus-minus-x-minus-to-minus-the-minus-3,Yes,Excluded,,,Yes,Partial,0,0,Unknown,,Not reviewed
https://derivativecalculatorai.com/derivative-of-x-minus-to-minus-the-minus-7-minus-x-minus-to-minus-the-minus-3,derivative-of-x-minus-to-minus-the-minus-7-minus-x-minus-to-minus-the-minus-3,problems.json,derivative,problem,200,No,noindex,https://derivativecalculatorai.com/derivative-of-x-minus-to-minus-the-minus-7-minus-x-minus-to-minus-the-minus-3,Yes,Excluded,,,Yes,Partial,0,0,Unknown,,Not reviewed
https://derivativecalculatorai.com/derivative-of-x-minus-to-minus-the-minus-7-minus-plus-minus-x-minus-to-minus-the-minus-4,derivative-of-x-minus-to-minus-the-minus-7-minus-plus-minus-x-minus-to-minus-the-minus-4,problems.json,derivative,problem,200,No,noindex,https://derivativecalculatorai.com/derivative-of-x-minus-to-minus-the-minus-7-minus-plus-minus-x-minus-to-minus-the-minus-4,Yes,Excluded,,,Yes,Partial,0,0,Unknown,,Not reviewed
https://derivativecalculatorai.com/derivative-of-x-minus-to-minus-the-minus-7-minus-x-minus-to-minus-the-minus-4,derivative-of-x-minus-to-minus-the-minus-7-minus-x-minus-to-minus-the-minus-4,problems.json,derivative,problem,200,No,noindex,https://derivativecalculatorai.com/derivative-of-x-minus-to-minus-the-minus-7-minus-x-minus-to-minus-the-minus-4,Yes,Excluded,,,Yes,Partial,0,0,Unknown,,Not reviewed
https://derivativecalculatorai.com/derivative-of-x-minus-to-minus-the-minus-7-minus-plus-minus-x-minus-to-minus-the-minus-5,derivative-of-x-minus-to-minus-the-minus-7-minus-plus-minus-x-minus-to-minus-the-minus-5,problems.json,derivative,problem,200,No,noindex,https://derivativecalculatorai.com/derivative-of-x-minus-to-minus-the-minus-7-minus-plus-minus-x-minus-to-minus-the-minus-5,Yes,Excluded,,,Yes,Partial,0,0,Unknown,,Not reviewed
https://derivativecalculatorai.com/derivative-of-x-minus-to-minus-the-minus-7-minus-x-minus-to-minus-the-minus-5,derivative-of-x-minus-to-minus-the-minus-7-minus-x-minus-to-minus-the-minus-5,problems.json,derivative,problem,200,No,noindex,https://derivativecalculatorai.com/derivative-of-x-minus-to-minus-the-minus-7-minus-x-minus-to-minus-the-minus-5,Yes,Excluded,,,Yes,Partial,0,0,Unknown,,Not reviewed
https://derivativecalculatorai.com/derivative-of-x-minus-to-minus-the-minus-7-minus-plus-minus-x-minus-to-minus-the-minus-6,derivative-of-x-minus-to-minus-the-minus-7-minus-plus-minus-x-minus-to-minus-the-minus-6,problems.json,derivative,problem,200,No,noindex,https://derivativecalculatorai.com/derivative-of-x-minus-to-minus-the-minus-7-minus-plus-minus-x-minus-to-minus-the-minus-6,Yes,Excluded,,,Yes,Partial,0,0,Unknown,,Not reviewed
https://derivativecalculatorai.com/derivative-of-x-minus-to-minus-the-minus-7-minus-x-minus-to-minus-the-minus-6,derivative-of-x-minus-to-minus-the-minus-7-minus-x-minus-to-minus-the-minus-6,problems.json,derivative,problem,200,No,noindex,https://derivativecalculatorai.com/derivative-of-x-minus-to-minus-the-minus-7-minus-x-minus-to-minus-the-minus-6,Yes,Excluded,,,Yes,Partial,0,0,Unknown,,Not reviewed
https://derivativecalculatorai.com/derivative-of-x-minus-over-minus-x-minus-to-minus-the-minus-2-minus-plus-minus-1,derivative-of-x-minus-over-minus-x-minus-to-minus-the-minus-2-minus-plus-minus-1,problems.json,derivative,problem,200,No,noindex,https://derivativecalculatorai.com/derivative-of-x-minus-over-minus-x-minus-to-minus-the-minus-2-minus-plus-minus-1,Yes,Excluded,,,Yes,Partial,0,0,Unknown,,Not reviewed
https://derivativecalculatorai.com/derivative-of-1-minus-over-minus-x-minus-to-minus-the-minus-1-minus-plus-minus-1,derivative-of-1-minus-over-minus-x-minus-to-minus-the-minus-1-minus-plus-minus-1,problems.json,derivative,problem,200,No,noindex,https://derivativecalculatorai.com/derivative-of-1-minus-over-minus-x-minus-to-minus-the-minus-1-minus-plus-minus-1,Yes,Excluded,,,Yes,Partial,0,0,Unknown,,Not reviewed
https://derivativecalculatorai.com/derivative-of-x-minus-over-minus-x-minus-to-minus-the-minus-4-minus-plus-minus-1,derivative-of-x-minus-over-minus-x-minus-to-minus-the-minus-4-minus-plus-minus-1,problems.json,derivative,problem,200,No,noindex,https://derivativecalculatorai.com/derivative-of-x-minus-over-minus-x-minus-to-minus-the-minus-4-minus-plus-minus-1,Yes,Excluded,,,Yes,Partial,0,0,Unknown,,Not reviewed
https://derivativecalculatorai.com/derivative-of-1-minus-over-minus-x-minus-to-minus-the-minus-2-minus-plus-minus-1,derivative-of-1-minus-over-minus-x-minus-to-minus-the-minus-2-minus-plus-minus-1,problems.json,derivative,problem,200,No,noindex,https://derivativecalculatorai.com/derivative-of-1-minus-over-minus-x-minus-to-minus-the-minus-2-minus-plus-minus-1,Yes,Excluded,,,Yes,Partial,0,0,Unknown,,Not reviewed
https://derivativecalculatorai.com/derivative-of-x-minus-over-minus-x-minus-to-minus-the-minus-6-minus-plus-minus-1,derivative-of-x-minus-over-minus-x-minus-to-minus-the-minus-6-minus-plus-minus-1,problems.json,derivative,problem,200,No,noindex,https://derivativecalculatorai.com/derivative-of-x-minus-over-minus-x-minus-to-minus-the-minus-6-minus-plus-minus-1,Yes,Excluded,,,Yes,Partial,0,0,Unknown,,Not reviewed
https://derivativecalculatorai.com/derivative-of-1-minus-over-minus-x-minus-to-minus-the-minus-3-minus-plus-minus-1,derivative-of-1-minus-over-minus-x-minus-to-minus-the-minus-3-minus-plus-minus-1,problems.json,derivative,problem,200,No,noindex,https://derivativecalculatorai.com/derivative-of-1-minus-over-minus-x-minus-to-minus-the-minus-3-minus-plus-minus-1,Yes,Excluded,,,Yes,Partial,0,0,Unknown,,Not reviewed
https://derivativecalculatorai.com/derivative-of-x-minus-over-minus-x-minus-to-minus-the-minus-8-minus-plus-minus-1,derivative-of-x-minus-over-minus-x-minus-to-minus-the-minus-8-minus-plus-minus-1,problems.json,derivative,problem,200,No,noindex,https://derivativecalculatorai.com/derivative-of-x-minus-over-minus-x-minus-to-minus-the-minus-8-minus-plus-minus-1,Yes,Excluded,,,Yes,Partial,0,0,Unknown,,Not reviewed
https://derivativecalculatorai.com/derivative-of-1-minus-over-minus-x-minus-to-minus-the-minus-4-minus-plus-minus-1,derivative-of-1-minus-over-minus-x-minus-to-minus-the-minus-4-minus-plus-minus-1,problems.json,derivative,problem,200,No,noindex,https://derivativecalculatorai.com/derivative-of-1-minus-over-minus-x-minus-to-minus-the-minus-4-minus-plus-minus-1,Yes,Excluded,,,Yes,Partial,0,0,Unknown,,Not reviewed
https://derivativecalculatorai.com/derivative-of-x-minus-over-minus-x-minus-to-minus-the-minus-10-minus-plus-minus-1,derivative-of-x-minus-over-minus-x-minus-to-minus-the-minus-10-minus-plus-minus-1,problems.json,derivative,problem,200,No,noindex,https://derivativecalculatorai.com/derivative-of-x-minus-over-minus-x-minus-to-minus-the-minus-10-minus-plus-minus-1,Yes,Excluded,,,Yes,Partial,0,0,Unknown,,Not reviewed
https://derivativecalculatorai.com/derivative-of-1-minus-over-minus-x-minus-to-minus-the-minus-5-minus-plus-minus-1,derivative-of-1-minus-over-minus-x-minus-to-minus-the-minus-5-minus-plus-minus-1,problems.json,derivative,problem,200,No,noindex,https://derivativecalculatorai.com/derivative-of-1-minus-over-minus-x-minus-to-minus-the-minus-5-minus-plus-minus-1,Yes,Excluded,,,Yes,Partial,0,0,Unknown,,Not reviewed
https://derivativecalculatorai.com/derivative-of-x-minus-to-minus-the-minus-2asinx,derivative-of-x-minus-to-minus-the-minus-2asinx,problems.json,derivative,problem,200,Yes,index,https://derivativecalculatorai.com/derivative-of-x-minus-to-minus-the-minus-2asinx,Yes,Excluded,,,Yes,Partial,0,0,Unknown,,Not reviewed
https://derivativecalculatorai.com/derivative-of-x-minus-to-minus-the-minus-2atanx,derivative-of-x-minus-to-minus-the-minus-2atanx,problems.json,derivative,problem,200,Yes,index,https://derivativecalculatorai.com/derivative-of-x-minus-to-minus-the-minus-2atanx,Yes,Excluded,,,Yes,Partial,0,0,Unknown,,Not reviewed
https://derivativecalculatorai.com/derivative-of-x-minus-to-minus-the-minus-2sinhx,derivative-of-x-minus-to-minus-the-minus-2sinhx,problems.json,derivative,problem,200,Yes,index,https://derivativecalculatorai.com/derivative-of-x-minus-to-minus-the-minus-2sinhx,Yes,Excluded,,,Yes,Partial,0,0,Unknown,,Not reviewed
https://derivativecalculatorai.com/derivative-of-x-minus-to-minus-the-minus-2coshx,derivative-of-x-minus-to-minus-the-minus-2coshx,problems.json,derivative,problem,200,Yes,index,https://derivativecalculatorai.com/derivative-of-x-minus-to-minus-the-minus-2coshx,Yes,Excluded,,,Yes,Partial,0,0,Unknown,,Not reviewed
https://derivativecalculatorai.com/derivative-of-x-minus-to-minus-the-minus-3asinx,derivative-of-x-minus-to-minus-the-minus-3asinx,problems.json,derivative,problem,200,Yes,index,https://derivativecalculatorai.com/derivative-of-x-minus-to-minus-the-minus-3asinx,Yes,Excluded,,,Yes,Partial,0,0,Unknown,,Not reviewed
https://derivativecalculatorai.com/derivative-of-x-minus-to-minus-the-minus-3atanx,derivative-of-x-minus-to-minus-the-minus-3atanx,problems.json,derivative,problem,200,Yes,index,https://derivativecalculatorai.com/derivative-of-x-minus-to-minus-the-minus-3atanx,Yes,Excluded,,,Yes,Partial,0,0,Unknown,,Not reviewed
https://derivativecalculatorai.com/derivative-of-x-minus-to-minus-the-minus-3sinhx,derivative-of-x-minus-to-minus-the-minus-3sinhx,problems.json,derivative,problem,200,Yes,index,https://derivativecalculatorai.com/derivative-of-x-minus-to-minus-the-minus-3sinhx,Yes,Excluded,,,Yes,Partial,0,0,Unknown,,Not reviewed
https://derivativecalculatorai.com/derivative-of-x-minus-to-minus-the-minus-3coshx,derivative-of-x-minus-to-minus-the-minus-3coshx,problems.json,derivative,problem,200,Yes,index,https://derivativecalculatorai.com/derivative-of-x-minus-to-minus-the-minus-3coshx,Yes,Excluded,,,Yes,Partial,0,0,Unknown,,Not reviewed
https://derivativecalculatorai.com/derivative-of-x-minus-to-minus-the-minus-4asinx,derivative-of-x-minus-to-minus-the-minus-4asinx,problems.json,derivative,problem,200,Yes,index,https://derivativecalculatorai.com/derivative-of-x-minus-to-minus-the-minus-4asinx,Yes,Excluded,,,Yes,Partial,0,0,Unknown,,Not reviewed
https://derivativecalculatorai.com/derivative-of-x-minus-to-minus-the-minus-4atanx,derivative-of-x-minus-to-minus-the-minus-4atanx,problems.json,derivative,problem,200,Yes,index,https://derivativecalculatorai.com/derivative-of-x-minus-to-minus-the-minus-4atanx,Yes,Excluded,,,Yes,Partial,0,0,Unknown,,Not reviewed
https://derivativecalculatorai.com/derivative-of-x-minus-to-minus-the-minus-4sinhx,derivative-of-x-minus-to-minus-the-minus-4sinhx,problems.json,derivative,problem,200,Yes,index,https://derivativecalculatorai.com/derivative-of-x-minus-to-minus-the-minus-4sinhx,Yes,Excluded,,,Yes,Partial,0,0,Unknown,,Not reviewed
https://derivativecalculatorai.com/derivative-of-x-minus-to-minus-the-minus-4coshx,derivative-of-x-minus-to-minus-the-minus-4coshx,problems.json,derivative,problem,200,Yes,index,https://derivativecalculatorai.com/derivative-of-x-minus-to-minus-the-minus-4coshx,Yes,Excluded,,,Yes,Partial,0,0,Unknown,,Not reviewed
https://derivativecalculatorai.com/derivative-of-x-minus-to-minus-the-minus-5asinx,derivative-of-x-minus-to-minus-the-minus-5asinx,problems.json,derivative,problem,200,Yes,index,https://derivativecalculatorai.com/derivative-of-x-minus-to-minus-the-minus-5asinx,Yes,Excluded,,,Yes,Partial,0,0,Unknown,,Not reviewed
https://derivativecalculatorai.com/derivative-of-x-minus-to-minus-the-minus-5atanx,derivative-of-x-minus-to-minus-the-minus-5atanx,problems.json,derivative,problem,200,Yes,index,https://derivativecalculatorai.com/derivative-of-x-minus-to-minus-the-minus-5atanx,Yes,Excluded,,,Yes,Partial,0,0,Unknown,,Not reviewed
https://derivativecalculatorai.com/derivative-of-x-minus-to-minus-the-minus-5sinhx,derivative-of-x-minus-to-minus-the-minus-5sinhx,problems.json,derivative,problem,200,Yes,index,https://derivativecalculatorai.com/derivative-of-x-minus-to-minus-the-minus-5sinhx,Yes,Excluded,,,Yes,Partial,0,0,Unknown,,Not reviewed
https://derivativecalculatorai.com/derivative-of-x-minus-to-minus-the-minus-5coshx,derivative-of-x-minus-to-minus-the-minus-5coshx,problems.json,derivative,problem,200,Yes,index,https://derivativecalculatorai.com/derivative-of-x-minus-to-minus-the-minus-5coshx,Yes,Excluded,,,Yes,Partial,0,0,Unknown,,Not reviewed
https://derivativecalculatorai.com/derivative-of-x-minus-to-minus-the-minus-6asinx,derivative-of-x-minus-to-minus-the-minus-6asinx,problems.json,derivative,problem,200,Yes,index,https://derivativecalculatorai.com/derivative-of-x-minus-to-minus-the-minus-6asinx,Yes,Excluded,,,Yes,Partial,0,0,Unknown,,Not reviewed
https://derivativecalculatorai.com/derivative-of-x-minus-to-minus-the-minus-6atanx,derivative-of-x-minus-to-minus-the-minus-6atanx,problems.json,derivative,problem,200,Yes,index,https://derivativecalculatorai.com/derivative-of-x-minus-to-minus-the-minus-6atanx,Yes,Excluded,,,Yes,Partial,0,0,Unknown,,Not reviewed
https://derivativecalculatorai.com/derivative-of-x-minus-to-minus-the-minus-6sinhx,derivative-of-x-minus-to-minus-the-minus-6sinhx,problems.json,derivative,problem,200,Yes,index,https://derivativecalculatorai.com/derivative-of-x-minus-to-minus-the-minus-6sinhx,Yes,Excluded,,,Yes,Partial,0,0,Unknown,,Not reviewed
https://derivativecalculatorai.com/derivative-of-x-minus-to-minus-the-minus-6coshx,derivative-of-x-minus-to-minus-the-minus-6coshx,problems.json,derivative,problem,200,Yes,index,https://derivativecalculatorai.com/derivative-of-x-minus-to-minus-the-minus-6coshx,Yes,Excluded,,,Yes,Partial,0,0,Unknown,,Not reviewed
https://derivativecalculatorai.com/derivative-of-x-minus-to-minus-the-minus-7asinx,derivative-of-x-minus-to-minus-the-minus-7asinx,problems.json,derivative,problem,200,Yes,index,https://derivativecalculatorai.com/derivative-of-x-minus-to-minus-the-minus-7asinx,Yes,Excluded,,,Yes,Partial,0,0,Unknown,,Not reviewed
https://derivativecalculatorai.com/derivative-of-x-minus-to-minus-the-minus-7atanx,derivative-of-x-minus-to-minus-the-minus-7atanx,problems.json,derivative,problem,200,Yes,index,https://derivativecalculatorai.com/derivative-of-x-minus-to-minus-the-minus-7atanx,Yes,Excluded,,,Yes,Partial,0,0,Unknown,,Not reviewed
https://derivativecalculatorai.com/derivative-of-x-minus-to-minus-the-minus-7sinhx,derivative-of-x-minus-to-minus-the-minus-7sinhx,problems.json,derivative,problem,200,Yes,index,https://derivativecalculatorai.com/derivative-of-x-minus-to-minus-the-minus-7sinhx,Yes,Excluded,,,Yes,Partial,0,0,Unknown,,Not reviewed
https://derivativecalculatorai.com/derivative-of-x-minus-to-minus-the-minus-7coshx,derivative-of-x-minus-to-minus-the-minus-7coshx,problems.json,derivative,problem,200,Yes,index,https://derivativecalculatorai.com/derivative-of-x-minus-to-minus-the-minus-7coshx,Yes,Excluded,,,Yes,Partial,0,0,Unknown,,Not reviewed
https://derivativecalculatorai.com/derivative-of-x-minus-to-minus-the-minus-8asinx,derivative-of-x-minus-to-minus-the-minus-8asinx,problems.json,derivative,problem,200,Yes,index,https://derivativecalculatorai.com/derivative-of-x-minus-to-minus-the-minus-8asinx,Yes,Excluded,,,Yes,Partial,0,0,Unknown,,Not reviewed
https://derivativecalculatorai.com/derivative-of-x-minus-to-minus-the-minus-8atanx,derivative-of-x-minus-to-minus-the-minus-8atanx,problems.json,derivative,problem,200,Yes,index,https://derivativecalculatorai.com/derivative-of-x-minus-to-minus-the-minus-8atanx,Yes,Excluded,,,Yes,Partial,0,0,Unknown,,Not reviewed
https://derivativecalculatorai.com/derivative-of-x-minus-to-minus-the-minus-8sinhx,derivative-of-x-minus-to-minus-the-minus-8sinhx,problems.json,derivative,problem,200,Yes,index,https://derivativecalculatorai.com/derivative-of-x-minus-to-minus-the-minus-8sinhx,Yes,Excluded,,,Yes,Partial,0,0,Unknown,,Not reviewed
https://derivativecalculatorai.com/derivative-of-x-minus-to-minus-the-minus-8coshx,derivative-of-x-minus-to-minus-the-minus-8coshx,problems.json,derivative,problem,200,Yes,index,https://derivativecalculatorai.com/derivative-of-x-minus-to-minus-the-minus-8coshx,Yes,Excluded,,,Yes,Partial,0,0,Unknown,,Not reviewed
https://derivativecalculatorai.com/derivative-of-x-minus-to-minus-the-minus-9asinx,derivative-of-x-minus-to-minus-the-minus-9asinx,problems.json,derivative,problem,200,Yes,index,https://derivativecalculatorai.com/derivative-of-x-minus-to-minus-the-minus-9asinx,Yes,Excluded,,,Yes,Partial,0,0,Unknown,,Not reviewed
https://derivativecalculatorai.com/derivative-of-x-minus-to-minus-the-minus-9atanx,derivative-of-x-minus-to-minus-the-minus-9atanx,problems.json,derivative,problem,200,Yes,index,https://derivativecalculatorai.com/derivative-of-x-minus-to-minus-the-minus-9atanx,Yes,Excluded,,,Yes,Partial,0,0,Unknown,,Not reviewed
https://derivativecalculatorai.com/derivative-of-x-minus-to-minus-the-minus-9sinhx,derivative-of-x-minus-to-minus-the-minus-9sinhx,problems.json,derivative,problem,200,Yes,index,https://derivativecalculatorai.com/derivative-of-x-minus-to-minus-the-minus-9sinhx,Yes,Excluded,,,Yes,Partial,0,0,Unknown,,Not reviewed
https://derivativecalculatorai.com/derivative-of-x-minus-to-minus-the-minus-9coshx,derivative-of-x-minus-to-minus-the-minus-9coshx,problems.json,derivative,problem,200,Yes,index,https://derivativecalculatorai.com/derivative-of-x-minus-to-minus-the-minus-9coshx,Yes,Excluded,,,Yes,Partial,0,0,Unknown,,Not reviewed
https://derivativecalculatorai.com/derivative-of-x-minus-to-minus-the-minus-10asinx,derivative-of-x-minus-to-minus-the-minus-10asinx,problems.json,derivative,problem,200,Yes,index,https://derivativecalculatorai.com/derivative-of-x-minus-to-minus-the-minus-10asinx,Yes,Excluded,,,Yes,Partial,0,0,Unknown,,Not reviewed
https://derivativecalculatorai.com/derivative-of-x-minus-to-minus-the-minus-10atanx,derivative-of-x-minus-to-minus-the-minus-10atanx,problems.json,derivative,problem,200,Yes,index,https://derivativecalculatorai.com/derivative-of-x-minus-to-minus-the-minus-10atanx,Yes,Excluded,,,Yes,Partial,0,0,Unknown,,Not reviewed
https://derivativecalculatorai.com/derivative-of-x-minus-to-minus-the-minus-10sinhx,derivative-of-x-minus-to-minus-the-minus-10sinhx,problems.json,derivative,problem,200,Yes,index,https://derivativecalculatorai.com/derivative-of-x-minus-to-minus-the-minus-10sinhx,Yes,Excluded,,,Yes,Partial,0,0,Unknown,,Not reviewed
https://derivativecalculatorai.com/derivative-of-x-minus-to-minus-the-minus-10coshx,derivative-of-x-minus-to-minus-the-minus-10coshx,problems.json,derivative,problem,200,Yes,index,https://derivativecalculatorai.com/derivative-of-x-minus-to-minus-the-minus-10coshx,Yes,Excluded,,,Yes,Partial,0,0,Unknown,,Not reviewed
https://derivativecalculatorai.com/derivative-of-2x-minus-plus-minus-1-minus-to-minus-the-minus-2,derivative-of-2x-minus-plus-minus-1-minus-to-minus-the-minus-2,problems.json,derivative,problem,200,No,noindex,https://derivativecalculatorai.com/derivative-of-2x-minus-plus-minus-1-minus-to-minus-the-minus-2,Yes,Excluded,,,Yes,Partial,0,0,Unknown,,Not reviewed
https://derivativecalculatorai.com/derivative-of-2x-minus-1-minus-to-minus-the-minus-2,derivative-of-2x-minus-1-minus-to-minus-the-minus-2,problems.json,derivative,problem,200,No,noindex,https://derivativecalculatorai.com/derivative-of-2x-minus-1-minus-to-minus-the-minus-2,Yes,Excluded,,,Yes,Partial,0,0,Unknown,,Not reviewed
https://derivativecalculatorai.com/derivative-of-2x-minus-plus-minus-1-minus-to-minus-the-minus-3,derivative-of-2x-minus-plus-minus-1-minus-to-minus-the-minus-3,problems.json,derivative,problem,200,No,noindex,https://derivativecalculatorai.com/derivative-of-2x-minus-plus-minus-1-minus-to-minus-the-minus-3,Yes,Excluded,,,Yes,Partial,0,0,Unknown,,Not reviewed
https://derivativecalculatorai.com/derivative-of-2x-minus-1-minus-to-minus-the-minus-3,derivative-of-2x-minus-1-minus-to-minus-the-minus-3,problems.json,derivative,problem,200,No,noindex,https://derivativecalculatorai.com/derivative-of-2x-minus-1-minus-to-minus-the-minus-3,Yes,Excluded,,,Yes,Partial,0,0,Unknown,,Not reviewed
https://derivativecalculatorai.com/derivative-of-2x-minus-plus-minus-1-minus-to-minus-the-minus-4,derivative-of-2x-minus-plus-minus-1-minus-to-minus-the-minus-4,problems.json,derivative,problem,200,No,noindex,https://derivativecalculatorai.com/derivative-of-2x-minus-plus-minus-1-minus-to-minus-the-minus-4,Yes,Excluded,,,Yes,Partial,0,0,Unknown,,Not reviewed
https://derivativecalculatorai.com/derivative-of-2x-minus-1-minus-to-minus-the-minus-4,derivative-of-2x-minus-1-minus-to-minus-the-minus-4,problems.json,derivative,problem,200,No,noindex,https://derivativecalculatorai.com/derivative-of-2x-minus-1-minus-to-minus-the-minus-4,Yes,Excluded,,,Yes,Partial,0,0,Unknown,,Not reviewed
https://derivativecalculatorai.com/derivative-of-2x-minus-plus-minus-1-minus-to-minus-the-minus-5,derivative-of-2x-minus-plus-minus-1-minus-to-minus-the-minus-5,problems.json,derivative,problem,200,No,noindex,https://derivativecalculatorai.com/derivative-of-2x-minus-plus-minus-1-minus-to-minus-the-minus-5,Yes,Excluded,,,Yes,Partial,0,0,Unknown,,Not reviewed
https://derivativecalculatorai.com/derivative-of-2x-minus-1-minus-to-minus-the-minus-5,derivative-of-2x-minus-1-minus-to-minus-the-minus-5,problems.json,derivative,problem,200,No,noindex,https://derivativecalculatorai.com/derivative-of-2x-minus-1-minus-to-minus-the-minus-5,Yes,Excluded,,,Yes,Partial,0,0,Unknown,,Not reviewed
https://derivativecalculatorai.com/derivative-of-2x-minus-plus-minus-2-minus-to-minus-the-minus-2,derivative-of-2x-minus-plus-minus-2-minus-to-minus-the-minus-2,problems.json,derivative,problem,200,No,noindex,https://derivativecalculatorai.com/derivative-of-2x-minus-plus-minus-2-minus-to-minus-the-minus-2,Yes,Excluded,,,Yes,Partial,0,0,Unknown,,Not reviewed
https://derivativecalculatorai.com/derivative-of-2x-minus-2-minus-to-minus-the-minus-2,derivative-of-2x-minus-2-minus-to-minus-the-minus-2,problems.json,derivative,problem,200,No,noindex,https://derivativecalculatorai.com/derivative-of-2x-minus-2-minus-to-minus-the-minus-2,Yes,Excluded,,,Yes,Partial,0,0,Unknown,,Not reviewed
https://derivativecalculatorai.com/derivative-of-2x-minus-plus-minus-2-minus-to-minus-the-minus-3,derivative-of-2x-minus-plus-minus-2-minus-to-minus-the-minus-3,problems.json,derivative,problem,200,No,noindex,https://derivativecalculatorai.com/derivative-of-2x-minus-plus-minus-2-minus-to-minus-the-minus-3,Yes,Excluded,,,Yes,Partial,0,0,Unknown,,Not reviewed
https://derivativecalculatorai.com/derivative-of-2x-minus-2-minus-to-minus-the-minus-3,derivative-of-2x-minus-2-minus-to-minus-the-minus-3,problems.json,derivative,problem,200,No,noindex,https://derivativecalculatorai.com/derivative-of-2x-minus-2-minus-to-minus-the-minus-3,Yes,Excluded,,,Yes,Partial,0,0,Unknown,,Not reviewed
https://derivativecalculatorai.com/derivative-of-2x-minus-plus-minus-2-minus-to-minus-the-minus-4,derivative-of-2x-minus-plus-minus-2-minus-to-minus-the-minus-4,problems.json,derivative,problem,200,No,noindex,https://derivativecalculatorai.com/derivative-of-2x-minus-plus-minus-2-minus-to-minus-the-minus-4,Yes,Excluded,,,Yes,Partial,0,0,Unknown,,Not reviewed
https://derivativecalculatorai.com/derivative-of-2x-minus-2-minus-to-minus-the-minus-4,derivative-of-2x-minus-2-minus-to-minus-the-minus-4,problems.json,derivative,problem,200,No,noindex,https://derivativecalculatorai.com/derivative-of-2x-minus-2-minus-to-minus-the-minus-4,Yes,Excluded,,,Yes,Partial,0,0,Unknown,,Not reviewed
https://derivativecalculatorai.com/derivative-of-2x-minus-plus-minus-2-minus-to-minus-the-minus-5,derivative-of-2x-minus-plus-minus-2-minus-to-minus-the-minus-5,problems.json,derivative,problem,200,No,noindex,https://derivativecalculatorai.com/derivative-of-2x-minus-plus-minus-2-minus-to-minus-the-minus-5,Yes,Excluded,,,Yes,Partial,0,0,Unknown,,Not reviewed
https://derivativecalculatorai.com/derivative-of-2x-minus-2-minus-to-minus-the-minus-5,derivative-of-2x-minus-2-minus-to-minus-the-minus-5,problems.json,derivative,problem,200,No,noindex,https://derivativecalculatorai.com/derivative-of-2x-minus-2-minus-to-minus-the-minus-5,Yes,Excluded,,,Yes,Partial,0,0,Unknown,,Not reviewed
https://derivativecalculatorai.com/derivative-of-2x-minus-plus-minus-3-minus-to-minus-the-minus-2,derivative-of-2x-minus-plus-minus-3-minus-to-minus-the-minus-2,problems.json,derivative,problem,200,No,noindex,https://derivativecalculatorai.com/derivative-of-2x-minus-plus-minus-3-minus-to-minus-the-minus-2,Yes,Excluded,,,Yes,Partial,0,0,Unknown,,Not reviewed
https://derivativecalculatorai.com/derivative-of-2x-minus-3-minus-to-minus-the-minus-2,derivative-of-2x-minus-3-minus-to-minus-the-minus-2,problems.json,derivative,problem,200,No,noindex,https://derivativecalculatorai.com/derivative-of-2x-minus-3-minus-to-minus-the-minus-2,Yes,Excluded,,,Yes,Partial,0,0,Unknown,,Not reviewed
https://derivativecalculatorai.com/derivative-of-2x-minus-plus-minus-3-minus-to-minus-the-minus-3,derivative-of-2x-minus-plus-minus-3-minus-to-minus-the-minus-3,problems.json,derivative,problem,200,No,noindex,https://derivativecalculatorai.com/derivative-of-2x-minus-plus-minus-3-minus-to-minus-the-minus-3,Yes,Excluded,,,Yes,Partial,0,0,Unknown,,Not reviewed
https://derivativecalculatorai.com/derivative-of-2x-minus-3-minus-to-minus-the-minus-3,derivative-of-2x-minus-3-minus-to-minus-the-minus-3,problems.json,derivative,problem,200,No,noindex,https://derivativecalculatorai.com/derivative-of-2x-minus-3-minus-to-minus-the-minus-3,Yes,Excluded,,,Yes,Partial,0,0,Unknown,,Not reviewed
https://derivativecalculatorai.com/derivative-of-2x-minus-plus-minus-3-minus-to-minus-the-minus-4,derivative-of-2x-minus-plus-minus-3-minus-to-minus-the-minus-4,problems.json,derivative,problem,200,No,noindex,https://derivativecalculatorai.com/derivative-of-2x-minus-plus-minus-3-minus-to-minus-the-minus-4,Yes,Excluded,,,Yes,Partial,0,0,Unknown,,Not reviewed
https://derivativecalculatorai.com/derivative-of-2x-minus-3-minus-to-minus-the-minus-4,derivative-of-2x-minus-3-minus-to-minus-the-minus-4,problems.json,derivative,problem,200,No,noindex,https://derivativecalculatorai.com/derivative-of-2x-minus-3-minus-to-minus-the-minus-4,Yes,Excluded,,,Yes,Partial,0,0,Unknown,,Not reviewed
https://derivativecalculatorai.com/derivative-of-2x-minus-plus-minus-3-minus-to-minus-the-minus-5,derivative-of-2x-minus-plus-minus-3-minus-to-minus-the-minus-5,problems.json,derivative,problem,200,No,noindex,https://derivativecalculatorai.com/derivative-of-2x-minus-plus-minus-3-minus-to-minus-the-minus-5,Yes,Excluded,,,Yes,Partial,0,0,Unknown,,Not reviewed
https://derivativecalculatorai.com/derivative-of-2x-minus-3-minus-to-minus-the-minus-5,derivative-of-2x-minus-3-minus-to-minus-the-minus-5,problems.json,derivative,problem,200,No,noindex,https://derivativecalculatorai.com/derivative-of-2x-minus-3-minus-to-minus-the-minus-5,Yes,Excluded,,,Yes,Partial,0,0,Unknown,,Not reviewed
https://derivativecalculatorai.com/derivative-of-2x-minus-plus-minus-4-minus-to-minus-the-minus-2,derivative-of-2x-minus-plus-minus-4-minus-to-minus-the-minus-2,problems.json,derivative,problem,200,No,noindex,https://derivativecalculatorai.com/derivative-of-2x-minus-plus-minus-4-minus-to-minus-the-minus-2,Yes,Excluded,,,Yes,Partial,0,0,Unknown,,Not reviewed
https://derivativecalculatorai.com/derivative-of-2x-minus-4-minus-to-minus-the-minus-2,derivative-of-2x-minus-4-minus-to-minus-the-minus-2,problems.json,derivative,problem,200,No,noindex,https://derivativecalculatorai.com/derivative-of-2x-minus-4-minus-to-minus-the-minus-2,Yes,Excluded,,,Yes,Partial,0,0,Unknown,,Not reviewed
https://derivativecalculatorai.com/derivative-of-2x-minus-plus-minus-4-minus-to-minus-the-minus-3,derivative-of-2x-minus-plus-minus-4-minus-to-minus-the-minus-3,problems.json,derivative,problem,200,No,noindex,https://derivativecalculatorai.com/derivative-of-2x-minus-plus-minus-4-minus-to-minus-the-minus-3,Yes,Excluded,,,Yes,Partial,0,0,Unknown,,Not reviewed
https://derivativecalculatorai.com/derivative-of-2x-minus-4-minus-to-minus-the-minus-3,derivative-of-2x-minus-4-minus-to-minus-the-minus-3,problems.json,derivative,problem,200,No,noindex,https://derivativecalculatorai.com/derivative-of-2x-minus-4-minus-to-minus-the-minus-3,Yes,Excluded,,,Yes,Partial,0,0,Unknown,,Not reviewed
https://derivativecalculatorai.com/derivative-of-2x-minus-plus-minus-4-minus-to-minus-the-minus-4,derivative-of-2x-minus-plus-minus-4-minus-to-minus-the-minus-4,problems.json,derivative,problem,200,No,noindex,https://derivativecalculatorai.com/derivative-of-2x-minus-plus-minus-4-minus-to-minus-the-minus-4,Yes,Excluded,,,Yes,Partial,0,0,Unknown,,Not reviewed
https://derivativecalculatorai.com/derivative-of-2x-minus-4-minus-to-minus-the-minus-4,derivative-of-2x-minus-4-minus-to-minus-the-minus-4,problems.json,derivative,problem,200,No,noindex,https://derivativecalculatorai.com/derivative-of-2x-minus-4-minus-to-minus-the-minus-4,Yes,Excluded,,,Yes,Partial,0,0,Unknown,,Not reviewed
https://derivativecalculatorai.com/derivative-of-2x-minus-plus-minus-4-minus-to-minus-the-minus-5,derivative-of-2x-minus-plus-minus-4-minus-to-minus-the-minus-5,problems.json,derivative,problem,200,No,noindex,https://derivativecalculatorai.com/derivative-of-2x-minus-plus-minus-4-minus-to-minus-the-minus-5,Yes,Excluded,,,Yes,Partial,0,0,Unknown,,Not reviewed
https://derivativecalculatorai.com/derivative-of-2x-minus-4-minus-to-minus-the-minus-5,derivative-of-2x-minus-4-minus-to-minus-the-minus-5,problems.json,derivative,problem,200,No,noindex,https://derivativecalculatorai.com/derivative-of-2x-minus-4-minus-to-minus-the-minus-5,Yes,Excluded,,,Yes,Partial,0,0,Unknown,,Not reviewed
https://derivativecalculatorai.com/derivative-of-2x-minus-plus-minus-5-minus-to-minus-the-minus-2,derivative-of-2x-minus-plus-minus-5-minus-to-minus-the-minus-2,problems.json,derivative,problem,200,No,noindex,https://derivativecalculatorai.com/derivative-of-2x-minus-plus-minus-5-minus-to-minus-the-minus-2,Yes,Excluded,,,Yes,Partial,0,0,Unknown,,Not reviewed
https://derivativecalculatorai.com/derivative-of-2x-minus-5-minus-to-minus-the-minus-2,derivative-of-2x-minus-5-minus-to-minus-the-minus-2,problems.json,derivative,problem,200,No,noindex,https://derivativecalculatorai.com/derivative-of-2x-minus-5-minus-to-minus-the-minus-2,Yes,Excluded,,,Yes,Partial,0,0,Unknown,,Not reviewed
https://derivativecalculatorai.com/derivative-of-2x-minus-plus-minus-5-minus-to-minus-the-minus-3,derivative-of-2x-minus-plus-minus-5-minus-to-minus-the-minus-3,problems.json,derivative,problem,200,No,noindex,https://derivativecalculatorai.com/derivative-of-2x-minus-plus-minus-5-minus-to-minus-the-minus-3,Yes,Excluded,,,Yes,Partial,0,0,Unknown,,Not reviewed
https://derivativecalculatorai.com/derivative-of-2x-minus-5-minus-to-minus-the-minus-3,derivative-of-2x-minus-5-minus-to-minus-the-minus-3,problems.json,derivative,problem,200,No,noindex,https://derivativecalculatorai.com/derivative-of-2x-minus-5-minus-to-minus-the-minus-3,Yes,Excluded,,,Yes,Partial,0,0,Unknown,,Not reviewed
https://derivativecalculatorai.com/derivative-of-2x-minus-plus-minus-5-minus-to-minus-the-minus-4,derivative-of-2x-minus-plus-minus-5-minus-to-minus-the-minus-4,problems.json,derivative,problem,200,No,noindex,https://derivativecalculatorai.com/derivative-of-2x-minus-plus-minus-5-minus-to-minus-the-minus-4,Yes,Excluded,,,Yes,Partial,0,0,Unknown,,Not reviewed
https://derivativecalculatorai.com/derivative-of-2x-minus-5-minus-to-minus-the-minus-4,derivative-of-2x-minus-5-minus-to-minus-the-minus-4,problems.json,derivative,problem,200,No,noindex,https://derivativecalculatorai.com/derivative-of-2x-minus-5-minus-to-minus-the-minus-4,Yes,Excluded,,,Yes,Partial,0,0,Unknown,,Not reviewed
https://derivativecalculatorai.com/derivative-of-2x-minus-plus-minus-5-minus-to-minus-the-minus-5,derivative-of-2x-minus-plus-minus-5-minus-to-minus-the-minus-5,problems.json,derivative,problem,200,No,noindex,https://derivativecalculatorai.com/derivative-of-2x-minus-plus-minus-5-minus-to-minus-the-minus-5,Yes,Excluded,,,Yes,Partial,0,0,Unknown,,Not reviewed
https://derivativecalculatorai.com/derivative-of-2x-minus-5-minus-to-minus-the-minus-5,derivative-of-2x-minus-5-minus-to-minus-the-minus-5,problems.json,derivative,problem,200,No,noindex,https://derivativecalculatorai.com/derivative-of-2x-minus-5-minus-to-minus-the-minus-5,Yes,Excluded,,,Yes,Partial,0,0,Unknown,,Not reviewed
https://derivativecalculatorai.com/derivative-of-3x-minus-plus-minus-1-minus-to-minus-the-minus-2,derivative-of-3x-minus-plus-minus-1-minus-to-minus-the-minus-2,problems.json,derivative,problem,200,No,noindex,https://derivativecalculatorai.com/derivative-of-3x-minus-plus-minus-1-minus-to-minus-the-minus-2,Yes,Excluded,,,Yes,Partial,0,0,Unknown,,Not reviewed
https://derivativecalculatorai.com/derivative-of-3x-minus-1-minus-to-minus-the-minus-2,derivative-of-3x-minus-1-minus-to-minus-the-minus-2,problems.json,derivative,problem,200,No,noindex,https://derivativecalculatorai.com/derivative-of-3x-minus-1-minus-to-minus-the-minus-2,Yes,Excluded,,,Yes,Partial,0,0,Unknown,,Not reviewed
https://derivativecalculatorai.com/derivative-of-3x-minus-plus-minus-1-minus-to-minus-the-minus-3,derivative-of-3x-minus-plus-minus-1-minus-to-minus-the-minus-3,problems.json,derivative,problem,200,No,noindex,https://derivativecalculatorai.com/derivative-of-3x-minus-plus-minus-1-minus-to-minus-the-minus-3,Yes,Excluded,,,Yes,Partial,0,0,Unknown,,Not reviewed
https://derivativecalculatorai.com/derivative-of-3x-minus-1-minus-to-minus-the-minus-3,derivative-of-3x-minus-1-minus-to-minus-the-minus-3,problems.json,derivative,problem,200,No,noindex,https://derivativecalculatorai.com/derivative-of-3x-minus-1-minus-to-minus-the-minus-3,Yes,Excluded,,,Yes,Partial,0,0,Unknown,,Not reviewed
https://derivativecalculatorai.com/derivative-of-3x-minus-plus-minus-1-minus-to-minus-the-minus-4,derivative-of-3x-minus-plus-minus-1-minus-to-minus-the-minus-4,problems.json,derivative,problem,200,No,noindex,https://derivativecalculatorai.com/derivative-of-3x-minus-plus-minus-1-minus-to-minus-the-minus-4,Yes,Excluded,,,Yes,Partial,0,0,Unknown,,Not reviewed
https://derivativecalculatorai.com/derivative-of-3x-minus-1-minus-to-minus-the-minus-4,derivative-of-3x-minus-1-minus-to-minus-the-minus-4,problems.json,derivative,problem,200,No,noindex,https://derivativecalculatorai.com/derivative-of-3x-minus-1-minus-to-minus-the-minus-4,Yes,Excluded,,,Yes,Partial,0,0,Unknown,,Not reviewed
https://derivativecalculatorai.com/derivative-of-3x-minus-plus-minus-1-minus-to-minus-the-minus-5,derivative-of-3x-minus-plus-minus-1-minus-to-minus-the-minus-5,problems.json,derivative,problem,200,No,noindex,https://derivativecalculatorai.com/derivative-of-3x-minus-plus-minus-1-minus-to-minus-the-minus-5,Yes,Excluded,,,Yes,Partial,0,0,Unknown,,Not reviewed
https://derivativecalculatorai.com/derivative-of-3x-minus-1-minus-to-minus-the-minus-5,derivative-of-3x-minus-1-minus-to-minus-the-minus-5,problems.json,derivative,problem,200,No,noindex,https://derivativecalculatorai.com/derivative-of-3x-minus-1-minus-to-minus-the-minus-5,Yes,Excluded,,,Yes,Partial,0,0,Unknown,,Not reviewed
https://derivativecalculatorai.com/derivative-of-3x-minus-plus-minus-2-minus-to-minus-the-minus-2,derivative-of-3x-minus-plus-minus-2-minus-to-minus-the-minus-2,problems.json,derivative,problem,200,No,noindex,https://derivativecalculatorai.com/derivative-of-3x-minus-plus-minus-2-minus-to-minus-the-minus-2,Yes,Excluded,,,Yes,Partial,0,0,Unknown,,Not reviewed
https://derivativecalculatorai.com/derivative-of-3x-minus-2-minus-to-minus-the-minus-2,derivative-of-3x-minus-2-minus-to-minus-the-minus-2,problems.json,derivative,problem,200,No,noindex,https://derivativecalculatorai.com/derivative-of-3x-minus-2-minus-to-minus-the-minus-2,Yes,Excluded,,,Yes,Partial,0,0,Unknown,,Not reviewed
https://derivativecalculatorai.com/derivative-of-3x-minus-plus-minus-2-minus-to-minus-the-minus-3,derivative-of-3x-minus-plus-minus-2-minus-to-minus-the-minus-3,problems.json,derivative,problem,200,No,noindex,https://derivativecalculatorai.com/derivative-of-3x-minus-plus-minus-2-minus-to-minus-the-minus-3,Yes,Excluded,,,Yes,Partial,0,0,Unknown,,Not reviewed
https://derivativecalculatorai.com/derivative-of-3x-minus-2-minus-to-minus-the-minus-3,derivative-of-3x-minus-2-minus-to-minus-the-minus-3,problems.json,derivative,problem,200,No,noindex,https://derivativecalculatorai.com/derivative-of-3x-minus-2-minus-to-minus-the-minus-3,Yes,Excluded,,,Yes,Partial,0,0,Unknown,,Not reviewed
https://derivativecalculatorai.com/derivative-of-3x-minus-plus-minus-2-minus-to-minus-the-minus-4,derivative-of-3x-minus-plus-minus-2-minus-to-minus-the-minus-4,problems.json,derivative,problem,200,No,noindex,https://derivativecalculatorai.com/derivative-of-3x-minus-plus-minus-2-minus-to-minus-the-minus-4,Yes,Excluded,,,Yes,Partial,0,0,Unknown,,Not reviewed
https://derivativecalculatorai.com/derivative-of-3x-minus-2-minus-to-minus-the-minus-4,derivative-of-3x-minus-2-minus-to-minus-the-minus-4,problems.json,derivative,problem,200,No,noindex,https://derivativecalculatorai.com/derivative-of-3x-minus-2-minus-to-minus-the-minus-4,Yes,Excluded,,,Yes,Partial,0,0,Unknown,,Not reviewed
https://derivativecalculatorai.com/derivative-of-3x-minus-plus-minus-2-minus-to-minus-the-minus-5,derivative-of-3x-minus-plus-minus-2-minus-to-minus-the-minus-5,problems.json,derivative,problem,200,No,noindex,https://derivativecalculatorai.com/derivative-of-3x-minus-plus-minus-2-minus-to-minus-the-minus-5,Yes,Excluded,,,Yes,Partial,0,0,Unknown,,Not reviewed
https://derivativecalculatorai.com/derivative-of-3x-minus-2-minus-to-minus-the-minus-5,derivative-of-3x-minus-2-minus-to-minus-the-minus-5,problems.json,derivative,problem,200,No,noindex,https://derivativecalculatorai.com/derivative-of-3x-minus-2-minus-to-minus-the-minus-5,Yes,Excluded,,,Yes,Partial,0,0,Unknown,,Not reviewed
https://derivativecalculatorai.com/derivative-of-3x-minus-plus-minus-3-minus-to-minus-the-minus-2,derivative-of-3x-minus-plus-minus-3-minus-to-minus-the-minus-2,problems.json,derivative,problem,200,No,noindex,https://derivativecalculatorai.com/derivative-of-3x-minus-plus-minus-3-minus-to-minus-the-minus-2,Yes,Excluded,,,Yes,Partial,0,0,Unknown,,Not reviewed
https://derivativecalculatorai.com/derivative-of-3x-minus-3-minus-to-minus-the-minus-2,derivative-of-3x-minus-3-minus-to-minus-the-minus-2,problems.json,derivative,problem,200,No,noindex,https://derivativecalculatorai.com/derivative-of-3x-minus-3-minus-to-minus-the-minus-2,Yes,Excluded,,,Yes,Partial,0,0,Unknown,,Not reviewed
https://derivativecalculatorai.com/derivative-of-3x-minus-plus-minus-3-minus-to-minus-the-minus-3,derivative-of-3x-minus-plus-minus-3-minus-to-minus-the-minus-3,problems.json,derivative,problem,200,No,noindex,https://derivativecalculatorai.com/derivative-of-3x-minus-plus-minus-3-minus-to-minus-the-minus-3,Yes,Excluded,,,Yes,Partial,0,0,Unknown,,Not reviewed
https://derivativecalculatorai.com/derivative-of-3x-minus-3-minus-to-minus-the-minus-3,derivative-of-3x-minus-3-minus-to-minus-the-minus-3,problems.json,derivative,problem,200,No,noindex,https://derivativecalculatorai.com/derivative-of-3x-minus-3-minus-to-minus-the-minus-3,Yes,Excluded,,,Yes,Partial,0,0,Unknown,,Not reviewed
https://derivativecalculatorai.com/derivative-of-3x-minus-plus-minus-3-minus-to-minus-the-minus-4,derivative-of-3x-minus-plus-minus-3-minus-to-minus-the-minus-4,problems.json,derivative,problem,200,No,noindex,https://derivativecalculatorai.com/derivative-of-3x-minus-plus-minus-3-minus-to-minus-the-minus-4,Yes,Excluded,,,Yes,Partial,0,0,Unknown,,Not reviewed
https://derivativecalculatorai.com/derivative-of-3x-minus-3-minus-to-minus-the-minus-4,derivative-of-3x-minus-3-minus-to-minus-the-minus-4,problems.json,derivative,problem,200,No,noindex,https://derivativecalculatorai.com/derivative-of-3x-minus-3-minus-to-minus-the-minus-4,Yes,Excluded,,,Yes,Partial,0,0,Unknown,,Not reviewed
https://derivativecalculatorai.com/derivative-of-3x-minus-plus-minus-3-minus-to-minus-the-minus-5,derivative-of-3x-minus-plus-minus-3-minus-to-minus-the-minus-5,problems.json,derivative,problem,200,No,noindex,https://derivativecalculatorai.com/derivative-of-3x-minus-plus-minus-3-minus-to-minus-the-minus-5,Yes,Excluded,,,Yes,Partial,0,0,Unknown,,Not reviewed
https://derivativecalculatorai.com/derivative-of-3x-minus-3-minus-to-minus-the-minus-5,derivative-of-3x-minus-3-minus-to-minus-the-minus-5,problems.json,derivative,problem,200,No,noindex,https://derivativecalculatorai.com/derivative-of-3x-minus-3-minus-to-minus-the-minus-5,Yes,Excluded,,,Yes,Partial,0,0,Unknown,,Not reviewed
https://derivativecalculatorai.com/derivative-of-3x-minus-plus-minus-4-minus-to-minus-the-minus-2,derivative-of-3x-minus-plus-minus-4-minus-to-minus-the-minus-2,problems.json,derivative,problem,200,No,noindex,https://derivativecalculatorai.com/derivative-of-3x-minus-plus-minus-4-minus-to-minus-the-minus-2,Yes,Excluded,,,Yes,Partial,0,0,Unknown,,Not reviewed
https://derivativecalculatorai.com/derivative-of-3x-minus-4-minus-to-minus-the-minus-2,derivative-of-3x-minus-4-minus-to-minus-the-minus-2,problems.json,derivative,problem,200,No,noindex,https://derivativecalculatorai.com/derivative-of-3x-minus-4-minus-to-minus-the-minus-2,Yes,Excluded,,,Yes,Partial,0,0,Unknown,,Not reviewed
https://derivativecalculatorai.com/derivative-of-3x-minus-plus-minus-4-minus-to-minus-the-minus-3,derivative-of-3x-minus-plus-minus-4-minus-to-minus-the-minus-3,problems.json,derivative,problem,200,No,noindex,https://derivativecalculatorai.com/derivative-of-3x-minus-plus-minus-4-minus-to-minus-the-minus-3,Yes,Excluded,,,Yes,Partial,0,0,Unknown,,Not reviewed
https://derivativecalculatorai.com/derivative-of-3x-minus-4-minus-to-minus-the-minus-3,derivative-of-3x-minus-4-minus-to-minus-the-minus-3,problems.json,derivative,problem,200,No,noindex,https://derivativecalculatorai.com/derivative-of-3x-minus-4-minus-to-minus-the-minus-3,Yes,Excluded,,,Yes,Partial,0,0,Unknown,,Not reviewed
https://derivativecalculatorai.com/derivative-of-3x-minus-plus-minus-4-minus-to-minus-the-minus-4,derivative-of-3x-minus-plus-minus-4-minus-to-minus-the-minus-4,problems.json,derivative,problem,200,No,noindex,https://derivativecalculatorai.com/derivative-of-3x-minus-plus-minus-4-minus-to-minus-the-minus-4,Yes,Excluded,,,Yes,Partial,0,0,Unknown,,Not reviewed
https://derivativecalculatorai.com/derivative-of-3x-minus-4-minus-to-minus-the-minus-4,derivative-of-3x-minus-4-minus-to-minus-the-minus-4,problems.json,derivative,problem,200,No,noindex,https://derivativecalculatorai.com/derivative-of-3x-minus-4-minus-to-minus-the-minus-4,Yes,Excluded,,,Yes,Partial,0,0,Unknown,,Not reviewed
https://derivativecalculatorai.com/derivative-of-3x-minus-plus-minus-4-minus-to-minus-the-minus-5,derivative-of-3x-minus-plus-minus-4-minus-to-minus-the-minus-5,problems.json,derivative,problem,200,No,noindex,https://derivativecalculatorai.com/derivative-of-3x-minus-plus-minus-4-minus-to-minus-the-minus-5,Yes,Excluded,,,Yes,Partial,0,0,Unknown,,Not reviewed
https://derivativecalculatorai.com/derivative-of-3x-minus-4-minus-to-minus-the-minus-5,derivative-of-3x-minus-4-minus-to-minus-the-minus-5,problems.json,derivative,problem,200,No,noindex,https://derivativecalculatorai.com/derivative-of-3x-minus-4-minus-to-minus-the-minus-5,Yes,Excluded,,,Yes,Partial,0,0,Unknown,,Not reviewed
https://derivativecalculatorai.com/derivative-of-3x-minus-plus-minus-5-minus-to-minus-the-minus-2,derivative-of-3x-minus-plus-minus-5-minus-to-minus-the-minus-2,problems.json,derivative,problem,200,No,noindex,https://derivativecalculatorai.com/derivative-of-3x-minus-plus-minus-5-minus-to-minus-the-minus-2,Yes,Excluded,,,Yes,Partial,0,0,Unknown,,Not reviewed
https://derivativecalculatorai.com/derivative-of-3x-minus-5-minus-to-minus-the-minus-2,derivative-of-3x-minus-5-minus-to-minus-the-minus-2,problems.json,derivative,problem,200,No,noindex,https://derivativecalculatorai.com/derivative-of-3x-minus-5-minus-to-minus-the-minus-2,Yes,Excluded,,,Yes,Partial,0,0,Unknown,,Not reviewed
https://derivativecalculatorai.com/derivative-of-3x-minus-plus-minus-5-minus-to-minus-the-minus-3,derivative-of-3x-minus-plus-minus-5-minus-to-minus-the-minus-3,problems.json,derivative,problem,200,No,noindex,https://derivativecalculatorai.com/derivative-of-3x-minus-plus-minus-5-minus-to-minus-the-minus-3,Yes,Excluded,,,Yes,Partial,0,0,Unknown,,Not reviewed
https://derivativecalculatorai.com/derivative-of-3x-minus-5-minus-to-minus-the-minus-3,derivative-of-3x-minus-5-minus-to-minus-the-minus-3,problems.json,derivative,problem,200,No,noindex,https://derivativecalculatorai.com/derivative-of-3x-minus-5-minus-to-minus-the-minus-3,Yes,Excluded,,,Yes,Partial,0,0,Unknown,,Not reviewed
https://derivativecalculatorai.com/derivative-of-3x-minus-plus-minus-5-minus-to-minus-the-minus-4,derivative-of-3x-minus-plus-minus-5-minus-to-minus-the-minus-4,problems.json,derivative,problem,200,No,noindex,https://derivativecalculatorai.com/derivative-of-3x-minus-plus-minus-5-minus-to-minus-the-minus-4,Yes,Excluded,,,Yes,Partial,0,0,Unknown,,Not reviewed
https://derivativecalculatorai.com/derivative-of-3x-minus-5-minus-to-minus-the-minus-4,derivative-of-3x-minus-5-minus-to-minus-the-minus-4,problems.json,derivative,problem,200,No,noindex,https://derivativecalculatorai.com/derivative-of-3x-minus-5-minus-to-minus-the-minus-4,Yes,Excluded,,,Yes,Partial,0,0,Unknown,,Not reviewed
https://derivativecalculatorai.com/derivative-of-3x-minus-plus-minus-5-minus-to-minus-the-minus-5,derivative-of-3x-minus-plus-minus-5-minus-to-minus-the-minus-5,problems.json,derivative,problem,200,No,noindex,https://derivativecalculatorai.com/derivative-of-3x-minus-plus-minus-5-minus-to-minus-the-minus-5,Yes,Excluded,,,Yes,Partial,0,0,Unknown,,Not reviewed
https://derivativecalculatorai.com/derivative-of-3x-minus-5-minus-to-minus-the-minus-5,derivative-of-3x-minus-5-minus-to-minus-the-minus-5,problems.json,derivative,problem,200,No,noindex,https://derivativecalculatorai.com/derivative-of-3x-minus-5-minus-to-minus-the-minus-5,Yes,Excluded,,,Yes,Partial,0,0,Unknown,,Not reviewed
https://derivativecalculatorai.com/derivative-of-4x-minus-plus-minus-1-minus-to-minus-the-minus-2,derivative-of-4x-minus-plus-minus-1-minus-to-minus-the-minus-2,problems.json,derivative,problem,200,No,noindex,https://derivativecalculatorai.com/derivative-of-4x-minus-plus-minus-1-minus-to-minus-the-minus-2,Yes,Excluded,,,Yes,Partial,0,0,Unknown,,Not reviewed
https://derivativecalculatorai.com/derivative-of-4x-minus-1-minus-to-minus-the-minus-2,derivative-of-4x-minus-1-minus-to-minus-the-minus-2,problems.json,derivative,problem,200,No,noindex,https://derivativecalculatorai.com/derivative-of-4x-minus-1-minus-to-minus-the-minus-2,Yes,Excluded,,,Yes,Partial,0,0,Unknown,,Not reviewed
https://derivativecalculatorai.com/derivative-of-4x-minus-plus-minus-1-minus-to-minus-the-minus-3,derivative-of-4x-minus-plus-minus-1-minus-to-minus-the-minus-3,problems.json,derivative,problem,200,No,noindex,https://derivativecalculatorai.com/derivative-of-4x-minus-plus-minus-1-minus-to-minus-the-minus-3,Yes,Excluded,,,Yes,Partial,0,0,Unknown,,Not reviewed
https://derivativecalculatorai.com/derivative-of-4x-minus-1-minus-to-minus-the-minus-3,derivative-of-4x-minus-1-minus-to-minus-the-minus-3,problems.json,derivative,problem,200,No,noindex,https://derivativecalculatorai.com/derivative-of-4x-minus-1-minus-to-minus-the-minus-3,Yes,Excluded,,,Yes,Partial,0,0,Unknown,,Not reviewed
https://derivativecalculatorai.com/derivative-of-4x-minus-plus-minus-1-minus-to-minus-the-minus-4,derivative-of-4x-minus-plus-minus-1-minus-to-minus-the-minus-4,problems.json,derivative,problem,200,No,noindex,https://derivativecalculatorai.com/derivative-of-4x-minus-plus-minus-1-minus-to-minus-the-minus-4,Yes,Excluded,,,Yes,Partial,0,0,Unknown,,Not reviewed
https://derivativecalculatorai.com/derivative-of-4x-minus-1-minus-to-minus-the-minus-4,derivative-of-4x-minus-1-minus-to-minus-the-minus-4,problems.json,derivative,problem,200,No,noindex,https://derivativecalculatorai.com/derivative-of-4x-minus-1-minus-to-minus-the-minus-4,Yes,Excluded,,,Yes,Partial,0,0,Unknown,,Not reviewed
https://derivativecalculatorai.com/derivative-of-4x-minus-plus-minus-1-minus-to-minus-the-minus-5,derivative-of-4x-minus-plus-minus-1-minus-to-minus-the-minus-5,problems.json,derivative,problem,200,No,noindex,https://derivativecalculatorai.com/derivative-of-4x-minus-plus-minus-1-minus-to-minus-the-minus-5,Yes,Excluded,,,Yes,Partial,0,0,Unknown,,Not reviewed
https://derivativecalculatorai.com/derivative-of-4x-minus-1-minus-to-minus-the-minus-5,derivative-of-4x-minus-1-minus-to-minus-the-minus-5,problems.json,derivative,problem,200,No,noindex,https://derivativecalculatorai.com/derivative-of-4x-minus-1-minus-to-minus-the-minus-5,Yes,Excluded,,,Yes,Partial,0,0,Unknown,,Not reviewed
https://derivativecalculatorai.com/derivative-of-4x-minus-plus-minus-2-minus-to-minus-the-minus-2,derivative-of-4x-minus-plus-minus-2-minus-to-minus-the-minus-2,problems.json,derivative,problem,200,No,noindex,https://derivativecalculatorai.com/derivative-of-4x-minus-plus-minus-2-minus-to-minus-the-minus-2,Yes,Excluded,,,Yes,Partial,0,0,Unknown,,Not reviewed
https://derivativecalculatorai.com/derivative-of-4x-minus-2-minus-to-minus-the-minus-2,derivative-of-4x-minus-2-minus-to-minus-the-minus-2,problems.json,derivative,problem,200,No,noindex,https://derivativecalculatorai.com/derivative-of-4x-minus-2-minus-to-minus-the-minus-2,Yes,Excluded,,,Yes,Partial,0,0,Unknown,,Not reviewed
https://derivativecalculatorai.com/derivative-of-4x-minus-plus-minus-2-minus-to-minus-the-minus-3,derivative-of-4x-minus-plus-minus-2-minus-to-minus-the-minus-3,problems.json,derivative,problem,200,No,noindex,https://derivativecalculatorai.com/derivative-of-4x-minus-plus-minus-2-minus-to-minus-the-minus-3,Yes,Excluded,,,Yes,Partial,0,0,Unknown,,Not reviewed
https://derivativecalculatorai.com/derivative-of-4x-minus-2-minus-to-minus-the-minus-3,derivative-of-4x-minus-2-minus-to-minus-the-minus-3,problems.json,derivative,problem,200,No,noindex,https://derivativecalculatorai.com/derivative-of-4x-minus-2-minus-to-minus-the-minus-3,Yes,Excluded,,,Yes,Partial,0,0,Unknown,,Not reviewed
https://derivativecalculatorai.com/derivative-of-4x-minus-plus-minus-2-minus-to-minus-the-minus-4,derivative-of-4x-minus-plus-minus-2-minus-to-minus-the-minus-4,problems.json,derivative,problem,200,No,noindex,https://derivativecalculatorai.com/derivative-of-4x-minus-plus-minus-2-minus-to-minus-the-minus-4,Yes,Excluded,,,Yes,Partial,0,0,Unknown,,Not reviewed
https://derivativecalculatorai.com/derivative-of-4x-minus-2-minus-to-minus-the-minus-4,derivative-of-4x-minus-2-minus-to-minus-the-minus-4,problems.json,derivative,problem,200,No,noindex,https://derivativecalculatorai.com/derivative-of-4x-minus-2-minus-to-minus-the-minus-4,Yes,Excluded,,,Yes,Partial,0,0,Unknown,,Not reviewed
https://derivativecalculatorai.com/derivative-of-4x-minus-plus-minus-2-minus-to-minus-the-minus-5,derivative-of-4x-minus-plus-minus-2-minus-to-minus-the-minus-5,problems.json,derivative,problem,200,No,noindex,https://derivativecalculatorai.com/derivative-of-4x-minus-plus-minus-2-minus-to-minus-the-minus-5,Yes,Excluded,,,Yes,Partial,0,0,Unknown,,Not reviewed
https://derivativecalculatorai.com/derivative-of-4x-minus-2-minus-to-minus-the-minus-5,derivative-of-4x-minus-2-minus-to-minus-the-minus-5,problems.json,derivative,problem,200,No,noindex,https://derivativecalculatorai.com/derivative-of-4x-minus-2-minus-to-minus-the-minus-5,Yes,Excluded,,,Yes,Partial,0,0,Unknown,,Not reviewed
https://derivativecalculatorai.com/derivative-of-4x-minus-plus-minus-3-minus-to-minus-the-minus-2,derivative-of-4x-minus-plus-minus-3-minus-to-minus-the-minus-2,problems.json,derivative,problem,200,No,noindex,https://derivativecalculatorai.com/derivative-of-4x-minus-plus-minus-3-minus-to-minus-the-minus-2,Yes,Excluded,,,Yes,Partial,0,0,Unknown,,Not reviewed
https://derivativecalculatorai.com/derivative-of-4x-minus-3-minus-to-minus-the-minus-2,derivative-of-4x-minus-3-minus-to-minus-the-minus-2,problems.json,derivative,problem,200,No,noindex,https://derivativecalculatorai.com/derivative-of-4x-minus-3-minus-to-minus-the-minus-2,Yes,Excluded,,,Yes,Partial,0,0,Unknown,,Not reviewed
https://derivativecalculatorai.com/derivative-of-4x-minus-plus-minus-3-minus-to-minus-the-minus-3,derivative-of-4x-minus-plus-minus-3-minus-to-minus-the-minus-3,problems.json,derivative,problem,200,No,noindex,https://derivativecalculatorai.com/derivative-of-4x-minus-plus-minus-3-minus-to-minus-the-minus-3,Yes,Excluded,,,Yes,Partial,0,0,Unknown,,Not reviewed
https://derivativecalculatorai.com/derivative-of-4x-minus-3-minus-to-minus-the-minus-3,derivative-of-4x-minus-3-minus-to-minus-the-minus-3,problems.json,derivative,problem,200,No,noindex,https://derivativecalculatorai.com/derivative-of-4x-minus-3-minus-to-minus-the-minus-3,Yes,Excluded,,,Yes,Partial,0,0,Unknown,,Not reviewed
https://derivativecalculatorai.com/derivative-of-4x-minus-plus-minus-3-minus-to-minus-the-minus-4,derivative-of-4x-minus-plus-minus-3-minus-to-minus-the-minus-4,problems.json,derivative,problem,200,No,noindex,https://derivativecalculatorai.com/derivative-of-4x-minus-plus-minus-3-minus-to-minus-the-minus-4,Yes,Excluded,,,Yes,Partial,0,0,Unknown,,Not reviewed
https://derivativecalculatorai.com/derivative-of-4x-minus-3-minus-to-minus-the-minus-4,derivative-of-4x-minus-3-minus-to-minus-the-minus-4,problems.json,derivative,problem,200,No,noindex,https://derivativecalculatorai.com/derivative-of-4x-minus-3-minus-to-minus-the-minus-4,Yes,Excluded,,,Yes,Partial,0,0,Unknown,,Not reviewed
https://derivativecalculatorai.com/derivative-of-4x-minus-plus-minus-3-minus-to-minus-the-minus-5,derivative-of-4x-minus-plus-minus-3-minus-to-minus-the-minus-5,problems.json,derivative,problem,200,No,noindex,https://derivativecalculatorai.com/derivative-of-4x-minus-plus-minus-3-minus-to-minus-the-minus-5,Yes,Excluded,,,Yes,Partial,0,0,Unknown,,Not reviewed
https://derivativecalculatorai.com/derivative-of-4x-minus-3-minus-to-minus-the-minus-5,derivative-of-4x-minus-3-minus-to-minus-the-minus-5,problems.json,derivative,problem,200,No,noindex,https://derivativecalculatorai.com/derivative-of-4x-minus-3-minus-to-minus-the-minus-5,Yes,Excluded,,,Yes,Partial,0,0,Unknown,,Not reviewed
https://derivativecalculatorai.com/derivative-of-4x-minus-plus-minus-4-minus-to-minus-the-minus-2,derivative-of-4x-minus-plus-minus-4-minus-to-minus-the-minus-2,problems.json,derivative,problem,200,No,noindex,https://derivativecalculatorai.com/derivative-of-4x-minus-plus-minus-4-minus-to-minus-the-minus-2,Yes,Excluded,,,Yes,Partial,0,0,Unknown,,Not reviewed
https://derivativecalculatorai.com/derivative-of-4x-minus-4-minus-to-minus-the-minus-2,derivative-of-4x-minus-4-minus-to-minus-the-minus-2,problems.json,derivative,problem,200,No,noindex,https://derivativecalculatorai.com/derivative-of-4x-minus-4-minus-to-minus-the-minus-2,Yes,Excluded,,,Yes,Partial,0,0,Unknown,,Not reviewed
https://derivativecalculatorai.com/derivative-of-4x-minus-plus-minus-4-minus-to-minus-the-minus-3,derivative-of-4x-minus-plus-minus-4-minus-to-minus-the-minus-3,problems.json,derivative,problem,200,No,noindex,https://derivativecalculatorai.com/derivative-of-4x-minus-plus-minus-4-minus-to-minus-the-minus-3,Yes,Excluded,,,Yes,Partial,0,0,Unknown,,Not reviewed
https://derivativecalculatorai.com/derivative-of-4x-minus-4-minus-to-minus-the-minus-3,derivative-of-4x-minus-4-minus-to-minus-the-minus-3,problems.json,derivative,problem,200,No,noindex,https://derivativecalculatorai.com/derivative-of-4x-minus-4-minus-to-minus-the-minus-3,Yes,Excluded,,,Yes,Partial,0,0,Unknown,,Not reviewed
https://derivativecalculatorai.com/derivative-of-4x-minus-plus-minus-4-minus-to-minus-the-minus-4,derivative-of-4x-minus-plus-minus-4-minus-to-minus-the-minus-4,problems.json,derivative,problem,200,No,noindex,https://derivativecalculatorai.com/derivative-of-4x-minus-plus-minus-4-minus-to-minus-the-minus-4,Yes,Excluded,,,Yes,Partial,0,0,Unknown,,Not reviewed
https://derivativecalculatorai.com/derivative-of-4x-minus-4-minus-to-minus-the-minus-4,derivative-of-4x-minus-4-minus-to-minus-the-minus-4,problems.json,derivative,problem,200,No,noindex,https://derivativecalculatorai.com/derivative-of-4x-minus-4-minus-to-minus-the-minus-4,Yes,Excluded,,,Yes,Partial,0,0,Unknown,,Not reviewed
https://derivativecalculatorai.com/derivative-of-4x-minus-plus-minus-4-minus-to-minus-the-minus-5,derivative-of-4x-minus-plus-minus-4-minus-to-minus-the-minus-5,problems.json,derivative,problem,200,No,noindex,https://derivativecalculatorai.com/derivative-of-4x-minus-plus-minus-4-minus-to-minus-the-minus-5,Yes,Excluded,,,Yes,Partial,0,0,Unknown,,Not reviewed
https://derivativecalculatorai.com/derivative-of-4x-minus-4-minus-to-minus-the-minus-5,derivative-of-4x-minus-4-minus-to-minus-the-minus-5,problems.json,derivative,problem,200,No,noindex,https://derivativecalculatorai.com/derivative-of-4x-minus-4-minus-to-minus-the-minus-5,Yes,Excluded,,,Yes,Partial,0,0,Unknown,,Not reviewed
https://derivativecalculatorai.com/derivative-of-4x-minus-plus-minus-5-minus-to-minus-the-minus-2,derivative-of-4x-minus-plus-minus-5-minus-to-minus-the-minus-2,problems.json,derivative,problem,200,No,noindex,https://derivativecalculatorai.com/derivative-of-4x-minus-plus-minus-5-minus-to-minus-the-minus-2,Yes,Excluded,,,Yes,Partial,0,0,Unknown,,Not reviewed
https://derivativecalculatorai.com/derivative-of-4x-minus-5-minus-to-minus-the-minus-2,derivative-of-4x-minus-5-minus-to-minus-the-minus-2,problems.json,derivative,problem,200,No,noindex,https://derivativecalculatorai.com/derivative-of-4x-minus-5-minus-to-minus-the-minus-2,Yes,Excluded,,,Yes,Partial,0,0,Unknown,,Not reviewed
https://derivativecalculatorai.com/derivative-of-4x-minus-plus-minus-5-minus-to-minus-the-minus-3,derivative-of-4x-minus-plus-minus-5-minus-to-minus-the-minus-3,problems.json,derivative,problem,200,No,noindex,https://derivativecalculatorai.com/derivative-of-4x-minus-plus-minus-5-minus-to-minus-the-minus-3,Yes,Excluded,,,Yes,Partial,0,0,Unknown,,Not reviewed
https://derivativecalculatorai.com/derivative-of-4x-minus-5-minus-to-minus-the-minus-3,derivative-of-4x-minus-5-minus-to-minus-the-minus-3,problems.json,derivative,problem,200,No,noindex,https://derivativecalculatorai.com/derivative-of-4x-minus-5-minus-to-minus-the-minus-3,Yes,Excluded,,,Yes,Partial,0,0,Unknown,,Not reviewed
https://derivativecalculatorai.com/derivative-of-4x-minus-plus-minus-5-minus-to-minus-the-minus-4,derivative-of-4x-minus-plus-minus-5-minus-to-minus-the-minus-4,problems.json,derivative,problem,200,No,noindex,https://derivativecalculatorai.com/derivative-of-4x-minus-plus-minus-5-minus-to-minus-the-minus-4,Yes,Excluded,,,Yes,Partial,0,0,Unknown,,Not reviewed
https://derivativecalculatorai.com/derivative-of-4x-minus-5-minus-to-minus-the-minus-4,derivative-of-4x-minus-5-minus-to-minus-the-minus-4,problems.json,derivative,problem,200,No,noindex,https://derivativecalculatorai.com/derivative-of-4x-minus-5-minus-to-minus-the-minus-4,Yes,Excluded,,,Yes,Partial,0,0,Unknown,,Not reviewed
https://derivativecalculatorai.com/derivative-of-4x-minus-plus-minus-5-minus-to-minus-the-minus-5,derivative-of-4x-minus-plus-minus-5-minus-to-minus-the-minus-5,problems.json,derivative,problem,200,No,noindex,https://derivativecalculatorai.com/derivative-of-4x-minus-plus-minus-5-minus-to-minus-the-minus-5,Yes,Excluded,,,Yes,Partial,0,0,Unknown,,Not reviewed
https://derivativecalculatorai.com/derivative-of-4x-minus-5-minus-to-minus-the-minus-5,derivative-of-4x-minus-5-minus-to-minus-the-minus-5,problems.json,derivative,problem,200,No,noindex,https://derivativecalculatorai.com/derivative-of-4x-minus-5-minus-to-minus-the-minus-5,Yes,Excluded,,,Yes,Partial,0,0,Unknown,,Not reviewed
https://derivativecalculatorai.com/derivative-of-5x-minus-plus-minus-1-minus-to-minus-the-minus-2,derivative-of-5x-minus-plus-minus-1-minus-to-minus-the-minus-2,problems.json,derivative,problem,200,No,noindex,https://derivativecalculatorai.com/derivative-of-5x-minus-plus-minus-1-minus-to-minus-the-minus-2,Yes,Excluded,,,Yes,Partial,0,0,Unknown,,Not reviewed
https://derivativecalculatorai.com/derivative-of-5x-minus-1-minus-to-minus-the-minus-2,derivative-of-5x-minus-1-minus-to-minus-the-minus-2,problems.json,derivative,problem,200,No,noindex,https://derivativecalculatorai.com/derivative-of-5x-minus-1-minus-to-minus-the-minus-2,Yes,Excluded,,,Yes,Partial,0,0,Unknown,,Not reviewed
https://derivativecalculatorai.com/derivative-of-5x-minus-plus-minus-1-minus-to-minus-the-minus-3,derivative-of-5x-minus-plus-minus-1-minus-to-minus-the-minus-3,problems.json,derivative,problem,200,No,noindex,https://derivativecalculatorai.com/derivative-of-5x-minus-plus-minus-1-minus-to-minus-the-minus-3,Yes,Excluded,,,Yes,Partial,0,0,Unknown,,Not reviewed
https://derivativecalculatorai.com/derivative-of-5x-minus-1-minus-to-minus-the-minus-3,derivative-of-5x-minus-1-minus-to-minus-the-minus-3,problems.json,derivative,problem,200,No,noindex,https://derivativecalculatorai.com/derivative-of-5x-minus-1-minus-to-minus-the-minus-3,Yes,Excluded,,,Yes,Partial,0,0,Unknown,,Not reviewed
https://derivativecalculatorai.com/derivative-of-5x-minus-plus-minus-1-minus-to-minus-the-minus-4,derivative-of-5x-minus-plus-minus-1-minus-to-minus-the-minus-4,problems.json,derivative,problem,200,No,noindex,https://derivativecalculatorai.com/derivative-of-5x-minus-plus-minus-1-minus-to-minus-the-minus-4,Yes,Excluded,,,Yes,Partial,0,0,Unknown,,Not reviewed
https://derivativecalculatorai.com/derivative-of-5x-minus-1-minus-to-minus-the-minus-4,derivative-of-5x-minus-1-minus-to-minus-the-minus-4,problems.json,derivative,problem,200,No,noindex,https://derivativecalculatorai.com/derivative-of-5x-minus-1-minus-to-minus-the-minus-4,Yes,Excluded,,,Yes,Partial,0,0,Unknown,,Not reviewed
https://derivativecalculatorai.com/derivative-of-5x-minus-plus-minus-1-minus-to-minus-the-minus-5,derivative-of-5x-minus-plus-minus-1-minus-to-minus-the-minus-5,problems.json,derivative,problem,200,No,noindex,https://derivativecalculatorai.com/derivative-of-5x-minus-plus-minus-1-minus-to-minus-the-minus-5,Yes,Excluded,,,Yes,Partial,0,0,Unknown,,Not reviewed
https://derivativecalculatorai.com/derivative-of-5x-minus-1-minus-to-minus-the-minus-5,derivative-of-5x-minus-1-minus-to-minus-the-minus-5,problems.json,derivative,problem,200,No,noindex,https://derivativecalculatorai.com/derivative-of-5x-minus-1-minus-to-minus-the-minus-5,Yes,Excluded,,,Yes,Partial,0,0,Unknown,,Not reviewed
https://derivativecalculatorai.com/derivative-of-5x-minus-plus-minus-2-minus-to-minus-the-minus-2,derivative-of-5x-minus-plus-minus-2-minus-to-minus-the-minus-2,problems.json,derivative,problem,200,No,noindex,https://derivativecalculatorai.com/derivative-of-5x-minus-plus-minus-2-minus-to-minus-the-minus-2,Yes,Excluded,,,Yes,Partial,0,0,Unknown,,Not reviewed
https://derivativecalculatorai.com/derivative-of-5x-minus-2-minus-to-minus-the-minus-2,derivative-of-5x-minus-2-minus-to-minus-the-minus-2,problems.json,derivative,problem,200,No,noindex,https://derivativecalculatorai.com/derivative-of-5x-minus-2-minus-to-minus-the-minus-2,Yes,Excluded,,,Yes,Partial,0,0,Unknown,,Not reviewed
https://derivativecalculatorai.com/derivative-of-5x-minus-plus-minus-2-minus-to-minus-the-minus-3,derivative-of-5x-minus-plus-minus-2-minus-to-minus-the-minus-3,problems.json,derivative,problem,200,No,noindex,https://derivativecalculatorai.com/derivative-of-5x-minus-plus-minus-2-minus-to-minus-the-minus-3,Yes,Excluded,,,Yes,Partial,0,0,Unknown,,Not reviewed
https://derivativecalculatorai.com/derivative-of-5x-minus-2-minus-to-minus-the-minus-3,derivative-of-5x-minus-2-minus-to-minus-the-minus-3,problems.json,derivative,problem,200,No,noindex,https://derivativecalculatorai.com/derivative-of-5x-minus-2-minus-to-minus-the-minus-3,Yes,Excluded,,,Yes,Partial,0,0,Unknown,,Not reviewed
https://derivativecalculatorai.com/derivative-of-5x-minus-plus-minus-2-minus-to-minus-the-minus-4,derivative-of-5x-minus-plus-minus-2-minus-to-minus-the-minus-4,problems.json,derivative,problem,200,No,noindex,https://derivativecalculatorai.com/derivative-of-5x-minus-plus-minus-2-minus-to-minus-the-minus-4,Yes,Excluded,,,Yes,Partial,0,0,Unknown,,Not reviewed
https://derivativecalculatorai.com/derivative-of-5x-minus-2-minus-to-minus-the-minus-4,derivative-of-5x-minus-2-minus-to-minus-the-minus-4,problems.json,derivative,problem,200,No,noindex,https://derivativecalculatorai.com/derivative-of-5x-minus-2-minus-to-minus-the-minus-4,Yes,Excluded,,,Yes,Partial,0,0,Unknown,,Not reviewed
https://derivativecalculatorai.com/derivative-of-5x-minus-plus-minus-2-minus-to-minus-the-minus-5,derivative-of-5x-minus-plus-minus-2-minus-to-minus-the-minus-5,problems.json,derivative,problem,200,No,noindex,https://derivativecalculatorai.com/derivative-of-5x-minus-plus-minus-2-minus-to-minus-the-minus-5,Yes,Excluded,,,Yes,Partial,0,0,Unknown,,Not reviewed
https://derivativecalculatorai.com/derivative-of-5x-minus-2-minus-to-minus-the-minus-5,derivative-of-5x-minus-2-minus-to-minus-the-minus-5,problems.json,derivative,problem,200,No,noindex,https://derivativecalculatorai.com/derivative-of-5x-minus-2-minus-to-minus-the-minus-5,Yes,Excluded,,,Yes,Partial,0,0,Unknown,,Not reviewed
https://derivativecalculatorai.com/derivative-of-5x-minus-plus-minus-3-minus-to-minus-the-minus-2,derivative-of-5x-minus-plus-minus-3-minus-to-minus-the-minus-2,problems.json,derivative,problem,200,No,noindex,https://derivativecalculatorai.com/derivative-of-5x-minus-plus-minus-3-minus-to-minus-the-minus-2,Yes,Excluded,,,Yes,Partial,0,0,Unknown,,Not reviewed
https://derivativecalculatorai.com/derivative-of-5x-minus-3-minus-to-minus-the-minus-2,derivative-of-5x-minus-3-minus-to-minus-the-minus-2,problems.json,derivative,problem,200,No,noindex,https://derivativecalculatorai.com/derivative-of-5x-minus-3-minus-to-minus-the-minus-2,Yes,Excluded,,,Yes,Partial,0,0,Unknown,,Not reviewed
https://derivativecalculatorai.com/derivative-of-5x-minus-plus-minus-3-minus-to-minus-the-minus-3,derivative-of-5x-minus-plus-minus-3-minus-to-minus-the-minus-3,problems.json,derivative,problem,200,No,noindex,https://derivativecalculatorai.com/derivative-of-5x-minus-plus-minus-3-minus-to-minus-the-minus-3,Yes,Excluded,,,Yes,Partial,0,0,Unknown,,Not reviewed
https://derivativecalculatorai.com/derivative-of-5x-minus-3-minus-to-minus-the-minus-3,derivative-of-5x-minus-3-minus-to-minus-the-minus-3,problems.json,derivative,problem,200,No,noindex,https://derivativecalculatorai.com/derivative-of-5x-minus-3-minus-to-minus-the-minus-3,Yes,Excluded,,,Yes,Partial,0,0,Unknown,,Not reviewed
https://derivativecalculatorai.com/derivative-of-5x-minus-plus-minus-3-minus-to-minus-the-minus-4,derivative-of-5x-minus-plus-minus-3-minus-to-minus-the-minus-4,problems.json,derivative,problem,200,No,noindex,https://derivativecalculatorai.com/derivative-of-5x-minus-plus-minus-3-minus-to-minus-the-minus-4,Yes,Excluded,,,Yes,Partial,0,0,Unknown,,Not reviewed
https://derivativecalculatorai.com/derivative-of-5x-minus-3-minus-to-minus-the-minus-4,derivative-of-5x-minus-3-minus-to-minus-the-minus-4,problems.json,derivative,problem,200,No,noindex,https://derivativecalculatorai.com/derivative-of-5x-minus-3-minus-to-minus-the-minus-4,Yes,Excluded,,,Yes,Partial,0,0,Unknown,,Not reviewed
https://derivativecalculatorai.com/derivative-of-5x-minus-plus-minus-3-minus-to-minus-the-minus-5,derivative-of-5x-minus-plus-minus-3-minus-to-minus-the-minus-5,problems.json,derivative,problem,200,No,noindex,https://derivativecalculatorai.com/derivative-of-5x-minus-plus-minus-3-minus-to-minus-the-minus-5,Yes,Excluded,,,Yes,Partial,0,0,Unknown,,Not reviewed
https://derivativecalculatorai.com/derivative-of-5x-minus-3-minus-to-minus-the-minus-5,derivative-of-5x-minus-3-minus-to-minus-the-minus-5,problems.json,derivative,problem,200,No,noindex,https://derivativecalculatorai.com/derivative-of-5x-minus-3-minus-to-minus-the-minus-5,Yes,Excluded,,,Yes,Partial,0,0,Unknown,,Not reviewed
https://derivativecalculatorai.com/derivative-of-5x-minus-plus-minus-4-minus-to-minus-the-minus-2,derivative-of-5x-minus-plus-minus-4-minus-to-minus-the-minus-2,problems.json,derivative,problem,200,No,noindex,https://derivativecalculatorai.com/derivative-of-5x-minus-plus-minus-4-minus-to-minus-the-minus-2,Yes,Excluded,,,Yes,Partial,0,0,Unknown,,Not reviewed
https://derivativecalculatorai.com/derivative-of-5x-minus-4-minus-to-minus-the-minus-2,derivative-of-5x-minus-4-minus-to-minus-the-minus-2,problems.json,derivative,problem,200,No,noindex,https://derivativecalculatorai.com/derivative-of-5x-minus-4-minus-to-minus-the-minus-2,Yes,Excluded,,,Yes,Partial,0,0,Unknown,,Not reviewed
https://derivativecalculatorai.com/derivative-of-5x-minus-plus-minus-4-minus-to-minus-the-minus-3,derivative-of-5x-minus-plus-minus-4-minus-to-minus-the-minus-3,problems.json,derivative,problem,200,No,noindex,https://derivativecalculatorai.com/derivative-of-5x-minus-plus-minus-4-minus-to-minus-the-minus-3,Yes,Excluded,,,Yes,Partial,0,0,Unknown,,Not reviewed
https://derivativecalculatorai.com/derivative-of-5x-minus-4-minus-to-minus-the-minus-3,derivative-of-5x-minus-4-minus-to-minus-the-minus-3,problems.json,derivative,problem,200,No,noindex,https://derivativecalculatorai.com/derivative-of-5x-minus-4-minus-to-minus-the-minus-3,Yes,Excluded,,,Yes,Partial,0,0,Unknown,,Not reviewed
https://derivativecalculatorai.com/derivative-of-5x-minus-plus-minus-4-minus-to-minus-the-minus-4,derivative-of-5x-minus-plus-minus-4-minus-to-minus-the-minus-4,problems.json,derivative,problem,200,No,noindex,https://derivativecalculatorai.com/derivative-of-5x-minus-plus-minus-4-minus-to-minus-the-minus-4,Yes,Excluded,,,Yes,Partial,0,0,Unknown,,Not reviewed
https://derivativecalculatorai.com/derivative-of-5x-minus-4-minus-to-minus-the-minus-4,derivative-of-5x-minus-4-minus-to-minus-the-minus-4,problems.json,derivative,problem,200,No,noindex,https://derivativecalculatorai.com/derivative-of-5x-minus-4-minus-to-minus-the-minus-4,Yes,Excluded,,,Yes,Partial,0,0,Unknown,,Not reviewed
https://derivativecalculatorai.com/derivative-of-5x-minus-plus-minus-4-minus-to-minus-the-minus-5,derivative-of-5x-minus-plus-minus-4-minus-to-minus-the-minus-5,problems.json,derivative,problem,200,No,noindex,https://derivativecalculatorai.com/derivative-of-5x-minus-plus-minus-4-minus-to-minus-the-minus-5,Yes,Excluded,,,Yes,Partial,0,0,Unknown,,Not reviewed
https://derivativecalculatorai.com/derivative-of-5x-minus-4-minus-to-minus-the-minus-5,derivative-of-5x-minus-4-minus-to-minus-the-minus-5,problems.json,derivative,problem,200,No,noindex,https://derivativecalculatorai.com/derivative-of-5x-minus-4-minus-to-minus-the-minus-5,Yes,Excluded,,,Yes,Partial,0,0,Unknown,,Not reviewed
https://derivativecalculatorai.com/derivative-of-5x-minus-plus-minus-5-minus-to-minus-the-minus-2,derivative-of-5x-minus-plus-minus-5-minus-to-minus-the-minus-2,problems.json,derivative,problem,200,No,noindex,https://derivativecalculatorai.com/derivative-of-5x-minus-plus-minus-5-minus-to-minus-the-minus-2,Yes,Excluded,,,Yes,Partial,0,0,Unknown,,Not reviewed
https://derivativecalculatorai.com/derivative-of-5x-minus-5-minus-to-minus-the-minus-2,derivative-of-5x-minus-5-minus-to-minus-the-minus-2,problems.json,derivative,problem,200,No,noindex,https://derivativecalculatorai.com/derivative-of-5x-minus-5-minus-to-minus-the-minus-2,Yes,Excluded,,,Yes,Partial,0,0,Unknown,,Not reviewed
https://derivativecalculatorai.com/derivative-of-5x-minus-plus-minus-5-minus-to-minus-the-minus-3,derivative-of-5x-minus-plus-minus-5-minus-to-minus-the-minus-3,problems.json,derivative,problem,200,No,noindex,https://derivativecalculatorai.com/derivative-of-5x-minus-plus-minus-5-minus-to-minus-the-minus-3,Yes,Excluded,,,Yes,Partial,0,0,Unknown,,Not reviewed
https://derivativecalculatorai.com/derivative-of-5x-minus-5-minus-to-minus-the-minus-3,derivative-of-5x-minus-5-minus-to-minus-the-minus-3,problems.json,derivative,problem,200,No,noindex,https://derivativecalculatorai.com/derivative-of-5x-minus-5-minus-to-minus-the-minus-3,Yes,Excluded,,,Yes,Partial,0,0,Unknown,,Not reviewed
https://derivativecalculatorai.com/derivative-of-5x-minus-plus-minus-5-minus-to-minus-the-minus-4,derivative-of-5x-minus-plus-minus-5-minus-to-minus-the-minus-4,problems.json,derivative,problem,200,No,noindex,https://derivativecalculatorai.com/derivative-of-5x-minus-plus-minus-5-minus-to-minus-the-minus-4,Yes,Excluded,,,Yes,Partial,0,0,Unknown,,Not reviewed
https://derivativecalculatorai.com/derivative-of-5x-minus-5-minus-to-minus-the-minus-4,derivative-of-5x-minus-5-minus-to-minus-the-minus-4,problems.json,derivative,problem,200,No,noindex,https://derivativecalculatorai.com/derivative-of-5x-minus-5-minus-to-minus-the-minus-4,Yes,Excluded,,,Yes,Partial,0,0,Unknown,,Not reviewed
https://derivativecalculatorai.com/derivative-of-5x-minus-plus-minus-5-minus-to-minus-the-minus-5,derivative-of-5x-minus-plus-minus-5-minus-to-minus-the-minus-5,problems.json,derivative,problem,200,No,noindex,https://derivativecalculatorai.com/derivative-of-5x-minus-plus-minus-5-minus-to-minus-the-minus-5,Yes,Excluded,,,Yes,Partial,0,0,Unknown,,Not reviewed
https://derivativecalculatorai.com/derivative-of-5x-minus-5-minus-to-minus-the-minus-5,derivative-of-5x-minus-5-minus-to-minus-the-minus-5,problems.json,derivative,problem,200,No,noindex,https://derivativecalculatorai.com/derivative-of-5x-minus-5-minus-to-minus-the-minus-5,Yes,Excluded,,,Yes,Partial,0,0,Unknown,,Not reviewed
https://derivativecalculatorai.com/derivative-of-x-minus-to-minus-the-minus-x,derivative-of-x-minus-to-minus-the-minus-x,problems.json,derivative,problem,200,Yes,index,https://derivativecalculatorai.com/derivative-of-x-minus-to-minus-the-minus-x,Yes,Excluded,,,Yes,Partial,0,0,Unknown,,Not reviewed
https://derivativecalculatorai.com/derivative-of-x-minus-to-minus-the-minus-sinx,derivative-of-x-minus-to-minus-the-minus-sinx,problems.json,derivative,problem,200,Yes,index,https://derivativecalculatorai.com/derivative-of-x-minus-to-minus-the-minus-sinx,Yes,Excluded,,,Yes,Partial,0,0,Unknown,,Not reviewed
https://derivativecalculatorai.com/derivative-of-sinx-minus-to-minus-the-minus-x,derivative-of-sinx-minus-to-minus-the-minus-x,problems.json,derivative,problem,200,Yes,index,https://derivativecalculatorai.com/derivative-of-sinx-minus-to-minus-the-minus-x,Yes,Excluded,,,Yes,Partial,0,0,Unknown,,Not reviewed
https://derivativecalculatorai.com/derivative-of-x-minus-to-minus-the-minus-lnx,derivative-of-x-minus-to-minus-the-minus-lnx,problems.json,derivative,problem,200,Yes,index,https://derivativecalculatorai.com/derivative-of-x-minus-to-minus-the-minus-lnx,Yes,Excluded,,,Yes,Partial,0,0,Unknown,,Not reviewed
https://derivativecalculatorai.com/derivative-of-sqrtx-minus-to-minus-the-minus-2-minus-plus-minus-1,derivative-of-sqrtx-minus-to-minus-the-minus-2-minus-plus-minus-1,problems.json,derivative,problem,200,No,noindex,https://derivativecalculatorai.com/derivative-of-sqrtx-minus-to-minus-the-minus-2-minus-plus-minus-1,Yes,Excluded,,,Yes,Partial,0,0,Unknown,,Not reviewed
https://derivativecalculatorai.com/derivative-of-sqrtx-minus-to-minus-the-minus-2-minus-1,derivative-of-sqrtx-minus-to-minus-the-minus-2-minus-1,problems.json,derivative,problem,200,No,noindex,https://derivativecalculatorai.com/derivative-of-sqrtx-minus-to-minus-the-minus-2-minus-1,Yes,Excluded,,,Yes,Partial,0,0,Unknown,,Not reviewed
https://derivativecalculatorai.com/derivative-of-sqrt1-minus-x-minus-to-minus-the-minus-2,derivative-of-sqrt1-minus-x-minus-to-minus-the-minus-2,problems.json,derivative,problem,200,No,noindex,https://derivativecalculatorai.com/derivative-of-sqrt1-minus-x-minus-to-minus-the-minus-2,Yes,Excluded,,,Yes,Partial,0,0,Unknown,,Not reviewed
https://derivativecalculatorai.com/derivative-of-1-minus-over-minus-sqrt1-minus-x-minus-to-minus-the-minus-2,derivative-of-1-minus-over-minus-sqrt1-minus-x-minus-to-minus-the-minus-2,problems.json,derivative,problem,200,No,noindex,https://derivativecalculatorai.com/derivative-of-1-minus-over-minus-sqrt1-minus-x-minus-to-minus-the-minus-2,Yes,Excluded,,,Yes,Partial,0,0,Unknown,,Not reviewed
https://derivativecalculatorai.com/derivative-of-sqrtx-minus-to-minus-the-minus-2-minus-plus-minus-2,derivative-of-sqrtx-minus-to-minus-the-minus-2-minus-plus-minus-2,problems.json,derivative,problem,200,No,noindex,https://derivativecalculatorai.com/derivative-of-sqrtx-minus-to-minus-the-minus-2-minus-plus-minus-2,Yes,Excluded,,,Yes,Partial,0,0,Unknown,,Not reviewed
https://derivativecalculatorai.com/derivative-of-sqrtx-minus-to-minus-the-minus-2-minus-2,derivative-of-sqrtx-minus-to-minus-the-minus-2-minus-2,problems.json,derivative,problem,200,No,noindex,https://derivativecalculatorai.com/derivative-of-sqrtx-minus-to-minus-the-minus-2-minus-2,Yes,Excluded,,,Yes,Partial,0,0,Unknown,,Not reviewed
https://derivativecalculatorai.com/derivative-of-sqrt2-minus-x-minus-to-minus-the-minus-2,derivative-of-sqrt2-minus-x-minus-to-minus-the-minus-2,problems.json,derivative,problem,200,No,noindex,https://derivativecalculatorai.com/derivative-of-sqrt2-minus-x-minus-to-minus-the-minus-2,Yes,Excluded,,,Yes,Partial,0,0,Unknown,,Not reviewed
https://derivativecalculatorai.com/derivative-of-1-minus-over-minus-sqrt2-minus-x-minus-to-minus-the-minus-2,derivative-of-1-minus-over-minus-sqrt2-minus-x-minus-to-minus-the-minus-2,problems.json,derivative,problem,200,No,noindex,https://derivativecalculatorai.com/derivative-of-1-minus-over-minus-sqrt2-minus-x-minus-to-minus-the-minus-2,Yes,Excluded,,,Yes,Partial,0,0,Unknown,,Not reviewed
https://derivativecalculatorai.com/derivative-of-sqrtx-minus-to-minus-the-minus-2-minus-plus-minus-3,derivative-of-sqrtx-minus-to-minus-the-minus-2-minus-plus-minus-3,problems.json,derivative,problem,200,No,noindex,https://derivativecalculatorai.com/derivative-of-sqrtx-minus-to-minus-the-minus-2-minus-plus-minus-3,Yes,Excluded,,,Yes,Partial,0,0,Unknown,,Not reviewed
https://derivativecalculatorai.com/derivative-of-sqrtx-minus-to-minus-the-minus-2-minus-3,derivative-of-sqrtx-minus-to-minus-the-minus-2-minus-3,problems.json,derivative,problem,200,No,noindex,https://derivativecalculatorai.com/derivative-of-sqrtx-minus-to-minus-the-minus-2-minus-3,Yes,Excluded,,,Yes,Partial,0,0,Unknown,,Not reviewed
https://derivativecalculatorai.com/derivative-of-sqrt3-minus-x-minus-to-minus-the-minus-2,derivative-of-sqrt3-minus-x-minus-to-minus-the-minus-2,problems.json,derivative,problem,200,No,noindex,https://derivativecalculatorai.com/derivative-of-sqrt3-minus-x-minus-to-minus-the-minus-2,Yes,Excluded,,,Yes,Partial,0,0,Unknown,,Not reviewed
https://derivativecalculatorai.com/derivative-of-1-minus-over-minus-sqrt3-minus-x-minus-to-minus-the-minus-2,derivative-of-1-minus-over-minus-sqrt3-minus-x-minus-to-minus-the-minus-2,problems.json,derivative,problem,200,No,noindex,https://derivativecalculatorai.com/derivative-of-1-minus-over-minus-sqrt3-minus-x-minus-to-minus-the-minus-2,Yes,Excluded,,,Yes,Partial,0,0,Unknown,,Not reviewed
https://derivativecalculatorai.com/derivative-of-sqrtx-minus-to-minus-the-minus-2-minus-plus-minus-4,derivative-of-sqrtx-minus-to-minus-the-minus-2-minus-plus-minus-4,problems.json,derivative,problem,200,No,noindex,https://derivativecalculatorai.com/derivative-of-sqrtx-minus-to-minus-the-minus-2-minus-plus-minus-4,Yes,Excluded,,,Yes,Partial,0,0,Unknown,,Not reviewed
https://derivativecalculatorai.com/derivative-of-sqrtx-minus-to-minus-the-minus-2-minus-4,derivative-of-sqrtx-minus-to-minus-the-minus-2-minus-4,problems.json,derivative,problem,200,No,noindex,https://derivativecalculatorai.com/derivative-of-sqrtx-minus-to-minus-the-minus-2-minus-4,Yes,Excluded,,,Yes,Partial,0,0,Unknown,,Not reviewed
https://derivativecalculatorai.com/derivative-of-sqrt4-minus-x-minus-to-minus-the-minus-2,derivative-of-sqrt4-minus-x-minus-to-minus-the-minus-2,problems.json,derivative,problem,200,No,noindex,https://derivativecalculatorai.com/derivative-of-sqrt4-minus-x-minus-to-minus-the-minus-2,Yes,Excluded,,,Yes,Partial,0,0,Unknown,,Not reviewed
https://derivativecalculatorai.com/derivative-of-1-minus-over-minus-sqrt4-minus-x-minus-to-minus-the-minus-2,derivative-of-1-minus-over-minus-sqrt4-minus-x-minus-to-minus-the-minus-2,problems.json,derivative,problem,200,No,noindex,https://derivativecalculatorai.com/derivative-of-1-minus-over-minus-sqrt4-minus-x-minus-to-minus-the-minus-2,Yes,Excluded,,,Yes,Partial,0,0,Unknown,,Not reviewed
https://derivativecalculatorai.com/derivative-of-sqrtx-minus-to-minus-the-minus-2-minus-plus-minus-5,derivative-of-sqrtx-minus-to-minus-the-minus-2-minus-plus-minus-5,problems.json,derivative,problem,200,No,noindex,https://derivativecalculatorai.com/derivative-of-sqrtx-minus-to-minus-the-minus-2-minus-plus-minus-5,Yes,Excluded,,,Yes,Partial,0,0,Unknown,,Not reviewed
https://derivativecalculatorai.com/derivative-of-sqrtx-minus-to-minus-the-minus-2-minus-5,derivative-of-sqrtx-minus-to-minus-the-minus-2-minus-5,problems.json,derivative,problem,200,No,noindex,https://derivativecalculatorai.com/derivative-of-sqrtx-minus-to-minus-the-minus-2-minus-5,Yes,Excluded,,,Yes,Partial,0,0,Unknown,,Not reviewed
https://derivativecalculatorai.com/derivative-of-sqrt5-minus-x-minus-to-minus-the-minus-2,derivative-of-sqrt5-minus-x-minus-to-minus-the-minus-2,problems.json,derivative,problem,200,No,noindex,https://derivativecalculatorai.com/derivative-of-sqrt5-minus-x-minus-to-minus-the-minus-2,Yes,Excluded,,,Yes,Partial,0,0,Unknown,,Not reviewed
https://derivativecalculatorai.com/derivative-of-1-minus-over-minus-sqrt5-minus-x-minus-to-minus-the-minus-2,derivative-of-1-minus-over-minus-sqrt5-minus-x-minus-to-minus-the-minus-2,problems.json,derivative,problem,200,No,noindex,https://derivativecalculatorai.com/derivative-of-1-minus-over-minus-sqrt5-minus-x-minus-to-minus-the-minus-2,Yes,Excluded,,,Yes,Partial,0,0,Unknown,,Not reviewed
https://derivativecalculatorai.com/derivative-of-sqrtx-minus-to-minus-the-minus-2-minus-plus-minus-6,derivative-of-sqrtx-minus-to-minus-the-minus-2-minus-plus-minus-6,problems.json,derivative,problem,200,No,noindex,https://derivativecalculatorai.com/derivative-of-sqrtx-minus-to-minus-the-minus-2-minus-plus-minus-6,Yes,Excluded,,,Yes,Partial,0,0,Unknown,,Not reviewed
https://derivativecalculatorai.com/derivative-of-sqrtx-minus-to-minus-the-minus-2-minus-6,derivative-of-sqrtx-minus-to-minus-the-minus-2-minus-6,problems.json,derivative,problem,200,No,noindex,https://derivativecalculatorai.com/derivative-of-sqrtx-minus-to-minus-the-minus-2-minus-6,Yes,Excluded,,,Yes,Partial,0,0,Unknown,,Not reviewed
https://derivativecalculatorai.com/derivative-of-sqrt6-minus-x-minus-to-minus-the-minus-2,derivative-of-sqrt6-minus-x-minus-to-minus-the-minus-2,problems.json,derivative,problem,200,No,noindex,https://derivativecalculatorai.com/derivative-of-sqrt6-minus-x-minus-to-minus-the-minus-2,Yes,Excluded,,,Yes,Partial,0,0,Unknown,,Not reviewed
https://derivativecalculatorai.com/derivative-of-1-minus-over-minus-sqrt6-minus-x-minus-to-minus-the-minus-2,derivative-of-1-minus-over-minus-sqrt6-minus-x-minus-to-minus-the-minus-2,problems.json,derivative,problem,200,No,noindex,https://derivativecalculatorai.com/derivative-of-1-minus-over-minus-sqrt6-minus-x-minus-to-minus-the-minus-2,Yes,Excluded,,,Yes,Partial,0,0,Unknown,,Not reviewed
https://derivativecalculatorai.com/derivative-of-sqrtx-minus-to-minus-the-minus-2-minus-plus-minus-7,derivative-of-sqrtx-minus-to-minus-the-minus-2-minus-plus-minus-7,problems.json,derivative,problem,200,No,noindex,https://derivativecalculatorai.com/derivative-of-sqrtx-minus-to-minus-the-minus-2-minus-plus-minus-7,Yes,Excluded,,,Yes,Partial,0,0,Unknown,,Not reviewed
https://derivativecalculatorai.com/derivative-of-sqrtx-minus-to-minus-the-minus-2-minus-7,derivative-of-sqrtx-minus-to-minus-the-minus-2-minus-7,problems.json,derivative,problem,200,No,noindex,https://derivativecalculatorai.com/derivative-of-sqrtx-minus-to-minus-the-minus-2-minus-7,Yes,Excluded,,,Yes,Partial,0,0,Unknown,,Not reviewed
https://derivativecalculatorai.com/derivative-of-sqrt7-minus-x-minus-to-minus-the-minus-2,derivative-of-sqrt7-minus-x-minus-to-minus-the-minus-2,problems.json,derivative,problem,200,No,noindex,https://derivativecalculatorai.com/derivative-of-sqrt7-minus-x-minus-to-minus-the-minus-2,Yes,Excluded,,,Yes,Partial,0,0,Unknown,,Not reviewed
https://derivativecalculatorai.com/derivative-of-1-minus-over-minus-sqrt7-minus-x-minus-to-minus-the-minus-2,derivative-of-1-minus-over-minus-sqrt7-minus-x-minus-to-minus-the-minus-2,problems.json,derivative,problem,200,No,noindex,https://derivativecalculatorai.com/derivative-of-1-minus-over-minus-sqrt7-minus-x-minus-to-minus-the-minus-2,Yes,Excluded,,,Yes,Partial,0,0,Unknown,,Not reviewed
https://derivativecalculatorai.com/derivative-of-sqrtx-minus-to-minus-the-minus-2-minus-plus-minus-8,derivative-of-sqrtx-minus-to-minus-the-minus-2-minus-plus-minus-8,problems.json,derivative,problem,200,No,noindex,https://derivativecalculatorai.com/derivative-of-sqrtx-minus-to-minus-the-minus-2-minus-plus-minus-8,Yes,Excluded,,,Yes,Partial,0,0,Unknown,,Not reviewed
https://derivativecalculatorai.com/derivative-of-sqrtx-minus-to-minus-the-minus-2-minus-8,derivative-of-sqrtx-minus-to-minus-the-minus-2-minus-8,problems.json,derivative,problem,200,No,noindex,https://derivativecalculatorai.com/derivative-of-sqrtx-minus-to-minus-the-minus-2-minus-8,Yes,Excluded,,,Yes,Partial,0,0,Unknown,,Not reviewed
https://derivativecalculatorai.com/derivative-of-sqrt8-minus-x-minus-to-minus-the-minus-2,derivative-of-sqrt8-minus-x-minus-to-minus-the-minus-2,problems.json,derivative,problem,200,No,noindex,https://derivativecalculatorai.com/derivative-of-sqrt8-minus-x-minus-to-minus-the-minus-2,Yes,Excluded,,,Yes,Partial,0,0,Unknown,,Not reviewed
https://derivativecalculatorai.com/derivative-of-1-minus-over-minus-sqrt8-minus-x-minus-to-minus-the-minus-2,derivative-of-1-minus-over-minus-sqrt8-minus-x-minus-to-minus-the-minus-2,problems.json,derivative,problem,200,No,noindex,https://derivativecalculatorai.com/derivative-of-1-minus-over-minus-sqrt8-minus-x-minus-to-minus-the-minus-2,Yes,Excluded,,,Yes,Partial,0,0,Unknown,,Not reviewed
https://derivativecalculatorai.com/derivative-of-sqrtx-minus-to-minus-the-minus-2-minus-plus-minus-9,derivative-of-sqrtx-minus-to-minus-the-minus-2-minus-plus-minus-9,problems.json,derivative,problem,200,No,noindex,https://derivativecalculatorai.com/derivative-of-sqrtx-minus-to-minus-the-minus-2-minus-plus-minus-9,Yes,Excluded,,,Yes,Partial,0,0,Unknown,,Not reviewed
https://derivativecalculatorai.com/derivative-of-sqrtx-minus-to-minus-the-minus-2-minus-9,derivative-of-sqrtx-minus-to-minus-the-minus-2-minus-9,problems.json,derivative,problem,200,No,noindex,https://derivativecalculatorai.com/derivative-of-sqrtx-minus-to-minus-the-minus-2-minus-9,Yes,Excluded,,,Yes,Partial,0,0,Unknown,,Not reviewed
https://derivativecalculatorai.com/derivative-of-sqrt9-minus-x-minus-to-minus-the-minus-2,derivative-of-sqrt9-minus-x-minus-to-minus-the-minus-2,problems.json,derivative,problem,200,No,noindex,https://derivativecalculatorai.com/derivative-of-sqrt9-minus-x-minus-to-minus-the-minus-2,Yes,Excluded,,,Yes,Partial,0,0,Unknown,,Not reviewed
https://derivativecalculatorai.com/derivative-of-1-minus-over-minus-sqrt9-minus-x-minus-to-minus-the-minus-2,derivative-of-1-minus-over-minus-sqrt9-minus-x-minus-to-minus-the-minus-2,problems.json,derivative,problem,200,No,noindex,https://derivativecalculatorai.com/derivative-of-1-minus-over-minus-sqrt9-minus-x-minus-to-minus-the-minus-2,Yes,Excluded,,,Yes,Partial,0,0,Unknown,,Not reviewed
https://derivativecalculatorai.com/derivative-of-sqrtx-minus-to-minus-the-minus-2-minus-plus-minus-10,derivative-of-sqrtx-minus-to-minus-the-minus-2-minus-plus-minus-10,problems.json,derivative,problem,200,No,noindex,https://derivativecalculatorai.com/derivative-of-sqrtx-minus-to-minus-the-minus-2-minus-plus-minus-10,Yes,Excluded,,,Yes,Partial,0,0,Unknown,,Not reviewed
https://derivativecalculatorai.com/derivative-of-sqrtx-minus-to-minus-the-minus-2-minus-10,derivative-of-sqrtx-minus-to-minus-the-minus-2-minus-10,problems.json,derivative,problem,200,No,noindex,https://derivativecalculatorai.com/derivative-of-sqrtx-minus-to-minus-the-minus-2-minus-10,Yes,Excluded,,,Yes,Partial,0,0,Unknown,,Not reviewed
https://derivativecalculatorai.com/derivative-of-sqrt10-minus-x-minus-to-minus-the-minus-2,derivative-of-sqrt10-minus-x-minus-to-minus-the-minus-2,problems.json,derivative,problem,200,No,noindex,https://derivativecalculatorai.com/derivative-of-sqrt10-minus-x-minus-to-minus-the-minus-2,Yes,Excluded,,,Yes,Partial,0,0,Unknown,,Not reviewed
https://derivativecalculatorai.com/derivative-of-1-minus-over-minus-sqrt10-minus-x-minus-to-minus-the-minus-2,derivative-of-1-minus-over-minus-sqrt10-minus-x-minus-to-minus-the-minus-2,problems.json,derivative,problem,200,No,noindex,https://derivativecalculatorai.com/derivative-of-1-minus-over-minus-sqrt10-minus-x-minus-to-minus-the-minus-2,Yes,Excluded,,,Yes,Partial,0,0,Unknown,,Not reviewed
https://derivativecalculatorai.com/derivative-of-sin2xcos2x,derivative-of-sin2xcos2x,problems.json,derivative,problem,200,Yes,index,https://derivativecalculatorai.com/derivative-of-sin2xcos2x,Yes,Excluded,,,Yes,Partial,0,0,Unknown,,Not reviewed
https://derivativecalculatorai.com/derivative-of-tan2xsec2x,derivative-of-tan2xsec2x,problems.json,derivative,problem,200,Yes,index,https://derivativecalculatorai.com/derivative-of-tan2xsec2x,Yes,Excluded,,,Yes,Partial,0,0,Unknown,,Not reviewed
https://derivativecalculatorai.com/derivative-of-sin3xcos3x,derivative-of-sin3xcos3x,problems.json,derivative,problem,200,Yes,index,https://derivativecalculatorai.com/derivative-of-sin3xcos3x,Yes,Excluded,,,Yes,Partial,0,0,Unknown,,Not reviewed
https://derivativecalculatorai.com/derivative-of-tan3xsec3x,derivative-of-tan3xsec3x,problems.json,derivative,problem,200,Yes,index,https://derivativecalculatorai.com/derivative-of-tan3xsec3x,Yes,Excluded,,,Yes,Partial,0,0,Unknown,,Not reviewed
https://derivativecalculatorai.com/derivative-of-sin4xcos4x,derivative-of-sin4xcos4x,problems.json,derivative,problem,200,Yes,index,https://derivativecalculatorai.com/derivative-of-sin4xcos4x,Yes,Excluded,,,Yes,Partial,0,0,Unknown,,Not reviewed
https://derivativecalculatorai.com/derivative-of-tan4xsec4x,derivative-of-tan4xsec4x,problems.json,derivative,problem,200,Yes,index,https://derivativecalculatorai.com/derivative-of-tan4xsec4x,Yes,Excluded,,,Yes,Partial,0,0,Unknown,,Not reviewed
https://derivativecalculatorai.com/derivative-of-sin5xcos5x,derivative-of-sin5xcos5x,problems.json,derivative,problem,200,Yes,index,https://derivativecalculatorai.com/derivative-of-sin5xcos5x,Yes,Excluded,,,Yes,Partial,0,0,Unknown,,Not reviewed
https://derivativecalculatorai.com/derivative-of-tan5xsec5x,derivative-of-tan5xsec5x,problems.json,derivative,problem,200,Yes,index,https://derivativecalculatorai.com/derivative-of-tan5xsec5x,Yes,Excluded,,,Yes,Partial,0,0,Unknown,,Not reviewed
https://derivativecalculatorai.com/derivative-of-sin6xcos6x,derivative-of-sin6xcos6x,problems.json,derivative,problem,200,Yes,index,https://derivativecalculatorai.com/derivative-of-sin6xcos6x,Yes,Excluded,,,Yes,Partial,0,0,Unknown,,Not reviewed
https://derivativecalculatorai.com/derivative-of-tan6xsec6x,derivative-of-tan6xsec6x,problems.json,derivative,problem,200,Yes,index,https://derivativecalculatorai.com/derivative-of-tan6xsec6x,Yes,Excluded,,,Yes,Partial,0,0,Unknown,,Not reviewed
https://derivativecalculatorai.com/derivative-of-sin7xcos7x,derivative-of-sin7xcos7x,problems.json,derivative,problem,200,Yes,index,https://derivativecalculatorai.com/derivative-of-sin7xcos7x,Yes,Excluded,,,Yes,Partial,0,0,Unknown,,Not reviewed
https://derivativecalculatorai.com/derivative-of-tan7xsec7x,derivative-of-tan7xsec7x,problems.json,derivative,problem,200,Yes,index,https://derivativecalculatorai.com/derivative-of-tan7xsec7x,Yes,Excluded,,,Yes,Partial,0,0,Unknown,,Not reviewed
https://derivativecalculatorai.com/derivative-of-sin8xcos8x,derivative-of-sin8xcos8x,problems.json,derivative,problem,200,Yes,index,https://derivativecalculatorai.com/derivative-of-sin8xcos8x,Yes,Excluded,,,Yes,Partial,0,0,Unknown,,Not reviewed
https://derivativecalculatorai.com/derivative-of-tan8xsec8x,derivative-of-tan8xsec8x,problems.json,derivative,problem,200,Yes,index,https://derivativecalculatorai.com/derivative-of-tan8xsec8x,Yes,Excluded,,,Yes,Partial,0,0,Unknown,,Not reviewed
https://derivativecalculatorai.com/derivative-of-sin9xcos9x,derivative-of-sin9xcos9x,problems.json,derivative,problem,200,Yes,index,https://derivativecalculatorai.com/derivative-of-sin9xcos9x,Yes,Excluded,,,Yes,Partial,0,0,Unknown,,Not reviewed
https://derivativecalculatorai.com/derivative-of-tan9xsec9x,derivative-of-tan9xsec9x,problems.json,derivative,problem,200,Yes,index,https://derivativecalculatorai.com/derivative-of-tan9xsec9x,Yes,Excluded,,,Yes,Partial,0,0,Unknown,,Not reviewed
https://derivativecalculatorai.com/derivative-of-sin10xcos10x,derivative-of-sin10xcos10x,problems.json,derivative,problem,200,Yes,index,https://derivativecalculatorai.com/derivative-of-sin10xcos10x,Yes,Excluded,,,Yes,Partial,0,0,Unknown,,Not reviewed
https://derivativecalculatorai.com/derivative-of-tan10xsec10x,derivative-of-tan10xsec10x,problems.json,derivative,problem,200,Yes,index,https://derivativecalculatorai.com/derivative-of-tan10xsec10x,Yes,Excluded,,,Yes,Partial,0,0,Unknown,,Not reviewed
https://derivativecalculatorai.com/derivative-of-lnx-minus-to-minus-the-minus-2-minus-plus-minus-1,derivative-of-lnx-minus-to-minus-the-minus-2-minus-plus-minus-1,problems.json,derivative,problem,200,No,noindex,https://derivativecalculatorai.com/derivative-of-lnx-minus-to-minus-the-minus-2-minus-plus-minus-1,Yes,Excluded,,,Yes,Partial,0,0,Unknown,,Not reviewed
https://derivativecalculatorai.com/derivative-of-lnx-minus-to-minus-the-minus-2-minus-1,derivative-of-lnx-minus-to-minus-the-minus-2-minus-1,problems.json,derivative,problem,200,No,noindex,https://derivativecalculatorai.com/derivative-of-lnx-minus-to-minus-the-minus-2-minus-1,Yes,Excluded,,,Yes,Partial,0,0,Unknown,,Not reviewed
https://derivativecalculatorai.com/derivative-of-e-minus-to-minus-the-minus-x-minus-to-minus-the-minus-2-minus-plus-minus-1,derivative-of-e-minus-to-minus-the-minus-x-minus-to-minus-the-minus-2-minus-plus-minus-1,problems.json,derivative,problem,200,No,noindex,https://derivativecalculatorai.com/derivative-of-e-minus-to-minus-the-minus-x-minus-to-minus-the-minus-2-minus-plus-minus-1,Yes,Excluded,,,Yes,Partial,0,0,Unknown,,Not reviewed
https://derivativecalculatorai.com/derivative-of-sinx-minus-to-minus-the-minus-2-minus-plus-minus-1,derivative-of-sinx-minus-to-minus-the-minus-2-minus-plus-minus-1,problems.json,derivative,problem,200,No,noindex,https://derivativecalculatorai.com/derivative-of-sinx-minus-to-minus-the-minus-2-minus-plus-minus-1,Yes,Excluded,,,Yes,Partial,0,0,Unknown,,Not reviewed
https://derivativecalculatorai.com/derivative-of-cosx-minus-to-minus-the-minus-2-minus-plus-minus-1,derivative-of-cosx-minus-to-minus-the-minus-2-minus-plus-minus-1,problems.json,derivative,problem,200,No,noindex,https://derivativecalculatorai.com/derivative-of-cosx-minus-to-minus-the-minus-2-minus-plus-minus-1,Yes,Excluded,,,Yes,Partial,0,0,Unknown,,Not reviewed
https://derivativecalculatorai.com/derivative-of-lnx-minus-to-minus-the-minus-2-minus-plus-minus-2,derivative-of-lnx-minus-to-minus-the-minus-2-minus-plus-minus-2,problems.json,derivative,problem,200,No,noindex,https://derivativecalculatorai.com/derivative-of-lnx-minus-to-minus-the-minus-2-minus-plus-minus-2,Yes,Excluded,,,Yes,Partial,0,0,Unknown,,Not reviewed
https://derivativecalculatorai.com/derivative-of-lnx-minus-to-minus-the-minus-2-minus-2,derivative-of-lnx-minus-to-minus-the-minus-2-minus-2,problems.json,derivative,problem,200,No,noindex,https://derivativecalculatorai.com/derivative-of-lnx-minus-to-minus-the-minus-2-minus-2,Yes,Excluded,,,Yes,Partial,0,0,Unknown,,Not reviewed
https://derivativecalculatorai.com/derivative-of-e-minus-to-minus-the-minus-x-minus-to-minus-the-minus-2-minus-plus-minus-2,derivative-of-e-minus-to-minus-the-minus-x-minus-to-minus-the-minus-2-minus-plus-minus-2,problems.json,derivative,problem,200,No,noindex,https://derivativecalculatorai.com/derivative-of-e-minus-to-minus-the-minus-x-minus-to-minus-the-minus-2-minus-plus-minus-2,Yes,Excluded,,,Yes,Partial,0,0,Unknown,,Not reviewed
https://derivativecalculatorai.com/derivative-of-sinx-minus-to-minus-the-minus-2-minus-plus-minus-2,derivative-of-sinx-minus-to-minus-the-minus-2-minus-plus-minus-2,problems.json,derivative,problem,200,No,noindex,https://derivativecalculatorai.com/derivative-of-sinx-minus-to-minus-the-minus-2-minus-plus-minus-2,Yes,Excluded,,,Yes,Partial,0,0,Unknown,,Not reviewed
https://derivativecalculatorai.com/derivative-of-cosx-minus-to-minus-the-minus-2-minus-plus-minus-2,derivative-of-cosx-minus-to-minus-the-minus-2-minus-plus-minus-2,problems.json,derivative,problem,200,No,noindex,https://derivativecalculatorai.com/derivative-of-cosx-minus-to-minus-the-minus-2-minus-plus-minus-2,Yes,Excluded,,,Yes,Partial,0,0,Unknown,,Not reviewed
https://derivativecalculatorai.com/derivative-of-lnx-minus-to-minus-the-minus-2-minus-plus-minus-3,derivative-of-lnx-minus-to-minus-the-minus-2-minus-plus-minus-3,problems.json,derivative,problem,200,No,noindex,https://derivativecalculatorai.com/derivative-of-lnx-minus-to-minus-the-minus-2-minus-plus-minus-3,Yes,Excluded,,,Yes,Partial,0,0,Unknown,,Not reviewed
https://derivativecalculatorai.com/derivative-of-lnx-minus-to-minus-the-minus-2-minus-3,derivative-of-lnx-minus-to-minus-the-minus-2-minus-3,problems.json,derivative,problem,200,No,noindex,https://derivativecalculatorai.com/derivative-of-lnx-minus-to-minus-the-minus-2-minus-3,Yes,Excluded,,,Yes,Partial,0,0,Unknown,,Not reviewed
https://derivativecalculatorai.com/derivative-of-e-minus-to-minus-the-minus-x-minus-to-minus-the-minus-2-minus-plus-minus-3,derivative-of-e-minus-to-minus-the-minus-x-minus-to-minus-the-minus-2-minus-plus-minus-3,problems.json,derivative,problem,200,No,noindex,https://derivativecalculatorai.com/derivative-of-e-minus-to-minus-the-minus-x-minus-to-minus-the-minus-2-minus-plus-minus-3,Yes,Excluded,,,Yes,Partial,0,0,Unknown,,Not reviewed
https://derivativecalculatorai.com/derivative-of-sinx-minus-to-minus-the-minus-2-minus-plus-minus-3,derivative-of-sinx-minus-to-minus-the-minus-2-minus-plus-minus-3,problems.json,derivative,problem,200,No,noindex,https://derivativecalculatorai.com/derivative-of-sinx-minus-to-minus-the-minus-2-minus-plus-minus-3,Yes,Excluded,,,Yes,Partial,0,0,Unknown,,Not reviewed
https://derivativecalculatorai.com/derivative-of-cosx-minus-to-minus-the-minus-2-minus-plus-minus-3,derivative-of-cosx-minus-to-minus-the-minus-2-minus-plus-minus-3,problems.json,derivative,problem,200,No,noindex,https://derivativecalculatorai.com/derivative-of-cosx-minus-to-minus-the-minus-2-minus-plus-minus-3,Yes,Excluded,,,Yes,Partial,0,0,Unknown,,Not reviewed
https://derivativecalculatorai.com/derivative-of-lnx-minus-to-minus-the-minus-2-minus-plus-minus-4,derivative-of-lnx-minus-to-minus-the-minus-2-minus-plus-minus-4,problems.json,derivative,problem,200,No,noindex,https://derivativecalculatorai.com/derivative-of-lnx-minus-to-minus-the-minus-2-minus-plus-minus-4,Yes,Excluded,,,Yes,Partial,0,0,Unknown,,Not reviewed
https://derivativecalculatorai.com/derivative-of-lnx-minus-to-minus-the-minus-2-minus-4,derivative-of-lnx-minus-to-minus-the-minus-2-minus-4,problems.json,derivative,problem,200,No,noindex,https://derivativecalculatorai.com/derivative-of-lnx-minus-to-minus-the-minus-2-minus-4,Yes,Excluded,,,Yes,Partial,0,0,Unknown,,Not reviewed
https://derivativecalculatorai.com/derivative-of-e-minus-to-minus-the-minus-x-minus-to-minus-the-minus-2-minus-plus-minus-4,derivative-of-e-minus-to-minus-the-minus-x-minus-to-minus-the-minus-2-minus-plus-minus-4,problems.json,derivative,problem,200,No,noindex,https://derivativecalculatorai.com/derivative-of-e-minus-to-minus-the-minus-x-minus-to-minus-the-minus-2-minus-plus-minus-4,Yes,Excluded,,,Yes,Partial,0,0,Unknown,,Not reviewed
https://derivativecalculatorai.com/derivative-of-sinx-minus-to-minus-the-minus-2-minus-plus-minus-4,derivative-of-sinx-minus-to-minus-the-minus-2-minus-plus-minus-4,problems.json,derivative,problem,200,No,noindex,https://derivativecalculatorai.com/derivative-of-sinx-minus-to-minus-the-minus-2-minus-plus-minus-4,Yes,Excluded,,,Yes,Partial,0,0,Unknown,,Not reviewed
https://derivativecalculatorai.com/derivative-of-cosx-minus-to-minus-the-minus-2-minus-plus-minus-4,derivative-of-cosx-minus-to-minus-the-minus-2-minus-plus-minus-4,problems.json,derivative,problem,200,No,noindex,https://derivativecalculatorai.com/derivative-of-cosx-minus-to-minus-the-minus-2-minus-plus-minus-4,Yes,Excluded,,,Yes,Partial,0,0,Unknown,,Not reviewed
https://derivativecalculatorai.com/derivative-of-lnx-minus-to-minus-the-minus-2-minus-plus-minus-5,derivative-of-lnx-minus-to-minus-the-minus-2-minus-plus-minus-5,problems.json,derivative,problem,200,No,noindex,https://derivativecalculatorai.com/derivative-of-lnx-minus-to-minus-the-minus-2-minus-plus-minus-5,Yes,Excluded,,,Yes,Partial,0,0,Unknown,,Not reviewed
https://derivativecalculatorai.com/derivative-of-lnx-minus-to-minus-the-minus-2-minus-5,derivative-of-lnx-minus-to-minus-the-minus-2-minus-5,problems.json,derivative,problem,200,No,noindex,https://derivativecalculatorai.com/derivative-of-lnx-minus-to-minus-the-minus-2-minus-5,Yes,Excluded,,,Yes,Partial,0,0,Unknown,,Not reviewed
https://derivativecalculatorai.com/derivative-of-e-minus-to-minus-the-minus-x-minus-to-minus-the-minus-2-minus-plus-minus-5,derivative-of-e-minus-to-minus-the-minus-x-minus-to-minus-the-minus-2-minus-plus-minus-5,problems.json,derivative,problem,200,No,noindex,https://derivativecalculatorai.com/derivative-of-e-minus-to-minus-the-minus-x-minus-to-minus-the-minus-2-minus-plus-minus-5,Yes,Excluded,,,Yes,Partial,0,0,Unknown,,Not reviewed
https://derivativecalculatorai.com/derivative-of-sinx-minus-to-minus-the-minus-2-minus-plus-minus-5,derivative-of-sinx-minus-to-minus-the-minus-2-minus-plus-minus-5,problems.json,derivative,problem,200,No,noindex,https://derivativecalculatorai.com/derivative-of-sinx-minus-to-minus-the-minus-2-minus-plus-minus-5,Yes,Excluded,,,Yes,Partial,0,0,Unknown,,Not reviewed
https://derivativecalculatorai.com/derivative-of-cosx-minus-to-minus-the-minus-2-minus-plus-minus-5,derivative-of-cosx-minus-to-minus-the-minus-2-minus-plus-minus-5,problems.json,derivative,problem,200,No,noindex,https://derivativecalculatorai.com/derivative-of-cosx-minus-to-minus-the-minus-2-minus-plus-minus-5,Yes,Excluded,,,Yes,Partial,0,0,Unknown,,Not reviewed
https://derivativecalculatorai.com/derivative-of-lnx-minus-to-minus-the-minus-2-minus-plus-minus-6,derivative-of-lnx-minus-to-minus-the-minus-2-minus-plus-minus-6,problems.json,derivative,problem,200,No,noindex,https://derivativecalculatorai.com/derivative-of-lnx-minus-to-minus-the-minus-2-minus-plus-minus-6,Yes,Excluded,,,Yes,Partial,0,0,Unknown,,Not reviewed
https://derivativecalculatorai.com/derivative-of-lnx-minus-to-minus-the-minus-2-minus-6,derivative-of-lnx-minus-to-minus-the-minus-2-minus-6,problems.json,derivative,problem,200,No,noindex,https://derivativecalculatorai.com/derivative-of-lnx-minus-to-minus-the-minus-2-minus-6,Yes,Excluded,,,Yes,Partial,0,0,Unknown,,Not reviewed
https://derivativecalculatorai.com/derivative-of-e-minus-to-minus-the-minus-x-minus-to-minus-the-minus-2-minus-plus-minus-6,derivative-of-e-minus-to-minus-the-minus-x-minus-to-minus-the-minus-2-minus-plus-minus-6,problems.json,derivative,problem,200,No,noindex,https://derivativecalculatorai.com/derivative-of-e-minus-to-minus-the-minus-x-minus-to-minus-the-minus-2-minus-plus-minus-6,Yes,Excluded,,,Yes,Partial,0,0,Unknown,,Not reviewed
https://derivativecalculatorai.com/derivative-of-sinx-minus-to-minus-the-minus-2-minus-plus-minus-6,derivative-of-sinx-minus-to-minus-the-minus-2-minus-plus-minus-6,problems.json,derivative,problem,200,No,noindex,https://derivativecalculatorai.com/derivative-of-sinx-minus-to-minus-the-minus-2-minus-plus-minus-6,Yes,Excluded,,,Yes,Partial,0,0,Unknown,,Not reviewed
https://derivativecalculatorai.com/derivative-of-cosx-minus-to-minus-the-minus-2-minus-plus-minus-6,derivative-of-cosx-minus-to-minus-the-minus-2-minus-plus-minus-6,problems.json,derivative,problem,200,No,noindex,https://derivativecalculatorai.com/derivative-of-cosx-minus-to-minus-the-minus-2-minus-plus-minus-6,Yes,Excluded,,,Yes,Partial,0,0,Unknown,,Not reviewed
https://derivativecalculatorai.com/derivative-of-lnx-minus-to-minus-the-minus-2-minus-plus-minus-7,derivative-of-lnx-minus-to-minus-the-minus-2-minus-plus-minus-7,problems.json,derivative,problem,200,No,noindex,https://derivativecalculatorai.com/derivative-of-lnx-minus-to-minus-the-minus-2-minus-plus-minus-7,Yes,Excluded,,,Yes,Partial,0,0,Unknown,,Not reviewed
https://derivativecalculatorai.com/derivative-of-lnx-minus-to-minus-the-minus-2-minus-7,derivative-of-lnx-minus-to-minus-the-minus-2-minus-7,problems.json,derivative,problem,200,No,noindex,https://derivativecalculatorai.com/derivative-of-lnx-minus-to-minus-the-minus-2-minus-7,Yes,Excluded,,,Yes,Partial,0,0,Unknown,,Not reviewed
https://derivativecalculatorai.com/derivative-of-e-minus-to-minus-the-minus-x-minus-to-minus-the-minus-2-minus-plus-minus-7,derivative-of-e-minus-to-minus-the-minus-x-minus-to-minus-the-minus-2-minus-plus-minus-7,problems.json,derivative,problem,200,No,noindex,https://derivativecalculatorai.com/derivative-of-e-minus-to-minus-the-minus-x-minus-to-minus-the-minus-2-minus-plus-minus-7,Yes,Excluded,,,Yes,Partial,0,0,Unknown,,Not reviewed
https://derivativecalculatorai.com/derivative-of-sinx-minus-to-minus-the-minus-2-minus-plus-minus-7,derivative-of-sinx-minus-to-minus-the-minus-2-minus-plus-minus-7,problems.json,derivative,problem,200,No,noindex,https://derivativecalculatorai.com/derivative-of-sinx-minus-to-minus-the-minus-2-minus-plus-minus-7,Yes,Excluded,,,Yes,Partial,0,0,Unknown,,Not reviewed
https://derivativecalculatorai.com/derivative-of-cosx-minus-to-minus-the-minus-2-minus-plus-minus-7,derivative-of-cosx-minus-to-minus-the-minus-2-minus-plus-minus-7,problems.json,derivative,problem,200,No,noindex,https://derivativecalculatorai.com/derivative-of-cosx-minus-to-minus-the-minus-2-minus-plus-minus-7,Yes,Excluded,,,Yes,Partial,0,0,Unknown,,Not reviewed
https://derivativecalculatorai.com/derivative-of-lnx-minus-to-minus-the-minus-2-minus-plus-minus-8,derivative-of-lnx-minus-to-minus-the-minus-2-minus-plus-minus-8,problems.json,derivative,problem,200,No,noindex,https://derivativecalculatorai.com/derivative-of-lnx-minus-to-minus-the-minus-2-minus-plus-minus-8,Yes,Excluded,,,Yes,Partial,0,0,Unknown,,Not reviewed
https://derivativecalculatorai.com/derivative-of-lnx-minus-to-minus-the-minus-2-minus-8,derivative-of-lnx-minus-to-minus-the-minus-2-minus-8,problems.json,derivative,problem,200,No,noindex,https://derivativecalculatorai.com/derivative-of-lnx-minus-to-minus-the-minus-2-minus-8,Yes,Excluded,,,Yes,Partial,0,0,Unknown,,Not reviewed
https://derivativecalculatorai.com/derivative-of-e-minus-to-minus-the-minus-x-minus-to-minus-the-minus-2-minus-plus-minus-8,derivative-of-e-minus-to-minus-the-minus-x-minus-to-minus-the-minus-2-minus-plus-minus-8,problems.json,derivative,problem,200,No,noindex,https://derivativecalculatorai.com/derivative-of-e-minus-to-minus-the-minus-x-minus-to-minus-the-minus-2-minus-plus-minus-8,Yes,Excluded,,,Yes,Partial,0,0,Unknown,,Not reviewed
https://derivativecalculatorai.com/derivative-of-sinx-minus-to-minus-the-minus-2-minus-plus-minus-8,derivative-of-sinx-minus-to-minus-the-minus-2-minus-plus-minus-8,problems.json,derivative,problem,200,No,noindex,https://derivativecalculatorai.com/derivative-of-sinx-minus-to-minus-the-minus-2-minus-plus-minus-8,Yes,Excluded,,,Yes,Partial,0,0,Unknown,,Not reviewed
https://derivativecalculatorai.com/derivative-of-cosx-minus-to-minus-the-minus-2-minus-plus-minus-8,derivative-of-cosx-minus-to-minus-the-minus-2-minus-plus-minus-8,problems.json,derivative,problem,200,No,noindex,https://derivativecalculatorai.com/derivative-of-cosx-minus-to-minus-the-minus-2-minus-plus-minus-8,Yes,Excluded,,,Yes,Partial,0,0,Unknown,,Not reviewed
https://derivativecalculatorai.com/derivative-of-lnx-minus-to-minus-the-minus-2-minus-plus-minus-9,derivative-of-lnx-minus-to-minus-the-minus-2-minus-plus-minus-9,problems.json,derivative,problem,200,No,noindex,https://derivativecalculatorai.com/derivative-of-lnx-minus-to-minus-the-minus-2-minus-plus-minus-9,Yes,Excluded,,,Yes,Partial,0,0,Unknown,,Not reviewed
https://derivativecalculatorai.com/derivative-of-lnx-minus-to-minus-the-minus-2-minus-9,derivative-of-lnx-minus-to-minus-the-minus-2-minus-9,problems.json,derivative,problem,200,No,noindex,https://derivativecalculatorai.com/derivative-of-lnx-minus-to-minus-the-minus-2-minus-9,Yes,Excluded,,,Yes,Partial,0,0,Unknown,,Not reviewed
https://derivativecalculatorai.com/derivative-of-e-minus-to-minus-the-minus-x-minus-to-minus-the-minus-2-minus-plus-minus-9,derivative-of-e-minus-to-minus-the-minus-x-minus-to-minus-the-minus-2-minus-plus-minus-9,problems.json,derivative,problem,200,No,noindex,https://derivativecalculatorai.com/derivative-of-e-minus-to-minus-the-minus-x-minus-to-minus-the-minus-2-minus-plus-minus-9,Yes,Excluded,,,Yes,Partial,0,0,Unknown,,Not reviewed
https://derivativecalculatorai.com/derivative-of-sinx-minus-to-minus-the-minus-2-minus-plus-minus-9,derivative-of-sinx-minus-to-minus-the-minus-2-minus-plus-minus-9,problems.json,derivative,problem,200,No,noindex,https://derivativecalculatorai.com/derivative-of-sinx-minus-to-minus-the-minus-2-minus-plus-minus-9,Yes,Excluded,,,Yes,Partial,0,0,Unknown,,Not reviewed
https://derivativecalculatorai.com/derivative-of-cosx-minus-to-minus-the-minus-2-minus-plus-minus-9,derivative-of-cosx-minus-to-minus-the-minus-2-minus-plus-minus-9,problems.json,derivative,problem,200,No,noindex,https://derivativecalculatorai.com/derivative-of-cosx-minus-to-minus-the-minus-2-minus-plus-minus-9,Yes,Excluded,,,Yes,Partial,0,0,Unknown,,Not reviewed
https://derivativecalculatorai.com/derivative-of-lnx-minus-to-minus-the-minus-2-minus-plus-minus-10,derivative-of-lnx-minus-to-minus-the-minus-2-minus-plus-minus-10,problems.json,derivative,problem,200,No,noindex,https://derivativecalculatorai.com/derivative-of-lnx-minus-to-minus-the-minus-2-minus-plus-minus-10,Yes,Excluded,,,Yes,Partial,0,0,Unknown,,Not reviewed
https://derivativecalculatorai.com/derivative-of-lnx-minus-to-minus-the-minus-2-minus-10,derivative-of-lnx-minus-to-minus-the-minus-2-minus-10,problems.json,derivative,problem,200,No,noindex,https://derivativecalculatorai.com/derivative-of-lnx-minus-to-minus-the-minus-2-minus-10,Yes,Excluded,,,Yes,Partial,0,0,Unknown,,Not reviewed
https://derivativecalculatorai.com/derivative-of-e-minus-to-minus-the-minus-x-minus-to-minus-the-minus-2-minus-plus-minus-10,derivative-of-e-minus-to-minus-the-minus-x-minus-to-minus-the-minus-2-minus-plus-minus-10,problems.json,derivative,problem,200,No,noindex,https://derivativecalculatorai.com/derivative-of-e-minus-to-minus-the-minus-x-minus-to-minus-the-minus-2-minus-plus-minus-10,Yes,Excluded,,,Yes,Partial,0,0,Unknown,,Not reviewed
https://derivativecalculatorai.com/derivative-of-sinx-minus-to-minus-the-minus-2-minus-plus-minus-10,derivative-of-sinx-minus-to-minus-the-minus-2-minus-plus-minus-10,problems.json,derivative,problem,200,No,noindex,https://derivativecalculatorai.com/derivative-of-sinx-minus-to-minus-the-minus-2-minus-plus-minus-10,Yes,Excluded,,,Yes,Partial,0,0,Unknown,,Not reviewed
https://derivativecalculatorai.com/derivative-of-cosx-minus-to-minus-the-minus-2-minus-plus-minus-10,derivative-of-cosx-minus-to-minus-the-minus-2-minus-plus-minus-10,problems.json,derivative,problem,200,No,noindex,https://derivativecalculatorai.com/derivative-of-cosx-minus-to-minus-the-minus-2-minus-plus-minus-10,Yes,Excluded,,,Yes,Partial,0,0,Unknown,,Not reviewed
https://derivativecalculatorai.com/derivative-of-x-minus-to-minus-the-minus-2-minus-plus-minus-1-minus-to-minus-the-minus-2,derivative-of-x-minus-to-minus-the-minus-2-minus-plus-minus-1-minus-to-minus-the-minus-2,problems.json,derivative,problem,200,No,noindex,https://derivativecalculatorai.com/derivative-of-x-minus-to-minus-the-minus-2-minus-plus-minus-1-minus-to-minus-the-minus-2,Yes,Excluded,,,Yes,Partial,0,0,Unknown,,Not reviewed
https://derivativecalculatorai.com/derivative-of-x-minus-to-minus-the-minus-2-minus-1-minus-to-minus-the-minus-2,derivative-of-x-minus-to-minus-the-minus-2-minus-1-minus-to-minus-the-minus-2,problems.json,derivative,problem,200,No,noindex,https://derivativecalculatorai.com/derivative-of-x-minus-to-minus-the-minus-2-minus-1-minus-to-minus-the-minus-2,Yes,Excluded,,,Yes,Partial,0,0,Unknown,,Not reviewed
https://derivativecalculatorai.com/derivative-of-x-minus-to-minus-the-minus-3-minus-plus-minus-1-minus-to-minus-the-minus-2,derivative-of-x-minus-to-minus-the-minus-3-minus-plus-minus-1-minus-to-minus-the-minus-2,problems.json,derivative,problem,200,No,noindex,https://derivativecalculatorai.com/derivative-of-x-minus-to-minus-the-minus-3-minus-plus-minus-1-minus-to-minus-the-minus-2,Yes,Excluded,,,Yes,Partial,0,0,Unknown,,Not reviewed
https://derivativecalculatorai.com/derivative-of-x-minus-to-minus-the-minus-2-minus-plus-minus-1-minus-to-minus-the-minus-3,derivative-of-x-minus-to-minus-the-minus-2-minus-plus-minus-1-minus-to-minus-the-minus-3,problems.json,derivative,problem,200,No,noindex,https://derivativecalculatorai.com/derivative-of-x-minus-to-minus-the-minus-2-minus-plus-minus-1-minus-to-minus-the-minus-3,Yes,Excluded,,,Yes,Partial,0,0,Unknown,,Not reviewed
https://derivativecalculatorai.com/derivative-of-x-minus-to-minus-the-minus-2-minus-1-minus-to-minus-the-minus-3,derivative-of-x-minus-to-minus-the-minus-2-minus-1-minus-to-minus-the-minus-3,problems.json,derivative,problem,200,No,noindex,https://derivativecalculatorai.com/derivative-of-x-minus-to-minus-the-minus-2-minus-1-minus-to-minus-the-minus-3,Yes,Excluded,,,Yes,Partial,0,0,Unknown,,Not reviewed
https://derivativecalculatorai.com/derivative-of-x-minus-to-minus-the-minus-3-minus-plus-minus-1-minus-to-minus-the-minus-3,derivative-of-x-minus-to-minus-the-minus-3-minus-plus-minus-1-minus-to-minus-the-minus-3,problems.json,derivative,problem,200,No,noindex,https://derivativecalculatorai.com/derivative-of-x-minus-to-minus-the-minus-3-minus-plus-minus-1-minus-to-minus-the-minus-3,Yes,Excluded,,,Yes,Partial,0,0,Unknown,,Not reviewed
https://derivativecalculatorai.com/derivative-of-x-minus-to-minus-the-minus-2-minus-plus-minus-1-minus-to-minus-the-minus-4,derivative-of-x-minus-to-minus-the-minus-2-minus-plus-minus-1-minus-to-minus-the-minus-4,problems.json,derivative,problem,200,No,noindex,https://derivativecalculatorai.com/derivative-of-x-minus-to-minus-the-minus-2-minus-plus-minus-1-minus-to-minus-the-minus-4,Yes,Excluded,,,Yes,Partial,0,0,Unknown,,Not reviewed
https://derivativecalculatorai.com/derivative-of-x-minus-to-minus-the-minus-2-minus-1-minus-to-minus-the-minus-4,derivative-of-x-minus-to-minus-the-minus-2-minus-1-minus-to-minus-the-minus-4,problems.json,derivative,problem,200,No,noindex,https://derivativecalculatorai.com/derivative-of-x-minus-to-minus-the-minus-2-minus-1-minus-to-minus-the-minus-4,Yes,Excluded,,,Yes,Partial,0,0,Unknown,,Not reviewed
https://derivativecalculatorai.com/derivative-of-x-minus-to-minus-the-minus-3-minus-plus-minus-1-minus-to-minus-the-minus-4,derivative-of-x-minus-to-minus-the-minus-3-minus-plus-minus-1-minus-to-minus-the-minus-4,problems.json,derivative,problem,200,No,noindex,https://derivativecalculatorai.com/derivative-of-x-minus-to-minus-the-minus-3-minus-plus-minus-1-minus-to-minus-the-minus-4,Yes,Excluded,,,Yes,Partial,0,0,Unknown,,Not reviewed
https://derivativecalculatorai.com/derivative-of-x-minus-to-minus-the-minus-2-minus-plus-minus-1-minus-to-minus-the-minus-5,derivative-of-x-minus-to-minus-the-minus-2-minus-plus-minus-1-minus-to-minus-the-minus-5,problems.json,derivative,problem,200,No,noindex,https://derivativecalculatorai.com/derivative-of-x-minus-to-minus-the-minus-2-minus-plus-minus-1-minus-to-minus-the-minus-5,Yes,Excluded,,,Yes,Partial,0,0,Unknown,,Not reviewed
https://derivativecalculatorai.com/derivative-of-x-minus-to-minus-the-minus-2-minus-1-minus-to-minus-the-minus-5,derivative-of-x-minus-to-minus-the-minus-2-minus-1-minus-to-minus-the-minus-5,problems.json,derivative,problem,200,No,noindex,https://derivativecalculatorai.com/derivative-of-x-minus-to-minus-the-minus-2-minus-1-minus-to-minus-the-minus-5,Yes,Excluded,,,Yes,Partial,0,0,Unknown,,Not reviewed
https://derivativecalculatorai.com/derivative-of-x-minus-to-minus-the-minus-3-minus-plus-minus-1-minus-to-minus-the-minus-5,derivative-of-x-minus-to-minus-the-minus-3-minus-plus-minus-1-minus-to-minus-the-minus-5,problems.json,derivative,problem,200,No,noindex,https://derivativecalculatorai.com/derivative-of-x-minus-to-minus-the-minus-3-minus-plus-minus-1-minus-to-minus-the-minus-5,Yes,Excluded,,,Yes,Partial,0,0,Unknown,,Not reviewed
https://derivativecalculatorai.com/derivative-of-x-minus-to-minus-the-minus-2-minus-plus-minus-2-minus-to-minus-the-minus-2,derivative-of-x-minus-to-minus-the-minus-2-minus-plus-minus-2-minus-to-minus-the-minus-2,problems.json,derivative,problem,200,No,noindex,https://derivativecalculatorai.com/derivative-of-x-minus-to-minus-the-minus-2-minus-plus-minus-2-minus-to-minus-the-minus-2,Yes,Excluded,,,Yes,Partial,0,0,Unknown,,Not reviewed
https://derivativecalculatorai.com/derivative-of-x-minus-to-minus-the-minus-2-minus-2-minus-to-minus-the-minus-2,derivative-of-x-minus-to-minus-the-minus-2-minus-2-minus-to-minus-the-minus-2,problems.json,derivative,problem,200,No,noindex,https://derivativecalculatorai.com/derivative-of-x-minus-to-minus-the-minus-2-minus-2-minus-to-minus-the-minus-2,Yes,Excluded,,,Yes,Partial,0,0,Unknown,,Not reviewed
https://derivativecalculatorai.com/derivative-of-x-minus-to-minus-the-minus-3-minus-plus-minus-2-minus-to-minus-the-minus-2,derivative-of-x-minus-to-minus-the-minus-3-minus-plus-minus-2-minus-to-minus-the-minus-2,problems.json,derivative,problem,200,No,noindex,https://derivativecalculatorai.com/derivative-of-x-minus-to-minus-the-minus-3-minus-plus-minus-2-minus-to-minus-the-minus-2,Yes,Excluded,,,Yes,Partial,0,0,Unknown,,Not reviewed
https://derivativecalculatorai.com/derivative-of-x-minus-to-minus-the-minus-2-minus-plus-minus-2-minus-to-minus-the-minus-3,derivative-of-x-minus-to-minus-the-minus-2-minus-plus-minus-2-minus-to-minus-the-minus-3,problems.json,derivative,problem,200,No,noindex,https://derivativecalculatorai.com/derivative-of-x-minus-to-minus-the-minus-2-minus-plus-minus-2-minus-to-minus-the-minus-3,Yes,Excluded,,,Yes,Partial,0,0,Unknown,,Not reviewed
https://derivativecalculatorai.com/derivative-of-x-minus-to-minus-the-minus-2-minus-2-minus-to-minus-the-minus-3,derivative-of-x-minus-to-minus-the-minus-2-minus-2-minus-to-minus-the-minus-3,problems.json,derivative,problem,200,No,noindex,https://derivativecalculatorai.com/derivative-of-x-minus-to-minus-the-minus-2-minus-2-minus-to-minus-the-minus-3,Yes,Excluded,,,Yes,Partial,0,0,Unknown,,Not reviewed
https://derivativecalculatorai.com/derivative-of-x-minus-to-minus-the-minus-3-minus-plus-minus-2-minus-to-minus-the-minus-3,derivative-of-x-minus-to-minus-the-minus-3-minus-plus-minus-2-minus-to-minus-the-minus-3,problems.json,derivative,problem,200,No,noindex,https://derivativecalculatorai.com/derivative-of-x-minus-to-minus-the-minus-3-minus-plus-minus-2-minus-to-minus-the-minus-3,Yes,Excluded,,,Yes,Partial,0,0,Unknown,,Not reviewed
https://derivativecalculatorai.com/derivative-of-x-minus-to-minus-the-minus-2-minus-plus-minus-2-minus-to-minus-the-minus-4,derivative-of-x-minus-to-minus-the-minus-2-minus-plus-minus-2-minus-to-minus-the-minus-4,problems.json,derivative,problem,200,No,noindex,https://derivativecalculatorai.com/derivative-of-x-minus-to-minus-the-minus-2-minus-plus-minus-2-minus-to-minus-the-minus-4,Yes,Excluded,,,Yes,Partial,0,0,Unknown,,Not reviewed
https://derivativecalculatorai.com/derivative-of-x-minus-to-minus-the-minus-2-minus-2-minus-to-minus-the-minus-4,derivative-of-x-minus-to-minus-the-minus-2-minus-2-minus-to-minus-the-minus-4,problems.json,derivative,problem,200,No,noindex,https://derivativecalculatorai.com/derivative-of-x-minus-to-minus-the-minus-2-minus-2-minus-to-minus-the-minus-4,Yes,Excluded,,,Yes,Partial,0,0,Unknown,,Not reviewed
https://derivativecalculatorai.com/derivative-of-x-minus-to-minus-the-minus-3-minus-plus-minus-2-minus-to-minus-the-minus-4,derivative-of-x-minus-to-minus-the-minus-3-minus-plus-minus-2-minus-to-minus-the-minus-4,problems.json,derivative,problem,200,No,noindex,https://derivativecalculatorai.com/derivative-of-x-minus-to-minus-the-minus-3-minus-plus-minus-2-minus-to-minus-the-minus-4,Yes,Excluded,,,Yes,Partial,0,0,Unknown,,Not reviewed
https://derivativecalculatorai.com/derivative-of-x-minus-to-minus-the-minus-2-minus-plus-minus-2-minus-to-minus-the-minus-5,derivative-of-x-minus-to-minus-the-minus-2-minus-plus-minus-2-minus-to-minus-the-minus-5,problems.json,derivative,problem,200,No,noindex,https://derivativecalculatorai.com/derivative-of-x-minus-to-minus-the-minus-2-minus-plus-minus-2-minus-to-minus-the-minus-5,Yes,Excluded,,,Yes,Partial,0,0,Unknown,,Not reviewed
https://derivativecalculatorai.com/derivative-of-x-minus-to-minus-the-minus-2-minus-2-minus-to-minus-the-minus-5,derivative-of-x-minus-to-minus-the-minus-2-minus-2-minus-to-minus-the-minus-5,problems.json,derivative,problem,200,No,noindex,https://derivativecalculatorai.com/derivative-of-x-minus-to-minus-the-minus-2-minus-2-minus-to-minus-the-minus-5,Yes,Excluded,,,Yes,Partial,0,0,Unknown,,Not reviewed
https://derivativecalculatorai.com/derivative-of-x-minus-to-minus-the-minus-3-minus-plus-minus-2-minus-to-minus-the-minus-5,derivative-of-x-minus-to-minus-the-minus-3-minus-plus-minus-2-minus-to-minus-the-minus-5,problems.json,derivative,problem,200,No,noindex,https://derivativecalculatorai.com/derivative-of-x-minus-to-minus-the-minus-3-minus-plus-minus-2-minus-to-minus-the-minus-5,Yes,Excluded,,,Yes,Partial,0,0,Unknown,,Not reviewed
https://derivativecalculatorai.com/derivative-of-x-minus-to-minus-the-minus-2-minus-plus-minus-3-minus-to-minus-the-minus-2,derivative-of-x-minus-to-minus-the-minus-2-minus-plus-minus-3-minus-to-minus-the-minus-2,problems.json,derivative,problem,200,No,noindex,https://derivativecalculatorai.com/derivative-of-x-minus-to-minus-the-minus-2-minus-plus-minus-3-minus-to-minus-the-minus-2,Yes,Excluded,,,Yes,Partial,0,0,Unknown,,Not reviewed
https://derivativecalculatorai.com/derivative-of-x-minus-to-minus-the-minus-2-minus-3-minus-to-minus-the-minus-2,derivative-of-x-minus-to-minus-the-minus-2-minus-3-minus-to-minus-the-minus-2,problems.json,derivative,problem,200,No,noindex,https://derivativecalculatorai.com/derivative-of-x-minus-to-minus-the-minus-2-minus-3-minus-to-minus-the-minus-2,Yes,Excluded,,,Yes,Partial,0,0,Unknown,,Not reviewed
https://derivativecalculatorai.com/derivative-of-x-minus-to-minus-the-minus-3-minus-plus-minus-3-minus-to-minus-the-minus-2,derivative-of-x-minus-to-minus-the-minus-3-minus-plus-minus-3-minus-to-minus-the-minus-2,problems.json,derivative,problem,200,No,noindex,https://derivativecalculatorai.com/derivative-of-x-minus-to-minus-the-minus-3-minus-plus-minus-3-minus-to-minus-the-minus-2,Yes,Excluded,,,Yes,Partial,0,0,Unknown,,Not reviewed
https://derivativecalculatorai.com/derivative-of-x-minus-to-minus-the-minus-2-minus-plus-minus-3-minus-to-minus-the-minus-3,derivative-of-x-minus-to-minus-the-minus-2-minus-plus-minus-3-minus-to-minus-the-minus-3,problems.json,derivative,problem,200,No,noindex,https://derivativecalculatorai.com/derivative-of-x-minus-to-minus-the-minus-2-minus-plus-minus-3-minus-to-minus-the-minus-3,Yes,Excluded,,,Yes,Partial,0,0,Unknown,,Not reviewed
https://derivativecalculatorai.com/derivative-of-x-minus-to-minus-the-minus-2-minus-3-minus-to-minus-the-minus-3,derivative-of-x-minus-to-minus-the-minus-2-minus-3-minus-to-minus-the-minus-3,problems.json,derivative,problem,200,No,noindex,https://derivativecalculatorai.com/derivative-of-x-minus-to-minus-the-minus-2-minus-3-minus-to-minus-the-minus-3,Yes,Excluded,,,Yes,Partial,0,0,Unknown,,Not reviewed
https://derivativecalculatorai.com/derivative-of-x-minus-to-minus-the-minus-3-minus-plus-minus-3-minus-to-minus-the-minus-3,derivative-of-x-minus-to-minus-the-minus-3-minus-plus-minus-3-minus-to-minus-the-minus-3,problems.json,derivative,problem,200,No,noindex,https://derivativecalculatorai.com/derivative-of-x-minus-to-minus-the-minus-3-minus-plus-minus-3-minus-to-minus-the-minus-3,Yes,Excluded,,,Yes,Partial,0,0,Unknown,,Not reviewed
https://derivativecalculatorai.com/derivative-of-x-minus-to-minus-the-minus-2-minus-plus-minus-3-minus-to-minus-the-minus-4,derivative-of-x-minus-to-minus-the-minus-2-minus-plus-minus-3-minus-to-minus-the-minus-4,problems.json,derivative,problem,200,No,noindex,https://derivativecalculatorai.com/derivative-of-x-minus-to-minus-the-minus-2-minus-plus-minus-3-minus-to-minus-the-minus-4,Yes,Excluded,,,Yes,Partial,0,0,Unknown,,Not reviewed
https://derivativecalculatorai.com/derivative-of-x-minus-to-minus-the-minus-2-minus-3-minus-to-minus-the-minus-4,derivative-of-x-minus-to-minus-the-minus-2-minus-3-minus-to-minus-the-minus-4,problems.json,derivative,problem,200,No,noindex,https://derivativecalculatorai.com/derivative-of-x-minus-to-minus-the-minus-2-minus-3-minus-to-minus-the-minus-4,Yes,Excluded,,,Yes,Partial,0,0,Unknown,,Not reviewed
https://derivativecalculatorai.com/derivative-of-x-minus-to-minus-the-minus-3-minus-plus-minus-3-minus-to-minus-the-minus-4,derivative-of-x-minus-to-minus-the-minus-3-minus-plus-minus-3-minus-to-minus-the-minus-4,problems.json,derivative,problem,200,No,noindex,https://derivativecalculatorai.com/derivative-of-x-minus-to-minus-the-minus-3-minus-plus-minus-3-minus-to-minus-the-minus-4,Yes,Excluded,,,Yes,Partial,0,0,Unknown,,Not reviewed
https://derivativecalculatorai.com/derivative-of-x-minus-to-minus-the-minus-2-minus-plus-minus-3-minus-to-minus-the-minus-5,derivative-of-x-minus-to-minus-the-minus-2-minus-plus-minus-3-minus-to-minus-the-minus-5,problems.json,derivative,problem,200,No,noindex,https://derivativecalculatorai.com/derivative-of-x-minus-to-minus-the-minus-2-minus-plus-minus-3-minus-to-minus-the-minus-5,Yes,Excluded,,,Yes,Partial,0,0,Unknown,,Not reviewed
https://derivativecalculatorai.com/derivative-of-x-minus-to-minus-the-minus-2-minus-3-minus-to-minus-the-minus-5,derivative-of-x-minus-to-minus-the-minus-2-minus-3-minus-to-minus-the-minus-5,problems.json,derivative,problem,200,No,noindex,https://derivativecalculatorai.com/derivative-of-x-minus-to-minus-the-minus-2-minus-3-minus-to-minus-the-minus-5,Yes,Excluded,,,Yes,Partial,0,0,Unknown,,Not reviewed
https://derivativecalculatorai.com/derivative-of-x-minus-to-minus-the-minus-3-minus-plus-minus-3-minus-to-minus-the-minus-5,derivative-of-x-minus-to-minus-the-minus-3-minus-plus-minus-3-minus-to-minus-the-minus-5,problems.json,derivative,problem,200,No,noindex,https://derivativecalculatorai.com/derivative-of-x-minus-to-minus-the-minus-3-minus-plus-minus-3-minus-to-minus-the-minus-5,Yes,Excluded,,,Yes,Partial,0,0,Unknown,,Not reviewed
https://derivativecalculatorai.com/derivative-of-x-minus-to-minus-the-minus-2-minus-plus-minus-4-minus-to-minus-the-minus-2,derivative-of-x-minus-to-minus-the-minus-2-minus-plus-minus-4-minus-to-minus-the-minus-2,problems.json,derivative,problem,200,No,noindex,https://derivativecalculatorai.com/derivative-of-x-minus-to-minus-the-minus-2-minus-plus-minus-4-minus-to-minus-the-minus-2,Yes,Excluded,,,Yes,Partial,0,0,Unknown,,Not reviewed
https://derivativecalculatorai.com/derivative-of-x-minus-to-minus-the-minus-2-minus-4-minus-to-minus-the-minus-2,derivative-of-x-minus-to-minus-the-minus-2-minus-4-minus-to-minus-the-minus-2,problems.json,derivative,problem,200,No,noindex,https://derivativecalculatorai.com/derivative-of-x-minus-to-minus-the-minus-2-minus-4-minus-to-minus-the-minus-2,Yes,Excluded,,,Yes,Partial,0,0,Unknown,,Not reviewed
https://derivativecalculatorai.com/derivative-of-x-minus-to-minus-the-minus-3-minus-plus-minus-4-minus-to-minus-the-minus-2,derivative-of-x-minus-to-minus-the-minus-3-minus-plus-minus-4-minus-to-minus-the-minus-2,problems.json,derivative,problem,200,No,noindex,https://derivativecalculatorai.com/derivative-of-x-minus-to-minus-the-minus-3-minus-plus-minus-4-minus-to-minus-the-minus-2,Yes,Excluded,,,Yes,Partial,0,0,Unknown,,Not reviewed
https://derivativecalculatorai.com/derivative-of-x-minus-to-minus-the-minus-2-minus-plus-minus-4-minus-to-minus-the-minus-3,derivative-of-x-minus-to-minus-the-minus-2-minus-plus-minus-4-minus-to-minus-the-minus-3,problems.json,derivative,problem,200,No,noindex,https://derivativecalculatorai.com/derivative-of-x-minus-to-minus-the-minus-2-minus-plus-minus-4-minus-to-minus-the-minus-3,Yes,Excluded,,,Yes,Partial,0,0,Unknown,,Not reviewed
https://derivativecalculatorai.com/derivative-of-x-minus-to-minus-the-minus-2-minus-4-minus-to-minus-the-minus-3,derivative-of-x-minus-to-minus-the-minus-2-minus-4-minus-to-minus-the-minus-3,problems.json,derivative,problem,200,No,noindex,https://derivativecalculatorai.com/derivative-of-x-minus-to-minus-the-minus-2-minus-4-minus-to-minus-the-minus-3,Yes,Excluded,,,Yes,Partial,0,0,Unknown,,Not reviewed
https://derivativecalculatorai.com/derivative-of-x-minus-to-minus-the-minus-3-minus-plus-minus-4-minus-to-minus-the-minus-3,derivative-of-x-minus-to-minus-the-minus-3-minus-plus-minus-4-minus-to-minus-the-minus-3,problems.json,derivative,problem,200,No,noindex,https://derivativecalculatorai.com/derivative-of-x-minus-to-minus-the-minus-3-minus-plus-minus-4-minus-to-minus-the-minus-3,Yes,Excluded,,,Yes,Partial,0,0,Unknown,,Not reviewed
https://derivativecalculatorai.com/derivative-of-x-minus-to-minus-the-minus-2-minus-plus-minus-4-minus-to-minus-the-minus-4,derivative-of-x-minus-to-minus-the-minus-2-minus-plus-minus-4-minus-to-minus-the-minus-4,problems.json,derivative,problem,200,No,noindex,https://derivativecalculatorai.com/derivative-of-x-minus-to-minus-the-minus-2-minus-plus-minus-4-minus-to-minus-the-minus-4,Yes,Excluded,,,Yes,Partial,0,0,Unknown,,Not reviewed
https://derivativecalculatorai.com/derivative-of-x-minus-to-minus-the-minus-2-minus-4-minus-to-minus-the-minus-4,derivative-of-x-minus-to-minus-the-minus-2-minus-4-minus-to-minus-the-minus-4,problems.json,derivative,problem,200,No,noindex,https://derivativecalculatorai.com/derivative-of-x-minus-to-minus-the-minus-2-minus-4-minus-to-minus-the-minus-4,Yes,Excluded,,,Yes,Partial,0,0,Unknown,,Not reviewed
https://derivativecalculatorai.com/derivative-of-x-minus-to-minus-the-minus-3-minus-plus-minus-4-minus-to-minus-the-minus-4,derivative-of-x-minus-to-minus-the-minus-3-minus-plus-minus-4-minus-to-minus-the-minus-4,problems.json,derivative,problem,200,No,noindex,https://derivativecalculatorai.com/derivative-of-x-minus-to-minus-the-minus-3-minus-plus-minus-4-minus-to-minus-the-minus-4,Yes,Excluded,,,Yes,Partial,0,0,Unknown,,Not reviewed
https://derivativecalculatorai.com/derivative-of-x-minus-to-minus-the-minus-2-minus-plus-minus-4-minus-to-minus-the-minus-5,derivative-of-x-minus-to-minus-the-minus-2-minus-plus-minus-4-minus-to-minus-the-minus-5,problems.json,derivative,problem,200,No,noindex,https://derivativecalculatorai.com/derivative-of-x-minus-to-minus-the-minus-2-minus-plus-minus-4-minus-to-minus-the-minus-5,Yes,Excluded,,,Yes,Partial,0,0,Unknown,,Not reviewed
https://derivativecalculatorai.com/derivative-of-x-minus-to-minus-the-minus-2-minus-4-minus-to-minus-the-minus-5,derivative-of-x-minus-to-minus-the-minus-2-minus-4-minus-to-minus-the-minus-5,problems.json,derivative,problem,200,No,noindex,https://derivativecalculatorai.com/derivative-of-x-minus-to-minus-the-minus-2-minus-4-minus-to-minus-the-minus-5,Yes,Excluded,,,Yes,Partial,0,0,Unknown,,Not reviewed
https://derivativecalculatorai.com/derivative-of-x-minus-to-minus-the-minus-3-minus-plus-minus-4-minus-to-minus-the-minus-5,derivative-of-x-minus-to-minus-the-minus-3-minus-plus-minus-4-minus-to-minus-the-minus-5,problems.json,derivative,problem,200,No,noindex,https://derivativecalculatorai.com/derivative-of-x-minus-to-minus-the-minus-3-minus-plus-minus-4-minus-to-minus-the-minus-5,Yes,Excluded,,,Yes,Partial,0,0,Unknown,,Not reviewed
https://derivativecalculatorai.com/derivative-of-x-minus-to-minus-the-minus-2-minus-plus-minus-5-minus-to-minus-the-minus-2,derivative-of-x-minus-to-minus-the-minus-2-minus-plus-minus-5-minus-to-minus-the-minus-2,problems.json,derivative,problem,200,No,noindex,https://derivativecalculatorai.com/derivative-of-x-minus-to-minus-the-minus-2-minus-plus-minus-5-minus-to-minus-the-minus-2,Yes,Excluded,,,Yes,Partial,0,0,Unknown,,Not reviewed
https://derivativecalculatorai.com/derivative-of-x-minus-to-minus-the-minus-2-minus-5-minus-to-minus-the-minus-2,derivative-of-x-minus-to-minus-the-minus-2-minus-5-minus-to-minus-the-minus-2,problems.json,derivative,problem,200,No,noindex,https://derivativecalculatorai.com/derivative-of-x-minus-to-minus-the-minus-2-minus-5-minus-to-minus-the-minus-2,Yes,Excluded,,,Yes,Partial,0,0,Unknown,,Not reviewed
https://derivativecalculatorai.com/derivative-of-x-minus-to-minus-the-minus-3-minus-plus-minus-5-minus-to-minus-the-minus-2,derivative-of-x-minus-to-minus-the-minus-3-minus-plus-minus-5-minus-to-minus-the-minus-2,problems.json,derivative,problem,200,No,noindex,https://derivativecalculatorai.com/derivative-of-x-minus-to-minus-the-minus-3-minus-plus-minus-5-minus-to-minus-the-minus-2,Yes,Excluded,,,Yes,Partial,0,0,Unknown,,Not reviewed
https://derivativecalculatorai.com/derivative-of-x-minus-to-minus-the-minus-2-minus-plus-minus-5-minus-to-minus-the-minus-3,derivative-of-x-minus-to-minus-the-minus-2-minus-plus-minus-5-minus-to-minus-the-minus-3,problems.json,derivative,problem,200,No,noindex,https://derivativecalculatorai.com/derivative-of-x-minus-to-minus-the-minus-2-minus-plus-minus-5-minus-to-minus-the-minus-3,Yes,Excluded,,,Yes,Partial,0,0,Unknown,,Not reviewed
https://derivativecalculatorai.com/derivative-of-x-minus-to-minus-the-minus-2-minus-5-minus-to-minus-the-minus-3,derivative-of-x-minus-to-minus-the-minus-2-minus-5-minus-to-minus-the-minus-3,problems.json,derivative,problem,200,No,noindex,https://derivativecalculatorai.com/derivative-of-x-minus-to-minus-the-minus-2-minus-5-minus-to-minus-the-minus-3,Yes,Excluded,,,Yes,Partial,0,0,Unknown,,Not reviewed
https://derivativecalculatorai.com/derivative-of-x-minus-to-minus-the-minus-3-minus-plus-minus-5-minus-to-minus-the-minus-3,derivative-of-x-minus-to-minus-the-minus-3-minus-plus-minus-5-minus-to-minus-the-minus-3,problems.json,derivative,problem,200,No,noindex,https://derivativecalculatorai.com/derivative-of-x-minus-to-minus-the-minus-3-minus-plus-minus-5-minus-to-minus-the-minus-3,Yes,Excluded,,,Yes,Partial,0,0,Unknown,,Not reviewed
https://derivativecalculatorai.com/derivative-of-x-minus-to-minus-the-minus-2-minus-plus-minus-5-minus-to-minus-the-minus-4,derivative-of-x-minus-to-minus-the-minus-2-minus-plus-minus-5-minus-to-minus-the-minus-4,problems.json,derivative,problem,200,No,noindex,https://derivativecalculatorai.com/derivative-of-x-minus-to-minus-the-minus-2-minus-plus-minus-5-minus-to-minus-the-minus-4,Yes,Excluded,,,Yes,Partial,0,0,Unknown,,Not reviewed
https://derivativecalculatorai.com/derivative-of-x-minus-to-minus-the-minus-2-minus-5-minus-to-minus-the-minus-4,derivative-of-x-minus-to-minus-the-minus-2-minus-5-minus-to-minus-the-minus-4,problems.json,derivative,problem,200,No,noindex,https://derivativecalculatorai.com/derivative-of-x-minus-to-minus-the-minus-2-minus-5-minus-to-minus-the-minus-4,Yes,Excluded,,,Yes,Partial,0,0,Unknown,,Not reviewed
https://derivativecalculatorai.com/derivative-of-x-minus-to-minus-the-minus-3-minus-plus-minus-5-minus-to-minus-the-minus-4,derivative-of-x-minus-to-minus-the-minus-3-minus-plus-minus-5-minus-to-minus-the-minus-4,problems.json,derivative,problem,200,No,noindex,https://derivativecalculatorai.com/derivative-of-x-minus-to-minus-the-minus-3-minus-plus-minus-5-minus-to-minus-the-minus-4,Yes,Excluded,,,Yes,Partial,0,0,Unknown,,Not reviewed
https://derivativecalculatorai.com/derivative-of-x-minus-to-minus-the-minus-2-minus-plus-minus-5-minus-to-minus-the-minus-5,derivative-of-x-minus-to-minus-the-minus-2-minus-plus-minus-5-minus-to-minus-the-minus-5,problems.json,derivative,problem,200,No,noindex,https://derivativecalculatorai.com/derivative-of-x-minus-to-minus-the-minus-2-minus-plus-minus-5-minus-to-minus-the-minus-5,Yes,Excluded,,,Yes,Partial,0,0,Unknown,,Not reviewed
https://derivativecalculatorai.com/derivative-of-x-minus-to-minus-the-minus-2-minus-5-minus-to-minus-the-minus-5,derivative-of-x-minus-to-minus-the-minus-2-minus-5-minus-to-minus-the-minus-5,problems.json,derivative,problem,200,No,noindex,https://derivativecalculatorai.com/derivative-of-x-minus-to-minus-the-minus-2-minus-5-minus-to-minus-the-minus-5,Yes,Excluded,,,Yes,Partial,0,0,Unknown,,Not reviewed
https://derivativecalculatorai.com/derivative-of-x-minus-to-minus-the-minus-3-minus-plus-minus-5-minus-to-minus-the-minus-5,derivative-of-x-minus-to-minus-the-minus-3-minus-plus-minus-5-minus-to-minus-the-minus-5,problems.json,derivative,problem,200,No,noindex,https://derivativecalculatorai.com/derivative-of-x-minus-to-minus-the-minus-3-minus-plus-minus-5-minus-to-minus-the-minus-5,Yes,Excluded,,,Yes,Partial,0,0,Unknown,,Not reviewed
https://derivativecalculatorai.com/derivative-of-xe-minus-to-minus-the-minus-xsinx,derivative-of-xe-minus-to-minus-the-minus-xsinx,problems.json,derivative,problem,200,Yes,index,https://derivativecalculatorai.com/derivative-of-xe-minus-to-minus-the-minus-xsinx,Yes,Excluded,,,Yes,Partial,0,0,Unknown,,Not reviewed
https://derivativecalculatorai.com/derivative-of-xlnxsinx,derivative-of-xlnxsinx,problems.json,derivative,problem,200,Yes,index,https://derivativecalculatorai.com/derivative-of-xlnxsinx,Yes,Excluded,,,Yes,Partial,0,0,Unknown,,Not reviewed
https://derivativecalculatorai.com/derivative-of-x-minus-to-minus-the-minus-2e-minus-to-minus-the-minus-xcosx,derivative-of-x-minus-to-minus-the-minus-2e-minus-to-minus-the-minus-xcosx,problems.json,derivative,problem,200,No,noindex,https://derivativecalculatorai.com/derivative-of-x-minus-to-minus-the-minus-2e-minus-to-minus-the-minus-xcosx,Yes,Excluded,,,Yes,Partial,0,0,Unknown,,Not reviewed
https://derivativecalculatorai.com/derivative-of-tanx-minus-to-minus-the-minus-3,derivative-of-tanx-minus-to-minus-the-minus-3,problems.json,derivative,problem,200,Yes,index,https://derivativecalculatorai.com/derivative-of-tanx-minus-to-minus-the-minus-3,Yes,Excluded,,,Yes,Partial,0,0,Unknown,,Not reviewed
https://derivativecalculatorai.com/derivative-of-tanx-minus-to-minus-the-minus-4,derivative-of-tanx-minus-to-minus-the-minus-4,problems.json,derivative,problem,200,Yes,index,https://derivativecalculatorai.com/derivative-of-tanx-minus-to-minus-the-minus-4,Yes,Excluded,,,Yes,Partial,0,0,Unknown,,Not reviewed
https://derivativecalculatorai.com/derivative-of-tanx-minus-to-minus-the-minus-5,derivative-of-tanx-minus-to-minus-the-minus-5,problems.json,derivative,problem,200,Yes,index,https://derivativecalculatorai.com/derivative-of-tanx-minus-to-minus-the-minus-5,Yes,Excluded,,,Yes,Partial,0,0,Unknown,,Not reviewed
https://derivativecalculatorai.com/derivative-of-tanx-minus-to-minus-the-minus-6,derivative-of-tanx-minus-to-minus-the-minus-6,problems.json,derivative,problem,200,Yes,index,https://derivativecalculatorai.com/derivative-of-tanx-minus-to-minus-the-minus-6,Yes,Excluded,,,Yes,Partial,0,0,Unknown,,Not reviewed
https://derivativecalculatorai.com/derivative-of-tanx-minus-to-minus-the-minus-7,derivative-of-tanx-minus-to-minus-the-minus-7,problems.json,derivative,problem,200,Yes,index,https://derivativecalculatorai.com/derivative-of-tanx-minus-to-minus-the-minus-7,Yes,Excluded,,,Yes,Partial,0,0,Unknown,,Not reviewed
https://derivativecalculatorai.com/derivative-of-tanx-minus-to-minus-the-minus-8,derivative-of-tanx-minus-to-minus-the-minus-8,problems.json,derivative,problem,200,Yes,index,https://derivativecalculatorai.com/derivative-of-tanx-minus-to-minus-the-minus-8,Yes,Excluded,,,Yes,Partial,0,0,Unknown,,Not reviewed
https://derivativecalculatorai.com/derivative-of-tanx-minus-to-minus-the-minus-9,derivative-of-tanx-minus-to-minus-the-minus-9,problems.json,derivative,problem,200,Yes,index,https://derivativecalculatorai.com/derivative-of-tanx-minus-to-minus-the-minus-9,Yes,Excluded,,,Yes,Partial,0,0,Unknown,,Not reviewed
https://derivativecalculatorai.com/derivative-of-tanx-minus-to-minus-the-minus-10,derivative-of-tanx-minus-to-minus-the-minus-10,problems.json,derivative,problem,200,Yes,index,https://derivativecalculatorai.com/derivative-of-tanx-minus-to-minus-the-minus-10,Yes,Excluded,,,Yes,Partial,0,0,Unknown,,Not reviewed
https://derivativecalculatorai.com/derivative-of-x-minus-to-minus-the-minus-3-minus-over-minus-2,derivative-of-x-minus-to-minus-the-minus-3-minus-over-minus-2,problems.json,derivative,problem,200,No,noindex,https://derivativecalculatorai.com/derivative-of-x-minus-to-minus-the-minus-3-minus-over-minus-2,Yes,Excluded,,,Yes,Partial,0,0,Unknown,,Not reviewed
https://derivativecalculatorai.com/derivative-of-x-minus-to-minus-the-minus-5-minus-over-minus-2,derivative-of-x-minus-to-minus-the-minus-5-minus-over-minus-2,problems.json,derivative,problem,200,No,noindex,https://derivativecalculatorai.com/derivative-of-x-minus-to-minus-the-minus-5-minus-over-minus-2,Yes,Excluded,,,Yes,Partial,0,0,Unknown,,Not reviewed
https://derivativecalculatorai.com/derivative-of-x-minus-to-minus-the-minus-7-minus-over-minus-2,derivative-of-x-minus-to-minus-the-minus-7-minus-over-minus-2,problems.json,derivative,problem,200,No,noindex,https://derivativecalculatorai.com/derivative-of-x-minus-to-minus-the-minus-7-minus-over-minus-2,Yes,Excluded,,,Yes,Partial,0,0,Unknown,,Not reviewed
https://derivativecalculatorai.com/derivative-of-x-minus-to-minus-the-minus-9-minus-over-minus-2,derivative-of-x-minus-to-minus-the-minus-9-minus-over-minus-2,problems.json,derivative,problem,200,No,noindex,https://derivativecalculatorai.com/derivative-of-x-minus-to-minus-the-minus-9-minus-over-minus-2,Yes,Excluded,,,Yes,Partial,0,0,Unknown,,Not reviewed
https://derivativecalculatorai.com/derivative-of-x-minus-to-minus-the-minus-11-minus-over-minus-2,derivative-of-x-minus-to-minus-the-minus-11-minus-over-minus-2,problems.json,derivative,problem,200,No,noindex,https://derivativecalculatorai.com/derivative-of-x-minus-to-minus-the-minus-11-minus-over-minus-2,Yes,Excluded,,,Yes,Partial,0,0,Unknown,,Not reviewed
https://derivativecalculatorai.com/derivative-of-x-minus-to-minus-the-minus-13-minus-over-minus-2,derivative-of-x-minus-to-minus-the-minus-13-minus-over-minus-2,problems.json,derivative,problem,200,No,noindex,https://derivativecalculatorai.com/derivative-of-x-minus-to-minus-the-minus-13-minus-over-minus-2,Yes,Excluded,,,Yes,Partial,0,0,Unknown,,Not reviewed
https://derivativecalculatorai.com/derivative-of-1-minus-over-minus-x-minus-to-minus-the-minus-2-minus-plus-minus-1-minus-to-minus-the-minus-2,derivative-of-1-minus-over-minus-x-minus-to-minus-the-minus-2-minus-plus-minus-1-minus-to-minus-the-minus-2,problems.json,derivative,problem,200,No,noindex,https://derivativecalculatorai.com/derivative-of-1-minus-over-minus-x-minus-to-minus-the-minus-2-minus-plus-minus-1-minus-to-minus-the-minus-2,Yes,Excluded,,,Yes,Partial,0,0,Unknown,,Not reviewed
https://derivativecalculatorai.com/derivative-of-x-minus-over-minus-x-minus-to-minus-the-minus-2-minus-plus-minus-1-minus-to-minus-the-minus-2,derivative-of-x-minus-over-minus-x-minus-to-minus-the-minus-2-minus-plus-minus-1-minus-to-minus-the-minus-2,problems.json,derivative,problem,200,No,noindex,https://derivativecalculatorai.com/derivative-of-x-minus-over-minus-x-minus-to-minus-the-minus-2-minus-plus-minus-1-minus-to-minus-the-minus-2,Yes,Excluded,,,Yes,Partial,0,0,Unknown,,Not reviewed
https://derivativecalculatorai.com/derivative-of-1-minus-over-minus-x-minus-to-minus-the-minus-2-minus-plus-minus-2-minus-to-minus-the-minus-2,derivative-of-1-minus-over-minus-x-minus-to-minus-the-minus-2-minus-plus-minus-2-minus-to-minus-the-minus-2,problems.json,derivative,problem,200,No,noindex,https://derivativecalculatorai.com/derivative-of-1-minus-over-minus-x-minus-to-minus-the-minus-2-minus-plus-minus-2-minus-to-minus-the-minus-2,Yes,Excluded,,,Yes,Partial,0,0,Unknown,,Not reviewed
https://derivativecalculatorai.com/derivative-of-x-minus-over-minus-x-minus-to-minus-the-minus-2-minus-plus-minus-2-minus-to-minus-the-minus-2,derivative-of-x-minus-over-minus-x-minus-to-minus-the-minus-2-minus-plus-minus-2-minus-to-minus-the-minus-2,problems.json,derivative,problem,200,No,noindex,https://derivativecalculatorai.com/derivative-of-x-minus-over-minus-x-minus-to-minus-the-minus-2-minus-plus-minus-2-minus-to-minus-the-minus-2,Yes,Excluded,,,Yes,Partial,0,0,Unknown,,Not reviewed
https://derivativecalculatorai.com/derivative-of-1-minus-over-minus-x-minus-to-minus-the-minus-2-minus-plus-minus-3-minus-to-minus-the-minus-2,derivative-of-1-minus-over-minus-x-minus-to-minus-the-minus-2-minus-plus-minus-3-minus-to-minus-the-minus-2,problems.json,derivative,problem,200,No,noindex,https://derivativecalculatorai.com/derivative-of-1-minus-over-minus-x-minus-to-minus-the-minus-2-minus-plus-minus-3-minus-to-minus-the-minus-2,Yes,Excluded,,,Yes,Partial,0,0,Unknown,,Not reviewed
https://derivativecalculatorai.com/derivative-of-x-minus-over-minus-x-minus-to-minus-the-minus-2-minus-plus-minus-3-minus-to-minus-the-minus-2,derivative-of-x-minus-over-minus-x-minus-to-minus-the-minus-2-minus-plus-minus-3-minus-to-minus-the-minus-2,problems.json,derivative,problem,200,No,noindex,https://derivativecalculatorai.com/derivative-of-x-minus-over-minus-x-minus-to-minus-the-minus-2-minus-plus-minus-3-minus-to-minus-the-minus-2,Yes,Excluded,,,Yes,Partial,0,0,Unknown,,Not reviewed
https://derivativecalculatorai.com/derivative-of-1-minus-over-minus-x-minus-to-minus-the-minus-2-minus-plus-minus-4-minus-to-minus-the-minus-2,derivative-of-1-minus-over-minus-x-minus-to-minus-the-minus-2-minus-plus-minus-4-minus-to-minus-the-minus-2,problems.json,derivative,problem,200,No,noindex,https://derivativecalculatorai.com/derivative-of-1-minus-over-minus-x-minus-to-minus-the-minus-2-minus-plus-minus-4-minus-to-minus-the-minus-2,Yes,Excluded,,,Yes,Partial,0,0,Unknown,,Not reviewed
https://derivativecalculatorai.com/derivative-of-x-minus-over-minus-x-minus-to-minus-the-minus-2-minus-plus-minus-4-minus-to-minus-the-minus-2,derivative-of-x-minus-over-minus-x-minus-to-minus-the-minus-2-minus-plus-minus-4-minus-to-minus-the-minus-2,problems.json,derivative,problem,200,No,noindex,https://derivativecalculatorai.com/derivative-of-x-minus-over-minus-x-minus-to-minus-the-minus-2-minus-plus-minus-4-minus-to-minus-the-minus-2,Yes,Excluded,,,Yes,Partial,0,0,Unknown,,Not reviewed
https://derivativecalculatorai.com/derivative-of-1-minus-over-minus-x-minus-to-minus-the-minus-2-minus-plus-minus-5-minus-to-minus-the-minus-2,derivative-of-1-minus-over-minus-x-minus-to-minus-the-minus-2-minus-plus-minus-5-minus-to-minus-the-minus-2,problems.json,derivative,problem,200,No,noindex,https://derivativecalculatorai.com/derivative-of-1-minus-over-minus-x-minus-to-minus-the-minus-2-minus-plus-minus-5-minus-to-minus-the-minus-2,Yes,Excluded,,,Yes,Partial,0,0,Unknown,,Not reviewed
https://derivativecalculatorai.com/derivative-of-x-minus-over-minus-x-minus-to-minus-the-minus-2-minus-plus-minus-5-minus-to-minus-the-minus-2,derivative-of-x-minus-over-minus-x-minus-to-minus-the-minus-2-minus-plus-minus-5-minus-to-minus-the-minus-2,problems.json,derivative,problem,200,No,noindex,https://derivativecalculatorai.com/derivative-of-x-minus-over-minus-x-minus-to-minus-the-minus-2-minus-plus-minus-5-minus-to-minus-the-minus-2,Yes,Excluded,,,Yes,Partial,0,0,Unknown,,Not reviewed
https://derivativecalculatorai.com/derivative-of-1-minus-over-minus-x-minus-to-minus-the-minus-2-minus-plus-minus-6-minus-to-minus-the-minus-2,derivative-of-1-minus-over-minus-x-minus-to-minus-the-minus-2-minus-plus-minus-6-minus-to-minus-the-minus-2,problems.json,derivative,problem,200,No,noindex,https://derivativecalculatorai.com/derivative-of-1-minus-over-minus-x-minus-to-minus-the-minus-2-minus-plus-minus-6-minus-to-minus-the-minus-2,Yes,Excluded,,,Yes,Partial,0,0,Unknown,,Not reviewed
https://derivativecalculatorai.com/derivative-of-x-minus-over-minus-x-minus-to-minus-the-minus-2-minus-plus-minus-6-minus-to-minus-the-minus-2,derivative-of-x-minus-over-minus-x-minus-to-minus-the-minus-2-minus-plus-minus-6-minus-to-minus-the-minus-2,problems.json,derivative,problem,200,No,noindex,https://derivativecalculatorai.com/derivative-of-x-minus-over-minus-x-minus-to-minus-the-minus-2-minus-plus-minus-6-minus-to-minus-the-minus-2,Yes,Excluded,,,Yes,Partial,0,0,Unknown,,Not reviewed
https://derivativecalculatorai.com/derivative-of-1-minus-over-minus-x-minus-to-minus-the-minus-2-minus-plus-minus-7-minus-to-minus-the-minus-2,derivative-of-1-minus-over-minus-x-minus-to-minus-the-minus-2-minus-plus-minus-7-minus-to-minus-the-minus-2,problems.json,derivative,problem,200,No,noindex,https://derivativecalculatorai.com/derivative-of-1-minus-over-minus-x-minus-to-minus-the-minus-2-minus-plus-minus-7-minus-to-minus-the-minus-2,Yes,Excluded,,,Yes,Partial,0,0,Unknown,,Not reviewed
https://derivativecalculatorai.com/derivative-of-x-minus-over-minus-x-minus-to-minus-the-minus-2-minus-plus-minus-7-minus-to-minus-the-minus-2,derivative-of-x-minus-over-minus-x-minus-to-minus-the-minus-2-minus-plus-minus-7-minus-to-minus-the-minus-2,problems.json,derivative,problem,200,No,noindex,https://derivativecalculatorai.com/derivative-of-x-minus-over-minus-x-minus-to-minus-the-minus-2-minus-plus-minus-7-minus-to-minus-the-minus-2,Yes,Excluded,,,Yes,Partial,0,0,Unknown,,Not reviewed
https://derivativecalculatorai.com/derivative-of-1-minus-over-minus-x-minus-to-minus-the-minus-2-minus-plus-minus-8-minus-to-minus-the-minus-2,derivative-of-1-minus-over-minus-x-minus-to-minus-the-minus-2-minus-plus-minus-8-minus-to-minus-the-minus-2,problems.json,derivative,problem,200,No,noindex,https://derivativecalculatorai.com/derivative-of-1-minus-over-minus-x-minus-to-minus-the-minus-2-minus-plus-minus-8-minus-to-minus-the-minus-2,Yes,Excluded,,,Yes,Partial,0,0,Unknown,,Not reviewed
https://derivativecalculatorai.com/derivative-of-x-minus-over-minus-x-minus-to-minus-the-minus-2-minus-plus-minus-8-minus-to-minus-the-minus-2,derivative-of-x-minus-over-minus-x-minus-to-minus-the-minus-2-minus-plus-minus-8-minus-to-minus-the-minus-2,problems.json,derivative,problem,200,No,noindex,https://derivativecalculatorai.com/derivative-of-x-minus-over-minus-x-minus-to-minus-the-minus-2-minus-plus-minus-8-minus-to-minus-the-minus-2,Yes,Excluded,,,Yes,Partial,0,0,Unknown,,Not reviewed
https://derivativecalculatorai.com/derivative-of-1-minus-over-minus-x-minus-to-minus-the-minus-2-minus-plus-minus-9-minus-to-minus-the-minus-2,derivative-of-1-minus-over-minus-x-minus-to-minus-the-minus-2-minus-plus-minus-9-minus-to-minus-the-minus-2,problems.json,derivative,problem,200,No,noindex,https://derivativecalculatorai.com/derivative-of-1-minus-over-minus-x-minus-to-minus-the-minus-2-minus-plus-minus-9-minus-to-minus-the-minus-2,Yes,Excluded,,,Yes,Partial,0,0,Unknown,,Not reviewed
https://derivativecalculatorai.com/derivative-of-x-minus-over-minus-x-minus-to-minus-the-minus-2-minus-plus-minus-9-minus-to-minus-the-minus-2,derivative-of-x-minus-over-minus-x-minus-to-minus-the-minus-2-minus-plus-minus-9-minus-to-minus-the-minus-2,problems.json,derivative,problem,200,No,noindex,https://derivativecalculatorai.com/derivative-of-x-minus-over-minus-x-minus-to-minus-the-minus-2-minus-plus-minus-9-minus-to-minus-the-minus-2,Yes,Excluded,,,Yes,Partial,0,0,Unknown,,Not reviewed
https://derivativecalculatorai.com/derivative-of-1-minus-over-minus-x-minus-to-minus-the-minus-2-minus-plus-minus-10-minus-to-minus-the-minus-2,derivative-of-1-minus-over-minus-x-minus-to-minus-the-minus-2-minus-plus-minus-10-minus-to-minus-the-minus-2,problems.json,derivative,problem,200,No,noindex,https://derivativecalculatorai.com/derivative-of-1-minus-over-minus-x-minus-to-minus-the-minus-2-minus-plus-minus-10-minus-to-minus-the-minus-2,Yes,Excluded,,,Yes,Partial,0,0,Unknown,,Not reviewed
https://derivativecalculatorai.com/derivative-of-x-minus-over-minus-x-minus-to-minus-the-minus-2-minus-plus-minus-10-minus-to-minus-the-minus-2,derivative-of-x-minus-over-minus-x-minus-to-minus-the-minus-2-minus-plus-minus-10-minus-to-minus-the-minus-2,problems.json,derivative,problem,200,No,noindex,https://derivativecalculatorai.com/derivative-of-x-minus-over-minus-x-minus-to-minus-the-minus-2-minus-plus-minus-10-minus-to-minus-the-minus-2,Yes,Excluded,,,Yes,Partial,0,0,Unknown,,Not reviewed
https://derivativecalculatorai.com/derivative-of-e-minus-to-minus-the-minus-2x-minus-plus-minus-1,derivative-of-e-minus-to-minus-the-minus-2x-minus-plus-minus-1,problems.json,derivative,problem,200,No,noindex,https://derivativecalculatorai.com/derivative-of-e-minus-to-minus-the-minus-2x-minus-plus-minus-1,Yes,Excluded,,,Yes,Partial,0,0,Unknown,,Not reviewed
https://derivativecalculatorai.com/derivative-of-e-minus-to-minus-the-minus-2x-minus-1,derivative-of-e-minus-to-minus-the-minus-2x-minus-1,problems.json,derivative,problem,200,No,noindex,https://derivativecalculatorai.com/derivative-of-e-minus-to-minus-the-minus-2x-minus-1,Yes,Excluded,,,Yes,Partial,0,0,Unknown,,Not reviewed
https://derivativecalculatorai.com/derivative-of-e-minus-to-minus-the-minus-2x-minus-plus-minus-2,derivative-of-e-minus-to-minus-the-minus-2x-minus-plus-minus-2,problems.json,derivative,problem,200,No,noindex,https://derivativecalculatorai.com/derivative-of-e-minus-to-minus-the-minus-2x-minus-plus-minus-2,Yes,Excluded,,,Yes,Partial,0,0,Unknown,,Not reviewed
https://derivativecalculatorai.com/derivative-of-e-minus-to-minus-the-minus-2x-minus-2,derivative-of-e-minus-to-minus-the-minus-2x-minus-2,problems.json,derivative,problem,200,No,noindex,https://derivativecalculatorai.com/derivative-of-e-minus-to-minus-the-minus-2x-minus-2,Yes,Excluded,,,Yes,Partial,0,0,Unknown,,Not reviewed
https://derivativecalculatorai.com/derivative-of-e-minus-to-minus-the-minus-2x-minus-plus-minus-3,derivative-of-e-minus-to-minus-the-minus-2x-minus-plus-minus-3,problems.json,derivative,problem,200,No,noindex,https://derivativecalculatorai.com/derivative-of-e-minus-to-minus-the-minus-2x-minus-plus-minus-3,Yes,Excluded,,,Yes,Partial,0,0,Unknown,,Not reviewed
https://derivativecalculatorai.com/derivative-of-e-minus-to-minus-the-minus-2x-minus-3,derivative-of-e-minus-to-minus-the-minus-2x-minus-3,problems.json,derivative,problem,200,No,noindex,https://derivativecalculatorai.com/derivative-of-e-minus-to-minus-the-minus-2x-minus-3,Yes,Excluded,,,Yes,Partial,0,0,Unknown,,Not reviewed
https://derivativecalculatorai.com/derivative-of-e-minus-to-minus-the-minus-2x-minus-plus-minus-4,derivative-of-e-minus-to-minus-the-minus-2x-minus-plus-minus-4,problems.json,derivative,problem,200,No,noindex,https://derivativecalculatorai.com/derivative-of-e-minus-to-minus-the-minus-2x-minus-plus-minus-4,Yes,Excluded,,,Yes,Partial,0,0,Unknown,,Not reviewed
https://derivativecalculatorai.com/derivative-of-e-minus-to-minus-the-minus-2x-minus-4,derivative-of-e-minus-to-minus-the-minus-2x-minus-4,problems.json,derivative,problem,200,No,noindex,https://derivativecalculatorai.com/derivative-of-e-minus-to-minus-the-minus-2x-minus-4,Yes,Excluded,,,Yes,Partial,0,0,Unknown,,Not reviewed
https://derivativecalculatorai.com/derivative-of-e-minus-to-minus-the-minus-2x-minus-plus-minus-5,derivative-of-e-minus-to-minus-the-minus-2x-minus-plus-minus-5,problems.json,derivative,problem,200,No,noindex,https://derivativecalculatorai.com/derivative-of-e-minus-to-minus-the-minus-2x-minus-plus-minus-5,Yes,Excluded,,,Yes,Partial,0,0,Unknown,,Not reviewed
https://derivativecalculatorai.com/derivative-of-e-minus-to-minus-the-minus-2x-minus-5,derivative-of-e-minus-to-minus-the-minus-2x-minus-5,problems.json,derivative,problem,200,No,noindex,https://derivativecalculatorai.com/derivative-of-e-minus-to-minus-the-minus-2x-minus-5,Yes,Excluded,,,Yes,Partial,0,0,Unknown,,Not reviewed
https://derivativecalculatorai.com/derivative-of-e-minus-to-minus-the-minus-3x-minus-plus-minus-1,derivative-of-e-minus-to-minus-the-minus-3x-minus-plus-minus-1,problems.json,derivative,problem,200,No,noindex,https://derivativecalculatorai.com/derivative-of-e-minus-to-minus-the-minus-3x-minus-plus-minus-1,Yes,Excluded,,,Yes,Partial,0,0,Unknown,,Not reviewed
https://derivativecalculatorai.com/derivative-of-e-minus-to-minus-the-minus-3x-minus-1,derivative-of-e-minus-to-minus-the-minus-3x-minus-1,problems.json,derivative,problem,200,No,noindex,https://derivativecalculatorai.com/derivative-of-e-minus-to-minus-the-minus-3x-minus-1,Yes,Excluded,,,Yes,Partial,0,0,Unknown,,Not reviewed
https://derivativecalculatorai.com/derivative-of-e-minus-to-minus-the-minus-3x-minus-plus-minus-2,derivative-of-e-minus-to-minus-the-minus-3x-minus-plus-minus-2,problems.json,derivative,problem,200,No,noindex,https://derivativecalculatorai.com/derivative-of-e-minus-to-minus-the-minus-3x-minus-plus-minus-2,Yes,Excluded,,,Yes,Partial,0,0,Unknown,,Not reviewed
https://derivativecalculatorai.com/derivative-of-e-minus-to-minus-the-minus-3x-minus-2,derivative-of-e-minus-to-minus-the-minus-3x-minus-2,problems.json,derivative,problem,200,No,noindex,https://derivativecalculatorai.com/derivative-of-e-minus-to-minus-the-minus-3x-minus-2,Yes,Excluded,,,Yes,Partial,0,0,Unknown,,Not reviewed
https://derivativecalculatorai.com/derivative-of-e-minus-to-minus-the-minus-3x-minus-plus-minus-3,derivative-of-e-minus-to-minus-the-minus-3x-minus-plus-minus-3,problems.json,derivative,problem,200,No,noindex,https://derivativecalculatorai.com/derivative-of-e-minus-to-minus-the-minus-3x-minus-plus-minus-3,Yes,Excluded,,,Yes,Partial,0,0,Unknown,,Not reviewed
https://derivativecalculatorai.com/derivative-of-e-minus-to-minus-the-minus-3x-minus-3,derivative-of-e-minus-to-minus-the-minus-3x-minus-3,problems.json,derivative,problem,200,No,noindex,https://derivativecalculatorai.com/derivative-of-e-minus-to-minus-the-minus-3x-minus-3,Yes,Excluded,,,Yes,Partial,0,0,Unknown,,Not reviewed
https://derivativecalculatorai.com/derivative-of-e-minus-to-minus-the-minus-3x-minus-plus-minus-4,derivative-of-e-minus-to-minus-the-minus-3x-minus-plus-minus-4,problems.json,derivative,problem,200,No,noindex,https://derivativecalculatorai.com/derivative-of-e-minus-to-minus-the-minus-3x-minus-plus-minus-4,Yes,Excluded,,,Yes,Partial,0,0,Unknown,,Not reviewed
https://derivativecalculatorai.com/derivative-of-e-minus-to-minus-the-minus-3x-minus-4,derivative-of-e-minus-to-minus-the-minus-3x-minus-4,problems.json,derivative,problem,200,No,noindex,https://derivativecalculatorai.com/derivative-of-e-minus-to-minus-the-minus-3x-minus-4,Yes,Excluded,,,Yes,Partial,0,0,Unknown,,Not reviewed
https://derivativecalculatorai.com/derivative-of-e-minus-to-minus-the-minus-3x-minus-plus-minus-5,derivative-of-e-minus-to-minus-the-minus-3x-minus-plus-minus-5,problems.json,derivative,problem,200,No,noindex,https://derivativecalculatorai.com/derivative-of-e-minus-to-minus-the-minus-3x-minus-plus-minus-5,Yes,Excluded,,,Yes,Partial,0,0,Unknown,,Not reviewed
https://derivativecalculatorai.com/derivative-of-e-minus-to-minus-the-minus-3x-minus-5,derivative-of-e-minus-to-minus-the-minus-3x-minus-5,problems.json,derivative,problem,200,No,noindex,https://derivativecalculatorai.com/derivative-of-e-minus-to-minus-the-minus-3x-minus-5,Yes,Excluded,,,Yes,Partial,0,0,Unknown,,Not reviewed
https://derivativecalculatorai.com/derivative-of-e-minus-to-minus-the-minus-4x-minus-plus-minus-1,derivative-of-e-minus-to-minus-the-minus-4x-minus-plus-minus-1,problems.json,derivative,problem,200,No,noindex,https://derivativecalculatorai.com/derivative-of-e-minus-to-minus-the-minus-4x-minus-plus-minus-1,Yes,Excluded,,,Yes,Partial,0,0,Unknown,,Not reviewed
https://derivativecalculatorai.com/derivative-of-e-minus-to-minus-the-minus-4x-minus-1,derivative-of-e-minus-to-minus-the-minus-4x-minus-1,problems.json,derivative,problem,200,No,noindex,https://derivativecalculatorai.com/derivative-of-e-minus-to-minus-the-minus-4x-minus-1,Yes,Excluded,,,Yes,Partial,0,0,Unknown,,Not reviewed
https://derivativecalculatorai.com/derivative-of-e-minus-to-minus-the-minus-4x-minus-plus-minus-2,derivative-of-e-minus-to-minus-the-minus-4x-minus-plus-minus-2,problems.json,derivative,problem,200,No,noindex,https://derivativecalculatorai.com/derivative-of-e-minus-to-minus-the-minus-4x-minus-plus-minus-2,Yes,Excluded,,,Yes,Partial,0,0,Unknown,,Not reviewed
https://derivativecalculatorai.com/derivative-of-e-minus-to-minus-the-minus-4x-minus-2,derivative-of-e-minus-to-minus-the-minus-4x-minus-2,problems.json,derivative,problem,200,No,noindex,https://derivativecalculatorai.com/derivative-of-e-minus-to-minus-the-minus-4x-minus-2,Yes,Excluded,,,Yes,Partial,0,0,Unknown,,Not reviewed
https://derivativecalculatorai.com/derivative-of-e-minus-to-minus-the-minus-4x-minus-plus-minus-3,derivative-of-e-minus-to-minus-the-minus-4x-minus-plus-minus-3,problems.json,derivative,problem,200,No,noindex,https://derivativecalculatorai.com/derivative-of-e-minus-to-minus-the-minus-4x-minus-plus-minus-3,Yes,Excluded,,,Yes,Partial,0,0,Unknown,,Not reviewed
https://derivativecalculatorai.com/derivative-of-e-minus-to-minus-the-minus-4x-minus-3,derivative-of-e-minus-to-minus-the-minus-4x-minus-3,problems.json,derivative,problem,200,No,noindex,https://derivativecalculatorai.com/derivative-of-e-minus-to-minus-the-minus-4x-minus-3,Yes,Excluded,,,Yes,Partial,0,0,Unknown,,Not reviewed
https://derivativecalculatorai.com/derivative-of-e-minus-to-minus-the-minus-4x-minus-plus-minus-4,derivative-of-e-minus-to-minus-the-minus-4x-minus-plus-minus-4,problems.json,derivative,problem,200,No,noindex,https://derivativecalculatorai.com/derivative-of-e-minus-to-minus-the-minus-4x-minus-plus-minus-4,Yes,Excluded,,,Yes,Partial,0,0,Unknown,,Not reviewed
https://derivativecalculatorai.com/derivative-of-e-minus-to-minus-the-minus-4x-minus-4,derivative-of-e-minus-to-minus-the-minus-4x-minus-4,problems.json,derivative,problem,200,No,noindex,https://derivativecalculatorai.com/derivative-of-e-minus-to-minus-the-minus-4x-minus-4,Yes,Excluded,,,Yes,Partial,0,0,Unknown,,Not reviewed
https://derivativecalculatorai.com/derivative-of-e-minus-to-minus-the-minus-4x-minus-plus-minus-5,derivative-of-e-minus-to-minus-the-minus-4x-minus-plus-minus-5,problems.json,derivative,problem,200,No,noindex,https://derivativecalculatorai.com/derivative-of-e-minus-to-minus-the-minus-4x-minus-plus-minus-5,Yes,Excluded,,,Yes,Partial,0,0,Unknown,,Not reviewed
https://derivativecalculatorai.com/derivative-of-e-minus-to-minus-the-minus-4x-minus-5,derivative-of-e-minus-to-minus-the-minus-4x-minus-5,problems.json,derivative,problem,200,No,noindex,https://derivativecalculatorai.com/derivative-of-e-minus-to-minus-the-minus-4x-minus-5,Yes,Excluded,,,Yes,Partial,0,0,Unknown,,Not reviewed
https://derivativecalculatorai.com/derivative-of-e-minus-to-minus-the-minus-5x-minus-plus-minus-1,derivative-of-e-minus-to-minus-the-minus-5x-minus-plus-minus-1,problems.json,derivative,problem,200,No,noindex,https://derivativecalculatorai.com/derivative-of-e-minus-to-minus-the-minus-5x-minus-plus-minus-1,Yes,Excluded,,,Yes,Partial,0,0,Unknown,,Not reviewed
https://derivativecalculatorai.com/derivative-of-e-minus-to-minus-the-minus-5x-minus-1,derivative-of-e-minus-to-minus-the-minus-5x-minus-1,problems.json,derivative,problem,200,No,noindex,https://derivativecalculatorai.com/derivative-of-e-minus-to-minus-the-minus-5x-minus-1,Yes,Excluded,,,Yes,Partial,0,0,Unknown,,Not reviewed
https://derivativecalculatorai.com/derivative-of-e-minus-to-minus-the-minus-5x-minus-plus-minus-2,derivative-of-e-minus-to-minus-the-minus-5x-minus-plus-minus-2,problems.json,derivative,problem,200,No,noindex,https://derivativecalculatorai.com/derivative-of-e-minus-to-minus-the-minus-5x-minus-plus-minus-2,Yes,Excluded,,,Yes,Partial,0,0,Unknown,,Not reviewed
https://derivativecalculatorai.com/derivative-of-e-minus-to-minus-the-minus-5x-minus-2,derivative-of-e-minus-to-minus-the-minus-5x-minus-2,problems.json,derivative,problem,200,No,noindex,https://derivativecalculatorai.com/derivative-of-e-minus-to-minus-the-minus-5x-minus-2,Yes,Excluded,,,Yes,Partial,0,0,Unknown,,Not reviewed
https://derivativecalculatorai.com/derivative-of-e-minus-to-minus-the-minus-5x-minus-plus-minus-3,derivative-of-e-minus-to-minus-the-minus-5x-minus-plus-minus-3,problems.json,derivative,problem,200,No,noindex,https://derivativecalculatorai.com/derivative-of-e-minus-to-minus-the-minus-5x-minus-plus-minus-3,Yes,Excluded,,,Yes,Partial,0,0,Unknown,,Not reviewed
https://derivativecalculatorai.com/derivative-of-e-minus-to-minus-the-minus-5x-minus-3,derivative-of-e-minus-to-minus-the-minus-5x-minus-3,problems.json,derivative,problem,200,No,noindex,https://derivativecalculatorai.com/derivative-of-e-minus-to-minus-the-minus-5x-minus-3,Yes,Excluded,,,Yes,Partial,0,0,Unknown,,Not reviewed
https://derivativecalculatorai.com/derivative-of-e-minus-to-minus-the-minus-5x-minus-plus-minus-4,derivative-of-e-minus-to-minus-the-minus-5x-minus-plus-minus-4,problems.json,derivative,problem,200,No,noindex,https://derivativecalculatorai.com/derivative-of-e-minus-to-minus-the-minus-5x-minus-plus-minus-4,Yes,Excluded,,,Yes,Partial,0,0,Unknown,,Not reviewed
https://derivativecalculatorai.com/derivative-of-e-minus-to-minus-the-minus-5x-minus-4,derivative-of-e-minus-to-minus-the-minus-5x-minus-4,problems.json,derivative,problem,200,No,noindex,https://derivativecalculatorai.com/derivative-of-e-minus-to-minus-the-minus-5x-minus-4,Yes,Excluded,,,Yes,Partial,0,0,Unknown,,Not reviewed
https://derivativecalculatorai.com/derivative-of-e-minus-to-minus-the-minus-5x-minus-plus-minus-5,derivative-of-e-minus-to-minus-the-minus-5x-minus-plus-minus-5,problems.json,derivative,problem,200,No,noindex,https://derivativecalculatorai.com/derivative-of-e-minus-to-minus-the-minus-5x-minus-plus-minus-5,Yes,Excluded,,,Yes,Partial,0,0,Unknown,,Not reviewed
https://derivativecalculatorai.com/derivative-of-e-minus-to-minus-the-minus-5x-minus-5,derivative-of-e-minus-to-minus-the-minus-5x-minus-5,problems.json,derivative,problem,200,No,noindex,https://derivativecalculatorai.com/derivative-of-e-minus-to-minus-the-minus-5x-minus-5,Yes,Excluded,,,Yes,Partial,0,0,Unknown,,Not reviewed
https://derivativecalculatorai.com/derivative-of-sin2x-minus-plus-minus-1,derivative-of-sin2x-minus-plus-minus-1,problems.json,derivative,problem,200,Yes,index,https://derivativecalculatorai.com/derivative-of-sin2x-minus-plus-minus-1,Yes,Excluded,,,Yes,Partial,0,0,Unknown,,Not reviewed
https://derivativecalculatorai.com/derivative-of-cos2x-minus-plus-minus-1,derivative-of-cos2x-minus-plus-minus-1,problems.json,derivative,problem,200,Yes,index,https://derivativecalculatorai.com/derivative-of-cos2x-minus-plus-minus-1,Yes,Excluded,,,Yes,Partial,0,0,Unknown,,Not reviewed
https://derivativecalculatorai.com/derivative-of-sin2x-minus-plus-minus-2,derivative-of-sin2x-minus-plus-minus-2,problems.json,derivative,problem,200,Yes,index,https://derivativecalculatorai.com/derivative-of-sin2x-minus-plus-minus-2,Yes,Excluded,,,Yes,Partial,0,0,Unknown,,Not reviewed
https://derivativecalculatorai.com/derivative-of-cos2x-minus-plus-minus-2,derivative-of-cos2x-minus-plus-minus-2,problems.json,derivative,problem,200,Yes,index,https://derivativecalculatorai.com/derivative-of-cos2x-minus-plus-minus-2,Yes,Excluded,,,Yes,Partial,0,0,Unknown,,Not reviewed
https://derivativecalculatorai.com/derivative-of-sin2x-minus-plus-minus-3,derivative-of-sin2x-minus-plus-minus-3,problems.json,derivative,problem,200,Yes,index,https://derivativecalculatorai.com/derivative-of-sin2x-minus-plus-minus-3,Yes,Excluded,,,Yes,Partial,0,0,Unknown,,Not reviewed
https://derivativecalculatorai.com/derivative-of-cos2x-minus-plus-minus-3,derivative-of-cos2x-minus-plus-minus-3,problems.json,derivative,problem,200,Yes,index,https://derivativecalculatorai.com/derivative-of-cos2x-minus-plus-minus-3,Yes,Excluded,,,Yes,Partial,0,0,Unknown,,Not reviewed
https://derivativecalculatorai.com/derivative-of-sin2x-minus-plus-minus-4,derivative-of-sin2x-minus-plus-minus-4,problems.json,derivative,problem,200,Yes,index,https://derivativecalculatorai.com/derivative-of-sin2x-minus-plus-minus-4,Yes,Excluded,,,Yes,Partial,0,0,Unknown,,Not reviewed
https://derivativecalculatorai.com/derivative-of-cos2x-minus-plus-minus-4,derivative-of-cos2x-minus-plus-minus-4,problems.json,derivative,problem,200,Yes,index,https://derivativecalculatorai.com/derivative-of-cos2x-minus-plus-minus-4,Yes,Excluded,,,Yes,Partial,0,0,Unknown,,Not reviewed
https://derivativecalculatorai.com/derivative-of-sin2x-minus-plus-minus-5,derivative-of-sin2x-minus-plus-minus-5,problems.json,derivative,problem,200,Yes,index,https://derivativecalculatorai.com/derivative-of-sin2x-minus-plus-minus-5,Yes,Excluded,,,Yes,Partial,0,0,Unknown,,Not reviewed
https://derivativecalculatorai.com/derivative-of-cos2x-minus-plus-minus-5,derivative-of-cos2x-minus-plus-minus-5,problems.json,derivative,problem,200,Yes,index,https://derivativecalculatorai.com/derivative-of-cos2x-minus-plus-minus-5,Yes,Excluded,,,Yes,Partial,0,0,Unknown,,Not reviewed
https://derivativecalculatorai.com/derivative-of-sin3x-minus-plus-minus-1,derivative-of-sin3x-minus-plus-minus-1,problems.json,derivative,problem,200,Yes,index,https://derivativecalculatorai.com/derivative-of-sin3x-minus-plus-minus-1,Yes,Excluded,,,Yes,Partial,0,0,Unknown,,Not reviewed
https://derivativecalculatorai.com/derivative-of-cos3x-minus-plus-minus-1,derivative-of-cos3x-minus-plus-minus-1,problems.json,derivative,problem,200,Yes,index,https://derivativecalculatorai.com/derivative-of-cos3x-minus-plus-minus-1,Yes,Excluded,,,Yes,Partial,0,0,Unknown,,Not reviewed
https://derivativecalculatorai.com/derivative-of-sin3x-minus-plus-minus-2,derivative-of-sin3x-minus-plus-minus-2,problems.json,derivative,problem,200,Yes,index,https://derivativecalculatorai.com/derivative-of-sin3x-minus-plus-minus-2,Yes,Excluded,,,Yes,Partial,0,0,Unknown,,Not reviewed
https://derivativecalculatorai.com/derivative-of-cos3x-minus-plus-minus-2,derivative-of-cos3x-minus-plus-minus-2,problems.json,derivative,problem,200,Yes,index,https://derivativecalculatorai.com/derivative-of-cos3x-minus-plus-minus-2,Yes,Excluded,,,Yes,Partial,0,0,Unknown,,Not reviewed
https://derivativecalculatorai.com/derivative-of-sin3x-minus-plus-minus-3,derivative-of-sin3x-minus-plus-minus-3,problems.json,derivative,problem,200,Yes,index,https://derivativecalculatorai.com/derivative-of-sin3x-minus-plus-minus-3,Yes,Excluded,,,Yes,Partial,0,0,Unknown,,Not reviewed
https://derivativecalculatorai.com/derivative-of-cos3x-minus-plus-minus-3,derivative-of-cos3x-minus-plus-minus-3,problems.json,derivative,problem,200,Yes,index,https://derivativecalculatorai.com/derivative-of-cos3x-minus-plus-minus-3,Yes,Excluded,,,Yes,Partial,0,0,Unknown,,Not reviewed
https://derivativecalculatorai.com/derivative-of-sin3x-minus-plus-minus-4,derivative-of-sin3x-minus-plus-minus-4,problems.json,derivative,problem,200,Yes,index,https://derivativecalculatorai.com/derivative-of-sin3x-minus-plus-minus-4,Yes,Excluded,,,Yes,Partial,0,0,Unknown,,Not reviewed
https://derivativecalculatorai.com/derivative-of-cos3x-minus-plus-minus-4,derivative-of-cos3x-minus-plus-minus-4,problems.json,derivative,problem,200,Yes,index,https://derivativecalculatorai.com/derivative-of-cos3x-minus-plus-minus-4,Yes,Excluded,,,Yes,Partial,0,0,Unknown,,Not reviewed
https://derivativecalculatorai.com/derivative-of-sin3x-minus-plus-minus-5,derivative-of-sin3x-minus-plus-minus-5,problems.json,derivative,problem,200,Yes,index,https://derivativecalculatorai.com/derivative-of-sin3x-minus-plus-minus-5,Yes,Excluded,,,Yes,Partial,0,0,Unknown,,Not reviewed
https://derivativecalculatorai.com/derivative-of-cos3x-minus-plus-minus-5,derivative-of-cos3x-minus-plus-minus-5,problems.json,derivative,problem,200,Yes,index,https://derivativecalculatorai.com/derivative-of-cos3x-minus-plus-minus-5,Yes,Excluded,,,Yes,Partial,0,0,Unknown,,Not reviewed
https://derivativecalculatorai.com/derivative-of-sin4x-minus-plus-minus-1,derivative-of-sin4x-minus-plus-minus-1,problems.json,derivative,problem,200,Yes,index,https://derivativecalculatorai.com/derivative-of-sin4x-minus-plus-minus-1,Yes,Excluded,,,Yes,Partial,0,0,Unknown,,Not reviewed
https://derivativecalculatorai.com/derivative-of-cos4x-minus-plus-minus-1,derivative-of-cos4x-minus-plus-minus-1,problems.json,derivative,problem,200,Yes,index,https://derivativecalculatorai.com/derivative-of-cos4x-minus-plus-minus-1,Yes,Excluded,,,Yes,Partial,0,0,Unknown,,Not reviewed
https://derivativecalculatorai.com/derivative-of-sin4x-minus-plus-minus-2,derivative-of-sin4x-minus-plus-minus-2,problems.json,derivative,problem,200,Yes,index,https://derivativecalculatorai.com/derivative-of-sin4x-minus-plus-minus-2,Yes,Excluded,,,Yes,Partial,0,0,Unknown,,Not reviewed
https://derivativecalculatorai.com/derivative-of-cos4x-minus-plus-minus-2,derivative-of-cos4x-minus-plus-minus-2,problems.json,derivative,problem,200,Yes,index,https://derivativecalculatorai.com/derivative-of-cos4x-minus-plus-minus-2,Yes,Excluded,,,Yes,Partial,0,0,Unknown,,Not reviewed
https://derivativecalculatorai.com/derivative-of-sin4x-minus-plus-minus-3,derivative-of-sin4x-minus-plus-minus-3,problems.json,derivative,problem,200,Yes,index,https://derivativecalculatorai.com/derivative-of-sin4x-minus-plus-minus-3,Yes,Excluded,,,Yes,Partial,0,0,Unknown,,Not reviewed
https://derivativecalculatorai.com/derivative-of-cos4x-minus-plus-minus-3,derivative-of-cos4x-minus-plus-minus-3,problems.json,derivative,problem,200,Yes,index,https://derivativecalculatorai.com/derivative-of-cos4x-minus-plus-minus-3,Yes,Excluded,,,Yes,Partial,0,0,Unknown,,Not reviewed
https://derivativecalculatorai.com/derivative-of-sin4x-minus-plus-minus-4,derivative-of-sin4x-minus-plus-minus-4,problems.json,derivative,problem,200,Yes,index,https://derivativecalculatorai.com/derivative-of-sin4x-minus-plus-minus-4,Yes,Excluded,,,Yes,Partial,0,0,Unknown,,Not reviewed
https://derivativecalculatorai.com/derivative-of-cos4x-minus-plus-minus-4,derivative-of-cos4x-minus-plus-minus-4,problems.json,derivative,problem,200,Yes,index,https://derivativecalculatorai.com/derivative-of-cos4x-minus-plus-minus-4,Yes,Excluded,,,Yes,Partial,0,0,Unknown,,Not reviewed
https://derivativecalculatorai.com/derivative-of-sin4x-minus-plus-minus-5,derivative-of-sin4x-minus-plus-minus-5,problems.json,derivative,problem,200,Yes,index,https://derivativecalculatorai.com/derivative-of-sin4x-minus-plus-minus-5,Yes,Excluded,,,Yes,Partial,0,0,Unknown,,Not reviewed
https://derivativecalculatorai.com/derivative-of-cos4x-minus-plus-minus-5,derivative-of-cos4x-minus-plus-minus-5,problems.json,derivative,problem,200,Yes,index,https://derivativecalculatorai.com/derivative-of-cos4x-minus-plus-minus-5,Yes,Excluded,,,Yes,Partial,0,0,Unknown,,Not reviewed
https://derivativecalculatorai.com/derivative-of-sin5x-minus-plus-minus-1,derivative-of-sin5x-minus-plus-minus-1,problems.json,derivative,problem,200,Yes,index,https://derivativecalculatorai.com/derivative-of-sin5x-minus-plus-minus-1,Yes,Excluded,,,Yes,Partial,0,0,Unknown,,Not reviewed
https://derivativecalculatorai.com/derivative-of-cos5x-minus-plus-minus-1,derivative-of-cos5x-minus-plus-minus-1,problems.json,derivative,problem,200,Yes,index,https://derivativecalculatorai.com/derivative-of-cos5x-minus-plus-minus-1,Yes,Excluded,,,Yes,Partial,0,0,Unknown,,Not reviewed
https://derivativecalculatorai.com/derivative-of-sin5x-minus-plus-minus-2,derivative-of-sin5x-minus-plus-minus-2,problems.json,derivative,problem,200,Yes,index,https://derivativecalculatorai.com/derivative-of-sin5x-minus-plus-minus-2,Yes,Excluded,,,Yes,Partial,0,0,Unknown,,Not reviewed
https://derivativecalculatorai.com/derivative-of-cos5x-minus-plus-minus-2,derivative-of-cos5x-minus-plus-minus-2,problems.json,derivative,problem,200,Yes,index,https://derivativecalculatorai.com/derivative-of-cos5x-minus-plus-minus-2,Yes,Excluded,,,Yes,Partial,0,0,Unknown,,Not reviewed
https://derivativecalculatorai.com/derivative-of-sin5x-minus-plus-minus-3,derivative-of-sin5x-minus-plus-minus-3,problems.json,derivative,problem,200,Yes,index,https://derivativecalculatorai.com/derivative-of-sin5x-minus-plus-minus-3,Yes,Excluded,,,Yes,Partial,0,0,Unknown,,Not reviewed
https://derivativecalculatorai.com/derivative-of-cos5x-minus-plus-minus-3,derivative-of-cos5x-minus-plus-minus-3,problems.json,derivative,problem,200,Yes,index,https://derivativecalculatorai.com/derivative-of-cos5x-minus-plus-minus-3,Yes,Excluded,,,Yes,Partial,0,0,Unknown,,Not reviewed
https://derivativecalculatorai.com/derivative-of-sin5x-minus-plus-minus-4,derivative-of-sin5x-minus-plus-minus-4,problems.json,derivative,problem,200,Yes,index,https://derivativecalculatorai.com/derivative-of-sin5x-minus-plus-minus-4,Yes,Excluded,,,Yes,Partial,0,0,Unknown,,Not reviewed
https://derivativecalculatorai.com/derivative-of-cos5x-minus-plus-minus-4,derivative-of-cos5x-minus-plus-minus-4,problems.json,derivative,problem,200,Yes,index,https://derivativecalculatorai.com/derivative-of-cos5x-minus-plus-minus-4,Yes,Excluded,,,Yes,Partial,0,0,Unknown,,Not reviewed
https://derivativecalculatorai.com/derivative-of-sin5x-minus-plus-minus-5,derivative-of-sin5x-minus-plus-minus-5,problems.json,derivative,problem,200,Yes,index,https://derivativecalculatorai.com/derivative-of-sin5x-minus-plus-minus-5,Yes,Excluded,,,Yes,Partial,0,0,Unknown,,Not reviewed
https://derivativecalculatorai.com/derivative-of-cos5x-minus-plus-minus-5,derivative-of-cos5x-minus-plus-minus-5,problems.json,derivative,problem,200,Yes,index,https://derivativecalculatorai.com/derivative-of-cos5x-minus-plus-minus-5,Yes,Excluded,,,Yes,Partial,0,0,Unknown,,Not reviewed
https://derivativecalculatorai.com/derivative-of-asinx-minus-over-minus-2,derivative-of-asinx-minus-over-minus-2,problems.json,derivative,problem,200,Yes,index,https://derivativecalculatorai.com/derivative-of-asinx-minus-over-minus-2,Yes,Excluded,,,Yes,Partial,0,0,Unknown,,Not reviewed
https://derivativecalculatorai.com/derivative-of-acosx-minus-over-minus-2,derivative-of-acosx-minus-over-minus-2,problems.json,derivative,problem,200,Yes,index,https://derivativecalculatorai.com/derivative-of-acosx-minus-over-minus-2,Yes,Excluded,,,Yes,Partial,0,0,Unknown,,Not reviewed
https://derivativecalculatorai.com/derivative-of-atanx-minus-over-minus-2,derivative-of-atanx-minus-over-minus-2,problems.json,derivative,problem,200,Yes,index,https://derivativecalculatorai.com/derivative-of-atanx-minus-over-minus-2,Yes,Excluded,,,Yes,Partial,0,0,Unknown,,Not reviewed
https://derivativecalculatorai.com/derivative-of-asinx-minus-over-minus-3,derivative-of-asinx-minus-over-minus-3,problems.json,derivative,problem,200,Yes,index,https://derivativecalculatorai.com/derivative-of-asinx-minus-over-minus-3,Yes,Excluded,,,Yes,Partial,0,0,Unknown,,Not reviewed
https://derivativecalculatorai.com/derivative-of-acosx-minus-over-minus-3,derivative-of-acosx-minus-over-minus-3,problems.json,derivative,problem,200,Yes,index,https://derivativecalculatorai.com/derivative-of-acosx-minus-over-minus-3,Yes,Excluded,,,Yes,Partial,0,0,Unknown,,Not reviewed
https://derivativecalculatorai.com/derivative-of-atanx-minus-over-minus-3,derivative-of-atanx-minus-over-minus-3,problems.json,derivative,problem,200,Yes,index,https://derivativecalculatorai.com/derivative-of-atanx-minus-over-minus-3,Yes,Excluded,,,Yes,Partial,0,0,Unknown,,Not reviewed
https://derivativecalculatorai.com/derivative-of-asinx-minus-over-minus-4,derivative-of-asinx-minus-over-minus-4,problems.json,derivative,problem,200,Yes,index,https://derivativecalculatorai.com/derivative-of-asinx-minus-over-minus-4,Yes,Excluded,,,Yes,Partial,0,0,Unknown,,Not reviewed
https://derivativecalculatorai.com/derivative-of-acosx-minus-over-minus-4,derivative-of-acosx-minus-over-minus-4,problems.json,derivative,problem,200,Yes,index,https://derivativecalculatorai.com/derivative-of-acosx-minus-over-minus-4,Yes,Excluded,,,Yes,Partial,0,0,Unknown,,Not reviewed
https://derivativecalculatorai.com/derivative-of-atanx-minus-over-minus-4,derivative-of-atanx-minus-over-minus-4,problems.json,derivative,problem,200,Yes,index,https://derivativecalculatorai.com/derivative-of-atanx-minus-over-minus-4,Yes,Excluded,,,Yes,Partial,0,0,Unknown,,Not reviewed
https://derivativecalculatorai.com/derivative-of-asinx-minus-over-minus-5,derivative-of-asinx-minus-over-minus-5,problems.json,derivative,problem,200,Yes,index,https://derivativecalculatorai.com/derivative-of-asinx-minus-over-minus-5,Yes,Excluded,,,Yes,Partial,0,0,Unknown,,Not reviewed
https://derivativecalculatorai.com/derivative-of-acosx-minus-over-minus-5,derivative-of-acosx-minus-over-minus-5,problems.json,derivative,problem,200,Yes,index,https://derivativecalculatorai.com/derivative-of-acosx-minus-over-minus-5,Yes,Excluded,,,Yes,Partial,0,0,Unknown,,Not reviewed
https://derivativecalculatorai.com/derivative-of-atanx-minus-over-minus-5,derivative-of-atanx-minus-over-minus-5,problems.json,derivative,problem,200,Yes,index,https://derivativecalculatorai.com/derivative-of-atanx-minus-over-minus-5,Yes,Excluded,,,Yes,Partial,0,0,Unknown,,Not reviewed
https://derivativecalculatorai.com/derivative-of-asinx-minus-over-minus-6,derivative-of-asinx-minus-over-minus-6,problems.json,derivative,problem,200,Yes,index,https://derivativecalculatorai.com/derivative-of-asinx-minus-over-minus-6,Yes,Excluded,,,Yes,Partial,0,0,Unknown,,Not reviewed
https://derivativecalculatorai.com/derivative-of-acosx-minus-over-minus-6,derivative-of-acosx-minus-over-minus-6,problems.json,derivative,problem,200,Yes,index,https://derivativecalculatorai.com/derivative-of-acosx-minus-over-minus-6,Yes,Excluded,,,Yes,Partial,0,0,Unknown,,Not reviewed
https://derivativecalculatorai.com/derivative-of-atanx-minus-over-minus-6,derivative-of-atanx-minus-over-minus-6,problems.json,derivative,problem,200,Yes,index,https://derivativecalculatorai.com/derivative-of-atanx-minus-over-minus-6,Yes,Excluded,,,Yes,Partial,0,0,Unknown,,Not reviewed
https://derivativecalculatorai.com/derivative-of-asinx-minus-over-minus-7,derivative-of-asinx-minus-over-minus-7,problems.json,derivative,problem,200,Yes,index,https://derivativecalculatorai.com/derivative-of-asinx-minus-over-minus-7,Yes,Excluded,,,Yes,Partial,0,0,Unknown,,Not reviewed
https://derivativecalculatorai.com/derivative-of-acosx-minus-over-minus-7,derivative-of-acosx-minus-over-minus-7,problems.json,derivative,problem,200,Yes,index,https://derivativecalculatorai.com/derivative-of-acosx-minus-over-minus-7,Yes,Excluded,,,Yes,Partial,0,0,Unknown,,Not reviewed
https://derivativecalculatorai.com/derivative-of-atanx-minus-over-minus-7,derivative-of-atanx-minus-over-minus-7,problems.json,derivative,problem,200,Yes,index,https://derivativecalculatorai.com/derivative-of-atanx-minus-over-minus-7,Yes,Excluded,,,Yes,Partial,0,0,Unknown,,Not reviewed
https://derivativecalculatorai.com/derivative-of-asinx-minus-over-minus-8,derivative-of-asinx-minus-over-minus-8,problems.json,derivative,problem,200,Yes,index,https://derivativecalculatorai.com/derivative-of-asinx-minus-over-minus-8,Yes,Excluded,,,Yes,Partial,0,0,Unknown,,Not reviewed
https://derivativecalculatorai.com/derivative-of-acosx-minus-over-minus-8,derivative-of-acosx-minus-over-minus-8,problems.json,derivative,problem,200,Yes,index,https://derivativecalculatorai.com/derivative-of-acosx-minus-over-minus-8,Yes,Excluded,,,Yes,Partial,0,0,Unknown,,Not reviewed
https://derivativecalculatorai.com/derivative-of-atanx-minus-over-minus-8,derivative-of-atanx-minus-over-minus-8,problems.json,derivative,problem,200,Yes,index,https://derivativecalculatorai.com/derivative-of-atanx-minus-over-minus-8,Yes,Excluded,,,Yes,Partial,0,0,Unknown,,Not reviewed
https://derivativecalculatorai.com/derivative-of-asinx-minus-over-minus-9,derivative-of-asinx-minus-over-minus-9,problems.json,derivative,problem,200,Yes,index,https://derivativecalculatorai.com/derivative-of-asinx-minus-over-minus-9,Yes,Excluded,,,Yes,Partial,0,0,Unknown,,Not reviewed
https://derivativecalculatorai.com/derivative-of-acosx-minus-over-minus-9,derivative-of-acosx-minus-over-minus-9,problems.json,derivative,problem,200,Yes,index,https://derivativecalculatorai.com/derivative-of-acosx-minus-over-minus-9,Yes,Excluded,,,Yes,Partial,0,0,Unknown,,Not reviewed
https://derivativecalculatorai.com/derivative-of-atanx-minus-over-minus-9,derivative-of-atanx-minus-over-minus-9,problems.json,derivative,problem,200,Yes,index,https://derivativecalculatorai.com/derivative-of-atanx-minus-over-minus-9,Yes,Excluded,,,Yes,Partial,0,0,Unknown,,Not reviewed
https://derivativecalculatorai.com/derivative-of-asinx-minus-over-minus-10,derivative-of-asinx-minus-over-minus-10,problems.json,derivative,problem,200,Yes,index,https://derivativecalculatorai.com/derivative-of-asinx-minus-over-minus-10,Yes,Excluded,,,Yes,Partial,0,0,Unknown,,Not reviewed
https://derivativecalculatorai.com/derivative-of-acosx-minus-over-minus-10,derivative-of-acosx-minus-over-minus-10,problems.json,derivative,problem,200,Yes,index,https://derivativecalculatorai.com/derivative-of-acosx-minus-over-minus-10,Yes,Excluded,,,Yes,Partial,0,0,Unknown,,Not reviewed
https://derivativecalculatorai.com/derivative-of-atanx-minus-over-minus-10,derivative-of-atanx-minus-over-minus-10,problems.json,derivative,problem,200,Yes,index,https://derivativecalculatorai.com/derivative-of-atanx-minus-over-minus-10,Yes,Excluded,,,Yes,Partial,0,0,Unknown,,Not reviewed
https://derivativecalculatorai.com/integral-of-2x,integral-of-2x,problems.json,integral,problem,200,No,noindex,https://derivativecalculatorai.com/integral-of-2x,Yes,Excluded,,,Yes,Partial,0,0,Unknown,,Not reviewed
https://derivativecalculatorai.com/integral-of-x-+-x3-+-1-over-2tanx,integral-of-x-+-x3-+-1-over-2tanx,problems.json,integral,problem,200,Yes,index,https://derivativecalculatorai.com/integral-of-x-+-x3-+-1-over-2tanx,Yes,Excluded,,,Yes,Partial,0,0,Unknown,,Not reviewed
https://derivativecalculatorai.com/integral-of-1-over-2sqrtx-+-21-over-sqrt1-x2-+-5lnx,integral-of-1-over-2sqrtx-+-21-over-sqrt1-x2-+-5lnx,problems.json,integral,problem,200,No,noindex,https://derivativecalculatorai.com/integral-of-1-over-2sqrtx-+-21-over-sqrt1-x2-+-5lnx,Yes,Excluded,,,Yes,Partial,0,0,Unknown,,Not reviewed
https://derivativecalculatorai.com/integral-of-1-over-21-over-x2,integral-of-1-over-21-over-x2,problems.json,integral,problem,200,Yes,index,https://derivativecalculatorai.com/integral-of-1-over-21-over-x2,Yes,Excluded,,,Yes,Partial,0,0,Unknown,,Not reviewed
https://derivativecalculatorai.com/integral-of-2x4,integral-of-2x4,problems.json,integral,problem,200,Yes,index,https://derivativecalculatorai.com/integral-of-2x4,Yes,Excluded,,,Yes,Partial,0,0,Unknown,,Not reviewed
https://derivativecalculatorai.com/integral-of-3x-+-1-over-21-over-x2--secx2,integral-of-3x-+-1-over-21-over-x2--secx2,problems.json,integral,problem,200,Yes,index,https://derivativecalculatorai.com/integral-of-3x-+-1-over-21-over-x2--secx2,Yes,Excluded,,,Yes,Partial,0,0,Unknown,,Not reviewed
https://derivativecalculatorai.com/integral-of-21-over-x2,integral-of-21-over-x2,problems.json,integral,problem,200,Yes,index,https://derivativecalculatorai.com/integral-of-21-over-x2,Yes,Excluded,,,Yes,Partial,0,0,Unknown,,Not reviewed
https://derivativecalculatorai.com/integral-of-1-over-x-+-sqrtx,integral-of-1-over-x-+-sqrtx,problems.json,integral,problem,200,Yes,index,https://derivativecalculatorai.com/integral-of-1-over-x-+-sqrtx,Yes,Excluded,,,Yes,Partial,0,0,Unknown,,Not reviewed
https://derivativecalculatorai.com/integral-of-1-over-sqrt1-x2,integral-of-1-over-sqrt1-x2,problems.json,integral,problem,200,No,noindex,https://derivativecalculatorai.com/integral-of-1-over-sqrt1-x2,Yes,Excluded,,,Yes,Partial,0,0,Unknown,,Not reviewed
https://derivativecalculatorai.com/integral-of-2x3-+-4sqrtx,integral-of-2x3-+-4sqrtx,problems.json,integral,problem,200,Yes,index,https://derivativecalculatorai.com/integral-of-2x3-+-4sqrtx,Yes,Excluded,,,Yes,Partial,0,0,Unknown,,Not reviewed
https://derivativecalculatorai.com/integral-of-51-over-sqrt1-x2,integral-of-51-over-sqrt1-x2,problems.json,integral,problem,200,Yes,index,https://derivativecalculatorai.com/integral-of-51-over-sqrt1-x2,Yes,Excluded,,,Yes,Partial,0,0,Unknown,,Not reviewed
https://derivativecalculatorai.com/integral-of-2secx2,integral-of-2secx2,problems.json,integral,problem,200,Yes,index,https://derivativecalculatorai.com/integral-of-2secx2,Yes,Excluded,,,Yes,Partial,0,0,Unknown,,Not reviewed
https://derivativecalculatorai.com/integral-of-3x-+-41-over-x,integral-of-3x-+-41-over-x,problems.json,integral,problem,200,Yes,index,https://derivativecalculatorai.com/integral-of-3x-+-41-over-x,Yes,Excluded,,,Yes,Partial,0,0,Unknown,,Not reviewed
https://derivativecalculatorai.com/integral-of-31-over-x,integral-of-31-over-x,problems.json,integral,problem,200,Yes,index,https://derivativecalculatorai.com/integral-of-31-over-x,Yes,Excluded,,,Yes,Partial,0,0,Unknown,,Not reviewed
https://derivativecalculatorai.com/integral-of-5x4,integral-of-5x4,problems.json,integral,problem,200,Yes,index,https://derivativecalculatorai.com/integral-of-5x4,Yes,Excluded,,,Yes,Partial,0,0,Unknown,,Not reviewed
https://derivativecalculatorai.com/integral-of-41-over-sqrt1-x2-+-1-over-2x,integral-of-41-over-sqrt1-x2-+-1-over-2x,problems.json,integral,problem,200,Yes,index,https://derivativecalculatorai.com/integral-of-41-over-sqrt1-x2-+-1-over-2x,Yes,Excluded,,,Yes,Partial,0,0,Unknown,,Not reviewed
https://derivativecalculatorai.com/integral-of-3lnx-+-sqrtx,integral-of-3lnx-+-sqrtx,problems.json,integral,problem,200,Yes,index,https://derivativecalculatorai.com/integral-of-3lnx-+-sqrtx,Yes,Excluded,,,Yes,Partial,0,0,Unknown,,Not reviewed
https://derivativecalculatorai.com/integral-of-2ex-+-41-over-1+x2-+-1-over-2sinx,integral-of-2ex-+-41-over-1+x2-+-1-over-2sinx,problems.json,integral,problem,200,Yes,index,https://derivativecalculatorai.com/integral-of-2ex-+-41-over-1+x2-+-1-over-2sinx,Yes,Excluded,,,Yes,Partial,0,0,Unknown,,Not reviewed
https://derivativecalculatorai.com/integral-of-51-over-x,integral-of-51-over-x,problems.json,integral,problem,200,Yes,index,https://derivativecalculatorai.com/integral-of-51-over-x,Yes,Excluded,,,Yes,Partial,0,0,Unknown,,Not reviewed
https://derivativecalculatorai.com/integral-of-5lnx-+-lnx,integral-of-5lnx-+-lnx,problems.json,integral,problem,200,Yes,index,https://derivativecalculatorai.com/integral-of-5lnx-+-lnx,Yes,Excluded,,,Yes,Partial,0,0,Unknown,,Not reviewed
https://derivativecalculatorai.com/integral-of-51-over-1+x2,integral-of-51-over-1+x2,problems.json,integral,problem,200,Yes,index,https://derivativecalculatorai.com/integral-of-51-over-1+x2,Yes,Excluded,,,Yes,Partial,0,0,Unknown,,Not reviewed
https://derivativecalculatorai.com/integral-of-1-over-x--x4,integral-of-1-over-x--x4,problems.json,integral,problem,200,Yes,index,https://derivativecalculatorai.com/integral-of-1-over-x--x4,Yes,Excluded,,,Yes,Partial,0,0,Unknown,,Not reviewed
https://derivativecalculatorai.com/integral-of-5secx2,integral-of-5secx2,problems.json,integral,problem,200,Yes,index,https://derivativecalculatorai.com/integral-of-5secx2,Yes,Excluded,,,Yes,Partial,0,0,Unknown,,Not reviewed
https://derivativecalculatorai.com/integral-of-5x2-+-3x2,integral-of-5x2-+-3x2,problems.json,integral,problem,200,Yes,index,https://derivativecalculatorai.com/integral-of-5x2-+-3x2,Yes,Excluded,,,Yes,Partial,0,0,Unknown,,Not reviewed
https://derivativecalculatorai.com/integral-of-51-over-x-+-1-over-21-over-x-+-2x2,integral-of-51-over-x-+-1-over-21-over-x-+-2x2,problems.json,integral,problem,200,Yes,index,https://derivativecalculatorai.com/integral-of-51-over-x-+-1-over-21-over-x-+-2x2,Yes,Excluded,,,Yes,Partial,0,0,Unknown,,Not reviewed
https://derivativecalculatorai.com/integral-of-5x-+-2cosx--lnx,integral-of-5x-+-2cosx--lnx,problems.json,integral,problem,200,Yes,index,https://derivativecalculatorai.com/integral-of-5x-+-2cosx--lnx,Yes,Excluded,,,Yes,Partial,0,0,Unknown,,Not reviewed
https://derivativecalculatorai.com/integral-of-ex-+-1-over-2x3,integral-of-ex-+-1-over-2x3,problems.json,integral,problem,200,Yes,index,https://derivativecalculatorai.com/integral-of-ex-+-1-over-2x3,Yes,Excluded,,,Yes,Partial,0,0,Unknown,,Not reviewed
https://derivativecalculatorai.com/integral-of-x-+-1-over-2ex-+-4x4,integral-of-x-+-1-over-2ex-+-4x4,problems.json,integral,problem,200,Yes,index,https://derivativecalculatorai.com/integral-of-x-+-1-over-2ex-+-4x4,Yes,Excluded,,,Yes,Partial,0,0,Unknown,,Not reviewed
https://derivativecalculatorai.com/integral-of-1-over-2x2-+-51-over-1+x2,integral-of-1-over-2x2-+-51-over-1+x2,problems.json,integral,problem,200,Yes,index,https://derivativecalculatorai.com/integral-of-1-over-2x2-+-51-over-1+x2,Yes,Excluded,,,Yes,Partial,0,0,Unknown,,Not reviewed
https://derivativecalculatorai.com/integral-of-2ex,integral-of-2ex,problems.json,integral,problem,200,Yes,index,https://derivativecalculatorai.com/integral-of-2ex,Yes,Excluded,,,Yes,Partial,0,0,Unknown,,Not reviewed
https://derivativecalculatorai.com/integral-of-2cosx,integral-of-2cosx,problems.json,integral,problem,200,No,noindex,https://derivativecalculatorai.com/integral-of-2cosx,Yes,Excluded,,,Yes,Partial,0,0,Unknown,,Not reviewed
https://derivativecalculatorai.com/integral-of-31-over-x2,integral-of-31-over-x2,problems.json,integral,problem,200,Yes,index,https://derivativecalculatorai.com/integral-of-31-over-x2,Yes,Excluded,,,Yes,Partial,0,0,Unknown,,Not reviewed
https://derivativecalculatorai.com/integral-of-1-over-21-over-sqrt1-x2,integral-of-1-over-21-over-sqrt1-x2,problems.json,integral,problem,200,Yes,index,https://derivativecalculatorai.com/integral-of-1-over-21-over-sqrt1-x2,Yes,Excluded,,,Yes,Partial,0,0,Unknown,,Not reviewed
https://derivativecalculatorai.com/integral-of-2secx2-+-3x-+-4secx2,integral-of-2secx2-+-3x-+-4secx2,problems.json,integral,problem,200,Yes,index,https://derivativecalculatorai.com/integral-of-2secx2-+-3x-+-4secx2,Yes,Excluded,,,Yes,Partial,0,0,Unknown,,Not reviewed
https://derivativecalculatorai.com/integral-of-4sqrtx-+-2lnx,integral-of-4sqrtx-+-2lnx,problems.json,integral,problem,200,Yes,index,https://derivativecalculatorai.com/integral-of-4sqrtx-+-2lnx,Yes,Excluded,,,Yes,Partial,0,0,Unknown,,Not reviewed
https://derivativecalculatorai.com/integral-of-cosx-+-3lnx,integral-of-cosx-+-3lnx,problems.json,integral,problem,200,Yes,index,https://derivativecalculatorai.com/integral-of-cosx-+-3lnx,Yes,Excluded,,,Yes,Partial,0,0,Unknown,,Not reviewed
https://derivativecalculatorai.com/integral-of-1-over-21-over-x-+-31-over-x2-+-1-over-2sqrtx,integral-of-1-over-21-over-x-+-31-over-x2-+-1-over-2sqrtx,problems.json,integral,problem,200,No,noindex,https://derivativecalculatorai.com/integral-of-1-over-21-over-x-+-31-over-x2-+-1-over-2sqrtx,Yes,Excluded,,,Yes,Partial,0,0,Unknown,,Not reviewed
https://derivativecalculatorai.com/integral-of-2x3-+-5x3,integral-of-2x3-+-5x3,problems.json,integral,problem,200,Yes,index,https://derivativecalculatorai.com/integral-of-2x3-+-5x3,Yes,Excluded,,,Yes,Partial,0,0,Unknown,,Not reviewed
https://derivativecalculatorai.com/integral-of-cosx-+-21-over-sqrt1-x2,integral-of-cosx-+-21-over-sqrt1-x2,problems.json,integral,problem,200,Yes,index,https://derivativecalculatorai.com/integral-of-cosx-+-21-over-sqrt1-x2,Yes,Excluded,,,Yes,Partial,0,0,Unknown,,Not reviewed
https://derivativecalculatorai.com/integral-of--tanx-+-3x3,integral-of--tanx-+-3x3,problems.json,integral,problem,200,Yes,index,https://derivativecalculatorai.com/integral-of--tanx-+-3x3,Yes,Excluded,,,Yes,Partial,0,0,Unknown,,Not reviewed
https://derivativecalculatorai.com/integral-of--x2-+-2sinx,integral-of--x2-+-2sinx,problems.json,integral,problem,200,Yes,index,https://derivativecalculatorai.com/integral-of--x2-+-2sinx,Yes,Excluded,,,Yes,Partial,0,0,Unknown,,Not reviewed
https://derivativecalculatorai.com/integral-of-2sinx,integral-of-2sinx,problems.json,integral,problem,200,No,noindex,https://derivativecalculatorai.com/integral-of-2sinx,Yes,Excluded,,,Yes,Partial,0,0,Unknown,,Not reviewed
https://derivativecalculatorai.com/integral-of-41-over-sqrt1-x2--1-over-1+x2,integral-of-41-over-sqrt1-x2--1-over-1+x2,problems.json,integral,problem,200,Yes,index,https://derivativecalculatorai.com/integral-of-41-over-sqrt1-x2--1-over-1+x2,Yes,Excluded,,,Yes,Partial,0,0,Unknown,,Not reviewed
https://derivativecalculatorai.com/integral-of--1-over-1+x2,integral-of--1-over-1+x2,problems.json,integral,problem,200,Yes,index,https://derivativecalculatorai.com/integral-of--1-over-1+x2,Yes,Excluded,,,Yes,Partial,0,0,Unknown,,Not reviewed
https://derivativecalculatorai.com/integral-of-41-over-sqrt1-x2,integral-of-41-over-sqrt1-x2,problems.json,integral,problem,200,Yes,index,https://derivativecalculatorai.com/integral-of-41-over-sqrt1-x2,Yes,Excluded,,,Yes,Partial,0,0,Unknown,,Not reviewed
https://derivativecalculatorai.com/integral-of-sqrtx-+-1-over-2sinx-+-2ex,integral-of-sqrtx-+-1-over-2sinx-+-2ex,problems.json,integral,problem,200,Yes,index,https://derivativecalculatorai.com/integral-of-sqrtx-+-1-over-2sinx-+-2ex,Yes,Excluded,,,Yes,Partial,0,0,Unknown,,Not reviewed
https://derivativecalculatorai.com/integral-of-4tanx-+-51-over-x,integral-of-4tanx-+-51-over-x,problems.json,integral,problem,200,Yes,index,https://derivativecalculatorai.com/integral-of-4tanx-+-51-over-x,Yes,Excluded,,,Yes,Partial,0,0,Unknown,,Not reviewed
https://derivativecalculatorai.com/integral-of-ex,integral-of-ex,problems.json,integral,problem,200,No,noindex,https://derivativecalculatorai.com/integral-of-ex,Yes,Excluded,,,Yes,Partial,0,0,Unknown,,Not reviewed
https://derivativecalculatorai.com/integral-of-4sinx-+-ex-+-x4,integral-of-4sinx-+-ex-+-x4,problems.json,integral,problem,200,Yes,index,https://derivativecalculatorai.com/integral-of-4sinx-+-ex-+-x4,Yes,Excluded,,,Yes,Partial,0,0,Unknown,,Not reviewed
https://derivativecalculatorai.com/integral-of-3lnx-+-1-over-2x2-+-21-over-sqrt1-x2,integral-of-3lnx-+-1-over-2x2-+-21-over-sqrt1-x2,problems.json,integral,problem,200,Yes,index,https://derivativecalculatorai.com/integral-of-3lnx-+-1-over-2x2-+-21-over-sqrt1-x2,Yes,Excluded,,,Yes,Partial,0,0,Unknown,,Not reviewed
https://derivativecalculatorai.com/integral-of--1-over-sqrt1-x2,integral-of--1-over-sqrt1-x2,problems.json,integral,problem,200,Yes,index,https://derivativecalculatorai.com/integral-of--1-over-sqrt1-x2,Yes,Excluded,,,Yes,Partial,0,0,Unknown,,Not reviewed
https://derivativecalculatorai.com/integral-of-cosx,integral-of-cosx,problems.json,integral,problem,200,No,noindex,https://derivativecalculatorai.com/integral-of-cosx,Yes,Excluded,,,Yes,Partial,0,0,Unknown,,Not reviewed
https://derivativecalculatorai.com/integral-of-4cosx,integral-of-4cosx,problems.json,integral,problem,200,No,noindex,https://derivativecalculatorai.com/integral-of-4cosx,Yes,Excluded,,,Yes,Partial,0,0,Unknown,,Not reviewed
https://derivativecalculatorai.com/integral-of-1-over-2lnx-+-41-over-sqrt1-x2,integral-of-1-over-2lnx-+-41-over-sqrt1-x2,problems.json,integral,problem,200,Yes,index,https://derivativecalculatorai.com/integral-of-1-over-2lnx-+-41-over-sqrt1-x2,Yes,Excluded,,,Yes,Partial,0,0,Unknown,,Not reviewed
https://derivativecalculatorai.com/integral-of-1-over-2sqrtx,integral-of-1-over-2sqrtx,problems.json,integral,problem,200,Yes,index,https://derivativecalculatorai.com/integral-of-1-over-2sqrtx,Yes,Excluded,,,Yes,Partial,0,0,Unknown,,Not reviewed
https://derivativecalculatorai.com/integral-of--x2-+-sqrtx,integral-of--x2-+-sqrtx,problems.json,integral,problem,200,Yes,index,https://derivativecalculatorai.com/integral-of--x2-+-sqrtx,Yes,Excluded,,,Yes,Partial,0,0,Unknown,,Not reviewed
https://derivativecalculatorai.com/integral-of-41-over-x,integral-of-41-over-x,problems.json,integral,problem,200,Yes,index,https://derivativecalculatorai.com/integral-of-41-over-x,Yes,Excluded,,,Yes,Partial,0,0,Unknown,,Not reviewed
https://derivativecalculatorai.com/integral-of-cosx--tanx-+-1-over-x,integral-of-cosx--tanx-+-1-over-x,problems.json,integral,problem,200,Yes,index,https://derivativecalculatorai.com/integral-of-cosx--tanx-+-1-over-x,Yes,Excluded,,,Yes,Partial,0,0,Unknown,,Not reviewed
https://derivativecalculatorai.com/integral-of-3lnx,integral-of-3lnx,problems.json,integral,problem,200,Yes,index,https://derivativecalculatorai.com/integral-of-3lnx,Yes,Excluded,,,Yes,Partial,0,0,Unknown,,Not reviewed
https://derivativecalculatorai.com/integral-of-1-over-1+x2,integral-of-1-over-1+x2,problems.json,integral,problem,200,Yes,index,https://derivativecalculatorai.com/integral-of-1-over-1+x2,Yes,Excluded,,,Yes,Partial,0,0,Unknown,,Not reviewed
https://derivativecalculatorai.com/integral-of-3sinx,integral-of-3sinx,problems.json,integral,problem,200,No,noindex,https://derivativecalculatorai.com/integral-of-3sinx,Yes,Excluded,,,Yes,Partial,0,0,Unknown,,Not reviewed
https://derivativecalculatorai.com/integral-of--x2,integral-of--x2,problems.json,integral,problem,200,Yes,index,https://derivativecalculatorai.com/integral-of--x2,Yes,Excluded,,,Yes,Partial,0,0,Unknown,,Not reviewed
https://derivativecalculatorai.com/integral-of--tanx,integral-of--tanx,problems.json,integral,problem,200,Yes,index,https://derivativecalculatorai.com/integral-of--tanx,Yes,Excluded,,,Yes,Partial,0,0,Unknown,,Not reviewed
https://derivativecalculatorai.com/integral-of-1-over-x2-+-5lnx,integral-of-1-over-x2-+-5lnx,problems.json,integral,problem,200,Yes,index,https://derivativecalculatorai.com/integral-of-1-over-x2-+-5lnx,Yes,Excluded,,,Yes,Partial,0,0,Unknown,,Not reviewed
https://derivativecalculatorai.com/integral-of-41-over-1+x2,integral-of-41-over-1+x2,problems.json,integral,problem,200,Yes,index,https://derivativecalculatorai.com/integral-of-41-over-1+x2,Yes,Excluded,,,Yes,Partial,0,0,Unknown,,Not reviewed
https://derivativecalculatorai.com/integral-of-4sqrtx-+-2x2-+-1-over-2cosx,integral-of-4sqrtx-+-2x2-+-1-over-2cosx,problems.json,integral,problem,200,Yes,index,https://derivativecalculatorai.com/integral-of-4sqrtx-+-2x2-+-1-over-2cosx,Yes,Excluded,,,Yes,Partial,0,0,Unknown,,Not reviewed
https://derivativecalculatorai.com/integral-of-3x4,integral-of-3x4,problems.json,integral,problem,200,Yes,index,https://derivativecalculatorai.com/integral-of-3x4,Yes,Excluded,,,Yes,Partial,0,0,Unknown,,Not reviewed
https://derivativecalculatorai.com/integral-of-2x3-+-1-over-2x2,integral-of-2x3-+-1-over-2x2,problems.json,integral,problem,200,Yes,index,https://derivativecalculatorai.com/integral-of-2x3-+-1-over-2x2,Yes,Excluded,,,Yes,Partial,0,0,Unknown,,Not reviewed
https://derivativecalculatorai.com/integral-of-lnx,integral-of-lnx,problems.json,integral,problem,200,No,noindex,https://derivativecalculatorai.com/integral-of-lnx,Yes,Excluded,,,Yes,Partial,0,0,Unknown,,Not reviewed
https://derivativecalculatorai.com/integral-of-5sinx,integral-of-5sinx,problems.json,integral,problem,200,No,noindex,https://derivativecalculatorai.com/integral-of-5sinx,Yes,Excluded,,,Yes,Partial,0,0,Unknown,,Not reviewed
https://derivativecalculatorai.com/integral-of-4x4,integral-of-4x4,problems.json,integral,problem,200,No,noindex,https://derivativecalculatorai.com/integral-of-4x4,Yes,Excluded,,,Yes,Partial,0,0,Unknown,,Not reviewed
https://derivativecalculatorai.com/integral-of-1-over-21-over-x2-+-1-over-2x2,integral-of-1-over-21-over-x2-+-1-over-2x2,problems.json,integral,problem,200,Yes,index,https://derivativecalculatorai.com/integral-of-1-over-21-over-x2-+-1-over-2x2,Yes,Excluded,,,Yes,Partial,0,0,Unknown,,Not reviewed
https://derivativecalculatorai.com/integral-of-3x-+-x4--lnx,integral-of-3x-+-x4--lnx,problems.json,integral,problem,200,Yes,index,https://derivativecalculatorai.com/integral-of-3x-+-x4--lnx,Yes,Excluded,,,Yes,Partial,0,0,Unknown,,Not reviewed
https://derivativecalculatorai.com/integral-of-sqrtx,integral-of-sqrtx,problems.json,integral,problem,200,No,noindex,https://derivativecalculatorai.com/integral-of-sqrtx,Yes,Excluded,,,Yes,Partial,0,0,Unknown,,Not reviewed
https://derivativecalculatorai.com/integral-of--x4-+-5x3,integral-of--x4-+-5x3,problems.json,integral,problem,200,Yes,index,https://derivativecalculatorai.com/integral-of--x4-+-5x3,Yes,Excluded,,,Yes,Partial,0,0,Unknown,,Not reviewed
https://derivativecalculatorai.com/integral-of--x,integral-of--x,problems.json,integral,problem,200,No,noindex,https://derivativecalculatorai.com/integral-of--x,Yes,Excluded,,,Yes,Partial,0,0,Unknown,,Not reviewed
https://derivativecalculatorai.com/integral-of-tanx-+-21-over-x,integral-of-tanx-+-21-over-x,problems.json,integral,problem,200,Yes,index,https://derivativecalculatorai.com/integral-of-tanx-+-21-over-x,Yes,Excluded,,,Yes,Partial,0,0,Unknown,,Not reviewed
https://derivativecalculatorai.com/integral-of-3x2,integral-of-3x2,problems.json,integral,problem,200,No,noindex,https://derivativecalculatorai.com/integral-of-3x2,Yes,Excluded,,,Yes,Partial,0,0,Unknown,,Not reviewed
https://derivativecalculatorai.com/integral-of-41-over-x2,integral-of-41-over-x2,problems.json,integral,problem,200,Yes,index,https://derivativecalculatorai.com/integral-of-41-over-x2,Yes,Excluded,,,Yes,Partial,0,0,Unknown,,Not reviewed
https://derivativecalculatorai.com/integral-of-1-over-2ex--lnx-+-5x3,integral-of-1-over-2ex--lnx-+-5x3,problems.json,integral,problem,200,Yes,index,https://derivativecalculatorai.com/integral-of-1-over-2ex--lnx-+-5x3,Yes,Excluded,,,Yes,Partial,0,0,Unknown,,Not reviewed
https://derivativecalculatorai.com/integral-of-1-over-2lnx,integral-of-1-over-2lnx,problems.json,integral,problem,200,Yes,index,https://derivativecalculatorai.com/integral-of-1-over-2lnx,Yes,Excluded,,,Yes,Partial,0,0,Unknown,,Not reviewed
https://derivativecalculatorai.com/integral-of-5tanx-+-2sinx,integral-of-5tanx-+-2sinx,problems.json,integral,problem,200,Yes,index,https://derivativecalculatorai.com/integral-of-5tanx-+-2sinx,Yes,Excluded,,,Yes,Partial,0,0,Unknown,,Not reviewed
https://derivativecalculatorai.com/integral-of--lnx,integral-of--lnx,problems.json,integral,problem,200,Yes,index,https://derivativecalculatorai.com/integral-of--lnx,Yes,Excluded,,,Yes,Partial,0,0,Unknown,,Not reviewed
https://derivativecalculatorai.com/integral-of-2lnx,integral-of-2lnx,problems.json,integral,problem,200,Yes,index,https://derivativecalculatorai.com/integral-of-2lnx,Yes,Excluded,,,Yes,Partial,0,0,Unknown,,Not reviewed
https://derivativecalculatorai.com/integral-of-1-over-2x,integral-of-1-over-2x,problems.json,integral,problem,200,Yes,index,https://derivativecalculatorai.com/integral-of-1-over-2x,Yes,Excluded,,,Yes,Partial,0,0,Unknown,,Not reviewed
https://derivativecalculatorai.com/integral-of-5sinx-+-3cosx,integral-of-5sinx-+-3cosx,problems.json,integral,problem,200,Yes,index,https://derivativecalculatorai.com/integral-of-5sinx-+-3cosx,Yes,Excluded,,,Yes,Partial,0,0,Unknown,,Not reviewed
https://derivativecalculatorai.com/integral-of-31-over-x2-+-x3,integral-of-31-over-x2-+-x3,problems.json,integral,problem,200,Yes,index,https://derivativecalculatorai.com/integral-of-31-over-x2-+-x3,Yes,Excluded,,,Yes,Partial,0,0,Unknown,,Not reviewed
https://derivativecalculatorai.com/integral-of-2x2-+-3ex,integral-of-2x2-+-3ex,problems.json,integral,problem,200,Yes,index,https://derivativecalculatorai.com/integral-of-2x2-+-3ex,Yes,Excluded,,,Yes,Partial,0,0,Unknown,,Not reviewed
https://derivativecalculatorai.com/integral-of-1-over-2x-+-2x4--ex,integral-of-1-over-2x-+-2x4--ex,problems.json,integral,problem,200,Yes,index,https://derivativecalculatorai.com/integral-of-1-over-2x-+-2x4--ex,Yes,Excluded,,,Yes,Partial,0,0,Unknown,,Not reviewed
https://derivativecalculatorai.com/integral-of-2x3-+-1-over-21-over-x2,integral-of-2x3-+-1-over-21-over-x2,problems.json,integral,problem,200,Yes,index,https://derivativecalculatorai.com/integral-of-2x3-+-1-over-21-over-x2,Yes,Excluded,,,Yes,Partial,0,0,Unknown,,Not reviewed
https://derivativecalculatorai.com/integral-of-21-over-x--secx2,integral-of-21-over-x--secx2,problems.json,integral,problem,200,Yes,index,https://derivativecalculatorai.com/integral-of-21-over-x--secx2,Yes,Excluded,,,Yes,Partial,0,0,Unknown,,Not reviewed
https://derivativecalculatorai.com/integral-of-1-over-21-over-x-+-5tanx,integral-of-1-over-21-over-x-+-5tanx,problems.json,integral,problem,200,Yes,index,https://derivativecalculatorai.com/integral-of-1-over-21-over-x-+-5tanx,Yes,Excluded,,,Yes,Partial,0,0,Unknown,,Not reviewed
https://derivativecalculatorai.com/integral-of-sqrtx-+-3x,integral-of-sqrtx-+-3x,problems.json,integral,problem,200,Yes,index,https://derivativecalculatorai.com/integral-of-sqrtx-+-3x,Yes,Excluded,,,Yes,Partial,0,0,Unknown,,Not reviewed
https://derivativecalculatorai.com/integral-of-sinx-+-21-over-sqrt1-x2,integral-of-sinx-+-21-over-sqrt1-x2,problems.json,integral,problem,200,Yes,index,https://derivativecalculatorai.com/integral-of-sinx-+-21-over-sqrt1-x2,Yes,Excluded,,,Yes,Partial,0,0,Unknown,,Not reviewed
https://derivativecalculatorai.com/integral-of-3ex,integral-of-3ex,problems.json,integral,problem,200,Yes,index,https://derivativecalculatorai.com/integral-of-3ex,Yes,Excluded,,,Yes,Partial,0,0,Unknown,,Not reviewed
https://derivativecalculatorai.com/integral-of-3tanx--1-over-x2,integral-of-3tanx--1-over-x2,problems.json,integral,problem,200,Yes,index,https://derivativecalculatorai.com/integral-of-3tanx--1-over-x2,Yes,Excluded,,,Yes,Partial,0,0,Unknown,,Not reviewed
https://derivativecalculatorai.com/integral-of--1-over-x2,integral-of--1-over-x2,problems.json,integral,problem,200,Yes,index,https://derivativecalculatorai.com/integral-of--1-over-x2,Yes,Excluded,,,Yes,Partial,0,0,Unknown,,Not reviewed
https://derivativecalculatorai.com/integral-of-31-over-sqrt1-x2-+-5tanx,integral-of-31-over-sqrt1-x2-+-5tanx,problems.json,integral,problem,200,Yes,index,https://derivativecalculatorai.com/integral-of-31-over-sqrt1-x2-+-5tanx,Yes,Excluded,,,Yes,Partial,0,0,Unknown,,Not reviewed
https://derivativecalculatorai.com/integral-of-4sinx-+-5x3,integral-of-4sinx-+-5x3,problems.json,integral,problem,200,Yes,index,https://derivativecalculatorai.com/integral-of-4sinx-+-5x3,Yes,Excluded,,,Yes,Partial,0,0,Unknown,,Not reviewed
https://derivativecalculatorai.com/integral-of--x3,integral-of--x3,problems.json,integral,problem,200,Yes,index,https://derivativecalculatorai.com/integral-of--x3,Yes,Excluded,,,Yes,Partial,0,0,Unknown,,Not reviewed
https://derivativecalculatorai.com/integral-of--x2-+-5x3-+-5sqrtx,integral-of--x2-+-5x3-+-5sqrtx,problems.json,integral,problem,200,Yes,index,https://derivativecalculatorai.com/integral-of--x2-+-5x3-+-5sqrtx,Yes,Excluded,,,Yes,Partial,0,0,Unknown,,Not reviewed
https://derivativecalculatorai.com/integral-of-sinx,integral-of-sinx,problems.json,integral,problem,200,No,noindex,https://derivativecalculatorai.com/integral-of-sinx,Yes,Excluded,,,Yes,Partial,0,0,Unknown,,Not reviewed
https://derivativecalculatorai.com/integral-of-31-over-sqrt1-x2,integral-of-31-over-sqrt1-x2,problems.json,integral,problem,200,Yes,index,https://derivativecalculatorai.com/integral-of-31-over-sqrt1-x2,Yes,Excluded,,,Yes,Partial,0,0,Unknown,,Not reviewed
https://derivativecalculatorai.com/integral-of-4tanx-+-1-over-21-over-x2-+-4lnx,integral-of-4tanx-+-1-over-21-over-x2-+-4lnx,problems.json,integral,problem,200,Yes,index,https://derivativecalculatorai.com/integral-of-4tanx-+-1-over-21-over-x2-+-4lnx,Yes,Excluded,,,Yes,Partial,0,0,Unknown,,Not reviewed
https://derivativecalculatorai.com/integral-of-5x3,integral-of-5x3,problems.json,integral,problem,200,Yes,index,https://derivativecalculatorai.com/integral-of-5x3,Yes,Excluded,,,Yes,Partial,0,0,Unknown,,Not reviewed
https://derivativecalculatorai.com/integral-of-3secx2-+-ex,integral-of-3secx2-+-ex,problems.json,integral,problem,200,Yes,index,https://derivativecalculatorai.com/integral-of-3secx2-+-ex,Yes,Excluded,,,Yes,Partial,0,0,Unknown,,Not reviewed
https://derivativecalculatorai.com/integral-of-3cosx,integral-of-3cosx,problems.json,integral,problem,200,No,noindex,https://derivativecalculatorai.com/integral-of-3cosx,Yes,Excluded,,,Yes,Partial,0,0,Unknown,,Not reviewed
https://derivativecalculatorai.com/integral-of-1-over-2sinx-+-4secx2,integral-of-1-over-2sinx-+-4secx2,problems.json,integral,problem,200,Yes,index,https://derivativecalculatorai.com/integral-of-1-over-2sinx-+-4secx2,Yes,Excluded,,,Yes,Partial,0,0,Unknown,,Not reviewed
https://derivativecalculatorai.com/integral-of-4lnx,integral-of-4lnx,problems.json,integral,problem,200,Yes,index,https://derivativecalculatorai.com/integral-of-4lnx,Yes,Excluded,,,Yes,Partial,0,0,Unknown,,Not reviewed
https://derivativecalculatorai.com/integral-of-x,integral-of-x,problems.json,integral,problem,200,No,noindex,https://derivativecalculatorai.com/integral-of-x,Yes,Excluded,,,Yes,Partial,0,0,Unknown,,Not reviewed
https://derivativecalculatorai.com/integral-of-1-over-2cosx,integral-of-1-over-2cosx,problems.json,integral,problem,200,Yes,index,https://derivativecalculatorai.com/integral-of-1-over-2cosx,Yes,Excluded,,,Yes,Partial,0,0,Unknown,,Not reviewed
https://derivativecalculatorai.com/integral-of-5cosx-+-1-over-2x3,integral-of-5cosx-+-1-over-2x3,problems.json,integral,problem,200,Yes,index,https://derivativecalculatorai.com/integral-of-5cosx-+-1-over-2x3,Yes,Excluded,,,Yes,Partial,0,0,Unknown,,Not reviewed
https://derivativecalculatorai.com/integral-of--1-over-1+x2-+-31-over-1+x2-+-1-over-2x3,integral-of--1-over-1+x2-+-31-over-1+x2-+-1-over-2x3,problems.json,integral,problem,200,No,noindex,https://derivativecalculatorai.com/integral-of--1-over-1+x2-+-31-over-1+x2-+-1-over-2x3,Yes,Excluded,,,Yes,Partial,0,0,Unknown,,Not reviewed
https://derivativecalculatorai.com/integral-of-4sqrtx,integral-of-4sqrtx,problems.json,integral,problem,200,Yes,index,https://derivativecalculatorai.com/integral-of-4sqrtx,Yes,Excluded,,,Yes,Partial,0,0,Unknown,,Not reviewed
https://derivativecalculatorai.com/integral-of-31-over-x2-+-1-over-2secx2-+-51-over-1+x2,integral-of-31-over-x2-+-1-over-2secx2-+-51-over-1+x2,problems.json,integral,problem,200,No,noindex,https://derivativecalculatorai.com/integral-of-31-over-x2-+-1-over-2secx2-+-51-over-1+x2,Yes,Excluded,,,Yes,Partial,0,0,Unknown,,Not reviewed
https://derivativecalculatorai.com/integral-of-2x2,integral-of-2x2,problems.json,integral,problem,200,No,noindex,https://derivativecalculatorai.com/integral-of-2x2,Yes,Excluded,,,Yes,Partial,0,0,Unknown,,Not reviewed
https://derivativecalculatorai.com/integral-of-1-over-2x4,integral-of-1-over-2x4,problems.json,integral,problem,200,Yes,index,https://derivativecalculatorai.com/integral-of-1-over-2x4,Yes,Excluded,,,Yes,Partial,0,0,Unknown,,Not reviewed
https://derivativecalculatorai.com/integral-of-2ex-+-5tanx--1-over-x,integral-of-2ex-+-5tanx--1-over-x,problems.json,integral,problem,200,Yes,index,https://derivativecalculatorai.com/integral-of-2ex-+-5tanx--1-over-x,Yes,Excluded,,,Yes,Partial,0,0,Unknown,,Not reviewed
https://derivativecalculatorai.com/integral-of-41-over-x--lnx,integral-of-41-over-x--lnx,problems.json,integral,problem,200,Yes,index,https://derivativecalculatorai.com/integral-of-41-over-x--lnx,Yes,Excluded,,,Yes,Partial,0,0,Unknown,,Not reviewed
https://derivativecalculatorai.com/integral-of-1-over-2x3,integral-of-1-over-2x3,problems.json,integral,problem,200,Yes,index,https://derivativecalculatorai.com/integral-of-1-over-2x3,Yes,Excluded,,,Yes,Partial,0,0,Unknown,,Not reviewed
https://derivativecalculatorai.com/integral-of-5sinx-+-1-over-2x3-+-sqrtx,integral-of-5sinx-+-1-over-2x3-+-sqrtx,problems.json,integral,problem,200,Yes,index,https://derivativecalculatorai.com/integral-of-5sinx-+-1-over-2x3-+-sqrtx,Yes,Excluded,,,Yes,Partial,0,0,Unknown,,Not reviewed
https://derivativecalculatorai.com/integral-of-41-over-x2-+-1-over-21-over-1+x2-+-3sinx,integral-of-41-over-x2-+-1-over-21-over-1+x2-+-3sinx,problems.json,integral,problem,200,No,noindex,https://derivativecalculatorai.com/integral-of-41-over-x2-+-1-over-21-over-1+x2-+-3sinx,Yes,Excluded,,,Yes,Partial,0,0,Unknown,,Not reviewed
https://derivativecalculatorai.com/integral-of-3ex-+-ex-+-2x,integral-of-3ex-+-ex-+-2x,problems.json,integral,problem,200,Yes,index,https://derivativecalculatorai.com/integral-of-3ex-+-ex-+-2x,Yes,Excluded,,,Yes,Partial,0,0,Unknown,,Not reviewed
https://derivativecalculatorai.com/integral-of-1-over-2lnx--1-over-sqrt1-x2,integral-of-1-over-2lnx--1-over-sqrt1-x2,problems.json,integral,problem,200,Yes,index,https://derivativecalculatorai.com/integral-of-1-over-2lnx--1-over-sqrt1-x2,Yes,Excluded,,,Yes,Partial,0,0,Unknown,,Not reviewed
https://derivativecalculatorai.com/integral-of-x2,integral-of-x2,problems.json,integral,problem,200,No,noindex,https://derivativecalculatorai.com/integral-of-x2,Yes,Excluded,,,Yes,Partial,0,0,Unknown,,Not reviewed
https://derivativecalculatorai.com/integral-of-4secx2,integral-of-4secx2,problems.json,integral,problem,200,Yes,index,https://derivativecalculatorai.com/integral-of-4secx2,Yes,Excluded,,,Yes,Partial,0,0,Unknown,,Not reviewed
https://derivativecalculatorai.com/integral-of-3x2-+-1-over-2x3-+-3x4,integral-of-3x2-+-1-over-2x3-+-3x4,problems.json,integral,problem,200,Yes,index,https://derivativecalculatorai.com/integral-of-3x2-+-1-over-2x3-+-3x4,Yes,Excluded,,,Yes,Partial,0,0,Unknown,,Not reviewed
https://derivativecalculatorai.com/integral-of-5lnx,integral-of-5lnx,problems.json,integral,problem,200,Yes,index,https://derivativecalculatorai.com/integral-of-5lnx,Yes,Excluded,,,Yes,Partial,0,0,Unknown,,Not reviewed
https://derivativecalculatorai.com/integral-of-21-over-1+x2,integral-of-21-over-1+x2,problems.json,integral,problem,200,Yes,index,https://derivativecalculatorai.com/integral-of-21-over-1+x2,Yes,Excluded,,,Yes,Partial,0,0,Unknown,,Not reviewed
https://derivativecalculatorai.com/integral-of--lnx-+-4x-+-4x,integral-of--lnx-+-4x-+-4x,problems.json,integral,problem,200,Yes,index,https://derivativecalculatorai.com/integral-of--lnx-+-4x-+-4x,Yes,Excluded,,,Yes,Partial,0,0,Unknown,,Not reviewed
https://derivativecalculatorai.com/integral-of-1-over-2lnx-+-2sinx,integral-of-1-over-2lnx-+-2sinx,problems.json,integral,problem,200,Yes,index,https://derivativecalculatorai.com/integral-of-1-over-2lnx-+-2sinx,Yes,Excluded,,,Yes,Partial,0,0,Unknown,,Not reviewed
https://derivativecalculatorai.com/integral-of-3secx2,integral-of-3secx2,problems.json,integral,problem,200,Yes,index,https://derivativecalculatorai.com/integral-of-3secx2,Yes,Excluded,,,Yes,Partial,0,0,Unknown,,Not reviewed
https://derivativecalculatorai.com/integral-of-1-over-2sqrtx--x3--sinx,integral-of-1-over-2sqrtx--x3--sinx,problems.json,integral,problem,200,Yes,index,https://derivativecalculatorai.com/integral-of-1-over-2sqrtx--x3--sinx,Yes,Excluded,,,Yes,Partial,0,0,Unknown,,Not reviewed
https://derivativecalculatorai.com/integral-of-tanx,integral-of-tanx,problems.json,integral,problem,200,No,noindex,https://derivativecalculatorai.com/integral-of-tanx,Yes,Excluded,,,Yes,Partial,0,0,Unknown,,Not reviewed
https://derivativecalculatorai.com/integral-of-2secx2-+-3lnx,integral-of-2secx2-+-3lnx,problems.json,integral,problem,200,Yes,index,https://derivativecalculatorai.com/integral-of-2secx2-+-3lnx,Yes,Excluded,,,Yes,Partial,0,0,Unknown,,Not reviewed
https://derivativecalculatorai.com/integral-of-4secx2--x4,integral-of-4secx2--x4,problems.json,integral,problem,200,Yes,index,https://derivativecalculatorai.com/integral-of-4secx2--x4,Yes,Excluded,,,Yes,Partial,0,0,Unknown,,Not reviewed
https://derivativecalculatorai.com/integral-of-1-over-2tanx-+-5x3-+-x,integral-of-1-over-2tanx-+-5x3-+-x,problems.json,integral,problem,200,Yes,index,https://derivativecalculatorai.com/integral-of-1-over-2tanx-+-5x3-+-x,Yes,Excluded,,,Yes,Partial,0,0,Unknown,,Not reviewed
https://derivativecalculatorai.com/integral-of-4sinx-+-51-over-x,integral-of-4sinx-+-51-over-x,problems.json,integral,problem,200,Yes,index,https://derivativecalculatorai.com/integral-of-4sinx-+-51-over-x,Yes,Excluded,,,Yes,Partial,0,0,Unknown,,Not reviewed
https://derivativecalculatorai.com/integral-of-31-over-1+x2,integral-of-31-over-1+x2,problems.json,integral,problem,200,Yes,index,https://derivativecalculatorai.com/integral-of-31-over-1+x2,Yes,Excluded,,,Yes,Partial,0,0,Unknown,,Not reviewed
https://derivativecalculatorai.com/integral-of-1-over-1+x2-+-secx2--tanx,integral-of-1-over-1+x2-+-secx2--tanx,problems.json,integral,problem,200,Yes,index,https://derivativecalculatorai.com/integral-of-1-over-1+x2-+-secx2--tanx,Yes,Excluded,,,Yes,Partial,0,0,Unknown,,Not reviewed
https://derivativecalculatorai.com/integral-of--secx2,integral-of--secx2,problems.json,integral,problem,200,Yes,index,https://derivativecalculatorai.com/integral-of--secx2,Yes,Excluded,,,Yes,Partial,0,0,Unknown,,Not reviewed
https://derivativecalculatorai.com/integral-of-x3,integral-of-x3,problems.json,integral,problem,200,No,noindex,https://derivativecalculatorai.com/integral-of-x3,Yes,Excluded,,,Yes,Partial,0,0,Unknown,,Not reviewed
https://derivativecalculatorai.com/integral-of-1-over-2x3-+-2x-+-x3,integral-of-1-over-2x3-+-2x-+-x3,problems.json,integral,problem,200,Yes,index,https://derivativecalculatorai.com/integral-of-1-over-2x3-+-2x-+-x3,Yes,Excluded,,,Yes,Partial,0,0,Unknown,,Not reviewed
https://derivativecalculatorai.com/integral-of-51-over-1+x2-+-3sinx-+-5x4,integral-of-51-over-1+x2-+-3sinx-+-5x4,problems.json,integral,problem,200,Yes,index,https://derivativecalculatorai.com/integral-of-51-over-1+x2-+-3sinx-+-5x4,Yes,Excluded,,,Yes,Partial,0,0,Unknown,,Not reviewed
https://derivativecalculatorai.com/integral-of-1-over-2tanx,integral-of-1-over-2tanx,problems.json,integral,problem,200,Yes,index,https://derivativecalculatorai.com/integral-of-1-over-2tanx,Yes,Excluded,,,Yes,Partial,0,0,Unknown,,Not reviewed
https://derivativecalculatorai.com/integral-of-5sqrtx,integral-of-5sqrtx,problems.json,integral,problem,200,Yes,index,https://derivativecalculatorai.com/integral-of-5sqrtx,Yes,Excluded,,,Yes,Partial,0,0,Unknown,,Not reviewed
https://derivativecalculatorai.com/integral-of-4sinx,integral-of-4sinx,problems.json,integral,problem,200,No,noindex,https://derivativecalculatorai.com/integral-of-4sinx,Yes,Excluded,,,Yes,Partial,0,0,Unknown,,Not reviewed
https://derivativecalculatorai.com/integral-of-2ex--ex,integral-of-2ex--ex,problems.json,integral,problem,200,Yes,index,https://derivativecalculatorai.com/integral-of-2ex--ex,Yes,Excluded,,,Yes,Partial,0,0,Unknown,,Not reviewed
https://derivativecalculatorai.com/integral-of-4x3,integral-of-4x3,problems.json,integral,problem,200,Yes,index,https://derivativecalculatorai.com/integral-of-4x3,Yes,Excluded,,,Yes,Partial,0,0,Unknown,,Not reviewed
https://derivativecalculatorai.com/integral-of-1-over-x2,integral-of-1-over-x2,problems.json,integral,problem,200,No,noindex,https://derivativecalculatorai.com/integral-of-1-over-x2,Yes,Excluded,,,Yes,Partial,0,0,Unknown,,Not reviewed
https://derivativecalculatorai.com/integral-of-3sqrtx-+-51-over-x2--x3,integral-of-3sqrtx-+-51-over-x2--x3,problems.json,integral,problem,200,Yes,index,https://derivativecalculatorai.com/integral-of-3sqrtx-+-51-over-x2--x3,Yes,Excluded,,,Yes,Partial,0,0,Unknown,,Not reviewed
https://derivativecalculatorai.com/integral-of-5x4-+-4lnx,integral-of-5x4-+-4lnx,problems.json,integral,problem,200,Yes,index,https://derivativecalculatorai.com/integral-of-5x4-+-4lnx,Yes,Excluded,,,Yes,Partial,0,0,Unknown,,Not reviewed
https://derivativecalculatorai.com/integral-of--sqrtx-+-sqrtx-+-2secx2,integral-of--sqrtx-+-sqrtx-+-2secx2,problems.json,integral,problem,200,Yes,index,https://derivativecalculatorai.com/integral-of--sqrtx-+-sqrtx-+-2secx2,Yes,Excluded,,,Yes,Partial,0,0,Unknown,,Not reviewed
https://derivativecalculatorai.com/integral-of-3secx2-+-x2,integral-of-3secx2-+-x2,problems.json,integral,problem,200,Yes,index,https://derivativecalculatorai.com/integral-of-3secx2-+-x2,Yes,Excluded,,,Yes,Partial,0,0,Unknown,,Not reviewed
https://derivativecalculatorai.com/integral-of-1-over-2x3-+-51-over-sqrt1-x2,integral-of-1-over-2x3-+-51-over-sqrt1-x2,problems.json,integral,problem,200,Yes,index,https://derivativecalculatorai.com/integral-of-1-over-2x3-+-51-over-sqrt1-x2,Yes,Excluded,,,Yes,Partial,0,0,Unknown,,Not reviewed
https://derivativecalculatorai.com/integral-of-5ex-+-3x4,integral-of-5ex-+-3x4,problems.json,integral,problem,200,Yes,index,https://derivativecalculatorai.com/integral-of-5ex-+-3x4,Yes,Excluded,,,Yes,Partial,0,0,Unknown,,Not reviewed
https://derivativecalculatorai.com/integral-of--x3-+-41-over-x,integral-of--x3-+-41-over-x,problems.json,integral,problem,200,Yes,index,https://derivativecalculatorai.com/integral-of--x3-+-41-over-x,Yes,Excluded,,,Yes,Partial,0,0,Unknown,,Not reviewed
https://derivativecalculatorai.com/integral-of-3lnx--cosx-+-31-over-x,integral-of-3lnx--cosx-+-31-over-x,problems.json,integral,problem,200,Yes,index,https://derivativecalculatorai.com/integral-of-3lnx--cosx-+-31-over-x,Yes,Excluded,,,Yes,Partial,0,0,Unknown,,Not reviewed
https://derivativecalculatorai.com/integral-of-3x,integral-of-3x,problems.json,integral,problem,200,No,noindex,https://derivativecalculatorai.com/integral-of-3x,Yes,Excluded,,,Yes,Partial,0,0,Unknown,,Not reviewed
https://derivativecalculatorai.com/integral-of-tanx-+-ex-+-3x4,integral-of-tanx-+-ex-+-3x4,problems.json,integral,problem,200,Yes,index,https://derivativecalculatorai.com/integral-of-tanx-+-ex-+-3x4,Yes,Excluded,,,Yes,Partial,0,0,Unknown,,Not reviewed
https://derivativecalculatorai.com/integral-of-2tanx--x2-+-2x4,integral-of-2tanx--x2-+-2x4,problems.json,integral,problem,200,Yes,index,https://derivativecalculatorai.com/integral-of-2tanx--x2-+-2x4,Yes,Excluded,,,Yes,Partial,0,0,Unknown,,Not reviewed
https://derivativecalculatorai.com/integral-of-2sqrtx-+-2x3,integral-of-2sqrtx-+-2x3,problems.json,integral,problem,200,Yes,index,https://derivativecalculatorai.com/integral-of-2sqrtx-+-2x3,Yes,Excluded,,,Yes,Partial,0,0,Unknown,,Not reviewed
https://derivativecalculatorai.com/integral-of-2ex-+-5sqrtx-+-4secx2,integral-of-2ex-+-5sqrtx-+-4secx2,problems.json,integral,problem,200,Yes,index,https://derivativecalculatorai.com/integral-of-2ex-+-5sqrtx-+-4secx2,Yes,Excluded,,,Yes,Partial,0,0,Unknown,,Not reviewed
https://derivativecalculatorai.com/integral-of-1-over-21-over-1+x2-+-1-over-sqrt1-x2-+-2x,integral-of-1-over-21-over-1+x2-+-1-over-sqrt1-x2-+-2x,problems.json,integral,problem,200,No,noindex,https://derivativecalculatorai.com/integral-of-1-over-21-over-1+x2-+-1-over-sqrt1-x2-+-2x,Yes,Excluded,,,Yes,Partial,0,0,Unknown,,Not reviewed
https://derivativecalculatorai.com/integral-of-5cosx--x,integral-of-5cosx--x,problems.json,integral,problem,200,Yes,index,https://derivativecalculatorai.com/integral-of-5cosx--x,Yes,Excluded,,,Yes,Partial,0,0,Unknown,,Not reviewed
https://derivativecalculatorai.com/integral-of-5ex,integral-of-5ex,problems.json,integral,problem,200,Yes,index,https://derivativecalculatorai.com/integral-of-5ex,Yes,Excluded,,,Yes,Partial,0,0,Unknown,,Not reviewed
https://derivativecalculatorai.com/integral-of-4lnx-+-secx2-+-1-over-2ex,integral-of-4lnx-+-secx2-+-1-over-2ex,problems.json,integral,problem,200,Yes,index,https://derivativecalculatorai.com/integral-of-4lnx-+-secx2-+-1-over-2ex,Yes,Excluded,,,Yes,Partial,0,0,Unknown,,Not reviewed
https://derivativecalculatorai.com/integral-of--lnx-+-1-over-sqrt1-x2,integral-of--lnx-+-1-over-sqrt1-x2,problems.json,integral,problem,200,Yes,index,https://derivativecalculatorai.com/integral-of--lnx-+-1-over-sqrt1-x2,Yes,Excluded,,,Yes,Partial,0,0,Unknown,,Not reviewed
https://derivativecalculatorai.com/integral-of-1-over-sqrt1-x2-+-2sqrtx,integral-of-1-over-sqrt1-x2-+-2sqrtx,problems.json,integral,problem,200,Yes,index,https://derivativecalculatorai.com/integral-of-1-over-sqrt1-x2-+-2sqrtx,Yes,Excluded,,,Yes,Partial,0,0,Unknown,,Not reviewed
https://derivativecalculatorai.com/integral-of-1-over-2x2-+-5lnx,integral-of-1-over-2x2-+-5lnx,problems.json,integral,problem,200,Yes,index,https://derivativecalculatorai.com/integral-of-1-over-2x2-+-5lnx,Yes,Excluded,,,Yes,Partial,0,0,Unknown,,Not reviewed
https://derivativecalculatorai.com/integral-of-1-over-2x2,integral-of-1-over-2x2,problems.json,integral,problem,200,Yes,index,https://derivativecalculatorai.com/integral-of-1-over-2x2,Yes,Excluded,,,Yes,Partial,0,0,Unknown,,Not reviewed
https://derivativecalculatorai.com/integral-of-1-over-2ex,integral-of-1-over-2ex,problems.json,integral,problem,200,Yes,index,https://derivativecalculatorai.com/integral-of-1-over-2ex,Yes,Excluded,,,Yes,Partial,0,0,Unknown,,Not reviewed
https://derivativecalculatorai.com/integral-of-4x4-+-3x-+-3x3,integral-of-4x4-+-3x-+-3x3,problems.json,integral,problem,200,Yes,index,https://derivativecalculatorai.com/integral-of-4x4-+-3x-+-3x3,Yes,Excluded,,,Yes,Partial,0,0,Unknown,,Not reviewed
https://derivativecalculatorai.com/integral-of-5x2,integral-of-5x2,problems.json,integral,problem,200,Yes,index,https://derivativecalculatorai.com/integral-of-5x2,Yes,Excluded,,,Yes,Partial,0,0,Unknown,,Not reviewed
https://derivativecalculatorai.com/integral-of--sinx-+-1-over-1+x2,integral-of--sinx-+-1-over-1+x2,problems.json,integral,problem,200,Yes,index,https://derivativecalculatorai.com/integral-of--sinx-+-1-over-1+x2,Yes,Excluded,,,Yes,Partial,0,0,Unknown,,Not reviewed
https://derivativecalculatorai.com/integral-of-3x4-+-1-over-21-over-sqrt1-x2,integral-of-3x4-+-1-over-21-over-sqrt1-x2,problems.json,integral,problem,200,Yes,index,https://derivativecalculatorai.com/integral-of-3x4-+-1-over-21-over-sqrt1-x2,Yes,Excluded,,,Yes,Partial,0,0,Unknown,,Not reviewed
https://derivativecalculatorai.com/integral-of-5cosx-+-cosx-+-1-over-21-over-x,integral-of-5cosx-+-cosx-+-1-over-21-over-x,problems.json,integral,problem,200,Yes,index,https://derivativecalculatorai.com/integral-of-5cosx-+-cosx-+-1-over-21-over-x,Yes,Excluded,,,Yes,Partial,0,0,Unknown,,Not reviewed
https://derivativecalculatorai.com/integral-of-1-over-2sinx--1-over-x2,integral-of-1-over-2sinx--1-over-x2,problems.json,integral,problem,200,Yes,index,https://derivativecalculatorai.com/integral-of-1-over-2sinx--1-over-x2,Yes,Excluded,,,Yes,Partial,0,0,Unknown,,Not reviewed
https://derivativecalculatorai.com/integral-of-1-over-x-+-5x,integral-of-1-over-x-+-5x,problems.json,integral,problem,200,Yes,index,https://derivativecalculatorai.com/integral-of-1-over-x-+-5x,Yes,Excluded,,,Yes,Partial,0,0,Unknown,,Not reviewed
https://derivativecalculatorai.com/integral-of-1-over-x-+-51-over-x2,integral-of-1-over-x-+-51-over-x2,problems.json,integral,problem,200,Yes,index,https://derivativecalculatorai.com/integral-of-1-over-x-+-51-over-x2,Yes,Excluded,,,Yes,Partial,0,0,Unknown,,Not reviewed
https://derivativecalculatorai.com/integral-of-2x3,integral-of-2x3,problems.json,integral,problem,200,Yes,index,https://derivativecalculatorai.com/integral-of-2x3,Yes,Excluded,,,Yes,Partial,0,0,Unknown,,Not reviewed
https://derivativecalculatorai.com/integral-of-3x-+-21-over-x--x4,integral-of-3x-+-21-over-x--x4,problems.json,integral,problem,200,Yes,index,https://derivativecalculatorai.com/integral-of-3x-+-21-over-x--x4,Yes,Excluded,,,Yes,Partial,0,0,Unknown,,Not reviewed
https://derivativecalculatorai.com/integral-of-4sinx-+-41-over-sqrt1-x2,integral-of-4sinx-+-41-over-sqrt1-x2,problems.json,integral,problem,200,Yes,index,https://derivativecalculatorai.com/integral-of-4sinx-+-41-over-sqrt1-x2,Yes,Excluded,,,Yes,Partial,0,0,Unknown,,Not reviewed
https://derivativecalculatorai.com/integral-of--sinx,integral-of--sinx,problems.json,integral,problem,200,Yes,index,https://derivativecalculatorai.com/integral-of--sinx,Yes,Excluded,,,Yes,Partial,0,0,Unknown,,Not reviewed
https://derivativecalculatorai.com/integral-of-3x4-+-4sinx-+-41-over-sqrt1-x2,integral-of-3x4-+-4sinx-+-41-over-sqrt1-x2,problems.json,integral,problem,200,Yes,index,https://derivativecalculatorai.com/integral-of-3x4-+-4sinx-+-41-over-sqrt1-x2,Yes,Excluded,,,Yes,Partial,0,0,Unknown,,Not reviewed
https://derivativecalculatorai.com/integral-of-5cosx-+-4cosx,integral-of-5cosx-+-4cosx,problems.json,integral,problem,200,Yes,index,https://derivativecalculatorai.com/integral-of-5cosx-+-4cosx,Yes,Excluded,,,Yes,Partial,0,0,Unknown,,Not reviewed
https://derivativecalculatorai.com/integral-of-x2-+-2tanx,integral-of-x2-+-2tanx,problems.json,integral,problem,200,Yes,index,https://derivativecalculatorai.com/integral-of-x2-+-2tanx,Yes,Excluded,,,Yes,Partial,0,0,Unknown,,Not reviewed
https://derivativecalculatorai.com/integral-of-5x3-+-5cosx,integral-of-5x3-+-5cosx,problems.json,integral,problem,200,Yes,index,https://derivativecalculatorai.com/integral-of-5x3-+-5cosx,Yes,Excluded,,,Yes,Partial,0,0,Unknown,,Not reviewed
https://derivativecalculatorai.com/integral-of-5sqrtx-+-1-over-2x4,integral-of-5sqrtx-+-1-over-2x4,problems.json,integral,problem,200,Yes,index,https://derivativecalculatorai.com/integral-of-5sqrtx-+-1-over-2x4,Yes,Excluded,,,Yes,Partial,0,0,Unknown,,Not reviewed
https://derivativecalculatorai.com/integral-of-1-over-2x2-+-4cosx-+-3cosx,integral-of-1-over-2x2-+-4cosx-+-3cosx,problems.json,integral,problem,200,Yes,index,https://derivativecalculatorai.com/integral-of-1-over-2x2-+-4cosx-+-3cosx,Yes,Excluded,,,Yes,Partial,0,0,Unknown,,Not reviewed
https://derivativecalculatorai.com/integral-of-1-over-21-over-1+x2-+-2x2,integral-of-1-over-21-over-1+x2-+-2x2,problems.json,integral,problem,200,Yes,index,https://derivativecalculatorai.com/integral-of-1-over-21-over-1+x2-+-2x2,Yes,Excluded,,,Yes,Partial,0,0,Unknown,,Not reviewed
https://derivativecalculatorai.com/integral-of-2x2-+-41-over-sqrt1-x2-+-3sqrtx,integral-of-2x2-+-41-over-sqrt1-x2-+-3sqrtx,problems.json,integral,problem,200,Yes,index,https://derivativecalculatorai.com/integral-of-2x2-+-41-over-sqrt1-x2-+-3sqrtx,Yes,Excluded,,,Yes,Partial,0,0,Unknown,,Not reviewed
https://derivativecalculatorai.com/integral-of-4x4-+-secx2-+-21-over-x2,integral-of-4x4-+-secx2-+-21-over-x2,problems.json,integral,problem,200,Yes,index,https://derivativecalculatorai.com/integral-of-4x4-+-secx2-+-21-over-x2,Yes,Excluded,,,Yes,Partial,0,0,Unknown,,Not reviewed
https://derivativecalculatorai.com/integral-of-1-over-21-over-x-+-1-over-2x3,integral-of-1-over-21-over-x-+-1-over-2x3,problems.json,integral,problem,200,Yes,index,https://derivativecalculatorai.com/integral-of-1-over-21-over-x-+-1-over-2x3,Yes,Excluded,,,Yes,Partial,0,0,Unknown,,Not reviewed
https://derivativecalculatorai.com/integral-of-3tanx-+-21-over-1+x2--1-over-1+x2,integral-of-3tanx-+-21-over-1+x2--1-over-1+x2,problems.json,integral,problem,200,Yes,index,https://derivativecalculatorai.com/integral-of-3tanx-+-21-over-1+x2--1-over-1+x2,Yes,Excluded,,,Yes,Partial,0,0,Unknown,,Not reviewed
https://derivativecalculatorai.com/integral-of-41-over-x2-+-1-over-21-over-x,integral-of-41-over-x2-+-1-over-21-over-x,problems.json,integral,problem,200,Yes,index,https://derivativecalculatorai.com/integral-of-41-over-x2-+-1-over-21-over-x,Yes,Excluded,,,Yes,Partial,0,0,Unknown,,Not reviewed
https://derivativecalculatorai.com/integral-of-lnx-+-4cosx-+-cosx,integral-of-lnx-+-4cosx-+-cosx,problems.json,integral,problem,200,Yes,index,https://derivativecalculatorai.com/integral-of-lnx-+-4cosx-+-cosx,Yes,Excluded,,,Yes,Partial,0,0,Unknown,,Not reviewed
https://derivativecalculatorai.com/integral-of-secx2,integral-of-secx2,problems.json,integral,problem,200,Yes,index,https://derivativecalculatorai.com/integral-of-secx2,Yes,Excluded,,,Yes,Partial,0,0,Unknown,,Not reviewed
https://derivativecalculatorai.com/integral-of-1-over-2x-+-5x-+-x4,integral-of-1-over-2x-+-5x-+-x4,problems.json,integral,problem,200,Yes,index,https://derivativecalculatorai.com/integral-of-1-over-2x-+-5x-+-x4,Yes,Excluded,,,Yes,Partial,0,0,Unknown,,Not reviewed
https://derivativecalculatorai.com/integral-of--1-over-1+x2-+-1-over-x,integral-of--1-over-1+x2-+-1-over-x,problems.json,integral,problem,200,Yes,index,https://derivativecalculatorai.com/integral-of--1-over-1+x2-+-1-over-x,Yes,Excluded,,,Yes,Partial,0,0,Unknown,,Not reviewed
https://derivativecalculatorai.com/integral-of-1-over-2cosx-+-1-over-2x3-+-1-over-2x4,integral-of-1-over-2cosx-+-1-over-2x3-+-1-over-2x4,problems.json,integral,problem,200,Yes,index,https://derivativecalculatorai.com/integral-of-1-over-2cosx-+-1-over-2x3-+-1-over-2x4,Yes,Excluded,,,Yes,Partial,0,0,Unknown,,Not reviewed
https://derivativecalculatorai.com/integral-of--1-over-sqrt1-x2--sinx,integral-of--1-over-sqrt1-x2--sinx,problems.json,integral,problem,200,Yes,index,https://derivativecalculatorai.com/integral-of--1-over-sqrt1-x2--sinx,Yes,Excluded,,,Yes,Partial,0,0,Unknown,,Not reviewed
https://derivativecalculatorai.com/integral-of-4secx2-+-31-over-1+x2,integral-of-4secx2-+-31-over-1+x2,problems.json,integral,problem,200,Yes,index,https://derivativecalculatorai.com/integral-of-4secx2-+-31-over-1+x2,Yes,Excluded,,,Yes,Partial,0,0,Unknown,,Not reviewed
https://derivativecalculatorai.com/integral-of-3tanx,integral-of-3tanx,problems.json,integral,problem,200,Yes,index,https://derivativecalculatorai.com/integral-of-3tanx,Yes,Excluded,,,Yes,Partial,0,0,Unknown,,Not reviewed
https://derivativecalculatorai.com/integral-of-1-over-21-over-x--1-over-1+x2-+-2x2,integral-of-1-over-21-over-x--1-over-1+x2-+-2x2,problems.json,integral,problem,200,Yes,index,https://derivativecalculatorai.com/integral-of-1-over-21-over-x--1-over-1+x2-+-2x2,Yes,Excluded,,,Yes,Partial,0,0,Unknown,,Not reviewed
https://derivativecalculatorai.com/integral-of-1-over-2x-+-1-over-sqrt1-x2,integral-of-1-over-2x-+-1-over-sqrt1-x2,problems.json,integral,problem,200,Yes,index,https://derivativecalculatorai.com/integral-of-1-over-2x-+-1-over-sqrt1-x2,Yes,Excluded,,,Yes,Partial,0,0,Unknown,,Not reviewed
https://derivativecalculatorai.com/integral-of-21-over-sqrt1-x2,integral-of-21-over-sqrt1-x2,problems.json,integral,problem,200,Yes,index,https://derivativecalculatorai.com/integral-of-21-over-sqrt1-x2,Yes,Excluded,,,Yes,Partial,0,0,Unknown,,Not reviewed
https://derivativecalculatorai.com/integral-of-1-over-sqrt1-x2--ex,integral-of-1-over-sqrt1-x2--ex,problems.json,integral,problem,200,Yes,index,https://derivativecalculatorai.com/integral-of-1-over-sqrt1-x2--ex,Yes,Excluded,,,Yes,Partial,0,0,Unknown,,Not reviewed
https://derivativecalculatorai.com/integral-of-1-over-x2-+-3sinx-+-41-over-x2,integral-of-1-over-x2-+-3sinx-+-41-over-x2,problems.json,integral,problem,200,Yes,index,https://derivativecalculatorai.com/integral-of-1-over-x2-+-3sinx-+-41-over-x2,Yes,Excluded,,,Yes,Partial,0,0,Unknown,,Not reviewed
https://derivativecalculatorai.com/integral-of-1-over-1+x2-+-51-over-x-+-1-over-21-over-1+x2,integral-of-1-over-1+x2-+-51-over-x-+-1-over-21-over-1+x2,problems.json,integral,problem,200,No,noindex,https://derivativecalculatorai.com/integral-of-1-over-1+x2-+-51-over-x-+-1-over-21-over-1+x2,Yes,Excluded,,,Yes,Partial,0,0,Unknown,,Not reviewed
https://derivativecalculatorai.com/integral-of-secx2--x3-+-2lnx,integral-of-secx2--x3-+-2lnx,problems.json,integral,problem,200,Yes,index,https://derivativecalculatorai.com/integral-of-secx2--x3-+-2lnx,Yes,Excluded,,,Yes,Partial,0,0,Unknown,,Not reviewed
https://derivativecalculatorai.com/integral-of-1-over-2secx2,integral-of-1-over-2secx2,problems.json,integral,problem,200,Yes,index,https://derivativecalculatorai.com/integral-of-1-over-2secx2,Yes,Excluded,,,Yes,Partial,0,0,Unknown,,Not reviewed
https://derivativecalculatorai.com/integral-of-5x3--1-over-x,integral-of-5x3--1-over-x,problems.json,integral,problem,200,Yes,index,https://derivativecalculatorai.com/integral-of-5x3--1-over-x,Yes,Excluded,,,Yes,Partial,0,0,Unknown,,Not reviewed
https://derivativecalculatorai.com/integral-of-1-over-2lnx--x4,integral-of-1-over-2lnx--x4,problems.json,integral,problem,200,Yes,index,https://derivativecalculatorai.com/integral-of-1-over-2lnx--x4,Yes,Excluded,,,Yes,Partial,0,0,Unknown,,Not reviewed
https://derivativecalculatorai.com/integral-of-1-over-2sinx,integral-of-1-over-2sinx,problems.json,integral,problem,200,Yes,index,https://derivativecalculatorai.com/integral-of-1-over-2sinx,Yes,Excluded,,,Yes,Partial,0,0,Unknown,,Not reviewed
https://derivativecalculatorai.com/integral-of-3x2-+-1-over-x2-+-1-over-21-over-sqrt1-x2,integral-of-3x2-+-1-over-x2-+-1-over-21-over-sqrt1-x2,problems.json,integral,problem,200,No,noindex,https://derivativecalculatorai.com/integral-of-3x2-+-1-over-x2-+-1-over-21-over-sqrt1-x2,Yes,Excluded,,,Yes,Partial,0,0,Unknown,,Not reviewed
https://derivativecalculatorai.com/integral-of-31-over-1+x2--1-over-x2,integral-of-31-over-1+x2--1-over-x2,problems.json,integral,problem,200,Yes,index,https://derivativecalculatorai.com/integral-of-31-over-1+x2--1-over-x2,Yes,Excluded,,,Yes,Partial,0,0,Unknown,,Not reviewed
https://derivativecalculatorai.com/integral-of-5x2-+-1-over-x2,integral-of-5x2-+-1-over-x2,problems.json,integral,problem,200,Yes,index,https://derivativecalculatorai.com/integral-of-5x2-+-1-over-x2,Yes,Excluded,,,Yes,Partial,0,0,Unknown,,Not reviewed
https://derivativecalculatorai.com/integral-of-2cosx-+-3ex-+-3x,integral-of-2cosx-+-3ex-+-3x,problems.json,integral,problem,200,Yes,index,https://derivativecalculatorai.com/integral-of-2cosx-+-3ex-+-3x,Yes,Excluded,,,Yes,Partial,0,0,Unknown,,Not reviewed
https://derivativecalculatorai.com/integral-of--1-over-1+x2-+-5cosx-+-5sinx,integral-of--1-over-1+x2-+-5cosx-+-5sinx,problems.json,integral,problem,200,Yes,index,https://derivativecalculatorai.com/integral-of--1-over-1+x2-+-5cosx-+-5sinx,Yes,Excluded,,,Yes,Partial,0,0,Unknown,,Not reviewed
https://derivativecalculatorai.com/integral-of-x3-+-ex,integral-of-x3-+-ex,problems.json,integral,problem,200,Yes,index,https://derivativecalculatorai.com/integral-of-x3-+-ex,Yes,Excluded,,,Yes,Partial,0,0,Unknown,,Not reviewed
https://derivativecalculatorai.com/integral-of-3tanx-+-5x2,integral-of-3tanx-+-5x2,problems.json,integral,problem,200,Yes,index,https://derivativecalculatorai.com/integral-of-3tanx-+-5x2,Yes,Excluded,,,Yes,Partial,0,0,Unknown,,Not reviewed
https://derivativecalculatorai.com/integral-of-5ex-+-21-over-x,integral-of-5ex-+-21-over-x,problems.json,integral,problem,200,Yes,index,https://derivativecalculatorai.com/integral-of-5ex-+-21-over-x,Yes,Excluded,,,Yes,Partial,0,0,Unknown,,Not reviewed
https://derivativecalculatorai.com/integral-of--x2--x,integral-of--x2--x,problems.json,integral,problem,200,Yes,index,https://derivativecalculatorai.com/integral-of--x2--x,Yes,Excluded,,,Yes,Partial,0,0,Unknown,,Not reviewed
https://derivativecalculatorai.com/integral-of-3ex-+-4cosx,integral-of-3ex-+-4cosx,problems.json,integral,problem,200,Yes,index,https://derivativecalculatorai.com/integral-of-3ex-+-4cosx,Yes,Excluded,,,Yes,Partial,0,0,Unknown,,Not reviewed
https://derivativecalculatorai.com/integral-of-3cosx-+-1-over-21-over-1+x2,integral-of-3cosx-+-1-over-21-over-1+x2,problems.json,integral,problem,200,Yes,index,https://derivativecalculatorai.com/integral-of-3cosx-+-1-over-21-over-1+x2,Yes,Excluded,,,Yes,Partial,0,0,Unknown,,Not reviewed
https://derivativecalculatorai.com/integral-of-x3-+-5tanx-+-31-over-sqrt1-x2,integral-of-x3-+-5tanx-+-31-over-sqrt1-x2,problems.json,integral,problem,200,Yes,index,https://derivativecalculatorai.com/integral-of-x3-+-5tanx-+-31-over-sqrt1-x2,Yes,Excluded,,,Yes,Partial,0,0,Unknown,,Not reviewed
https://derivativecalculatorai.com/integral-of-1-over-21-over-1+x2--1-over-1+x2,integral-of-1-over-21-over-1+x2--1-over-1+x2,problems.json,integral,problem,200,Yes,index,https://derivativecalculatorai.com/integral-of-1-over-21-over-1+x2--1-over-1+x2,Yes,Excluded,,,Yes,Partial,0,0,Unknown,,Not reviewed
https://derivativecalculatorai.com/integral-of-2tanx,integral-of-2tanx,problems.json,integral,problem,200,Yes,index,https://derivativecalculatorai.com/integral-of-2tanx,Yes,Excluded,,,Yes,Partial,0,0,Unknown,,Not reviewed
https://derivativecalculatorai.com/integral-of-5x2--ex-+-41-over-x2,integral-of-5x2--ex-+-41-over-x2,problems.json,integral,problem,200,Yes,index,https://derivativecalculatorai.com/integral-of-5x2--ex-+-41-over-x2,Yes,Excluded,,,Yes,Partial,0,0,Unknown,,Not reviewed
https://derivativecalculatorai.com/integral-of-1-over-21-over-x2-+-1-over-2ex,integral-of-1-over-21-over-x2-+-1-over-2ex,problems.json,integral,problem,200,Yes,index,https://derivativecalculatorai.com/integral-of-1-over-21-over-x2-+-1-over-2ex,Yes,Excluded,,,Yes,Partial,0,0,Unknown,,Not reviewed
https://derivativecalculatorai.com/integral-of-3x4-+-2x-+-5x2,integral-of-3x4-+-2x-+-5x2,problems.json,integral,problem,200,Yes,index,https://derivativecalculatorai.com/integral-of-3x4-+-2x-+-5x2,Yes,Excluded,,,Yes,Partial,0,0,Unknown,,Not reviewed
https://derivativecalculatorai.com/integral-of-1-over-2cosx-+-5secx2,integral-of-1-over-2cosx-+-5secx2,problems.json,integral,problem,200,Yes,index,https://derivativecalculatorai.com/integral-of-1-over-2cosx-+-5secx2,Yes,Excluded,,,Yes,Partial,0,0,Unknown,,Not reviewed
https://derivativecalculatorai.com/integral-of-cosx-+-sinx-+-3x3,integral-of-cosx-+-sinx-+-3x3,problems.json,integral,problem,200,Yes,index,https://derivativecalculatorai.com/integral-of-cosx-+-sinx-+-3x3,Yes,Excluded,,,Yes,Partial,0,0,Unknown,,Not reviewed
https://derivativecalculatorai.com/integral-of--x4-+-1-over-21-over-sqrt1-x2,integral-of--x4-+-1-over-21-over-sqrt1-x2,problems.json,integral,problem,200,Yes,index,https://derivativecalculatorai.com/integral-of--x4-+-1-over-21-over-sqrt1-x2,Yes,Excluded,,,Yes,Partial,0,0,Unknown,,Not reviewed
https://derivativecalculatorai.com/integral-of--sqrtx-+-51-over-1+x2-+-2x,integral-of--sqrtx-+-51-over-1+x2-+-2x,problems.json,integral,problem,200,Yes,index,https://derivativecalculatorai.com/integral-of--sqrtx-+-51-over-1+x2-+-2x,Yes,Excluded,,,Yes,Partial,0,0,Unknown,,Not reviewed
https://derivativecalculatorai.com/integral-of-1-over-21-over-1+x2,integral-of-1-over-21-over-1+x2,problems.json,integral,problem,200,Yes,index,https://derivativecalculatorai.com/integral-of-1-over-21-over-1+x2,Yes,Excluded,,,Yes,Partial,0,0,Unknown,,Not reviewed
https://derivativecalculatorai.com/integral-of-1-over-2x3-+-4sqrtx,integral-of-1-over-2x3-+-4sqrtx,problems.json,integral,problem,200,Yes,index,https://derivativecalculatorai.com/integral-of-1-over-2x3-+-4sqrtx,Yes,Excluded,,,Yes,Partial,0,0,Unknown,,Not reviewed
https://derivativecalculatorai.com/integral-of-cosx-+-21-over-1+x2,integral-of-cosx-+-21-over-1+x2,problems.json,integral,problem,200,Yes,index,https://derivativecalculatorai.com/integral-of-cosx-+-21-over-1+x2,Yes,Excluded,,,Yes,Partial,0,0,Unknown,,Not reviewed
https://derivativecalculatorai.com/integral-of-1-over-21-over-x,integral-of-1-over-21-over-x,problems.json,integral,problem,200,Yes,index,https://derivativecalculatorai.com/integral-of-1-over-21-over-x,Yes,Excluded,,,Yes,Partial,0,0,Unknown,,Not reviewed
https://derivativecalculatorai.com/integral-of-4x-+-1-over-2secx2,integral-of-4x-+-1-over-2secx2,problems.json,integral,problem,200,Yes,index,https://derivativecalculatorai.com/integral-of-4x-+-1-over-2secx2,Yes,Excluded,,,Yes,Partial,0,0,Unknown,,Not reviewed
https://derivativecalculatorai.com/integral-of-1-over-1+x2-+-1-over-2x-+-5sinx,integral-of-1-over-1+x2-+-1-over-2x-+-5sinx,problems.json,integral,problem,200,Yes,index,https://derivativecalculatorai.com/integral-of-1-over-1+x2-+-1-over-2x-+-5sinx,Yes,Excluded,,,Yes,Partial,0,0,Unknown,,Not reviewed
https://derivativecalculatorai.com/integral-of-21-over-x,integral-of-21-over-x,problems.json,integral,problem,200,Yes,index,https://derivativecalculatorai.com/integral-of-21-over-x,Yes,Excluded,,,Yes,Partial,0,0,Unknown,,Not reviewed
https://derivativecalculatorai.com/integral-of-2ex--1-over-1+x2,integral-of-2ex--1-over-1+x2,problems.json,integral,problem,200,Yes,index,https://derivativecalculatorai.com/integral-of-2ex--1-over-1+x2,Yes,Excluded,,,Yes,Partial,0,0,Unknown,,Not reviewed
https://derivativecalculatorai.com/integral-of-x3-+-1-over-1+x2,integral-of-x3-+-1-over-1+x2,problems.json,integral,problem,200,Yes,index,https://derivativecalculatorai.com/integral-of-x3-+-1-over-1+x2,Yes,Excluded,,,Yes,Partial,0,0,Unknown,,Not reviewed
https://derivativecalculatorai.com/integral-of--x-+-3sinx,integral-of--x-+-3sinx,problems.json,integral,problem,200,Yes,index,https://derivativecalculatorai.com/integral-of--x-+-3sinx,Yes,Excluded,,,Yes,Partial,0,0,Unknown,,Not reviewed
https://derivativecalculatorai.com/integral-of-1-over-2x3-+-x4-+-3x4,integral-of-1-over-2x3-+-x4-+-3x4,problems.json,integral,problem,200,Yes,index,https://derivativecalculatorai.com/integral-of-1-over-2x3-+-x4-+-3x4,Yes,Excluded,,,Yes,Partial,0,0,Unknown,,Not reviewed
https://derivativecalculatorai.com/integral-of-x3-+-sqrtx,integral-of-x3-+-sqrtx,problems.json,integral,problem,200,Yes,index,https://derivativecalculatorai.com/integral-of-x3-+-sqrtx,Yes,Excluded,,,Yes,Partial,0,0,Unknown,,Not reviewed
https://derivativecalculatorai.com/integral-of-x3-+-x2,integral-of-x3-+-x2,problems.json,integral,problem,200,No,noindex,https://derivativecalculatorai.com/integral-of-x3-+-x2,Yes,Excluded,,,Yes,Partial,0,0,Unknown,,Not reviewed
https://derivativecalculatorai.com/integral-of-51-over-x2,integral-of-51-over-x2,problems.json,integral,problem,200,Yes,index,https://derivativecalculatorai.com/integral-of-51-over-x2,Yes,Excluded,,,Yes,Partial,0,0,Unknown,,Not reviewed
https://derivativecalculatorai.com/integral-of--1-over-x,integral-of--1-over-x,problems.json,integral,problem,200,Yes,index,https://derivativecalculatorai.com/integral-of--1-over-x,Yes,Excluded,,,Yes,Partial,0,0,Unknown,,Not reviewed
https://derivativecalculatorai.com/integral-of-x-+-4x2,integral-of-x-+-4x2,problems.json,integral,problem,200,Yes,index,https://derivativecalculatorai.com/integral-of-x-+-4x2,Yes,Excluded,,,Yes,Partial,0,0,Unknown,,Not reviewed
https://derivativecalculatorai.com/integral-of-2sqrtx,integral-of-2sqrtx,problems.json,integral,problem,200,Yes,index,https://derivativecalculatorai.com/integral-of-2sqrtx,Yes,Excluded,,,Yes,Partial,0,0,Unknown,,Not reviewed
https://derivativecalculatorai.com/integral-of-5cosx-+-1-over-sqrt1-x2,integral-of-5cosx-+-1-over-sqrt1-x2,problems.json,integral,problem,200,Yes,index,https://derivativecalculatorai.com/integral-of-5cosx-+-1-over-sqrt1-x2,Yes,Excluded,,,Yes,Partial,0,0,Unknown,,Not reviewed
https://derivativecalculatorai.com/integral-of--1-over-x-+-5secx2,integral-of--1-over-x-+-5secx2,problems.json,integral,problem,200,Yes,index,https://derivativecalculatorai.com/integral-of--1-over-x-+-5secx2,Yes,Excluded,,,Yes,Partial,0,0,Unknown,,Not reviewed
https://derivativecalculatorai.com/integral-of-x4-+-5x2,integral-of-x4-+-5x2,problems.json,integral,problem,200,Yes,index,https://derivativecalculatorai.com/integral-of-x4-+-5x2,Yes,Excluded,,,Yes,Partial,0,0,Unknown,,Not reviewed
https://derivativecalculatorai.com/integral-of-21-over-x--sinx-+-1-over-1+x2,integral-of-21-over-x--sinx-+-1-over-1+x2,problems.json,integral,problem,200,Yes,index,https://derivativecalculatorai.com/integral-of-21-over-x--sinx-+-1-over-1+x2,Yes,Excluded,,,Yes,Partial,0,0,Unknown,,Not reviewed
https://derivativecalculatorai.com/integral-of-4sinx-+-2x4,integral-of-4sinx-+-2x4,problems.json,integral,problem,200,Yes,index,https://derivativecalculatorai.com/integral-of-4sinx-+-2x4,Yes,Excluded,,,Yes,Partial,0,0,Unknown,,Not reviewed
https://derivativecalculatorai.com/integral-of-3sqrtx-+-4sqrtx-+-21-over-x,integral-of-3sqrtx-+-4sqrtx-+-21-over-x,problems.json,integral,problem,200,Yes,index,https://derivativecalculatorai.com/integral-of-3sqrtx-+-4sqrtx-+-21-over-x,Yes,Excluded,,,Yes,Partial,0,0,Unknown,,Not reviewed
https://derivativecalculatorai.com/integral-of-31-over-x2-+-1-over-2sqrtx,integral-of-31-over-x2-+-1-over-2sqrtx,problems.json,integral,problem,200,Yes,index,https://derivativecalculatorai.com/integral-of-31-over-x2-+-1-over-2sqrtx,Yes,Excluded,,,Yes,Partial,0,0,Unknown,,Not reviewed
https://derivativecalculatorai.com/integral-of-5sinx-+-tanx,integral-of-5sinx-+-tanx,problems.json,integral,problem,200,Yes,index,https://derivativecalculatorai.com/integral-of-5sinx-+-tanx,Yes,Excluded,,,Yes,Partial,0,0,Unknown,,Not reviewed
https://derivativecalculatorai.com/integral-of-4lnx-+-1-over-2x3,integral-of-4lnx-+-1-over-2x3,problems.json,integral,problem,200,Yes,index,https://derivativecalculatorai.com/integral-of-4lnx-+-1-over-2x3,Yes,Excluded,,,Yes,Partial,0,0,Unknown,,Not reviewed
https://derivativecalculatorai.com/integral-of-2ex--sqrtx,integral-of-2ex--sqrtx,problems.json,integral,problem,200,Yes,index,https://derivativecalculatorai.com/integral-of-2ex--sqrtx,Yes,Excluded,,,Yes,Partial,0,0,Unknown,,Not reviewed
https://derivativecalculatorai.com/integral-of-5ex-+-4tanx,integral-of-5ex-+-4tanx,problems.json,integral,problem,200,Yes,index,https://derivativecalculatorai.com/integral-of-5ex-+-4tanx,Yes,Excluded,,,Yes,Partial,0,0,Unknown,,Not reviewed
https://derivativecalculatorai.com/integral-of-x-+-2x4-+-x3,integral-of-x-+-2x4-+-x3,problems.json,integral,problem,200,Yes,index,https://derivativecalculatorai.com/integral-of-x-+-2x4-+-x3,Yes,Excluded,,,Yes,Partial,0,0,Unknown,,Not reviewed
https://derivativecalculatorai.com/integral-of-4x,integral-of-4x,problems.json,integral,problem,200,Yes,index,https://derivativecalculatorai.com/integral-of-4x,Yes,Excluded,,,Yes,Partial,0,0,Unknown,,Not reviewed
https://derivativecalculatorai.com/integral-of-1-over-sqrt1-x2-+-4x2-+-3x2,integral-of-1-over-sqrt1-x2-+-4x2-+-3x2,problems.json,integral,problem,200,Yes,index,https://derivativecalculatorai.com/integral-of-1-over-sqrt1-x2-+-4x2-+-3x2,Yes,Excluded,,,Yes,Partial,0,0,Unknown,,Not reviewed
https://derivativecalculatorai.com/integral-of-4x2-+-x,integral-of-4x2-+-x,problems.json,integral,problem,200,Yes,index,https://derivativecalculatorai.com/integral-of-4x2-+-x,Yes,Excluded,,,Yes,Partial,0,0,Unknown,,Not reviewed
https://derivativecalculatorai.com/integral-of-41-over-x-+-2ex--lnx,integral-of-41-over-x-+-2ex--lnx,problems.json,integral,problem,200,Yes,index,https://derivativecalculatorai.com/integral-of-41-over-x-+-2ex--lnx,Yes,Excluded,,,Yes,Partial,0,0,Unknown,,Not reviewed
https://derivativecalculatorai.com/integral-of-1-over-21-over-x-+-4sqrtx-+-31-over-x,integral-of-1-over-21-over-x-+-4sqrtx-+-31-over-x,problems.json,integral,problem,200,Yes,index,https://derivativecalculatorai.com/integral-of-1-over-21-over-x-+-4sqrtx-+-31-over-x,Yes,Excluded,,,Yes,Partial,0,0,Unknown,,Not reviewed
https://derivativecalculatorai.com/integral-of-1-over-2x4-+-1-over-2lnx-+-3cosx,integral-of-1-over-2x4-+-1-over-2lnx-+-3cosx,problems.json,integral,problem,200,Yes,index,https://derivativecalculatorai.com/integral-of-1-over-2x4-+-1-over-2lnx-+-3cosx,Yes,Excluded,,,Yes,Partial,0,0,Unknown,,Not reviewed
https://derivativecalculatorai.com/integral-of-4ex,integral-of-4ex,problems.json,integral,problem,200,Yes,index,https://derivativecalculatorai.com/integral-of-4ex,Yes,Excluded,,,Yes,Partial,0,0,Unknown,,Not reviewed
https://derivativecalculatorai.com/integral-of-4secx2-+-5x,integral-of-4secx2-+-5x,problems.json,integral,problem,200,Yes,index,https://derivativecalculatorai.com/integral-of-4secx2-+-5x,Yes,Excluded,,,Yes,Partial,0,0,Unknown,,Not reviewed
https://derivativecalculatorai.com/integral-of-tanx-+-3x3,integral-of-tanx-+-3x3,problems.json,integral,problem,200,Yes,index,https://derivativecalculatorai.com/integral-of-tanx-+-3x3,Yes,Excluded,,,Yes,Partial,0,0,Unknown,,Not reviewed
https://derivativecalculatorai.com/integral-of-1-over-21-over-x-+-21-over-x--x,integral-of-1-over-21-over-x-+-21-over-x--x,problems.json,integral,problem,200,Yes,index,https://derivativecalculatorai.com/integral-of-1-over-21-over-x-+-21-over-x--x,Yes,Excluded,,,Yes,Partial,0,0,Unknown,,Not reviewed
https://derivativecalculatorai.com/integral-of--cosx,integral-of--cosx,problems.json,integral,problem,200,Yes,index,https://derivativecalculatorai.com/integral-of--cosx,Yes,Excluded,,,Yes,Partial,0,0,Unknown,,Not reviewed
https://derivativecalculatorai.com/integral-of-1-over-2x2-+-5x-+-2x3,integral-of-1-over-2x2-+-5x-+-2x3,problems.json,integral,problem,200,Yes,index,https://derivativecalculatorai.com/integral-of-1-over-2x2-+-5x-+-2x3,Yes,Excluded,,,Yes,Partial,0,0,Unknown,,Not reviewed
https://derivativecalculatorai.com/integral-of-4x-+-1-over-2tanx,integral-of-4x-+-1-over-2tanx,problems.json,integral,problem,200,Yes,index,https://derivativecalculatorai.com/integral-of-4x-+-1-over-2tanx,Yes,Excluded,,,Yes,Partial,0,0,Unknown,,Not reviewed
https://derivativecalculatorai.com/integral-of-3sqrtx,integral-of-3sqrtx,problems.json,integral,problem,200,Yes,index,https://derivativecalculatorai.com/integral-of-3sqrtx,Yes,Excluded,,,Yes,Partial,0,0,Unknown,,Not reviewed
https://derivativecalculatorai.com/integral-of--x4,integral-of--x4,problems.json,integral,problem,200,Yes,index,https://derivativecalculatorai.com/integral-of--x4,Yes,Excluded,,,Yes,Partial,0,0,Unknown,,Not reviewed
https://derivativecalculatorai.com/integral-of-21-over-1+x2-+-4lnx,integral-of-21-over-1+x2-+-4lnx,problems.json,integral,problem,200,Yes,index,https://derivativecalculatorai.com/integral-of-21-over-1+x2-+-4lnx,Yes,Excluded,,,Yes,Partial,0,0,Unknown,,Not reviewed
https://derivativecalculatorai.com/integral-of-5sqrtx--secx2,integral-of-5sqrtx--secx2,problems.json,integral,problem,200,Yes,index,https://derivativecalculatorai.com/integral-of-5sqrtx--secx2,Yes,Excluded,,,Yes,Partial,0,0,Unknown,,Not reviewed
https://derivativecalculatorai.com/integral-of-1-over-x2--x2,integral-of-1-over-x2--x2,problems.json,integral,problem,200,Yes,index,https://derivativecalculatorai.com/integral-of-1-over-x2--x2,Yes,Excluded,,,Yes,Partial,0,0,Unknown,,Not reviewed
https://derivativecalculatorai.com/integral-of--x3-+-2sqrtx,integral-of--x3-+-2sqrtx,problems.json,integral,problem,200,Yes,index,https://derivativecalculatorai.com/integral-of--x3-+-2sqrtx,Yes,Excluded,,,Yes,Partial,0,0,Unknown,,Not reviewed
https://derivativecalculatorai.com/integral-of-4lnx--ex,integral-of-4lnx--ex,problems.json,integral,problem,200,Yes,index,https://derivativecalculatorai.com/integral-of-4lnx--ex,Yes,Excluded,,,Yes,Partial,0,0,Unknown,,Not reviewed
https://derivativecalculatorai.com/integral-of-sqrtx-+-4ex,integral-of-sqrtx-+-4ex,problems.json,integral,problem,200,Yes,index,https://derivativecalculatorai.com/integral-of-sqrtx-+-4ex,Yes,Excluded,,,Yes,Partial,0,0,Unknown,,Not reviewed
https://derivativecalculatorai.com/integral-of-21-over-sqrt1-x2-+-4x4,integral-of-21-over-sqrt1-x2-+-4x4,problems.json,integral,problem,200,Yes,index,https://derivativecalculatorai.com/integral-of-21-over-sqrt1-x2-+-4x4,Yes,Excluded,,,Yes,Partial,0,0,Unknown,,Not reviewed
https://derivativecalculatorai.com/integral-of-2cosx-+-2x,integral-of-2cosx-+-2x,problems.json,integral,problem,200,Yes,index,https://derivativecalculatorai.com/integral-of-2cosx-+-2x,Yes,Excluded,,,Yes,Partial,0,0,Unknown,,Not reviewed
https://derivativecalculatorai.com/integral-of-x4,integral-of-x4,problems.json,integral,problem,200,No,noindex,https://derivativecalculatorai.com/integral-of-x4,Yes,Excluded,,,Yes,Partial,0,0,Unknown,,Not reviewed
https://derivativecalculatorai.com/integral-of-1-over-2x3-+-5sinx,integral-of-1-over-2x3-+-5sinx,problems.json,integral,problem,200,Yes,index,https://derivativecalculatorai.com/integral-of-1-over-2x3-+-5sinx,Yes,Excluded,,,Yes,Partial,0,0,Unknown,,Not reviewed
https://derivativecalculatorai.com/integral-of-5x-+-2ex-+-3x3,integral-of-5x-+-2ex-+-3x3,problems.json,integral,problem,200,Yes,index,https://derivativecalculatorai.com/integral-of-5x-+-2ex-+-3x3,Yes,Excluded,,,Yes,Partial,0,0,Unknown,,Not reviewed
https://derivativecalculatorai.com/integral-of-5x4-+-1-over-2x2,integral-of-5x4-+-1-over-2x2,problems.json,integral,problem,200,Yes,index,https://derivativecalculatorai.com/integral-of-5x4-+-1-over-2x2,Yes,Excluded,,,Yes,Partial,0,0,Unknown,,Not reviewed
https://derivativecalculatorai.com/integral-of-1-over-2tanx-+-51-over-sqrt1-x2,integral-of-1-over-2tanx-+-51-over-sqrt1-x2,problems.json,integral,problem,200,Yes,index,https://derivativecalculatorai.com/integral-of-1-over-2tanx-+-51-over-sqrt1-x2,Yes,Excluded,,,Yes,Partial,0,0,Unknown,,Not reviewed
https://derivativecalculatorai.com/integral-of-4x3-+-51-over-1+x2,integral-of-4x3-+-51-over-1+x2,problems.json,integral,problem,200,Yes,index,https://derivativecalculatorai.com/integral-of-4x3-+-51-over-1+x2,Yes,Excluded,,,Yes,Partial,0,0,Unknown,,Not reviewed
https://derivativecalculatorai.com/integral-of-1-over-x-+-3sqrtx,integral-of-1-over-x-+-3sqrtx,problems.json,integral,problem,200,Yes,index,https://derivativecalculatorai.com/integral-of-1-over-x-+-3sqrtx,Yes,Excluded,,,Yes,Partial,0,0,Unknown,,Not reviewed
https://derivativecalculatorai.com/integral-of-1-over-2secx2-+-4ex-+-3x4,integral-of-1-over-2secx2-+-4ex-+-3x4,problems.json,integral,problem,200,Yes,index,https://derivativecalculatorai.com/integral-of-1-over-2secx2-+-4ex-+-3x4,Yes,Excluded,,,Yes,Partial,0,0,Unknown,,Not reviewed
https://derivativecalculatorai.com/integral-of-1-over-21-over-1+x2-+-3ex,integral-of-1-over-21-over-1+x2-+-3ex,problems.json,integral,problem,200,Yes,index,https://derivativecalculatorai.com/integral-of-1-over-21-over-1+x2-+-3ex,Yes,Excluded,,,Yes,Partial,0,0,Unknown,,Not reviewed
https://derivativecalculatorai.com/integral-of--x-+-51-over-sqrt1-x2,integral-of--x-+-51-over-sqrt1-x2,problems.json,integral,problem,200,Yes,index,https://derivativecalculatorai.com/integral-of--x-+-51-over-sqrt1-x2,Yes,Excluded,,,Yes,Partial,0,0,Unknown,,Not reviewed
https://derivativecalculatorai.com/integral-of-x3-+-1-over-2sqrtx,integral-of-x3-+-1-over-2sqrtx,problems.json,integral,problem,200,Yes,index,https://derivativecalculatorai.com/integral-of-x3-+-1-over-2sqrtx,Yes,Excluded,,,Yes,Partial,0,0,Unknown,,Not reviewed
https://derivativecalculatorai.com/integral-of-4x4-+-1-over-2ex,integral-of-4x4-+-1-over-2ex,problems.json,integral,problem,200,Yes,index,https://derivativecalculatorai.com/integral-of-4x4-+-1-over-2ex,Yes,Excluded,,,Yes,Partial,0,0,Unknown,,Not reviewed
https://derivativecalculatorai.com/integral-of-1-over-2ex--1-over-x2-+-51-over-sqrt1-x2,integral-of-1-over-2ex--1-over-x2-+-51-over-sqrt1-x2,problems.json,integral,problem,200,No,noindex,https://derivativecalculatorai.com/integral-of-1-over-2ex--1-over-x2-+-51-over-sqrt1-x2,Yes,Excluded,,,Yes,Partial,0,0,Unknown,,Not reviewed
https://derivativecalculatorai.com/integral-of--1-over-x2-+-2x3-+-1-over-sqrt1-x2,integral-of--1-over-x2-+-2x3-+-1-over-sqrt1-x2,problems.json,integral,problem,200,Yes,index,https://derivativecalculatorai.com/integral-of--1-over-x2-+-2x3-+-1-over-sqrt1-x2,Yes,Excluded,,,Yes,Partial,0,0,Unknown,,Not reviewed
https://derivativecalculatorai.com/integral-of-1-over-2cosx--cosx,integral-of-1-over-2cosx--cosx,problems.json,integral,problem,200,Yes,index,https://derivativecalculatorai.com/integral-of-1-over-2cosx--cosx,Yes,Excluded,,,Yes,Partial,0,0,Unknown,,Not reviewed
https://derivativecalculatorai.com/integral-of-3lnx-+-1-over-2ex,integral-of-3lnx-+-1-over-2ex,problems.json,integral,problem,200,Yes,index,https://derivativecalculatorai.com/integral-of-3lnx-+-1-over-2ex,Yes,Excluded,,,Yes,Partial,0,0,Unknown,,Not reviewed
https://derivativecalculatorai.com/integral-of-x2-+-31-over-sqrt1-x2-+-3sqrtx,integral-of-x2-+-31-over-sqrt1-x2-+-3sqrtx,problems.json,integral,problem,200,Yes,index,https://derivativecalculatorai.com/integral-of-x2-+-31-over-sqrt1-x2-+-3sqrtx,Yes,Excluded,,,Yes,Partial,0,0,Unknown,,Not reviewed
https://derivativecalculatorai.com/integral-of-2sinx-+-2sinx-+-21-over-sqrt1-x2,integral-of-2sinx-+-2sinx-+-21-over-sqrt1-x2,problems.json,integral,problem,200,Yes,index,https://derivativecalculatorai.com/integral-of-2sinx-+-2sinx-+-21-over-sqrt1-x2,Yes,Excluded,,,Yes,Partial,0,0,Unknown,,Not reviewed
https://derivativecalculatorai.com/integral-of-2secx2--x,integral-of-2secx2--x,problems.json,integral,problem,200,Yes,index,https://derivativecalculatorai.com/integral-of-2secx2--x,Yes,Excluded,,,Yes,Partial,0,0,Unknown,,Not reviewed
https://derivativecalculatorai.com/integral-of-1-over-2secx2--x2-+-1-over-2secx2,integral-of-1-over-2secx2--x2-+-1-over-2secx2,problems.json,integral,problem,200,Yes,index,https://derivativecalculatorai.com/integral-of-1-over-2secx2--x2-+-1-over-2secx2,Yes,Excluded,,,Yes,Partial,0,0,Unknown,,Not reviewed
https://derivativecalculatorai.com/integral-of-5x-+-5ex,integral-of-5x-+-5ex,problems.json,integral,problem,200,Yes,index,https://derivativecalculatorai.com/integral-of-5x-+-5ex,Yes,Excluded,,,Yes,Partial,0,0,Unknown,,Not reviewed
https://derivativecalculatorai.com/integral-of-21-over-x2-+-2sqrtx,integral-of-21-over-x2-+-2sqrtx,problems.json,integral,problem,200,Yes,index,https://derivativecalculatorai.com/integral-of-21-over-x2-+-2sqrtx,Yes,Excluded,,,Yes,Partial,0,0,Unknown,,Not reviewed
https://derivativecalculatorai.com/integral-of--x3--cosx,integral-of--x3--cosx,problems.json,integral,problem,200,Yes,index,https://derivativecalculatorai.com/integral-of--x3--cosx,Yes,Excluded,,,Yes,Partial,0,0,Unknown,,Not reviewed
https://derivativecalculatorai.com/integral-of-21-over-x-+-sqrtx-+-1-over-21-over-x,integral-of-21-over-x-+-sqrtx-+-1-over-21-over-x,problems.json,integral,problem,200,Yes,index,https://derivativecalculatorai.com/integral-of-21-over-x-+-sqrtx-+-1-over-21-over-x,Yes,Excluded,,,Yes,Partial,0,0,Unknown,,Not reviewed
https://derivativecalculatorai.com/integral-of--cosx-+-51-over-x2,integral-of--cosx-+-51-over-x2,problems.json,integral,problem,200,Yes,index,https://derivativecalculatorai.com/integral-of--cosx-+-51-over-x2,Yes,Excluded,,,Yes,Partial,0,0,Unknown,,Not reviewed
https://derivativecalculatorai.com/integral-of-41-over-x-+-1-over-21-over-x2,integral-of-41-over-x-+-1-over-21-over-x2,problems.json,integral,problem,200,Yes,index,https://derivativecalculatorai.com/integral-of-41-over-x-+-1-over-21-over-x2,Yes,Excluded,,,Yes,Partial,0,0,Unknown,,Not reviewed
https://derivativecalculatorai.com/integral-of-4ex-+-2sqrtx,integral-of-4ex-+-2sqrtx,problems.json,integral,problem,200,Yes,index,https://derivativecalculatorai.com/integral-of-4ex-+-2sqrtx,Yes,Excluded,,,Yes,Partial,0,0,Unknown,,Not reviewed
https://derivativecalculatorai.com/integral-of-5x4--cosx,integral-of-5x4--cosx,problems.json,integral,problem,200,Yes,index,https://derivativecalculatorai.com/integral-of-5x4--cosx,Yes,Excluded,,,Yes,Partial,0,0,Unknown,,Not reviewed
https://derivativecalculatorai.com/integral-of-1-over-2cosx-+-21-over-sqrt1-x2-+-2sinx,integral-of-1-over-2cosx-+-21-over-sqrt1-x2-+-2sinx,problems.json,integral,problem,200,No,noindex,https://derivativecalculatorai.com/integral-of-1-over-2cosx-+-21-over-sqrt1-x2-+-2sinx,Yes,Excluded,,,Yes,Partial,0,0,Unknown,,Not reviewed
https://derivativecalculatorai.com/integral-of-1-over-2sqrtx-+-4secx2,integral-of-1-over-2sqrtx-+-4secx2,problems.json,integral,problem,200,Yes,index,https://derivativecalculatorai.com/integral-of-1-over-2sqrtx-+-4secx2,Yes,Excluded,,,Yes,Partial,0,0,Unknown,,Not reviewed
https://derivativecalculatorai.com/integral-of-1-over-1+x2--sqrtx-+-3sqrtx,integral-of-1-over-1+x2--sqrtx-+-3sqrtx,problems.json,integral,problem,200,Yes,index,https://derivativecalculatorai.com/integral-of-1-over-1+x2--sqrtx-+-3sqrtx,Yes,Excluded,,,Yes,Partial,0,0,Unknown,,Not reviewed
https://derivativecalculatorai.com/integral-of-1-over-1+x2-+-5sinx-+-2sqrtx,integral-of-1-over-1+x2-+-5sinx-+-2sqrtx,problems.json,integral,problem,200,Yes,index,https://derivativecalculatorai.com/integral-of-1-over-1+x2-+-5sinx-+-2sqrtx,Yes,Excluded,,,Yes,Partial,0,0,Unknown,,Not reviewed
https://derivativecalculatorai.com/integral-of-3x--1-over-x2-+-cosx,integral-of-3x--1-over-x2-+-cosx,problems.json,integral,problem,200,Yes,index,https://derivativecalculatorai.com/integral-of-3x--1-over-x2-+-cosx,Yes,Excluded,,,Yes,Partial,0,0,Unknown,,Not reviewed
https://derivativecalculatorai.com/integral-of-lnx-+-31-over-sqrt1-x2,integral-of-lnx-+-31-over-sqrt1-x2,problems.json,integral,problem,200,Yes,index,https://derivativecalculatorai.com/integral-of-lnx-+-31-over-sqrt1-x2,Yes,Excluded,,,Yes,Partial,0,0,Unknown,,Not reviewed
https://derivativecalculatorai.com/integral-of-4tanx-+-21-over-x,integral-of-4tanx-+-21-over-x,problems.json,integral,problem,200,Yes,index,https://derivativecalculatorai.com/integral-of-4tanx-+-21-over-x,Yes,Excluded,,,Yes,Partial,0,0,Unknown,,Not reviewed
https://derivativecalculatorai.com/integral-of-cosx-+-4x3,integral-of-cosx-+-4x3,problems.json,integral,problem,200,Yes,index,https://derivativecalculatorai.com/integral-of-cosx-+-4x3,Yes,Excluded,,,Yes,Partial,0,0,Unknown,,Not reviewed
https://derivativecalculatorai.com/integral-of-1-over-2sinx-+-41-over-x2-+-31-over-1+x2,integral-of-1-over-2sinx-+-41-over-x2-+-31-over-1+x2,problems.json,integral,problem,200,No,noindex,https://derivativecalculatorai.com/integral-of-1-over-2sinx-+-41-over-x2-+-31-over-1+x2,Yes,Excluded,,,Yes,Partial,0,0,Unknown,,Not reviewed
https://derivativecalculatorai.com/integral-of-2cosx--secx2-+-3lnx,integral-of-2cosx--secx2-+-3lnx,problems.json,integral,problem,200,Yes,index,https://derivativecalculatorai.com/integral-of-2cosx--secx2-+-3lnx,Yes,Excluded,,,Yes,Partial,0,0,Unknown,,Not reviewed
https://derivativecalculatorai.com/integral-of-1-over-21-over-x2-+-41-over-sqrt1-x2-+-3x4,integral-of-1-over-21-over-x2-+-41-over-sqrt1-x2-+-3x4,problems.json,integral,problem,200,No,noindex,https://derivativecalculatorai.com/integral-of-1-over-21-over-x2-+-41-over-sqrt1-x2-+-3x4,Yes,Excluded,,,Yes,Partial,0,0,Unknown,,Not reviewed
https://derivativecalculatorai.com/integral-of-2ex-+-ex,integral-of-2ex-+-ex,problems.json,integral,problem,200,Yes,index,https://derivativecalculatorai.com/integral-of-2ex-+-ex,Yes,Excluded,,,Yes,Partial,0,0,Unknown,,Not reviewed
https://derivativecalculatorai.com/integral-of--x2-+-1-over-21-over-x2-+-41-over-x2,integral-of--x2-+-1-over-21-over-x2-+-41-over-x2,problems.json,integral,problem,200,Yes,index,https://derivativecalculatorai.com/integral-of--x2-+-1-over-21-over-x2-+-41-over-x2,Yes,Excluded,,,Yes,Partial,0,0,Unknown,,Not reviewed
https://derivativecalculatorai.com/integral-of-ex-+-4tanx,integral-of-ex-+-4tanx,problems.json,integral,problem,200,Yes,index,https://derivativecalculatorai.com/integral-of-ex-+-4tanx,Yes,Excluded,,,Yes,Partial,0,0,Unknown,,Not reviewed
https://derivativecalculatorai.com/integral-of-3secx2-+-4secx2,integral-of-3secx2-+-4secx2,problems.json,integral,problem,200,Yes,index,https://derivativecalculatorai.com/integral-of-3secx2-+-4secx2,Yes,Excluded,,,Yes,Partial,0,0,Unknown,,Not reviewed
https://derivativecalculatorai.com/integral-of-4sinx-+-5tanx--1-over-x,integral-of-4sinx-+-5tanx--1-over-x,problems.json,integral,problem,200,Yes,index,https://derivativecalculatorai.com/integral-of-4sinx-+-5tanx--1-over-x,Yes,Excluded,,,Yes,Partial,0,0,Unknown,,Not reviewed
https://derivativecalculatorai.com/integral-of-x2-+-1-over-2x2,integral-of-x2-+-1-over-2x2,problems.json,integral,problem,200,Yes,index,https://derivativecalculatorai.com/integral-of-x2-+-1-over-2x2,Yes,Excluded,,,Yes,Partial,0,0,Unknown,,Not reviewed
https://derivativecalculatorai.com/integral-of-4sqrtx-+-1-over-21-over-sqrt1-x2,integral-of-4sqrtx-+-1-over-21-over-sqrt1-x2,problems.json,integral,problem,200,Yes,index,https://derivativecalculatorai.com/integral-of-4sqrtx-+-1-over-21-over-sqrt1-x2,Yes,Excluded,,,Yes,Partial,0,0,Unknown,,Not reviewed
https://derivativecalculatorai.com/integral-of-21-over-1+x2-+-x,integral-of-21-over-1+x2-+-x,problems.json,integral,problem,200,Yes,index,https://derivativecalculatorai.com/integral-of-21-over-1+x2-+-x,Yes,Excluded,,,Yes,Partial,0,0,Unknown,,Not reviewed
https://derivativecalculatorai.com/integral-of-4cosx-+-5cosx,integral-of-4cosx-+-5cosx,problems.json,integral,problem,200,Yes,index,https://derivativecalculatorai.com/integral-of-4cosx-+-5cosx,Yes,Excluded,,,Yes,Partial,0,0,Unknown,,Not reviewed
https://derivativecalculatorai.com/integral-of-1-over-21-over-x-+-5tanx-+-3x,integral-of-1-over-21-over-x-+-5tanx-+-3x,problems.json,integral,problem,200,Yes,index,https://derivativecalculatorai.com/integral-of-1-over-21-over-x-+-5tanx-+-3x,Yes,Excluded,,,Yes,Partial,0,0,Unknown,,Not reviewed
https://derivativecalculatorai.com/integral-of--lnx-+-21-over-x2,integral-of--lnx-+-21-over-x2,problems.json,integral,problem,200,Yes,index,https://derivativecalculatorai.com/integral-of--lnx-+-21-over-x2,Yes,Excluded,,,Yes,Partial,0,0,Unknown,,Not reviewed
https://derivativecalculatorai.com/integral-of-x-+-1-over-sqrt1-x2,integral-of-x-+-1-over-sqrt1-x2,problems.json,integral,problem,200,Yes,index,https://derivativecalculatorai.com/integral-of-x-+-1-over-sqrt1-x2,Yes,Excluded,,,Yes,Partial,0,0,Unknown,,Not reviewed
https://derivativecalculatorai.com/integral-of--x4-+-5sinx,integral-of--x4-+-5sinx,problems.json,integral,problem,200,Yes,index,https://derivativecalculatorai.com/integral-of--x4-+-5sinx,Yes,Excluded,,,Yes,Partial,0,0,Unknown,,Not reviewed
https://derivativecalculatorai.com/integral-of-x4-+-2sqrtx-+-1-over-sqrt1-x2,integral-of-x4-+-2sqrtx-+-1-over-sqrt1-x2,problems.json,integral,problem,200,Yes,index,https://derivativecalculatorai.com/integral-of-x4-+-2sqrtx-+-1-over-sqrt1-x2,Yes,Excluded,,,Yes,Partial,0,0,Unknown,,Not reviewed
https://derivativecalculatorai.com/integral-of-5x3-+-cosx-+-3cosx,integral-of-5x3-+-cosx-+-3cosx,problems.json,integral,problem,200,Yes,index,https://derivativecalculatorai.com/integral-of-5x3-+-cosx-+-3cosx,Yes,Excluded,,,Yes,Partial,0,0,Unknown,,Not reviewed
https://derivativecalculatorai.com/integral-of-4tanx,integral-of-4tanx,problems.json,integral,problem,200,Yes,index,https://derivativecalculatorai.com/integral-of-4tanx,Yes,Excluded,,,Yes,Partial,0,0,Unknown,,Not reviewed
https://derivativecalculatorai.com/integral-of-2x-+-1-over-x-+-cosx,integral-of-2x-+-1-over-x-+-cosx,problems.json,integral,problem,200,Yes,index,https://derivativecalculatorai.com/integral-of-2x-+-1-over-x-+-cosx,Yes,Excluded,,,Yes,Partial,0,0,Unknown,,Not reviewed
https://derivativecalculatorai.com/integral-of-2ex-+-1-over-2ex,integral-of-2ex-+-1-over-2ex,problems.json,integral,problem,200,Yes,index,https://derivativecalculatorai.com/integral-of-2ex-+-1-over-2ex,Yes,Excluded,,,Yes,Partial,0,0,Unknown,,Not reviewed
https://derivativecalculatorai.com/integral-of--ex,integral-of--ex,problems.json,integral,problem,200,Yes,index,https://derivativecalculatorai.com/integral-of--ex,Yes,Excluded,,,Yes,Partial,0,0,Unknown,,Not reviewed
https://derivativecalculatorai.com/integral-of-cosx-+-1-over-2tanx,integral-of-cosx-+-1-over-2tanx,problems.json,integral,problem,200,Yes,index,https://derivativecalculatorai.com/integral-of-cosx-+-1-over-2tanx,Yes,Excluded,,,Yes,Partial,0,0,Unknown,,Not reviewed
https://derivativecalculatorai.com/integral-of-31-over-x2-+-41-over-sqrt1-x2--1-over-sqrt1-x2,integral-of-31-over-x2-+-41-over-sqrt1-x2--1-over-sqrt1-x2,problems.json,integral,problem,200,No,noindex,https://derivativecalculatorai.com/integral-of-31-over-x2-+-41-over-sqrt1-x2--1-over-sqrt1-x2,Yes,Excluded,,,Yes,Partial,0,0,Unknown,,Not reviewed
https://derivativecalculatorai.com/integral-of-lnx--x2,integral-of-lnx--x2,problems.json,integral,problem,200,Yes,index,https://derivativecalculatorai.com/integral-of-lnx--x2,Yes,Excluded,,,Yes,Partial,0,0,Unknown,,Not reviewed
https://derivativecalculatorai.com/integral-of-cosx-+-5x,integral-of-cosx-+-5x,problems.json,integral,problem,200,Yes,index,https://derivativecalculatorai.com/integral-of-cosx-+-5x,Yes,Excluded,,,Yes,Partial,0,0,Unknown,,Not reviewed
https://derivativecalculatorai.com/integral-of-5x2-+-1-over-2sqrtx,integral-of-5x2-+-1-over-2sqrtx,problems.json,integral,problem,200,Yes,index,https://derivativecalculatorai.com/integral-of-5x2-+-1-over-2sqrtx,Yes,Excluded,,,Yes,Partial,0,0,Unknown,,Not reviewed
https://derivativecalculatorai.com/integral-of-3secx2-+-4sinx--ex,integral-of-3secx2-+-4sinx--ex,problems.json,integral,problem,200,Yes,index,https://derivativecalculatorai.com/integral-of-3secx2-+-4sinx--ex,Yes,Excluded,,,Yes,Partial,0,0,Unknown,,Not reviewed
https://derivativecalculatorai.com/integral-of-1-over-2x-+-x,integral-of-1-over-2x-+-x,problems.json,integral,problem,200,Yes,index,https://derivativecalculatorai.com/integral-of-1-over-2x-+-x,Yes,Excluded,,,Yes,Partial,0,0,Unknown,,Not reviewed
https://derivativecalculatorai.com/integral-of-tanx-+-1-over-2tanx-+-1-over-2x2,integral-of-tanx-+-1-over-2tanx-+-1-over-2x2,problems.json,integral,problem,200,Yes,index,https://derivativecalculatorai.com/integral-of-tanx-+-1-over-2tanx-+-1-over-2x2,Yes,Excluded,,,Yes,Partial,0,0,Unknown,,Not reviewed
https://derivativecalculatorai.com/integral-of-4lnx-+-51-over-1+x2-+-3x3,integral-of-4lnx-+-51-over-1+x2-+-3x3,problems.json,integral,problem,200,Yes,index,https://derivativecalculatorai.com/integral-of-4lnx-+-51-over-1+x2-+-3x3,Yes,Excluded,,,Yes,Partial,0,0,Unknown,,Not reviewed
https://derivativecalculatorai.com/integral-of-x3-+-5secx2-+-41-over-x2,integral-of-x3-+-5secx2-+-41-over-x2,problems.json,integral,problem,200,Yes,index,https://derivativecalculatorai.com/integral-of-x3-+-5secx2-+-41-over-x2,Yes,Excluded,,,Yes,Partial,0,0,Unknown,,Not reviewed
https://derivativecalculatorai.com/integral-of-2secx2-+-2x2,integral-of-2secx2-+-2x2,problems.json,integral,problem,200,Yes,index,https://derivativecalculatorai.com/integral-of-2secx2-+-2x2,Yes,Excluded,,,Yes,Partial,0,0,Unknown,,Not reviewed
https://derivativecalculatorai.com/integral-of-21-over-x-+-2x2-+-2sinx,integral-of-21-over-x-+-2x2-+-2sinx,problems.json,integral,problem,200,Yes,index,https://derivativecalculatorai.com/integral-of-21-over-x-+-2x2-+-2sinx,Yes,Excluded,,,Yes,Partial,0,0,Unknown,,Not reviewed
https://derivativecalculatorai.com/integral-of-3lnx-+-4x,integral-of-3lnx-+-4x,problems.json,integral,problem,200,Yes,index,https://derivativecalculatorai.com/integral-of-3lnx-+-4x,Yes,Excluded,,,Yes,Partial,0,0,Unknown,,Not reviewed
https://derivativecalculatorai.com/integral-of--1-over-x2-+-4x4,integral-of--1-over-x2-+-4x4,problems.json,integral,problem,200,Yes,index,https://derivativecalculatorai.com/integral-of--1-over-x2-+-4x4,Yes,Excluded,,,Yes,Partial,0,0,Unknown,,Not reviewed
https://derivativecalculatorai.com/integral-of-5lnx-+-1-over-2secx2-+-1-over-2x,integral-of-5lnx-+-1-over-2secx2-+-1-over-2x,problems.json,integral,problem,200,Yes,index,https://derivativecalculatorai.com/integral-of-5lnx-+-1-over-2secx2-+-1-over-2x,Yes,Excluded,,,Yes,Partial,0,0,Unknown,,Not reviewed
https://derivativecalculatorai.com/integral-of-4x4--1-over-1+x2,integral-of-4x4--1-over-1+x2,problems.json,integral,problem,200,Yes,index,https://derivativecalculatorai.com/integral-of-4x4--1-over-1+x2,Yes,Excluded,,,Yes,Partial,0,0,Unknown,,Not reviewed
https://derivativecalculatorai.com/integral-of--x3-+-51-over-1+x2-+-1-over-2ex,integral-of--x3-+-51-over-1+x2-+-1-over-2ex,problems.json,integral,problem,200,Yes,index,https://derivativecalculatorai.com/integral-of--x3-+-51-over-1+x2-+-1-over-2ex,Yes,Excluded,,,Yes,Partial,0,0,Unknown,,Not reviewed
https://derivativecalculatorai.com/integral-of-2lnx-+-1-over-2cosx-+-sinx,integral-of-2lnx-+-1-over-2cosx-+-sinx,problems.json,integral,problem,200,Yes,index,https://derivativecalculatorai.com/integral-of-2lnx-+-1-over-2cosx-+-sinx,Yes,Excluded,,,Yes,Partial,0,0,Unknown,,Not reviewed
https://derivativecalculatorai.com/integral-of-1-over-x2--lnx,integral-of-1-over-x2--lnx,problems.json,integral,problem,200,Yes,index,https://derivativecalculatorai.com/integral-of-1-over-x2--lnx,Yes,Excluded,,,Yes,Partial,0,0,Unknown,,Not reviewed
https://derivativecalculatorai.com/integral-of-51-over-1+x2--x3-+-cosx,integral-of-51-over-1+x2--x3-+-cosx,problems.json,integral,problem,200,Yes,index,https://derivativecalculatorai.com/integral-of-51-over-1+x2--x3-+-cosx,Yes,Excluded,,,Yes,Partial,0,0,Unknown,,Not reviewed
https://derivativecalculatorai.com/integral-of-5sqrtx-+-sqrtx,integral-of-5sqrtx-+-sqrtx,problems.json,integral,problem,200,Yes,index,https://derivativecalculatorai.com/integral-of-5sqrtx-+-sqrtx,Yes,Excluded,,,Yes,Partial,0,0,Unknown,,Not reviewed
https://derivativecalculatorai.com/integral-of-5tanx,integral-of-5tanx,problems.json,integral,problem,200,Yes,index,https://derivativecalculatorai.com/integral-of-5tanx,Yes,Excluded,,,Yes,Partial,0,0,Unknown,,Not reviewed
https://derivativecalculatorai.com/integral-of-1-over-2tanx-+-x2--1-over-sqrt1-x2,integral-of-1-over-2tanx-+-x2--1-over-sqrt1-x2,problems.json,integral,problem,200,Yes,index,https://derivativecalculatorai.com/integral-of-1-over-2tanx-+-x2--1-over-sqrt1-x2,Yes,Excluded,,,Yes,Partial,0,0,Unknown,,Not reviewed
https://derivativecalculatorai.com/integral-of--secx2-+-5cosx-+-5lnx,integral-of--secx2-+-5cosx-+-5lnx,problems.json,integral,problem,200,Yes,index,https://derivativecalculatorai.com/integral-of--secx2-+-5cosx-+-5lnx,Yes,Excluded,,,Yes,Partial,0,0,Unknown,,Not reviewed
https://derivativecalculatorai.com/integral-of-5sinx-+-5sqrtx-+-41-over-sqrt1-x2,integral-of-5sinx-+-5sqrtx-+-41-over-sqrt1-x2,problems.json,integral,problem,200,Yes,index,https://derivativecalculatorai.com/integral-of-5sinx-+-5sqrtx-+-41-over-sqrt1-x2,Yes,Excluded,,,Yes,Partial,0,0,Unknown,,Not reviewed
https://derivativecalculatorai.com/integral-of--1-over-x-+-1-over-2ex-+-1-over-2sqrtx,integral-of--1-over-x-+-1-over-2ex-+-1-over-2sqrtx,problems.json,integral,problem,200,Yes,index,https://derivativecalculatorai.com/integral-of--1-over-x-+-1-over-2ex-+-1-over-2sqrtx,Yes,Excluded,,,Yes,Partial,0,0,Unknown,,Not reviewed
https://derivativecalculatorai.com/integral-of-4sinx--lnx,integral-of-4sinx--lnx,problems.json,integral,problem,200,Yes,index,https://derivativecalculatorai.com/integral-of-4sinx--lnx,Yes,Excluded,,,Yes,Partial,0,0,Unknown,,Not reviewed
https://derivativecalculatorai.com/integral-of-5cosx-+-cosx--1-over-x2,integral-of-5cosx-+-cosx--1-over-x2,problems.json,integral,problem,200,Yes,index,https://derivativecalculatorai.com/integral-of-5cosx-+-cosx--1-over-x2,Yes,Excluded,,,Yes,Partial,0,0,Unknown,,Not reviewed
https://derivativecalculatorai.com/integral-of-3ex-+-41-over-1+x2,integral-of-3ex-+-41-over-1+x2,problems.json,integral,problem,200,Yes,index,https://derivativecalculatorai.com/integral-of-3ex-+-41-over-1+x2,Yes,Excluded,,,Yes,Partial,0,0,Unknown,,Not reviewed
https://derivativecalculatorai.com/integral-of-2secx2-+-3x3-+-3cosx,integral-of-2secx2-+-3x3-+-3cosx,problems.json,integral,problem,200,Yes,index,https://derivativecalculatorai.com/integral-of-2secx2-+-3x3-+-3cosx,Yes,Excluded,,,Yes,Partial,0,0,Unknown,,Not reviewed
https://derivativecalculatorai.com/integral-of--sqrtx,integral-of--sqrtx,problems.json,integral,problem,200,Yes,index,https://derivativecalculatorai.com/integral-of--sqrtx,Yes,Excluded,,,Yes,Partial,0,0,Unknown,,Not reviewed
https://derivativecalculatorai.com/integral-of-5cosx,integral-of-5cosx,problems.json,integral,problem,200,No,noindex,https://derivativecalculatorai.com/integral-of-5cosx,Yes,Excluded,,,Yes,Partial,0,0,Unknown,,Not reviewed
https://derivativecalculatorai.com/integral-of-1-over-2sqrtx-+-2x3,integral-of-1-over-2sqrtx-+-2x3,problems.json,integral,problem,200,Yes,index,https://derivativecalculatorai.com/integral-of-1-over-2sqrtx-+-2x3,Yes,Excluded,,,Yes,Partial,0,0,Unknown,,Not reviewed
https://derivativecalculatorai.com/integral-of-2ex-+-2cosx,integral-of-2ex-+-2cosx,problems.json,integral,problem,200,Yes,index,https://derivativecalculatorai.com/integral-of-2ex-+-2cosx,Yes,Excluded,,,Yes,Partial,0,0,Unknown,,Not reviewed
https://derivativecalculatorai.com/integral-of-3secx2-+-4tanx,integral-of-3secx2-+-4tanx,problems.json,integral,problem,200,Yes,index,https://derivativecalculatorai.com/integral-of-3secx2-+-4tanx,Yes,Excluded,,,Yes,Partial,0,0,Unknown,,Not reviewed
https://derivativecalculatorai.com/integral-of-x3-+-1-over-2x3,integral-of-x3-+-1-over-2x3,problems.json,integral,problem,200,Yes,index,https://derivativecalculatorai.com/integral-of-x3-+-1-over-2x3,Yes,Excluded,,,Yes,Partial,0,0,Unknown,,Not reviewed
https://derivativecalculatorai.com/integral-of-3x4-+-41-over-sqrt1-x2,integral-of-3x4-+-41-over-sqrt1-x2,problems.json,integral,problem,200,Yes,index,https://derivativecalculatorai.com/integral-of-3x4-+-41-over-sqrt1-x2,Yes,Excluded,,,Yes,Partial,0,0,Unknown,,Not reviewed
https://derivativecalculatorai.com/integral-of-3cosx-+-5cosx-+-5lnx,integral-of-3cosx-+-5cosx-+-5lnx,problems.json,integral,problem,200,Yes,index,https://derivativecalculatorai.com/integral-of-3cosx-+-5cosx-+-5lnx,Yes,Excluded,,,Yes,Partial,0,0,Unknown,,Not reviewed
https://derivativecalculatorai.com/integral-of-3secx2-+-1-over-21-over-x2-+-2sqrtx,integral-of-3secx2-+-1-over-21-over-x2-+-2sqrtx,problems.json,integral,problem,200,Yes,index,https://derivativecalculatorai.com/integral-of-3secx2-+-1-over-21-over-x2-+-2sqrtx,Yes,Excluded,,,Yes,Partial,0,0,Unknown,,Not reviewed
https://derivativecalculatorai.com/integral-of-lnx-+-3x,integral-of-lnx-+-3x,problems.json,integral,problem,200,Yes,index,https://derivativecalculatorai.com/integral-of-lnx-+-3x,Yes,Excluded,,,Yes,Partial,0,0,Unknown,,Not reviewed
https://derivativecalculatorai.com/integral-of-2sqrtx--ex-+-1-over-x,integral-of-2sqrtx--ex-+-1-over-x,problems.json,integral,problem,200,Yes,index,https://derivativecalculatorai.com/integral-of-2sqrtx--ex-+-1-over-x,Yes,Excluded,,,Yes,Partial,0,0,Unknown,,Not reviewed
https://derivativecalculatorai.com/integral-of--lnx-+-4sqrtx-+-5secx2,integral-of--lnx-+-4sqrtx-+-5secx2,problems.json,integral,problem,200,Yes,index,https://derivativecalculatorai.com/integral-of--lnx-+-4sqrtx-+-5secx2,Yes,Excluded,,,Yes,Partial,0,0,Unknown,,Not reviewed
https://derivativecalculatorai.com/integral-of-3tanx-+-3tanx,integral-of-3tanx-+-3tanx,problems.json,integral,problem,200,Yes,index,https://derivativecalculatorai.com/integral-of-3tanx-+-3tanx,Yes,Excluded,,,Yes,Partial,0,0,Unknown,,Not reviewed
https://derivativecalculatorai.com/integral-of-3x-+-1-over-2x-+-1-over-21-over-sqrt1-x2,integral-of-3x-+-1-over-2x-+-1-over-21-over-sqrt1-x2,problems.json,integral,problem,200,No,noindex,https://derivativecalculatorai.com/integral-of-3x-+-1-over-2x-+-1-over-21-over-sqrt1-x2,Yes,Excluded,,,Yes,Partial,0,0,Unknown,,Not reviewed
https://derivativecalculatorai.com/integral-of-4tanx-+-5secx2-+-4secx2,integral-of-4tanx-+-5secx2-+-4secx2,problems.json,integral,problem,200,Yes,index,https://derivativecalculatorai.com/integral-of-4tanx-+-5secx2-+-4secx2,Yes,Excluded,,,Yes,Partial,0,0,Unknown,,Not reviewed
https://derivativecalculatorai.com/integral-of-3ex-+-x4,integral-of-3ex-+-x4,problems.json,integral,problem,200,Yes,index,https://derivativecalculatorai.com/integral-of-3ex-+-x4,Yes,Excluded,,,Yes,Partial,0,0,Unknown,,Not reviewed
https://derivativecalculatorai.com/integral-of-1-over-2x3--x3,integral-of-1-over-2x3--x3,problems.json,integral,problem,200,Yes,index,https://derivativecalculatorai.com/integral-of-1-over-2x3--x3,Yes,Excluded,,,Yes,Partial,0,0,Unknown,,Not reviewed
https://derivativecalculatorai.com/integral-of-31-over-x2-+-3x2,integral-of-31-over-x2-+-3x2,problems.json,integral,problem,200,Yes,index,https://derivativecalculatorai.com/integral-of-31-over-x2-+-3x2,Yes,Excluded,,,Yes,Partial,0,0,Unknown,,Not reviewed
https://derivativecalculatorai.com/integral-of-2secx2-+-tanx-+-4tanx,integral-of-2secx2-+-tanx-+-4tanx,problems.json,integral,problem,200,Yes,index,https://derivativecalculatorai.com/integral-of-2secx2-+-tanx-+-4tanx,Yes,Excluded,,,Yes,Partial,0,0,Unknown,,Not reviewed
https://derivativecalculatorai.com/integral-of-lnx--tanx,integral-of-lnx--tanx,problems.json,integral,problem,200,Yes,index,https://derivativecalculatorai.com/integral-of-lnx--tanx,Yes,Excluded,,,Yes,Partial,0,0,Unknown,,Not reviewed
https://derivativecalculatorai.com/integral-of-4sinx-+-3lnx,integral-of-4sinx-+-3lnx,problems.json,integral,problem,200,Yes,index,https://derivativecalculatorai.com/integral-of-4sinx-+-3lnx,Yes,Excluded,,,Yes,Partial,0,0,Unknown,,Not reviewed
https://derivativecalculatorai.com/integral-of-5x2-+-2tanx,integral-of-5x2-+-2tanx,problems.json,integral,problem,200,Yes,index,https://derivativecalculatorai.com/integral-of-5x2-+-2tanx,Yes,Excluded,,,Yes,Partial,0,0,Unknown,,Not reviewed
https://derivativecalculatorai.com/integral-of-2sqrtx-+-1-over-2secx2,integral-of-2sqrtx-+-1-over-2secx2,problems.json,integral,problem,200,Yes,index,https://derivativecalculatorai.com/integral-of-2sqrtx-+-1-over-2secx2,Yes,Excluded,,,Yes,Partial,0,0,Unknown,,Not reviewed
https://derivativecalculatorai.com/integral-of--x2-+-1-over-21-over-sqrt1-x2,integral-of--x2-+-1-over-21-over-sqrt1-x2,problems.json,integral,problem,200,Yes,index,https://derivativecalculatorai.com/integral-of--x2-+-1-over-21-over-sqrt1-x2,Yes,Excluded,,,Yes,Partial,0,0,Unknown,,Not reviewed
https://derivativecalculatorai.com/integral-of-ex--1-over-x,integral-of-ex--1-over-x,problems.json,integral,problem,200,Yes,index,https://derivativecalculatorai.com/integral-of-ex--1-over-x,Yes,Excluded,,,Yes,Partial,0,0,Unknown,,Not reviewed
https://derivativecalculatorai.com/integral-of-41-over-x2-+-51-over-sqrt1-x2,integral-of-41-over-x2-+-51-over-sqrt1-x2,problems.json,integral,problem,200,Yes,index,https://derivativecalculatorai.com/integral-of-41-over-x2-+-51-over-sqrt1-x2,Yes,Excluded,,,Yes,Partial,0,0,Unknown,,Not reviewed
https://derivativecalculatorai.com/integral-of-4cosx-+-4x3,integral-of-4cosx-+-4x3,problems.json,integral,problem,200,Yes,index,https://derivativecalculatorai.com/integral-of-4cosx-+-4x3,Yes,Excluded,,,Yes,Partial,0,0,Unknown,,Not reviewed
https://derivativecalculatorai.com/integral-of-4sqrtx-+-sqrtx-+-5sqrtx,integral-of-4sqrtx-+-sqrtx-+-5sqrtx,problems.json,integral,problem,200,Yes,index,https://derivativecalculatorai.com/integral-of-4sqrtx-+-sqrtx-+-5sqrtx,Yes,Excluded,,,Yes,Partial,0,0,Unknown,,Not reviewed
https://derivativecalculatorai.com/integral-of--1-over-sqrt1-x2-+-5sinx--lnx,integral-of--1-over-sqrt1-x2-+-5sinx--lnx,problems.json,integral,problem,200,Yes,index,https://derivativecalculatorai.com/integral-of--1-over-sqrt1-x2-+-5sinx--lnx,Yes,Excluded,,,Yes,Partial,0,0,Unknown,,Not reviewed
https://derivativecalculatorai.com/integral-of-3sqrtx-+-ex,integral-of-3sqrtx-+-ex,problems.json,integral,problem,200,Yes,index,https://derivativecalculatorai.com/integral-of-3sqrtx-+-ex,Yes,Excluded,,,Yes,Partial,0,0,Unknown,,Not reviewed
https://derivativecalculatorai.com/integral-of-1-over-2x2--1-over-x-+-sinx,integral-of-1-over-2x2--1-over-x-+-sinx,problems.json,integral,problem,200,Yes,index,https://derivativecalculatorai.com/integral-of-1-over-2x2--1-over-x-+-sinx,Yes,Excluded,,,Yes,Partial,0,0,Unknown,,Not reviewed
https://derivativecalculatorai.com/integral-of-1-over-2x2-+-4x2-+-1-over-2lnx,integral-of-1-over-2x2-+-4x2-+-1-over-2lnx,problems.json,integral,problem,200,Yes,index,https://derivativecalculatorai.com/integral-of-1-over-2x2-+-4x2-+-1-over-2lnx,Yes,Excluded,,,Yes,Partial,0,0,Unknown,,Not reviewed
https://derivativecalculatorai.com/integral-of-1-over-21-over-x-+-x3-+-3lnx,integral-of-1-over-21-over-x-+-x3-+-3lnx,problems.json,integral,problem,200,Yes,index,https://derivativecalculatorai.com/integral-of-1-over-21-over-x-+-x3-+-3lnx,Yes,Excluded,,,Yes,Partial,0,0,Unknown,,Not reviewed
https://derivativecalculatorai.com/integral-of-3sinx-+-ex,integral-of-3sinx-+-ex,problems.json,integral,problem,200,Yes,index,https://derivativecalculatorai.com/integral-of-3sinx-+-ex,Yes,Excluded,,,Yes,Partial,0,0,Unknown,,Not reviewed
https://derivativecalculatorai.com/integral-of-2sqrtx-+-2x,integral-of-2sqrtx-+-2x,problems.json,integral,problem,200,Yes,index,https://derivativecalculatorai.com/integral-of-2sqrtx-+-2x,Yes,Excluded,,,Yes,Partial,0,0,Unknown,,Not reviewed
https://derivativecalculatorai.com/integral-of-3x-+-1-over-21-over-sqrt1-x2,integral-of-3x-+-1-over-21-over-sqrt1-x2,problems.json,integral,problem,200,Yes,index,https://derivativecalculatorai.com/integral-of-3x-+-1-over-21-over-sqrt1-x2,Yes,Excluded,,,Yes,Partial,0,0,Unknown,,Not reviewed
https://derivativecalculatorai.com/integral-of-31-over-x--sqrtx-+-cosx,integral-of-31-over-x--sqrtx-+-cosx,problems.json,integral,problem,200,Yes,index,https://derivativecalculatorai.com/integral-of-31-over-x--sqrtx-+-cosx,Yes,Excluded,,,Yes,Partial,0,0,Unknown,,Not reviewed
https://derivativecalculatorai.com/integral-of-31-over-sqrt1-x2-+-ex-+-1-over-21-over-x,integral-of-31-over-sqrt1-x2-+-ex-+-1-over-21-over-x,problems.json,integral,problem,200,No,noindex,https://derivativecalculatorai.com/integral-of-31-over-sqrt1-x2-+-ex-+-1-over-21-over-x,Yes,Excluded,,,Yes,Partial,0,0,Unknown,,Not reviewed
https://derivativecalculatorai.com/integral-of-31-over-x-+-2sqrtx-+-1-over-21-over-sqrt1-x2,integral-of-31-over-x-+-2sqrtx-+-1-over-21-over-sqrt1-x2,problems.json,integral,problem,200,No,noindex,https://derivativecalculatorai.com/integral-of-31-over-x-+-2sqrtx-+-1-over-21-over-sqrt1-x2,Yes,Excluded,,,Yes,Partial,0,0,Unknown,,Not reviewed
https://derivativecalculatorai.com/integral-of-4sqrtx-+-cosx,integral-of-4sqrtx-+-cosx,problems.json,integral,problem,200,Yes,index,https://derivativecalculatorai.com/integral-of-4sqrtx-+-cosx,Yes,Excluded,,,Yes,Partial,0,0,Unknown,,Not reviewed
https://derivativecalculatorai.com/integral-of-4x4-+-1-over-21-over-sqrt1-x2--x3,integral-of-4x4-+-1-over-21-over-sqrt1-x2--x3,problems.json,integral,problem,200,Yes,index,https://derivativecalculatorai.com/integral-of-4x4-+-1-over-21-over-sqrt1-x2--x3,Yes,Excluded,,,Yes,Partial,0,0,Unknown,,Not reviewed
https://derivativecalculatorai.com/integral-of-1-over-2x3-+-3ex--ex,integral-of-1-over-2x3-+-3ex--ex,problems.json,integral,problem,200,Yes,index,https://derivativecalculatorai.com/integral-of-1-over-2x3-+-3ex--ex,Yes,Excluded,,,Yes,Partial,0,0,Unknown,,Not reviewed
https://derivativecalculatorai.com/integral-of-4lnx-+-2tanx,integral-of-4lnx-+-2tanx,problems.json,integral,problem,200,Yes,index,https://derivativecalculatorai.com/integral-of-4lnx-+-2tanx,Yes,Excluded,,,Yes,Partial,0,0,Unknown,,Not reviewed
https://derivativecalculatorai.com/integral-of-1-over-2cosx-+-1-over-21-over-x,integral-of-1-over-2cosx-+-1-over-21-over-x,problems.json,integral,problem,200,Yes,index,https://derivativecalculatorai.com/integral-of-1-over-2cosx-+-1-over-21-over-x,Yes,Excluded,,,Yes,Partial,0,0,Unknown,,Not reviewed
https://derivativecalculatorai.com/integral-of-1-over-2tanx-+-2x2,integral-of-1-over-2tanx-+-2x2,problems.json,integral,problem,200,Yes,index,https://derivativecalculatorai.com/integral-of-1-over-2tanx-+-2x2,Yes,Excluded,,,Yes,Partial,0,0,Unknown,,Not reviewed
https://derivativecalculatorai.com/integral-of-2secx2-+-3x-+-2sinx,integral-of-2secx2-+-3x-+-2sinx,problems.json,integral,problem,200,Yes,index,https://derivativecalculatorai.com/integral-of-2secx2-+-3x-+-2sinx,Yes,Excluded,,,Yes,Partial,0,0,Unknown,,Not reviewed
https://derivativecalculatorai.com/integral-of-1-over-x,integral-of-1-over-x,problems.json,integral,problem,200,No,noindex,https://derivativecalculatorai.com/integral-of-1-over-x,Yes,Excluded,,,Yes,Partial,0,0,Unknown,,Not reviewed
https://derivativecalculatorai.com/integral-of-51-over-x2-+-41-over-1+x2-+-3secx2,integral-of-51-over-x2-+-41-over-1+x2-+-3secx2,problems.json,integral,problem,200,Yes,index,https://derivativecalculatorai.com/integral-of-51-over-x2-+-41-over-1+x2-+-3secx2,Yes,Excluded,,,Yes,Partial,0,0,Unknown,,Not reviewed
https://derivativecalculatorai.com/integral-of-sinx--sqrtx-+-41-over-1+x2,integral-of-sinx--sqrtx-+-41-over-1+x2,problems.json,integral,problem,200,Yes,index,https://derivativecalculatorai.com/integral-of-sinx--sqrtx-+-41-over-1+x2,Yes,Excluded,,,Yes,Partial,0,0,Unknown,,Not reviewed
https://derivativecalculatorai.com/integral-of-5x3-+-4x-+-5tanx,integral-of-5x3-+-4x-+-5tanx,problems.json,integral,problem,200,Yes,index,https://derivativecalculatorai.com/integral-of-5x3-+-4x-+-5tanx,Yes,Excluded,,,Yes,Partial,0,0,Unknown,,Not reviewed
https://derivativecalculatorai.com/integral-of--sinx-+-1-over-21-over-sqrt1-x2,integral-of--sinx-+-1-over-21-over-sqrt1-x2,problems.json,integral,problem,200,Yes,index,https://derivativecalculatorai.com/integral-of--sinx-+-1-over-21-over-sqrt1-x2,Yes,Excluded,,,Yes,Partial,0,0,Unknown,,Not reviewed
https://derivativecalculatorai.com/integral-of-2tanx-+-5cosx,integral-of-2tanx-+-5cosx,problems.json,integral,problem,200,Yes,index,https://derivativecalculatorai.com/integral-of-2tanx-+-5cosx,Yes,Excluded,,,Yes,Partial,0,0,Unknown,,Not reviewed
https://derivativecalculatorai.com/integral-of-2x4-+-3cosx,integral-of-2x4-+-3cosx,problems.json,integral,problem,200,Yes,index,https://derivativecalculatorai.com/integral-of-2x4-+-3cosx,Yes,Excluded,,,Yes,Partial,0,0,Unknown,,Not reviewed
https://derivativecalculatorai.com/integral-of-3x3-+-3sinx,integral-of-3x3-+-3sinx,problems.json,integral,problem,200,Yes,index,https://derivativecalculatorai.com/integral-of-3x3-+-3sinx,Yes,Excluded,,,Yes,Partial,0,0,Unknown,,Not reviewed
https://derivativecalculatorai.com/integral-of-5x,integral-of-5x,problems.json,integral,problem,200,No,noindex,https://derivativecalculatorai.com/integral-of-5x,Yes,Excluded,,,Yes,Partial,0,0,Unknown,,Not reviewed
https://derivativecalculatorai.com/integral-of-1-over-2x-+-sqrtx,integral-of-1-over-2x-+-sqrtx,problems.json,integral,problem,200,Yes,index,https://derivativecalculatorai.com/integral-of-1-over-2x-+-sqrtx,Yes,Excluded,,,Yes,Partial,0,0,Unknown,,Not reviewed
https://derivativecalculatorai.com/integral-of-4sinx-+-1-over-2lnx,integral-of-4sinx-+-1-over-2lnx,problems.json,integral,problem,200,Yes,index,https://derivativecalculatorai.com/integral-of-4sinx-+-1-over-2lnx,Yes,Excluded,,,Yes,Partial,0,0,Unknown,,Not reviewed
https://derivativecalculatorai.com/integral-of-1-over-21-over-x2-+-5x2--ex,integral-of-1-over-21-over-x2-+-5x2--ex,problems.json,integral,problem,200,Yes,index,https://derivativecalculatorai.com/integral-of-1-over-21-over-x2-+-5x2--ex,Yes,Excluded,,,Yes,Partial,0,0,Unknown,,Not reviewed
https://derivativecalculatorai.com/integral-of--lnx-+-3sinx-+-ex,integral-of--lnx-+-3sinx-+-ex,problems.json,integral,problem,200,Yes,index,https://derivativecalculatorai.com/integral-of--lnx-+-3sinx-+-ex,Yes,Excluded,,,Yes,Partial,0,0,Unknown,,Not reviewed
https://derivativecalculatorai.com/integral-of-5sinx-+-2x2--1-over-x2,integral-of-5sinx-+-2x2--1-over-x2,problems.json,integral,problem,200,Yes,index,https://derivativecalculatorai.com/integral-of-5sinx-+-2x2--1-over-x2,Yes,Excluded,,,Yes,Partial,0,0,Unknown,,Not reviewed
https://derivativecalculatorai.com/integral-of-1-over-2x--1-over-x,integral-of-1-over-2x--1-over-x,problems.json,integral,problem,200,Yes,index,https://derivativecalculatorai.com/integral-of-1-over-2x--1-over-x,Yes,Excluded,,,Yes,Partial,0,0,Unknown,,Not reviewed
https://derivativecalculatorai.com/integral-of-2secx2-+-4secx2,integral-of-2secx2-+-4secx2,problems.json,integral,problem,200,Yes,index,https://derivativecalculatorai.com/integral-of-2secx2-+-4secx2,Yes,Excluded,,,Yes,Partial,0,0,Unknown,,Not reviewed
https://derivativecalculatorai.com/integral-of-2lnx--1-over-sqrt1-x2,integral-of-2lnx--1-over-sqrt1-x2,problems.json,integral,problem,200,Yes,index,https://derivativecalculatorai.com/integral-of-2lnx--1-over-sqrt1-x2,Yes,Excluded,,,Yes,Partial,0,0,Unknown,,Not reviewed
https://derivativecalculatorai.com/integral-of-cosx-+-5sinx,integral-of-cosx-+-5sinx,problems.json,integral,problem,200,Yes,index,https://derivativecalculatorai.com/integral-of-cosx-+-5sinx,Yes,Excluded,,,Yes,Partial,0,0,Unknown,,Not reviewed
https://derivativecalculatorai.com/integral-of-1-over-2x3-+-5secx2-+-1-over-2secx2,integral-of-1-over-2x3-+-5secx2-+-1-over-2secx2,problems.json,integral,problem,200,Yes,index,https://derivativecalculatorai.com/integral-of-1-over-2x3-+-5secx2-+-1-over-2secx2,Yes,Excluded,,,Yes,Partial,0,0,Unknown,,Not reviewed
https://derivativecalculatorai.com/integral-of-21-over-sqrt1-x2-+-3x2,integral-of-21-over-sqrt1-x2-+-3x2,problems.json,integral,problem,200,Yes,index,https://derivativecalculatorai.com/integral-of-21-over-sqrt1-x2-+-3x2,Yes,Excluded,,,Yes,Partial,0,0,Unknown,,Not reviewed
https://derivativecalculatorai.com/integral-of-5secx2--cosx,integral-of-5secx2--cosx,problems.json,integral,problem,200,Yes,index,https://derivativecalculatorai.com/integral-of-5secx2--cosx,Yes,Excluded,,,Yes,Partial,0,0,Unknown,,Not reviewed
https://derivativecalculatorai.com/integral-of-3ex-+-x3,integral-of-3ex-+-x3,problems.json,integral,problem,200,Yes,index,https://derivativecalculatorai.com/integral-of-3ex-+-x3,Yes,Excluded,,,Yes,Partial,0,0,Unknown,,Not reviewed
https://derivativecalculatorai.com/integral-of-sqrtx--1-over-1+x2,integral-of-sqrtx--1-over-1+x2,problems.json,integral,problem,200,Yes,index,https://derivativecalculatorai.com/integral-of-sqrtx--1-over-1+x2,Yes,Excluded,,,Yes,Partial,0,0,Unknown,,Not reviewed
https://derivativecalculatorai.com/integral-of-1-over-2tanx-+-3sinx-+-2x3,integral-of-1-over-2tanx-+-3sinx-+-2x3,problems.json,integral,problem,200,Yes,index,https://derivativecalculatorai.com/integral-of-1-over-2tanx-+-3sinx-+-2x3,Yes,Excluded,,,Yes,Partial,0,0,Unknown,,Not reviewed
https://derivativecalculatorai.com/integral-of-41-over-sqrt1-x2--tanx-+-1-over-2ex,integral-of-41-over-sqrt1-x2--tanx-+-1-over-2ex,problems.json,integral,problem,200,Yes,index,https://derivativecalculatorai.com/integral-of-41-over-sqrt1-x2--tanx-+-1-over-2ex,Yes,Excluded,,,Yes,Partial,0,0,Unknown,,Not reviewed
https://derivativecalculatorai.com/integral-of-1-over-2tanx-+-1-over-21-over-sqrt1-x2-+-3cosx,integral-of-1-over-2tanx-+-1-over-21-over-sqrt1-x2-+-3cosx,problems.json,integral,problem,200,No,noindex,https://derivativecalculatorai.com/integral-of-1-over-2tanx-+-1-over-21-over-sqrt1-x2-+-3cosx,Yes,Excluded,,,Yes,Partial,0,0,Unknown,,Not reviewed
https://derivativecalculatorai.com/integral-of-4x4--1-over-sqrt1-x2-+-3ex,integral-of-4x4--1-over-sqrt1-x2-+-3ex,problems.json,integral,problem,200,Yes,index,https://derivativecalculatorai.com/integral-of-4x4--1-over-sqrt1-x2-+-3ex,Yes,Excluded,,,Yes,Partial,0,0,Unknown,,Not reviewed
https://derivativecalculatorai.com/integral-of-51-over-x2-+-x--x,integral-of-51-over-x2-+-x--x,problems.json,integral,problem,200,Yes,index,https://derivativecalculatorai.com/integral-of-51-over-x2-+-x--x,Yes,Excluded,,,Yes,Partial,0,0,Unknown,,Not reviewed
https://derivativecalculatorai.com/integral-of-3sinx-+-31-over-sqrt1-x2,integral-of-3sinx-+-31-over-sqrt1-x2,problems.json,integral,problem,200,Yes,index,https://derivativecalculatorai.com/integral-of-3sinx-+-31-over-sqrt1-x2,Yes,Excluded,,,Yes,Partial,0,0,Unknown,,Not reviewed
https://derivativecalculatorai.com/integral-of-1-over-x2-+-31-over-sqrt1-x2,integral-of-1-over-x2-+-31-over-sqrt1-x2,problems.json,integral,problem,200,Yes,index,https://derivativecalculatorai.com/integral-of-1-over-x2-+-31-over-sqrt1-x2,Yes,Excluded,,,Yes,Partial,0,0,Unknown,,Not reviewed
https://derivativecalculatorai.com/integral-of-3lnx--secx2,integral-of-3lnx--secx2,problems.json,integral,problem,200,Yes,index,https://derivativecalculatorai.com/integral-of-3lnx--secx2,Yes,Excluded,,,Yes,Partial,0,0,Unknown,,Not reviewed
https://derivativecalculatorai.com/integral-of-51-over-sqrt1-x2-+-x2,integral-of-51-over-sqrt1-x2-+-x2,problems.json,integral,problem,200,Yes,index,https://derivativecalculatorai.com/integral-of-51-over-sqrt1-x2-+-x2,Yes,Excluded,,,Yes,Partial,0,0,Unknown,,Not reviewed
https://derivativecalculatorai.com/integral-of-1-over-2cosx-+-4tanx,integral-of-1-over-2cosx-+-4tanx,problems.json,integral,problem,200,Yes,index,https://derivativecalculatorai.com/integral-of-1-over-2cosx-+-4tanx,Yes,Excluded,,,Yes,Partial,0,0,Unknown,,Not reviewed
https://derivativecalculatorai.com/integral-of-sqrtx-+-1-over-2x4-+-51-over-x2,integral-of-sqrtx-+-1-over-2x4-+-51-over-x2,problems.json,integral,problem,200,Yes,index,https://derivativecalculatorai.com/integral-of-sqrtx-+-1-over-2x4-+-51-over-x2,Yes,Excluded,,,Yes,Partial,0,0,Unknown,,Not reviewed
https://derivativecalculatorai.com/integral-of-2sinx-+-4ex,integral-of-2sinx-+-4ex,problems.json,integral,problem,200,Yes,index,https://derivativecalculatorai.com/integral-of-2sinx-+-4ex,Yes,Excluded,,,Yes,Partial,0,0,Unknown,,Not reviewed
https://derivativecalculatorai.com/integral-of-5x-+-1-over-2x-+-1-over-2ex,integral-of-5x-+-1-over-2x-+-1-over-2ex,problems.json,integral,problem,200,Yes,index,https://derivativecalculatorai.com/integral-of-5x-+-1-over-2x-+-1-over-2ex,Yes,Excluded,,,Yes,Partial,0,0,Unknown,,Not reviewed
https://derivativecalculatorai.com/integral-of-5tanx-+-3x,integral-of-5tanx-+-3x,problems.json,integral,problem,200,Yes,index,https://derivativecalculatorai.com/integral-of-5tanx-+-3x,Yes,Excluded,,,Yes,Partial,0,0,Unknown,,Not reviewed
https://derivativecalculatorai.com/integral-of-x2--cosx-+-5x,integral-of-x2--cosx-+-5x,problems.json,integral,problem,200,Yes,index,https://derivativecalculatorai.com/integral-of-x2--cosx-+-5x,Yes,Excluded,,,Yes,Partial,0,0,Unknown,,Not reviewed
https://derivativecalculatorai.com/integral-of-x4-+-sqrtx,integral-of-x4-+-sqrtx,problems.json,integral,problem,200,Yes,index,https://derivativecalculatorai.com/integral-of-x4-+-sqrtx,Yes,Excluded,,,Yes,Partial,0,0,Unknown,,Not reviewed
https://derivativecalculatorai.com/integral-of-3sqrtx-+-51-over-x-+-2secx2,integral-of-3sqrtx-+-51-over-x-+-2secx2,problems.json,integral,problem,200,Yes,index,https://derivativecalculatorai.com/integral-of-3sqrtx-+-51-over-x-+-2secx2,Yes,Excluded,,,Yes,Partial,0,0,Unknown,,Not reviewed
https://derivativecalculatorai.com/integral-of--x4-+-tanx-+-5cosx,integral-of--x4-+-tanx-+-5cosx,problems.json,integral,problem,200,Yes,index,https://derivativecalculatorai.com/integral-of--x4-+-tanx-+-5cosx,Yes,Excluded,,,Yes,Partial,0,0,Unknown,,Not reviewed
https://derivativecalculatorai.com/integral-of--x2-+-3lnx--x4,integral-of--x2-+-3lnx--x4,problems.json,integral,problem,200,Yes,index,https://derivativecalculatorai.com/integral-of--x2-+-3lnx--x4,Yes,Excluded,,,Yes,Partial,0,0,Unknown,,Not reviewed
https://derivativecalculatorai.com/integral-of-4x--1-over-1+x2-+-4secx2,integral-of-4x--1-over-1+x2-+-4secx2,problems.json,integral,problem,200,Yes,index,https://derivativecalculatorai.com/integral-of-4x--1-over-1+x2-+-4secx2,Yes,Excluded,,,Yes,Partial,0,0,Unknown,,Not reviewed
https://derivativecalculatorai.com/integral-of-4x-+-2x2,integral-of-4x-+-2x2,problems.json,integral,problem,200,Yes,index,https://derivativecalculatorai.com/integral-of-4x-+-2x2,Yes,Excluded,,,Yes,Partial,0,0,Unknown,,Not reviewed
https://derivativecalculatorai.com/integral-of-1-over-x-+-2tanx-+-x4,integral-of-1-over-x-+-2tanx-+-x4,problems.json,integral,problem,200,Yes,index,https://derivativecalculatorai.com/integral-of-1-over-x-+-2tanx-+-x4,Yes,Excluded,,,Yes,Partial,0,0,Unknown,,Not reviewed
https://derivativecalculatorai.com/integral-of-31-over-1+x2-+-lnx,integral-of-31-over-1+x2-+-lnx,problems.json,integral,problem,200,Yes,index,https://derivativecalculatorai.com/integral-of-31-over-1+x2-+-lnx,Yes,Excluded,,,Yes,Partial,0,0,Unknown,,Not reviewed
https://derivativecalculatorai.com/integral-of-tanx-+-2cosx,integral-of-tanx-+-2cosx,problems.json,integral,problem,200,Yes,index,https://derivativecalculatorai.com/integral-of-tanx-+-2cosx,Yes,Excluded,,,Yes,Partial,0,0,Unknown,,Not reviewed
https://derivativecalculatorai.com/integral-of-1-over-21-over-x2-+-1-over-2sinx,integral-of-1-over-21-over-x2-+-1-over-2sinx,problems.json,integral,problem,200,Yes,index,https://derivativecalculatorai.com/integral-of-1-over-21-over-x2-+-1-over-2sinx,Yes,Excluded,,,Yes,Partial,0,0,Unknown,,Not reviewed
https://derivativecalculatorai.com/integral-of-3x4-+-x2,integral-of-3x4-+-x2,problems.json,integral,problem,200,Yes,index,https://derivativecalculatorai.com/integral-of-3x4-+-x2,Yes,Excluded,,,Yes,Partial,0,0,Unknown,,Not reviewed
https://derivativecalculatorai.com/integral-of-1-over-x2-+-1-over-x2,integral-of-1-over-x2-+-1-over-x2,problems.json,integral,problem,200,Yes,index,https://derivativecalculatorai.com/integral-of-1-over-x2-+-1-over-x2,Yes,Excluded,,,Yes,Partial,0,0,Unknown,,Not reviewed
https://derivativecalculatorai.com/integral-of-3sinx-+-x2,integral-of-3sinx-+-x2,problems.json,integral,problem,200,Yes,index,https://derivativecalculatorai.com/integral-of-3sinx-+-x2,Yes,Excluded,,,Yes,Partial,0,0,Unknown,,Not reviewed
https://derivativecalculatorai.com/integral-of-2tanx-+-31-over-sqrt1-x2,integral-of-2tanx-+-31-over-sqrt1-x2,problems.json,integral,problem,200,Yes,index,https://derivativecalculatorai.com/integral-of-2tanx-+-31-over-sqrt1-x2,Yes,Excluded,,,Yes,Partial,0,0,Unknown,,Not reviewed
https://derivativecalculatorai.com/integral-of-5lnx-+-1-over-2x4-+-1-over-21-over-x,integral-of-5lnx-+-1-over-2x4-+-1-over-21-over-x,problems.json,integral,problem,200,Yes,index,https://derivativecalculatorai.com/integral-of-5lnx-+-1-over-2x4-+-1-over-21-over-x,Yes,Excluded,,,Yes,Partial,0,0,Unknown,,Not reviewed
https://derivativecalculatorai.com/integral-of-cosx-+-3ex-+-5ex,integral-of-cosx-+-3ex-+-5ex,problems.json,integral,problem,200,Yes,index,https://derivativecalculatorai.com/integral-of-cosx-+-3ex-+-5ex,Yes,Excluded,,,Yes,Partial,0,0,Unknown,,Not reviewed
https://derivativecalculatorai.com/integral-of-3x2--1-over-1+x2-+-4x2,integral-of-3x2--1-over-1+x2-+-4x2,problems.json,integral,problem,200,Yes,index,https://derivativecalculatorai.com/integral-of-3x2--1-over-1+x2-+-4x2,Yes,Excluded,,,Yes,Partial,0,0,Unknown,,Not reviewed
https://derivativecalculatorai.com/integral-of-4x-+-ex-+-5x4,integral-of-4x-+-ex-+-5x4,problems.json,integral,problem,200,Yes,index,https://derivativecalculatorai.com/integral-of-4x-+-ex-+-5x4,Yes,Excluded,,,Yes,Partial,0,0,Unknown,,Not reviewed
https://derivativecalculatorai.com/integral-of-1-over-21-over-sqrt1-x2-+-x3,integral-of-1-over-21-over-sqrt1-x2-+-x3,problems.json,integral,problem,200,Yes,index,https://derivativecalculatorai.com/integral-of-1-over-21-over-sqrt1-x2-+-x3,Yes,Excluded,,,Yes,Partial,0,0,Unknown,,Not reviewed
https://derivativecalculatorai.com/integral-of-5lnx--1-over-x2,integral-of-5lnx--1-over-x2,problems.json,integral,problem,200,Yes,index,https://derivativecalculatorai.com/integral-of-5lnx--1-over-x2,Yes,Excluded,,,Yes,Partial,0,0,Unknown,,Not reviewed
https://derivativecalculatorai.com/integral-of--x3-+-1-over-2secx2,integral-of--x3-+-1-over-2secx2,problems.json,integral,problem,200,Yes,index,https://derivativecalculatorai.com/integral-of--x3-+-1-over-2secx2,Yes,Excluded,,,Yes,Partial,0,0,Unknown,,Not reviewed
https://derivativecalculatorai.com/integral-of--1-over-sqrt1-x2-+-1-over-2x2,integral-of--1-over-sqrt1-x2-+-1-over-2x2,problems.json,integral,problem,200,Yes,index,https://derivativecalculatorai.com/integral-of--1-over-sqrt1-x2-+-1-over-2x2,Yes,Excluded,,,Yes,Partial,0,0,Unknown,,Not reviewed
https://derivativecalculatorai.com/integral-of--sinx--1-over-x,integral-of--sinx--1-over-x,problems.json,integral,problem,200,Yes,index,https://derivativecalculatorai.com/integral-of--sinx--1-over-x,Yes,Excluded,,,Yes,Partial,0,0,Unknown,,Not reviewed
https://derivativecalculatorai.com/integral-of-1-over-21-over-x2-+-1-over-2x3-+-21-over-x,integral-of-1-over-21-over-x2-+-1-over-2x3-+-21-over-x,problems.json,integral,problem,200,No,noindex,https://derivativecalculatorai.com/integral-of-1-over-21-over-x2-+-1-over-2x3-+-21-over-x,Yes,Excluded,,,Yes,Partial,0,0,Unknown,,Not reviewed
https://derivativecalculatorai.com/integral-of-5x2-+-4x2,integral-of-5x2-+-4x2,problems.json,integral,problem,200,Yes,index,https://derivativecalculatorai.com/integral-of-5x2-+-4x2,Yes,Excluded,,,Yes,Partial,0,0,Unknown,,Not reviewed
https://derivativecalculatorai.com/integral-of-1-over-21-over-sqrt1-x2-+-5tanx--x,integral-of-1-over-21-over-sqrt1-x2-+-5tanx--x,problems.json,integral,problem,200,Yes,index,https://derivativecalculatorai.com/integral-of-1-over-21-over-sqrt1-x2-+-5tanx--x,Yes,Excluded,,,Yes,Partial,0,0,Unknown,,Not reviewed
https://derivativecalculatorai.com/integral-of-4lnx-+-1-over-21-over-1+x2-+-3cosx,integral-of-4lnx-+-1-over-21-over-1+x2-+-3cosx,problems.json,integral,problem,200,Yes,index,https://derivativecalculatorai.com/integral-of-4lnx-+-1-over-21-over-1+x2-+-3cosx,Yes,Excluded,,,Yes,Partial,0,0,Unknown,,Not reviewed
https://derivativecalculatorai.com/integral-of--lnx-+-5tanx-+-51-over-sqrt1-x2,integral-of--lnx-+-5tanx-+-51-over-sqrt1-x2,problems.json,integral,problem,200,Yes,index,https://derivativecalculatorai.com/integral-of--lnx-+-5tanx-+-51-over-sqrt1-x2,Yes,Excluded,,,Yes,Partial,0,0,Unknown,,Not reviewed
https://derivativecalculatorai.com/integral-of-31-over-x2-+-1-over-2tanx--x,integral-of-31-over-x2-+-1-over-2tanx--x,problems.json,integral,problem,200,Yes,index,https://derivativecalculatorai.com/integral-of-31-over-x2-+-1-over-2tanx--x,Yes,Excluded,,,Yes,Partial,0,0,Unknown,,Not reviewed
https://derivativecalculatorai.com/integral-of-x4-+-5x2-+-31-over-x2,integral-of-x4-+-5x2-+-31-over-x2,problems.json,integral,problem,200,Yes,index,https://derivativecalculatorai.com/integral-of-x4-+-5x2-+-31-over-x2,Yes,Excluded,,,Yes,Partial,0,0,Unknown,,Not reviewed
https://derivativecalculatorai.com/integral-of-4secx2-+-3tanx,integral-of-4secx2-+-3tanx,problems.json,integral,problem,200,Yes,index,https://derivativecalculatorai.com/integral-of-4secx2-+-3tanx,Yes,Excluded,,,Yes,Partial,0,0,Unknown,,Not reviewed
https://derivativecalculatorai.com/integral-of-3x-+-ex-+-2x4,integral-of-3x-+-ex-+-2x4,problems.json,integral,problem,200,Yes,index,https://derivativecalculatorai.com/integral-of-3x-+-ex-+-2x4,Yes,Excluded,,,Yes,Partial,0,0,Unknown,,Not reviewed
https://derivativecalculatorai.com/integral-of-2sinx-+-4tanx,integral-of-2sinx-+-4tanx,problems.json,integral,problem,200,Yes,index,https://derivativecalculatorai.com/integral-of-2sinx-+-4tanx,Yes,Excluded,,,Yes,Partial,0,0,Unknown,,Not reviewed
https://derivativecalculatorai.com/integral-of--tanx-+-4tanx,integral-of--tanx-+-4tanx,problems.json,integral,problem,200,Yes,index,https://derivativecalculatorai.com/integral-of--tanx-+-4tanx,Yes,Excluded,,,Yes,Partial,0,0,Unknown,,Not reviewed
https://derivativecalculatorai.com/integral-of-x3-+-2x-+-2tanx,integral-of-x3-+-2x-+-2tanx,problems.json,integral,problem,200,Yes,index,https://derivativecalculatorai.com/integral-of-x3-+-2x-+-2tanx,Yes,Excluded,,,Yes,Partial,0,0,Unknown,,Not reviewed
https://derivativecalculatorai.com/integral-of-21-over-x2-+-4secx2,integral-of-21-over-x2-+-4secx2,problems.json,integral,problem,200,Yes,index,https://derivativecalculatorai.com/integral-of-21-over-x2-+-4secx2,Yes,Excluded,,,Yes,Partial,0,0,Unknown,,Not reviewed
https://derivativecalculatorai.com/integral-of-x4-+-21-over-sqrt1-x2-+-4secx2,integral-of-x4-+-21-over-sqrt1-x2-+-4secx2,problems.json,integral,problem,200,Yes,index,https://derivativecalculatorai.com/integral-of-x4-+-21-over-sqrt1-x2-+-4secx2,Yes,Excluded,,,Yes,Partial,0,0,Unknown,,Not reviewed
https://derivativecalculatorai.com/integral-of--cosx-+-2x2,integral-of--cosx-+-2x2,problems.json,integral,problem,200,Yes,index,https://derivativecalculatorai.com/integral-of--cosx-+-2x2,Yes,Excluded,,,Yes,Partial,0,0,Unknown,,Not reviewed
https://derivativecalculatorai.com/integral-of-51-over-sqrt1-x2-+-21-over-x2,integral-of-51-over-sqrt1-x2-+-21-over-x2,problems.json,integral,problem,200,Yes,index,https://derivativecalculatorai.com/integral-of-51-over-sqrt1-x2-+-21-over-x2,Yes,Excluded,,,Yes,Partial,0,0,Unknown,,Not reviewed
https://derivativecalculatorai.com/integral-of-lnx-+-4ex,integral-of-lnx-+-4ex,problems.json,integral,problem,200,Yes,index,https://derivativecalculatorai.com/integral-of-lnx-+-4ex,Yes,Excluded,,,Yes,Partial,0,0,Unknown,,Not reviewed
https://derivativecalculatorai.com/integral-of-2x3-+-2x2--lnx,integral-of-2x3-+-2x2--lnx,problems.json,integral,problem,200,Yes,index,https://derivativecalculatorai.com/integral-of-2x3-+-2x2--lnx,Yes,Excluded,,,Yes,Partial,0,0,Unknown,,Not reviewed
https://derivativecalculatorai.com/integral-of-51-over-1+x2-+-1-over-2sqrtx,integral-of-51-over-1+x2-+-1-over-2sqrtx,problems.json,integral,problem,200,Yes,index,https://derivativecalculatorai.com/integral-of-51-over-1+x2-+-1-over-2sqrtx,Yes,Excluded,,,Yes,Partial,0,0,Unknown,,Not reviewed
https://derivativecalculatorai.com/integral-of--sqrtx-+-3x3,integral-of--sqrtx-+-3x3,problems.json,integral,problem,200,Yes,index,https://derivativecalculatorai.com/integral-of--sqrtx-+-3x3,Yes,Excluded,,,Yes,Partial,0,0,Unknown,,Not reviewed
https://derivativecalculatorai.com/integral-of-x-+-3x3,integral-of-x-+-3x3,problems.json,integral,problem,200,Yes,index,https://derivativecalculatorai.com/integral-of-x-+-3x3,Yes,Excluded,,,Yes,Partial,0,0,Unknown,,Not reviewed
https://derivativecalculatorai.com/integral-of-x2-+-1-over-2ex,integral-of-x2-+-1-over-2ex,problems.json,integral,problem,200,Yes,index,https://derivativecalculatorai.com/integral-of-x2-+-1-over-2ex,Yes,Excluded,,,Yes,Partial,0,0,Unknown,,Not reviewed
https://derivativecalculatorai.com/integral-of-2x4-+-3x4,integral-of-2x4-+-3x4,problems.json,integral,problem,200,Yes,index,https://derivativecalculatorai.com/integral-of-2x4-+-3x4,Yes,Excluded,,,Yes,Partial,0,0,Unknown,,Not reviewed
https://derivativecalculatorai.com/integral-of--x4-+-5lnx,integral-of--x4-+-5lnx,problems.json,integral,problem,200,Yes,index,https://derivativecalculatorai.com/integral-of--x4-+-5lnx,Yes,Excluded,,,Yes,Partial,0,0,Unknown,,Not reviewed
https://derivativecalculatorai.com/integral-of-5x4-+-4x3,integral-of-5x4-+-4x3,problems.json,integral,problem,200,Yes,index,https://derivativecalculatorai.com/integral-of-5x4-+-4x3,Yes,Excluded,,,Yes,Partial,0,0,Unknown,,Not reviewed
https://derivativecalculatorai.com/integral-of-2x2-+-1-over-sqrt1-x2--1-over-1+x2,integral-of-2x2-+-1-over-sqrt1-x2--1-over-1+x2,problems.json,integral,problem,200,Yes,index,https://derivativecalculatorai.com/integral-of-2x2-+-1-over-sqrt1-x2--1-over-1+x2,Yes,Excluded,,,Yes,Partial,0,0,Unknown,,Not reviewed
https://derivativecalculatorai.com/integral-of-31-over-sqrt1-x2-+-31-over-x,integral-of-31-over-sqrt1-x2-+-31-over-x,problems.json,integral,problem,200,Yes,index,https://derivativecalculatorai.com/integral-of-31-over-sqrt1-x2-+-31-over-x,Yes,Excluded,,,Yes,Partial,0,0,Unknown,,Not reviewed
https://derivativecalculatorai.com/integral-of-x-+-1-over-2tanx-+-1-over-21-over-x2,integral-of-x-+-1-over-2tanx-+-1-over-21-over-x2,problems.json,integral,problem,200,Yes,index,https://derivativecalculatorai.com/integral-of-x-+-1-over-2tanx-+-1-over-21-over-x2,Yes,Excluded,,,Yes,Partial,0,0,Unknown,,Not reviewed
https://derivativecalculatorai.com/integral-of-1-over-21-over-x2-+-2sqrtx--1-over-sqrt1-x2,integral-of-1-over-21-over-x2-+-2sqrtx--1-over-sqrt1-x2,problems.json,integral,problem,200,No,noindex,https://derivativecalculatorai.com/integral-of-1-over-21-over-x2-+-2sqrtx--1-over-sqrt1-x2,Yes,Excluded,,,Yes,Partial,0,0,Unknown,,Not reviewed
https://derivativecalculatorai.com/integral-of-3x4-+-5x2,integral-of-3x4-+-5x2,problems.json,integral,problem,200,Yes,index,https://derivativecalculatorai.com/integral-of-3x4-+-5x2,Yes,Excluded,,,Yes,Partial,0,0,Unknown,,Not reviewed
https://derivativecalculatorai.com/integral-of-51-over-x-+-1-over-2sinx--x2,integral-of-51-over-x-+-1-over-2sinx--x2,problems.json,integral,problem,200,Yes,index,https://derivativecalculatorai.com/integral-of-51-over-x-+-1-over-2sinx--x2,Yes,Excluded,,,Yes,Partial,0,0,Unknown,,Not reviewed
https://derivativecalculatorai.com/integral-of-41-over-sqrt1-x2-+-2tanx-+-41-over-x2,integral-of-41-over-sqrt1-x2-+-2tanx-+-41-over-x2,problems.json,integral,problem,200,Yes,index,https://derivativecalculatorai.com/integral-of-41-over-sqrt1-x2-+-2tanx-+-41-over-x2,Yes,Excluded,,,Yes,Partial,0,0,Unknown,,Not reviewed
https://derivativecalculatorai.com/integral-of-4tanx-+-3secx2-+-3sinx,integral-of-4tanx-+-3secx2-+-3sinx,problems.json,integral,problem,200,Yes,index,https://derivativecalculatorai.com/integral-of-4tanx-+-3secx2-+-3sinx,Yes,Excluded,,,Yes,Partial,0,0,Unknown,,Not reviewed
https://derivativecalculatorai.com/integral-of-5cosx-+-x2-+-2ex,integral-of-5cosx-+-x2-+-2ex,problems.json,integral,problem,200,Yes,index,https://derivativecalculatorai.com/integral-of-5cosx-+-x2-+-2ex,Yes,Excluded,,,Yes,Partial,0,0,Unknown,,Not reviewed
https://derivativecalculatorai.com/integral-of-x3-+-tanx-+-41-over-sqrt1-x2,integral-of-x3-+-tanx-+-41-over-sqrt1-x2,problems.json,integral,problem,200,Yes,index,https://derivativecalculatorai.com/integral-of-x3-+-tanx-+-41-over-sqrt1-x2,Yes,Excluded,,,Yes,Partial,0,0,Unknown,,Not reviewed
https://derivativecalculatorai.com/integral-of-3x2-+-4secx2-+-5tanx,integral-of-3x2-+-4secx2-+-5tanx,problems.json,integral,problem,200,Yes,index,https://derivativecalculatorai.com/integral-of-3x2-+-4secx2-+-5tanx,Yes,Excluded,,,Yes,Partial,0,0,Unknown,,Not reviewed
https://derivativecalculatorai.com/integral-of-41-over-sqrt1-x2-+-2x3,integral-of-41-over-sqrt1-x2-+-2x3,problems.json,integral,problem,200,Yes,index,https://derivativecalculatorai.com/integral-of-41-over-sqrt1-x2-+-2x3,Yes,Excluded,,,Yes,Partial,0,0,Unknown,,Not reviewed
https://derivativecalculatorai.com/integral-of-5ex-+-51-over-sqrt1-x2,integral-of-5ex-+-51-over-sqrt1-x2,problems.json,integral,problem,200,Yes,index,https://derivativecalculatorai.com/integral-of-5ex-+-51-over-sqrt1-x2,Yes,Excluded,,,Yes,Partial,0,0,Unknown,,Not reviewed
https://derivativecalculatorai.com/integral-of-3cosx-+-1-over-x2-+-21-over-x2,integral-of-3cosx-+-1-over-x2-+-21-over-x2,problems.json,integral,problem,200,Yes,index,https://derivativecalculatorai.com/integral-of-3cosx-+-1-over-x2-+-21-over-x2,Yes,Excluded,,,Yes,Partial,0,0,Unknown,,Not reviewed
https://derivativecalculatorai.com/integral-of--cosx--x,integral-of--cosx--x,problems.json,integral,problem,200,Yes,index,https://derivativecalculatorai.com/integral-of--cosx--x,Yes,Excluded,,,Yes,Partial,0,0,Unknown,,Not reviewed
https://derivativecalculatorai.com/integral-of-3x4-+-1-over-2sqrtx-+-2ex,integral-of-3x4-+-1-over-2sqrtx-+-2ex,problems.json,integral,problem,200,Yes,index,https://derivativecalculatorai.com/integral-of-3x4-+-1-over-2sqrtx-+-2ex,Yes,Excluded,,,Yes,Partial,0,0,Unknown,,Not reviewed
https://derivativecalculatorai.com/integral-of-3sinx-+-1-over-2x3-+-4sqrtx,integral-of-3sinx-+-1-over-2x3-+-4sqrtx,problems.json,integral,problem,200,Yes,index,https://derivativecalculatorai.com/integral-of-3sinx-+-1-over-2x3-+-4sqrtx,Yes,Excluded,,,Yes,Partial,0,0,Unknown,,Not reviewed
https://derivativecalculatorai.com/integral-of-5x2-+-5secx2,integral-of-5x2-+-5secx2,problems.json,integral,problem,200,Yes,index,https://derivativecalculatorai.com/integral-of-5x2-+-5secx2,Yes,Excluded,,,Yes,Partial,0,0,Unknown,,Not reviewed
https://derivativecalculatorai.com/integral-of-31-over-x--ex-+-x3,integral-of-31-over-x--ex-+-x3,problems.json,integral,problem,200,Yes,index,https://derivativecalculatorai.com/integral-of-31-over-x--ex-+-x3,Yes,Excluded,,,Yes,Partial,0,0,Unknown,,Not reviewed
https://derivativecalculatorai.com/integral-of-2ex-+-x3,integral-of-2ex-+-x3,problems.json,integral,problem,200,Yes,index,https://derivativecalculatorai.com/integral-of-2ex-+-x3,Yes,Excluded,,,Yes,Partial,0,0,Unknown,,Not reviewed
https://derivativecalculatorai.com/integral-of-41-over-x-+-1-over-2secx2-+-5ex,integral-of-41-over-x-+-1-over-2secx2-+-5ex,problems.json,integral,problem,200,Yes,index,https://derivativecalculatorai.com/integral-of-41-over-x-+-1-over-2secx2-+-5ex,Yes,Excluded,,,Yes,Partial,0,0,Unknown,,Not reviewed
https://derivativecalculatorai.com/integral-of-31-over-x2-+-5tanx-+-3sinx,integral-of-31-over-x2-+-5tanx-+-3sinx,problems.json,integral,problem,200,Yes,index,https://derivativecalculatorai.com/integral-of-31-over-x2-+-5tanx-+-3sinx,Yes,Excluded,,,Yes,Partial,0,0,Unknown,,Not reviewed
https://derivativecalculatorai.com/integral-of-5x-+-4x,integral-of-5x-+-4x,problems.json,integral,problem,200,Yes,index,https://derivativecalculatorai.com/integral-of-5x-+-4x,Yes,Excluded,,,Yes,Partial,0,0,Unknown,,Not reviewed
https://derivativecalculatorai.com/integral-of-1-over-x-+-4x3-+-31-over-x2,integral-of-1-over-x-+-4x3-+-31-over-x2,problems.json,integral,problem,200,Yes,index,https://derivativecalculatorai.com/integral-of-1-over-x-+-4x3-+-31-over-x2,Yes,Excluded,,,Yes,Partial,0,0,Unknown,,Not reviewed
https://derivativecalculatorai.com/integral-of-4x2-+-2lnx,integral-of-4x2-+-2lnx,problems.json,integral,problem,200,Yes,index,https://derivativecalculatorai.com/integral-of-4x2-+-2lnx,Yes,Excluded,,,Yes,Partial,0,0,Unknown,,Not reviewed
https://derivativecalculatorai.com/integral-of-x--1-over-sqrt1-x2-+-41-over-x2,integral-of-x--1-over-sqrt1-x2-+-41-over-x2,problems.json,integral,problem,200,Yes,index,https://derivativecalculatorai.com/integral-of-x--1-over-sqrt1-x2-+-41-over-x2,Yes,Excluded,,,Yes,Partial,0,0,Unknown,,Not reviewed
https://derivativecalculatorai.com/integral-of-31-over-x2-+-4x-+-51-over-x2,integral-of-31-over-x2-+-4x-+-51-over-x2,problems.json,integral,problem,200,Yes,index,https://derivativecalculatorai.com/integral-of-31-over-x2-+-4x-+-51-over-x2,Yes,Excluded,,,Yes,Partial,0,0,Unknown,,Not reviewed
https://derivativecalculatorai.com/integral-of-sqrtx-+-31-over-x,integral-of-sqrtx-+-31-over-x,problems.json,integral,problem,200,Yes,index,https://derivativecalculatorai.com/integral-of-sqrtx-+-31-over-x,Yes,Excluded,,,Yes,Partial,0,0,Unknown,,Not reviewed
https://derivativecalculatorai.com/integral-of-41-over-sqrt1-x2-+-31-over-x2-+-4sqrtx,integral-of-41-over-sqrt1-x2-+-31-over-x2-+-4sqrtx,problems.json,integral,problem,200,Yes,index,https://derivativecalculatorai.com/integral-of-41-over-sqrt1-x2-+-31-over-x2-+-4sqrtx,Yes,Excluded,,,Yes,Partial,0,0,Unknown,,Not reviewed
https://derivativecalculatorai.com/integral-of-2lnx--1-over-x2,integral-of-2lnx--1-over-x2,problems.json,integral,problem,200,Yes,index,https://derivativecalculatorai.com/integral-of-2lnx--1-over-x2,Yes,Excluded,,,Yes,Partial,0,0,Unknown,,Not reviewed
https://derivativecalculatorai.com/integral-of-2sqrtx-+-5sqrtx,integral-of-2sqrtx-+-5sqrtx,problems.json,integral,problem,200,Yes,index,https://derivativecalculatorai.com/integral-of-2sqrtx-+-5sqrtx,Yes,Excluded,,,Yes,Partial,0,0,Unknown,,Not reviewed
https://derivativecalculatorai.com/integral-of-1-over-2sqrtx-+-4cosx-+-4x,integral-of-1-over-2sqrtx-+-4cosx-+-4x,problems.json,integral,problem,200,Yes,index,https://derivativecalculatorai.com/integral-of-1-over-2sqrtx-+-4cosx-+-4x,Yes,Excluded,,,Yes,Partial,0,0,Unknown,,Not reviewed
https://derivativecalculatorai.com/integral-of-1-over-21-over-sqrt1-x2-+-3x3-+-2cosx,integral-of-1-over-21-over-sqrt1-x2-+-3x3-+-2cosx,problems.json,integral,problem,200,Yes,index,https://derivativecalculatorai.com/integral-of-1-over-21-over-sqrt1-x2-+-3x3-+-2cosx,Yes,Excluded,,,Yes,Partial,0,0,Unknown,,Not reviewed
https://derivativecalculatorai.com/integral-of-x3-+-3lnx-+-41-over-1+x2,integral-of-x3-+-3lnx-+-41-over-1+x2,problems.json,integral,problem,200,Yes,index,https://derivativecalculatorai.com/integral-of-x3-+-3lnx-+-41-over-1+x2,Yes,Excluded,,,Yes,Partial,0,0,Unknown,,Not reviewed
https://derivativecalculatorai.com/integral-of-4x-+-4cosx,integral-of-4x-+-4cosx,problems.json,integral,problem,200,Yes,index,https://derivativecalculatorai.com/integral-of-4x-+-4cosx,Yes,Excluded,,,Yes,Partial,0,0,Unknown,,Not reviewed
https://derivativecalculatorai.com/integral-of-2secx2-+-1-over-21-over-sqrt1-x2,integral-of-2secx2-+-1-over-21-over-sqrt1-x2,problems.json,integral,problem,200,Yes,index,https://derivativecalculatorai.com/integral-of-2secx2-+-1-over-21-over-sqrt1-x2,Yes,Excluded,,,Yes,Partial,0,0,Unknown,,Not reviewed
https://derivativecalculatorai.com/integral-of-2cosx-+-3sqrtx-+-21-over-x,integral-of-2cosx-+-3sqrtx-+-21-over-x,problems.json,integral,problem,200,Yes,index,https://derivativecalculatorai.com/integral-of-2cosx-+-3sqrtx-+-21-over-x,Yes,Excluded,,,Yes,Partial,0,0,Unknown,,Not reviewed
https://derivativecalculatorai.com/integral-of-1-over-2x2-+-1-over-2x,integral-of-1-over-2x2-+-1-over-2x,problems.json,integral,problem,200,Yes,index,https://derivativecalculatorai.com/integral-of-1-over-2x2-+-1-over-2x,Yes,Excluded,,,Yes,Partial,0,0,Unknown,,Not reviewed
https://derivativecalculatorai.com/integral-of-1-over-21-over-x-+-1-over-2sqrtx-+-2tanx,integral-of-1-over-21-over-x-+-1-over-2sqrtx-+-2tanx,problems.json,integral,problem,200,No,noindex,https://derivativecalculatorai.com/integral-of-1-over-21-over-x-+-1-over-2sqrtx-+-2tanx,Yes,Excluded,,,Yes,Partial,0,0,Unknown,,Not reviewed
https://derivativecalculatorai.com/integral-of-5cosx-+-1-over-x-+-1-over-2ex,integral-of-5cosx-+-1-over-x-+-1-over-2ex,problems.json,integral,problem,200,Yes,index,https://derivativecalculatorai.com/integral-of-5cosx-+-1-over-x-+-1-over-2ex,Yes,Excluded,,,Yes,Partial,0,0,Unknown,,Not reviewed
https://derivativecalculatorai.com/integral-of-1-over-21-over-x2-+-4ex--1-over-1+x2,integral-of-1-over-21-over-x2-+-4ex--1-over-1+x2,problems.json,integral,problem,200,Yes,index,https://derivativecalculatorai.com/integral-of-1-over-21-over-x2-+-4ex--1-over-1+x2,Yes,Excluded,,,Yes,Partial,0,0,Unknown,,Not reviewed
https://derivativecalculatorai.com/integral-of-3x2-+-21-over-1+x2-+-41-over-x,integral-of-3x2-+-21-over-1+x2-+-41-over-x,problems.json,integral,problem,200,Yes,index,https://derivativecalculatorai.com/integral-of-3x2-+-21-over-1+x2-+-41-over-x,Yes,Excluded,,,Yes,Partial,0,0,Unknown,,Not reviewed
https://derivativecalculatorai.com/integral-of--sinx-+-21-over-x2-+-3secx2,integral-of--sinx-+-21-over-x2-+-3secx2,problems.json,integral,problem,200,Yes,index,https://derivativecalculatorai.com/integral-of--sinx-+-21-over-x2-+-3secx2,Yes,Excluded,,,Yes,Partial,0,0,Unknown,,Not reviewed
https://derivativecalculatorai.com/integral-of-3secx2-+-5ex-+-5secx2,integral-of-3secx2-+-5ex-+-5secx2,problems.json,integral,problem,200,Yes,index,https://derivativecalculatorai.com/integral-of-3secx2-+-5ex-+-5secx2,Yes,Excluded,,,Yes,Partial,0,0,Unknown,,Not reviewed
https://derivativecalculatorai.com/integral-of-1-over-2sqrtx-+-21-over-x,integral-of-1-over-2sqrtx-+-21-over-x,problems.json,integral,problem,200,Yes,index,https://derivativecalculatorai.com/integral-of-1-over-2sqrtx-+-21-over-x,Yes,Excluded,,,Yes,Partial,0,0,Unknown,,Not reviewed
https://derivativecalculatorai.com/integral-of-lnx-+-1-over-21-over-x,integral-of-lnx-+-1-over-21-over-x,problems.json,integral,problem,200,Yes,index,https://derivativecalculatorai.com/integral-of-lnx-+-1-over-21-over-x,Yes,Excluded,,,Yes,Partial,0,0,Unknown,,Not reviewed
https://derivativecalculatorai.com/integral-of-2secx2-+-ex-+-31-over-1+x2,integral-of-2secx2-+-ex-+-31-over-1+x2,problems.json,integral,problem,200,Yes,index,https://derivativecalculatorai.com/integral-of-2secx2-+-ex-+-31-over-1+x2,Yes,Excluded,,,Yes,Partial,0,0,Unknown,,Not reviewed
https://derivativecalculatorai.com/integral-of-4sqrtx-+-3x4-+-1-over-sqrt1-x2,integral-of-4sqrtx-+-3x4-+-1-over-sqrt1-x2,problems.json,integral,problem,200,Yes,index,https://derivativecalculatorai.com/integral-of-4sqrtx-+-3x4-+-1-over-sqrt1-x2,Yes,Excluded,,,Yes,Partial,0,0,Unknown,,Not reviewed
https://derivativecalculatorai.com/integral-of-ex-+-5tanx,integral-of-ex-+-5tanx,problems.json,integral,problem,200,Yes,index,https://derivativecalculatorai.com/integral-of-ex-+-5tanx,Yes,Excluded,,,Yes,Partial,0,0,Unknown,,Not reviewed
https://derivativecalculatorai.com/integral-of-3sinx--1-over-sqrt1-x2,integral-of-3sinx--1-over-sqrt1-x2,problems.json,integral,problem,200,Yes,index,https://derivativecalculatorai.com/integral-of-3sinx--1-over-sqrt1-x2,Yes,Excluded,,,Yes,Partial,0,0,Unknown,,Not reviewed
https://derivativecalculatorai.com/integral-of-2sqrtx-+-5lnx-+-41-over-x,integral-of-2sqrtx-+-5lnx-+-41-over-x,problems.json,integral,problem,200,Yes,index,https://derivativecalculatorai.com/integral-of-2sqrtx-+-5lnx-+-41-over-x,Yes,Excluded,,,Yes,Partial,0,0,Unknown,,Not reviewed
https://derivativecalculatorai.com/integral-of-41-over-1+x2-+-3tanx,integral-of-41-over-1+x2-+-3tanx,problems.json,integral,problem,200,Yes,index,https://derivativecalculatorai.com/integral-of-41-over-1+x2-+-3tanx,Yes,Excluded,,,Yes,Partial,0,0,Unknown,,Not reviewed
https://derivativecalculatorai.com/integral-of-5ex-+-lnx-+-2secx2,integral-of-5ex-+-lnx-+-2secx2,problems.json,integral,problem,200,Yes,index,https://derivativecalculatorai.com/integral-of-5ex-+-lnx-+-2secx2,Yes,Excluded,,,Yes,Partial,0,0,Unknown,,Not reviewed
https://derivativecalculatorai.com/integral-of-31-over-x2-+-5lnx,integral-of-31-over-x2-+-5lnx,problems.json,integral,problem,200,Yes,index,https://derivativecalculatorai.com/integral-of-31-over-x2-+-5lnx,Yes,Excluded,,,Yes,Partial,0,0,Unknown,,Not reviewed
https://derivativecalculatorai.com/integral-of-4x2,integral-of-4x2,problems.json,integral,problem,200,Yes,index,https://derivativecalculatorai.com/integral-of-4x2,Yes,Excluded,,,Yes,Partial,0,0,Unknown,,Not reviewed
https://derivativecalculatorai.com/integral-of-sinx-+-x--secx2,integral-of-sinx-+-x--secx2,problems.json,integral,problem,200,Yes,index,https://derivativecalculatorai.com/integral-of-sinx-+-x--secx2,Yes,Excluded,,,Yes,Partial,0,0,Unknown,,Not reviewed
https://derivativecalculatorai.com/integral-of-lnx-+-1-over-sqrt1-x2,integral-of-lnx-+-1-over-sqrt1-x2,problems.json,integral,problem,200,Yes,index,https://derivativecalculatorai.com/integral-of-lnx-+-1-over-sqrt1-x2,Yes,Excluded,,,Yes,Partial,0,0,Unknown,,Not reviewed
https://derivativecalculatorai.com/integral-of-1-over-2x2-+-3sqrtx-+-51-over-x2,integral-of-1-over-2x2-+-3sqrtx-+-51-over-x2,problems.json,integral,problem,200,Yes,index,https://derivativecalculatorai.com/integral-of-1-over-2x2-+-3sqrtx-+-51-over-x2,Yes,Excluded,,,Yes,Partial,0,0,Unknown,,Not reviewed
https://derivativecalculatorai.com/integral-of-4lnx-+-3lnx,integral-of-4lnx-+-3lnx,problems.json,integral,problem,200,Yes,index,https://derivativecalculatorai.com/integral-of-4lnx-+-3lnx,Yes,Excluded,,,Yes,Partial,0,0,Unknown,,Not reviewed
https://derivativecalculatorai.com/integral-of-5x4-+-5x2,integral-of-5x4-+-5x2,problems.json,integral,problem,200,Yes,index,https://derivativecalculatorai.com/integral-of-5x4-+-5x2,Yes,Excluded,,,Yes,Partial,0,0,Unknown,,Not reviewed
https://derivativecalculatorai.com/integral-of-51-over-x-+-2secx2-+-3x4,integral-of-51-over-x-+-2secx2-+-3x4,problems.json,integral,problem,200,Yes,index,https://derivativecalculatorai.com/integral-of-51-over-x-+-2secx2-+-3x4,Yes,Excluded,,,Yes,Partial,0,0,Unknown,,Not reviewed
https://derivativecalculatorai.com/integral-of-5cosx-+-2cosx-+-2x2,integral-of-5cosx-+-2cosx-+-2x2,problems.json,integral,problem,200,Yes,index,https://derivativecalculatorai.com/integral-of-5cosx-+-2cosx-+-2x2,Yes,Excluded,,,Yes,Partial,0,0,Unknown,,Not reviewed
https://derivativecalculatorai.com/integral-of-5x2-+-1-over-2x3--1-over-x,integral-of-5x2-+-1-over-2x3--1-over-x,problems.json,integral,problem,200,Yes,index,https://derivativecalculatorai.com/integral-of-5x2-+-1-over-2x3--1-over-x,Yes,Excluded,,,Yes,Partial,0,0,Unknown,,Not reviewed
https://derivativecalculatorai.com/integral-of-4cosx-+-2ex-+-4x2,integral-of-4cosx-+-2ex-+-4x2,problems.json,integral,problem,200,Yes,index,https://derivativecalculatorai.com/integral-of-4cosx-+-2ex-+-4x2,Yes,Excluded,,,Yes,Partial,0,0,Unknown,,Not reviewed
https://derivativecalculatorai.com/integral-of-5x4--ex,integral-of-5x4--ex,problems.json,integral,problem,200,Yes,index,https://derivativecalculatorai.com/integral-of-5x4--ex,Yes,Excluded,,,Yes,Partial,0,0,Unknown,,Not reviewed
https://derivativecalculatorai.com/integral-of--sqrtx-+-5secx2,integral-of--sqrtx-+-5secx2,problems.json,integral,problem,200,Yes,index,https://derivativecalculatorai.com/integral-of--sqrtx-+-5secx2,Yes,Excluded,,,Yes,Partial,0,0,Unknown,,Not reviewed
https://derivativecalculatorai.com/integral-of--sinx-+-4x4-+-51-over-x2,integral-of--sinx-+-4x4-+-51-over-x2,problems.json,integral,problem,200,Yes,index,https://derivativecalculatorai.com/integral-of--sinx-+-4x4-+-51-over-x2,Yes,Excluded,,,Yes,Partial,0,0,Unknown,,Not reviewed
https://derivativecalculatorai.com/integral-of-3lnx-+-1-over-1+x2,integral-of-3lnx-+-1-over-1+x2,problems.json,integral,problem,200,Yes,index,https://derivativecalculatorai.com/integral-of-3lnx-+-1-over-1+x2,Yes,Excluded,,,Yes,Partial,0,0,Unknown,,Not reviewed
https://derivativecalculatorai.com/integral-of-5tanx-+-tanx,integral-of-5tanx-+-tanx,problems.json,integral,problem,200,Yes,index,https://derivativecalculatorai.com/integral-of-5tanx-+-tanx,Yes,Excluded,,,Yes,Partial,0,0,Unknown,,Not reviewed
https://derivativecalculatorai.com/integral-of-x2-+-4tanx,integral-of-x2-+-4tanx,problems.json,integral,problem,200,Yes,index,https://derivativecalculatorai.com/integral-of-x2-+-4tanx,Yes,Excluded,,,Yes,Partial,0,0,Unknown,,Not reviewed
https://derivativecalculatorai.com/integral-of--sinx-+-41-over-x,integral-of--sinx-+-41-over-x,problems.json,integral,problem,200,Yes,index,https://derivativecalculatorai.com/integral-of--sinx-+-41-over-x,Yes,Excluded,,,Yes,Partial,0,0,Unknown,,Not reviewed
https://derivativecalculatorai.com/integral-of-3secx2-+-3x4,integral-of-3secx2-+-3x4,problems.json,integral,problem,200,Yes,index,https://derivativecalculatorai.com/integral-of-3secx2-+-3x4,Yes,Excluded,,,Yes,Partial,0,0,Unknown,,Not reviewed
https://derivativecalculatorai.com/integral-of-5x3-+-2x4-+-3tanx,integral-of-5x3-+-2x4-+-3tanx,problems.json,integral,problem,200,Yes,index,https://derivativecalculatorai.com/integral-of-5x3-+-2x4-+-3tanx,Yes,Excluded,,,Yes,Partial,0,0,Unknown,,Not reviewed
https://derivativecalculatorai.com/integral-of-lnx--lnx-+-2cosx,integral-of-lnx--lnx-+-2cosx,problems.json,integral,problem,200,Yes,index,https://derivativecalculatorai.com/integral-of-lnx--lnx-+-2cosx,Yes,Excluded,,,Yes,Partial,0,0,Unknown,,Not reviewed
https://derivativecalculatorai.com/integral-of--1-over-x2-+-4lnx-+-1-over-21-over-x2,integral-of--1-over-x2-+-4lnx-+-1-over-21-over-x2,problems.json,integral,problem,200,Yes,index,https://derivativecalculatorai.com/integral-of--1-over-x2-+-4lnx-+-1-over-21-over-x2,Yes,Excluded,,,Yes,Partial,0,0,Unknown,,Not reviewed
https://derivativecalculatorai.com/integral-of-3x4--1-over-x2,integral-of-3x4--1-over-x2,problems.json,integral,problem,200,Yes,index,https://derivativecalculatorai.com/integral-of-3x4--1-over-x2,Yes,Excluded,,,Yes,Partial,0,0,Unknown,,Not reviewed
https://derivativecalculatorai.com/integral-of-4ex-+-1-over-2tanx-+-1-over-2lnx,integral-of-4ex-+-1-over-2tanx-+-1-over-2lnx,problems.json,integral,problem,200,Yes,index,https://derivativecalculatorai.com/integral-of-4ex-+-1-over-2tanx-+-1-over-2lnx,Yes,Excluded,,,Yes,Partial,0,0,Unknown,,Not reviewed
https://derivativecalculatorai.com/integral-of--1-over-1+x2-+-21-over-x2-+-1-over-2x3,integral-of--1-over-1+x2-+-21-over-x2-+-1-over-2x3,problems.json,integral,problem,200,Yes,index,https://derivativecalculatorai.com/integral-of--1-over-1+x2-+-21-over-x2-+-1-over-2x3,Yes,Excluded,,,Yes,Partial,0,0,Unknown,,Not reviewed
https://derivativecalculatorai.com/integral-of--sinx-+-3x3-+-3sqrtx,integral-of--sinx-+-3x3-+-3sqrtx,problems.json,integral,problem,200,Yes,index,https://derivativecalculatorai.com/integral-of--sinx-+-3x3-+-3sqrtx,Yes,Excluded,,,Yes,Partial,0,0,Unknown,,Not reviewed
https://derivativecalculatorai.com/integral-of-21-over-x2-+-4sqrtx--cosx,integral-of-21-over-x2-+-4sqrtx--cosx,problems.json,integral,problem,200,Yes,index,https://derivativecalculatorai.com/integral-of-21-over-x2-+-4sqrtx--cosx,Yes,Excluded,,,Yes,Partial,0,0,Unknown,,Not reviewed
https://derivativecalculatorai.com/integral-of-1-over-x2-+-5sqrtx,integral-of-1-over-x2-+-5sqrtx,problems.json,integral,problem,200,Yes,index,https://derivativecalculatorai.com/integral-of-1-over-x2-+-5sqrtx,Yes,Excluded,,,Yes,Partial,0,0,Unknown,,Not reviewed
https://derivativecalculatorai.com/integral-of-1-over-21-over-sqrt1-x2--sqrtx,integral-of-1-over-21-over-sqrt1-x2--sqrtx,problems.json,integral,problem,200,Yes,index,https://derivativecalculatorai.com/integral-of-1-over-21-over-sqrt1-x2--sqrtx,Yes,Excluded,,,Yes,Partial,0,0,Unknown,,Not reviewed
https://derivativecalculatorai.com/integral-of-21-over-x-+-5x,integral-of-21-over-x-+-5x,problems.json,integral,problem,200,Yes,index,https://derivativecalculatorai.com/integral-of-21-over-x-+-5x,Yes,Excluded,,,Yes,Partial,0,0,Unknown,,Not reviewed
https://derivativecalculatorai.com/integral-of-1-over-2sqrtx-+-5sinx-+-41-over-x2,integral-of-1-over-2sqrtx-+-5sinx-+-41-over-x2,problems.json,integral,problem,200,Yes,index,https://derivativecalculatorai.com/integral-of-1-over-2sqrtx-+-5sinx-+-41-over-x2,Yes,Excluded,,,Yes,Partial,0,0,Unknown,,Not reviewed
https://derivativecalculatorai.com/integral-of--1-over-1+x2-+-1-over-21-over-x-+-2sqrtx,integral-of--1-over-1+x2-+-1-over-21-over-x-+-2sqrtx,problems.json,integral,problem,200,No,noindex,https://derivativecalculatorai.com/integral-of--1-over-1+x2-+-1-over-21-over-x-+-2sqrtx,Yes,Excluded,,,Yes,Partial,0,0,Unknown,,Not reviewed
https://derivativecalculatorai.com/integral-of-x3-+-1-over-21-over-sqrt1-x2,integral-of-x3-+-1-over-21-over-sqrt1-x2,problems.json,integral,problem,200,Yes,index,https://derivativecalculatorai.com/integral-of-x3-+-1-over-21-over-sqrt1-x2,Yes,Excluded,,,Yes,Partial,0,0,Unknown,,Not reviewed
https://derivativecalculatorai.com/integral-of-2secx2-+-x-+-3sinx,integral-of-2secx2-+-x-+-3sinx,problems.json,integral,problem,200,Yes,index,https://derivativecalculatorai.com/integral-of-2secx2-+-x-+-3sinx,Yes,Excluded,,,Yes,Partial,0,0,Unknown,,Not reviewed
https://derivativecalculatorai.com/integral-of--tanx-+-x4,integral-of--tanx-+-x4,problems.json,integral,problem,200,Yes,index,https://derivativecalculatorai.com/integral-of--tanx-+-x4,Yes,Excluded,,,Yes,Partial,0,0,Unknown,,Not reviewed
https://derivativecalculatorai.com/integral-of-1-over-2ex-+-sinx,integral-of-1-over-2ex-+-sinx,problems.json,integral,problem,200,Yes,index,https://derivativecalculatorai.com/integral-of-1-over-2ex-+-sinx,Yes,Excluded,,,Yes,Partial,0,0,Unknown,,Not reviewed
https://derivativecalculatorai.com/integral-of-sqrtx-+-2tanx-+-41-over-1+x2,integral-of-sqrtx-+-2tanx-+-41-over-1+x2,problems.json,integral,problem,200,Yes,index,https://derivativecalculatorai.com/integral-of-sqrtx-+-2tanx-+-41-over-1+x2,Yes,Excluded,,,Yes,Partial,0,0,Unknown,,Not reviewed
https://derivativecalculatorai.com/integral-of-5cosx-+-1-over-2x-+-1-over-2sinx,integral-of-5cosx-+-1-over-2x-+-1-over-2sinx,problems.json,integral,problem,200,Yes,index,https://derivativecalculatorai.com/integral-of-5cosx-+-1-over-2x-+-1-over-2sinx,Yes,Excluded,,,Yes,Partial,0,0,Unknown,,Not reviewed
https://derivativecalculatorai.com/integral-of-31-over-1+x2-+-1-over-21-over-sqrt1-x2,integral-of-31-over-1+x2-+-1-over-21-over-sqrt1-x2,problems.json,integral,problem,200,Yes,index,https://derivativecalculatorai.com/integral-of-31-over-1+x2-+-1-over-21-over-sqrt1-x2,Yes,Excluded,,,Yes,Partial,0,0,Unknown,,Not reviewed
https://derivativecalculatorai.com/integral-of-5sqrtx-+-1-over-2tanx,integral-of-5sqrtx-+-1-over-2tanx,problems.json,integral,problem,200,Yes,index,https://derivativecalculatorai.com/integral-of-5sqrtx-+-1-over-2tanx,Yes,Excluded,,,Yes,Partial,0,0,Unknown,,Not reviewed
https://derivativecalculatorai.com/integral-of-31-over-1+x2--1-over-sqrt1-x2,integral-of-31-over-1+x2--1-over-sqrt1-x2,problems.json,integral,problem,200,Yes,index,https://derivativecalculatorai.com/integral-of-31-over-1+x2--1-over-sqrt1-x2,Yes,Excluded,,,Yes,Partial,0,0,Unknown,,Not reviewed
https://derivativecalculatorai.com/integral-of-1-over-2x4-+-2tanx-+-sinx,integral-of-1-over-2x4-+-2tanx-+-sinx,problems.json,integral,problem,200,Yes,index,https://derivativecalculatorai.com/integral-of-1-over-2x4-+-2tanx-+-sinx,Yes,Excluded,,,Yes,Partial,0,0,Unknown,,Not reviewed
https://derivativecalculatorai.com/integral-of-3x4--x-+-41-over-1+x2,integral-of-3x4--x-+-41-over-1+x2,problems.json,integral,problem,200,Yes,index,https://derivativecalculatorai.com/integral-of-3x4--x-+-41-over-1+x2,Yes,Excluded,,,Yes,Partial,0,0,Unknown,,Not reviewed
https://derivativecalculatorai.com/integral-of-31-over-x2-+-3x4--1-over-x2,integral-of-31-over-x2-+-3x4--1-over-x2,problems.json,integral,problem,200,Yes,index,https://derivativecalculatorai.com/integral-of-31-over-x2-+-3x4--1-over-x2,Yes,Excluded,,,Yes,Partial,0,0,Unknown,,Not reviewed
https://derivativecalculatorai.com/integral-of-1-over-21-over-sqrt1-x2-+-4tanx-+-3x4,integral-of-1-over-21-over-sqrt1-x2-+-4tanx-+-3x4,problems.json,integral,problem,200,Yes,index,https://derivativecalculatorai.com/integral-of-1-over-21-over-sqrt1-x2-+-4tanx-+-3x4,Yes,Excluded,,,Yes,Partial,0,0,Unknown,,Not reviewed
https://derivativecalculatorai.com/integral-of-cosx-+-31-over-sqrt1-x2,integral-of-cosx-+-31-over-sqrt1-x2,problems.json,integral,problem,200,Yes,index,https://derivativecalculatorai.com/integral-of-cosx-+-31-over-sqrt1-x2,Yes,Excluded,,,Yes,Partial,0,0,Unknown,,Not reviewed
https://derivativecalculatorai.com/integral-of-1-over-21-over-x2-+-3sinx-+-21-over-x2,integral-of-1-over-21-over-x2-+-3sinx-+-21-over-x2,problems.json,integral,problem,200,Yes,index,https://derivativecalculatorai.com/integral-of-1-over-21-over-x2-+-3sinx-+-21-over-x2,Yes,Excluded,,,Yes,Partial,0,0,Unknown,,Not reviewed
https://derivativecalculatorai.com/integral-of--1-over-sqrt1-x2-+-5x3-+-51-over-1+x2,integral-of--1-over-sqrt1-x2-+-5x3-+-51-over-1+x2,problems.json,integral,problem,200,Yes,index,https://derivativecalculatorai.com/integral-of--1-over-sqrt1-x2-+-5x3-+-51-over-1+x2,Yes,Excluded,,,Yes,Partial,0,0,Unknown,,Not reviewed
https://derivativecalculatorai.com/integral-of-x4-+-5x3-+-51-over-1+x2,integral-of-x4-+-5x3-+-51-over-1+x2,problems.json,integral,problem,200,Yes,index,https://derivativecalculatorai.com/integral-of-x4-+-5x3-+-51-over-1+x2,Yes,Excluded,,,Yes,Partial,0,0,Unknown,,Not reviewed
https://derivativecalculatorai.com/integral-of-4lnx-+-3secx2-+-tanx,integral-of-4lnx-+-3secx2-+-tanx,problems.json,integral,problem,200,Yes,index,https://derivativecalculatorai.com/integral-of-4lnx-+-3secx2-+-tanx,Yes,Excluded,,,Yes,Partial,0,0,Unknown,,Not reviewed
https://derivativecalculatorai.com/integral-of-4sqrtx--x4,integral-of-4sqrtx--x4,problems.json,integral,problem,200,Yes,index,https://derivativecalculatorai.com/integral-of-4sqrtx--x4,Yes,Excluded,,,Yes,Partial,0,0,Unknown,,Not reviewed
https://derivativecalculatorai.com/integral-of-31-over-sqrt1-x2-+-5lnx,integral-of-31-over-sqrt1-x2-+-5lnx,problems.json,integral,problem,200,Yes,index,https://derivativecalculatorai.com/integral-of-31-over-sqrt1-x2-+-5lnx,Yes,Excluded,,,Yes,Partial,0,0,Unknown,,Not reviewed
https://derivativecalculatorai.com/integral-of-2cosx-+-5ex,integral-of-2cosx-+-5ex,problems.json,integral,problem,200,Yes,index,https://derivativecalculatorai.com/integral-of-2cosx-+-5ex,Yes,Excluded,,,Yes,Partial,0,0,Unknown,,Not reviewed
https://derivativecalculatorai.com/integral-of-1-over-x2-+-4lnx-+-x,integral-of-1-over-x2-+-4lnx-+-x,problems.json,integral,problem,200,Yes,index,https://derivativecalculatorai.com/integral-of-1-over-x2-+-4lnx-+-x,Yes,Excluded,,,Yes,Partial,0,0,Unknown,,Not reviewed
https://derivativecalculatorai.com/integral-of-2sinx-+-2x3,integral-of-2sinx-+-2x3,problems.json,integral,problem,200,Yes,index,https://derivativecalculatorai.com/integral-of-2sinx-+-2x3,Yes,Excluded,,,Yes,Partial,0,0,Unknown,,Not reviewed
https://derivativecalculatorai.com/integral-of-31-over-sqrt1-x2-+-1-over-2tanx,integral-of-31-over-sqrt1-x2-+-1-over-2tanx,problems.json,integral,problem,200,Yes,index,https://derivativecalculatorai.com/integral-of-31-over-sqrt1-x2-+-1-over-2tanx,Yes,Excluded,,,Yes,Partial,0,0,Unknown,,Not reviewed
https://derivativecalculatorai.com/integral-of--cosx-+-2secx2--1-over-sqrt1-x2,integral-of--cosx-+-2secx2--1-over-sqrt1-x2,problems.json,integral,problem,200,Yes,index,https://derivativecalculatorai.com/integral-of--cosx-+-2secx2--1-over-sqrt1-x2,Yes,Excluded,,,Yes,Partial,0,0,Unknown,,Not reviewed
https://derivativecalculatorai.com/integral-of-4secx2-+-41-over-sqrt1-x2,integral-of-4secx2-+-41-over-sqrt1-x2,problems.json,integral,problem,200,Yes,index,https://derivativecalculatorai.com/integral-of-4secx2-+-41-over-sqrt1-x2,Yes,Excluded,,,Yes,Partial,0,0,Unknown,,Not reviewed
https://derivativecalculatorai.com/integral-of--cosx-+-5cosx--ex,integral-of--cosx-+-5cosx--ex,problems.json,integral,problem,200,Yes,index,https://derivativecalculatorai.com/integral-of--cosx-+-5cosx--ex,Yes,Excluded,,,Yes,Partial,0,0,Unknown,,Not reviewed
https://derivativecalculatorai.com/integral-of-ex--x2,integral-of-ex--x2,problems.json,integral,problem,200,Yes,index,https://derivativecalculatorai.com/integral-of-ex--x2,Yes,Excluded,,,Yes,Partial,0,0,Unknown,,Not reviewed
https://derivativecalculatorai.com/integral-of-51-over-x--x3,integral-of-51-over-x--x3,problems.json,integral,problem,200,Yes,index,https://derivativecalculatorai.com/integral-of-51-over-x--x3,Yes,Excluded,,,Yes,Partial,0,0,Unknown,,Not reviewed
https://derivativecalculatorai.com/integral-of-3cosx--x,integral-of-3cosx--x,problems.json,integral,problem,200,Yes,index,https://derivativecalculatorai.com/integral-of-3cosx--x,Yes,Excluded,,,Yes,Partial,0,0,Unknown,,Not reviewed
https://derivativecalculatorai.com/integral-of-x3-+-41-over-x-+-5tanx,integral-of-x3-+-41-over-x-+-5tanx,problems.json,integral,problem,200,Yes,index,https://derivativecalculatorai.com/integral-of-x3-+-41-over-x-+-5tanx,Yes,Excluded,,,Yes,Partial,0,0,Unknown,,Not reviewed
https://derivativecalculatorai.com/integral-of-41-over-x-+-1-over-21-over-1+x2,integral-of-41-over-x-+-1-over-21-over-1+x2,problems.json,integral,problem,200,Yes,index,https://derivativecalculatorai.com/integral-of-41-over-x-+-1-over-21-over-1+x2,Yes,Excluded,,,Yes,Partial,0,0,Unknown,,Not reviewed
https://derivativecalculatorai.com/integral-of-4x3--1-over-sqrt1-x2,integral-of-4x3--1-over-sqrt1-x2,problems.json,integral,problem,200,Yes,index,https://derivativecalculatorai.com/integral-of-4x3--1-over-sqrt1-x2,Yes,Excluded,,,Yes,Partial,0,0,Unknown,,Not reviewed
https://derivativecalculatorai.com/integral-of--1-over-1+x2-+-1-over-2sqrtx-+-5cosx,integral-of--1-over-1+x2-+-1-over-2sqrtx-+-5cosx,problems.json,integral,problem,200,Yes,index,https://derivativecalculatorai.com/integral-of--1-over-1+x2-+-1-over-2sqrtx-+-5cosx,Yes,Excluded,,,Yes,Partial,0,0,Unknown,,Not reviewed
https://derivativecalculatorai.com/integral-of--cosx-+-4x-+-3lnx,integral-of--cosx-+-4x-+-3lnx,problems.json,integral,problem,200,Yes,index,https://derivativecalculatorai.com/integral-of--cosx-+-4x-+-3lnx,Yes,Excluded,,,Yes,Partial,0,0,Unknown,,Not reviewed
https://derivativecalculatorai.com/integral-of-21-over-1+x2-+-x4,integral-of-21-over-1+x2-+-x4,problems.json,integral,problem,200,Yes,index,https://derivativecalculatorai.com/integral-of-21-over-1+x2-+-x4,Yes,Excluded,,,Yes,Partial,0,0,Unknown,,Not reviewed
https://derivativecalculatorai.com/integral-of-1-over-21-over-1+x2-+-51-over-x,integral-of-1-over-21-over-1+x2-+-51-over-x,problems.json,integral,problem,200,Yes,index,https://derivativecalculatorai.com/integral-of-1-over-21-over-1+x2-+-51-over-x,Yes,Excluded,,,Yes,Partial,0,0,Unknown,,Not reviewed
https://derivativecalculatorai.com/integral-of-tanx-+-cosx,integral-of-tanx-+-cosx,problems.json,integral,problem,200,Yes,index,https://derivativecalculatorai.com/integral-of-tanx-+-cosx,Yes,Excluded,,,Yes,Partial,0,0,Unknown,,Not reviewed
https://derivativecalculatorai.com/integral-of-sinx--secx2-+-2x3,integral-of-sinx--secx2-+-2x3,problems.json,integral,problem,200,Yes,index,https://derivativecalculatorai.com/integral-of-sinx--secx2-+-2x3,Yes,Excluded,,,Yes,Partial,0,0,Unknown,,Not reviewed
https://derivativecalculatorai.com/integral-of-2sinx--lnx,integral-of-2sinx--lnx,problems.json,integral,problem,200,Yes,index,https://derivativecalculatorai.com/integral-of-2sinx--lnx,Yes,Excluded,,,Yes,Partial,0,0,Unknown,,Not reviewed
https://derivativecalculatorai.com/integral-of-1-over-2sinx--cosx-+-2sqrtx,integral-of-1-over-2sinx--cosx-+-2sqrtx,problems.json,integral,problem,200,Yes,index,https://derivativecalculatorai.com/integral-of-1-over-2sinx--cosx-+-2sqrtx,Yes,Excluded,,,Yes,Partial,0,0,Unknown,,Not reviewed
https://derivativecalculatorai.com/integral-of-4ex-+-1-over-21-over-x2,integral-of-4ex-+-1-over-21-over-x2,problems.json,integral,problem,200,Yes,index,https://derivativecalculatorai.com/integral-of-4ex-+-1-over-21-over-x2,Yes,Excluded,,,Yes,Partial,0,0,Unknown,,Not reviewed
https://derivativecalculatorai.com/integral-of-1-over-1+x2-+-1-over-2x3--1-over-x2,integral-of-1-over-1+x2-+-1-over-2x3--1-over-x2,problems.json,integral,problem,200,Yes,index,https://derivativecalculatorai.com/integral-of-1-over-1+x2-+-1-over-2x3--1-over-x2,Yes,Excluded,,,Yes,Partial,0,0,Unknown,,Not reviewed
https://derivativecalculatorai.com/integral-of--x3-+-4sinx,integral-of--x3-+-4sinx,problems.json,integral,problem,200,Yes,index,https://derivativecalculatorai.com/integral-of--x3-+-4sinx,Yes,Excluded,,,Yes,Partial,0,0,Unknown,,Not reviewed
https://derivativecalculatorai.com/integral-of-1-over-x2-+-5x4,integral-of-1-over-x2-+-5x4,problems.json,integral,problem,200,Yes,index,https://derivativecalculatorai.com/integral-of-1-over-x2-+-5x4,Yes,Excluded,,,Yes,Partial,0,0,Unknown,,Not reviewed
https://derivativecalculatorai.com/integral-of-2x--lnx,integral-of-2x--lnx,problems.json,integral,problem,200,Yes,index,https://derivativecalculatorai.com/integral-of-2x--lnx,Yes,Excluded,,,Yes,Partial,0,0,Unknown,,Not reviewed
https://derivativecalculatorai.com/integral-of-41-over-1+x2--tanx,integral-of-41-over-1+x2--tanx,problems.json,integral,problem,200,Yes,index,https://derivativecalculatorai.com/integral-of-41-over-1+x2--tanx,Yes,Excluded,,,Yes,Partial,0,0,Unknown,,Not reviewed
https://derivativecalculatorai.com/integral-of-3secx2-+-cosx,integral-of-3secx2-+-cosx,problems.json,integral,problem,200,Yes,index,https://derivativecalculatorai.com/integral-of-3secx2-+-cosx,Yes,Excluded,,,Yes,Partial,0,0,Unknown,,Not reviewed
https://derivativecalculatorai.com/integral-of--1-over-sqrt1-x2-+-sqrtx,integral-of--1-over-sqrt1-x2-+-sqrtx,problems.json,integral,problem,200,Yes,index,https://derivativecalculatorai.com/integral-of--1-over-sqrt1-x2-+-sqrtx,Yes,Excluded,,,Yes,Partial,0,0,Unknown,,Not reviewed
https://derivativecalculatorai.com/integral-of-3secx2-+-2secx2,integral-of-3secx2-+-2secx2,problems.json,integral,problem,200,Yes,index,https://derivativecalculatorai.com/integral-of-3secx2-+-2secx2,Yes,Excluded,,,Yes,Partial,0,0,Unknown,,Not reviewed
https://derivativecalculatorai.com/integral-of-x-+-21-over-x2-+-41-over-x,integral-of-x-+-21-over-x2-+-41-over-x,problems.json,integral,problem,200,Yes,index,https://derivativecalculatorai.com/integral-of-x-+-21-over-x2-+-41-over-x,Yes,Excluded,,,Yes,Partial,0,0,Unknown,,Not reviewed
https://derivativecalculatorai.com/integral-of-sqrtx-+-5sqrtx,integral-of-sqrtx-+-5sqrtx,problems.json,integral,problem,200,Yes,index,https://derivativecalculatorai.com/integral-of-sqrtx-+-5sqrtx,Yes,Excluded,,,Yes,Partial,0,0,Unknown,,Not reviewed
https://derivativecalculatorai.com/integral-of-4sinx-+-5lnx--sqrtx,integral-of-4sinx-+-5lnx--sqrtx,problems.json,integral,problem,200,Yes,index,https://derivativecalculatorai.com/integral-of-4sinx-+-5lnx--sqrtx,Yes,Excluded,,,Yes,Partial,0,0,Unknown,,Not reviewed
https://derivativecalculatorai.com/integral-of-4x4-+-tanx-+-2cosx,integral-of-4x4-+-tanx-+-2cosx,problems.json,integral,problem,200,Yes,index,https://derivativecalculatorai.com/integral-of-4x4-+-tanx-+-2cosx,Yes,Excluded,,,Yes,Partial,0,0,Unknown,,Not reviewed
https://derivativecalculatorai.com/integral-of-5lnx-+-5cosx-+-sinx,integral-of-5lnx-+-5cosx-+-sinx,problems.json,integral,problem,200,Yes,index,https://derivativecalculatorai.com/integral-of-5lnx-+-5cosx-+-sinx,Yes,Excluded,,,Yes,Partial,0,0,Unknown,,Not reviewed
https://derivativecalculatorai.com/integral-of-4secx2-+-2x2,integral-of-4secx2-+-2x2,problems.json,integral,problem,200,Yes,index,https://derivativecalculatorai.com/integral-of-4secx2-+-2x2,Yes,Excluded,,,Yes,Partial,0,0,Unknown,,Not reviewed
https://derivativecalculatorai.com/integral-of-5tanx-+-31-over-x2,integral-of-5tanx-+-31-over-x2,problems.json,integral,problem,200,Yes,index,https://derivativecalculatorai.com/integral-of-5tanx-+-31-over-x2,Yes,Excluded,,,Yes,Partial,0,0,Unknown,,Not reviewed
https://derivativecalculatorai.com/integral-of-2tanx-+-2lnx-+-1-over-x,integral-of-2tanx-+-2lnx-+-1-over-x,problems.json,integral,problem,200,Yes,index,https://derivativecalculatorai.com/integral-of-2tanx-+-2lnx-+-1-over-x,Yes,Excluded,,,Yes,Partial,0,0,Unknown,,Not reviewed
https://derivativecalculatorai.com/integral-of-5x-+-51-over-x2,integral-of-5x-+-51-over-x2,problems.json,integral,problem,200,Yes,index,https://derivativecalculatorai.com/integral-of-5x-+-51-over-x2,Yes,Excluded,,,Yes,Partial,0,0,Unknown,,Not reviewed
https://derivativecalculatorai.com/integral-of--sinx-+-3cosx-+-2sinx,integral-of--sinx-+-3cosx-+-2sinx,problems.json,integral,problem,200,Yes,index,https://derivativecalculatorai.com/integral-of--sinx-+-3cosx-+-2sinx,Yes,Excluded,,,Yes,Partial,0,0,Unknown,,Not reviewed
https://derivativecalculatorai.com/integral-of--cosx-+-1-over-21-over-sqrt1-x2,integral-of--cosx-+-1-over-21-over-sqrt1-x2,problems.json,integral,problem,200,Yes,index,https://derivativecalculatorai.com/integral-of--cosx-+-1-over-21-over-sqrt1-x2,Yes,Excluded,,,Yes,Partial,0,0,Unknown,,Not reviewed
https://derivativecalculatorai.com/integral-of-5sqrtx-+-2lnx,integral-of-5sqrtx-+-2lnx,problems.json,integral,problem,200,Yes,index,https://derivativecalculatorai.com/integral-of-5sqrtx-+-2lnx,Yes,Excluded,,,Yes,Partial,0,0,Unknown,,Not reviewed
https://derivativecalculatorai.com/integral-of-51-over-x2-+-1-over-1+x2-+-3x4,integral-of-51-over-x2-+-1-over-1+x2-+-3x4,problems.json,integral,problem,200,Yes,index,https://derivativecalculatorai.com/integral-of-51-over-x2-+-1-over-1+x2-+-3x4,Yes,Excluded,,,Yes,Partial,0,0,Unknown,,Not reviewed
https://derivativecalculatorai.com/integral-of-1-over-2x2-+-41-over-1+x2-+-1-over-x2,integral-of-1-over-2x2-+-41-over-1+x2-+-1-over-x2,problems.json,integral,problem,200,Yes,index,https://derivativecalculatorai.com/integral-of-1-over-2x2-+-41-over-1+x2-+-1-over-x2,Yes,Excluded,,,Yes,Partial,0,0,Unknown,,Not reviewed
https://derivativecalculatorai.com/integral-of-51-over-sqrt1-x2-+-1-over-x2-+-4sqrtx,integral-of-51-over-sqrt1-x2-+-1-over-x2-+-4sqrtx,problems.json,integral,problem,200,Yes,index,https://derivativecalculatorai.com/integral-of-51-over-sqrt1-x2-+-1-over-x2-+-4sqrtx,Yes,Excluded,,,Yes,Partial,0,0,Unknown,,Not reviewed
https://derivativecalculatorai.com/integral-of-3cosx-+-31-over-x,integral-of-3cosx-+-31-over-x,problems.json,integral,problem,200,Yes,index,https://derivativecalculatorai.com/integral-of-3cosx-+-31-over-x,Yes,Excluded,,,Yes,Partial,0,0,Unknown,,Not reviewed
https://derivativecalculatorai.com/integral-of-4x3-+-1-over-2x4,integral-of-4x3-+-1-over-2x4,problems.json,integral,problem,200,Yes,index,https://derivativecalculatorai.com/integral-of-4x3-+-1-over-2x4,Yes,Excluded,,,Yes,Partial,0,0,Unknown,,Not reviewed
https://derivativecalculatorai.com/integral-of-31-over-1+x2-+-3x2,integral-of-31-over-1+x2-+-3x2,problems.json,integral,problem,200,Yes,index,https://derivativecalculatorai.com/integral-of-31-over-1+x2-+-3x2,Yes,Excluded,,,Yes,Partial,0,0,Unknown,,Not reviewed
https://derivativecalculatorai.com/integral-of-41-over-sqrt1-x2-+-51-over-sqrt1-x2,integral-of-41-over-sqrt1-x2-+-51-over-sqrt1-x2,problems.json,integral,problem,200,Yes,index,https://derivativecalculatorai.com/integral-of-41-over-sqrt1-x2-+-51-over-sqrt1-x2,Yes,Excluded,,,Yes,Partial,0,0,Unknown,,Not reviewed
https://derivativecalculatorai.com/integral-of-41-over-x-+-4tanx,integral-of-41-over-x-+-4tanx,problems.json,integral,problem,200,Yes,index,https://derivativecalculatorai.com/integral-of-41-over-x-+-4tanx,Yes,Excluded,,,Yes,Partial,0,0,Unknown,,Not reviewed
https://derivativecalculatorai.com/integral-of-tanx-+-1-over-2x3-+-1-over-21-over-x,integral-of-tanx-+-1-over-2x3-+-1-over-21-over-x,problems.json,integral,problem,200,Yes,index,https://derivativecalculatorai.com/integral-of-tanx-+-1-over-2x3-+-1-over-21-over-x,Yes,Excluded,,,Yes,Partial,0,0,Unknown,,Not reviewed
https://derivativecalculatorai.com/integral-of-51-over-x2-+-4sinx,integral-of-51-over-x2-+-4sinx,problems.json,integral,problem,200,Yes,index,https://derivativecalculatorai.com/integral-of-51-over-x2-+-4sinx,Yes,Excluded,,,Yes,Partial,0,0,Unknown,,Not reviewed
https://derivativecalculatorai.com/integral-of-4x-+-3ex-+-x3,integral-of-4x-+-3ex-+-x3,problems.json,integral,problem,200,Yes,index,https://derivativecalculatorai.com/integral-of-4x-+-3ex-+-x3,Yes,Excluded,,,Yes,Partial,0,0,Unknown,,Not reviewed
https://derivativecalculatorai.com/integral-of-1-over-21-over-sqrt1-x2-+-51-over-1+x2,integral-of-1-over-21-over-sqrt1-x2-+-51-over-1+x2,problems.json,integral,problem,200,Yes,index,https://derivativecalculatorai.com/integral-of-1-over-21-over-sqrt1-x2-+-51-over-1+x2,Yes,Excluded,,,Yes,Partial,0,0,Unknown,,Not reviewed
https://derivativecalculatorai.com/integral-of-5tanx--secx2-+-cosx,integral-of-5tanx--secx2-+-cosx,problems.json,integral,problem,200,Yes,index,https://derivativecalculatorai.com/integral-of-5tanx--secx2-+-cosx,Yes,Excluded,,,Yes,Partial,0,0,Unknown,,Not reviewed
https://derivativecalculatorai.com/integral-of-1-over-1+x2-+-1-over-2tanx,integral-of-1-over-1+x2-+-1-over-2tanx,problems.json,integral,problem,200,Yes,index,https://derivativecalculatorai.com/integral-of-1-over-1+x2-+-1-over-2tanx,Yes,Excluded,,,Yes,Partial,0,0,Unknown,,Not reviewed
https://derivativecalculatorai.com/integral-of-51-over-sqrt1-x2--1-over-1+x2,integral-of-51-over-sqrt1-x2--1-over-1+x2,problems.json,integral,problem,200,Yes,index,https://derivativecalculatorai.com/integral-of-51-over-sqrt1-x2--1-over-1+x2,Yes,Excluded,,,Yes,Partial,0,0,Unknown,,Not reviewed
https://derivativecalculatorai.com/integral-of-41-over-sqrt1-x2-+-5x3,integral-of-41-over-sqrt1-x2-+-5x3,problems.json,integral,problem,200,Yes,index,https://derivativecalculatorai.com/integral-of-41-over-sqrt1-x2-+-5x3,Yes,Excluded,,,Yes,Partial,0,0,Unknown,,Not reviewed
https://derivativecalculatorai.com/integral-of-2sqrtx-+-2x4,integral-of-2sqrtx-+-2x4,problems.json,integral,problem,200,Yes,index,https://derivativecalculatorai.com/integral-of-2sqrtx-+-2x4,Yes,Excluded,,,Yes,Partial,0,0,Unknown,,Not reviewed
https://derivativecalculatorai.com/integral-of-4cosx-+-5x3,integral-of-4cosx-+-5x3,problems.json,integral,problem,200,Yes,index,https://derivativecalculatorai.com/integral-of-4cosx-+-5x3,Yes,Excluded,,,Yes,Partial,0,0,Unknown,,Not reviewed
https://derivativecalculatorai.com/integral-of--x3-+-5lnx-+-3lnx,integral-of--x3-+-5lnx-+-3lnx,problems.json,integral,problem,200,Yes,index,https://derivativecalculatorai.com/integral-of--x3-+-5lnx-+-3lnx,Yes,Excluded,,,Yes,Partial,0,0,Unknown,,Not reviewed
https://derivativecalculatorai.com/integral-of-31-over-sqrt1-x2-+-21-over-x2,integral-of-31-over-sqrt1-x2-+-21-over-x2,problems.json,integral,problem,200,Yes,index,https://derivativecalculatorai.com/integral-of-31-over-sqrt1-x2-+-21-over-x2,Yes,Excluded,,,Yes,Partial,0,0,Unknown,,Not reviewed
https://derivativecalculatorai.com/integral-of-31-over-1+x2-+-x3,integral-of-31-over-1+x2-+-x3,problems.json,integral,problem,200,Yes,index,https://derivativecalculatorai.com/integral-of-31-over-1+x2-+-x3,Yes,Excluded,,,Yes,Partial,0,0,Unknown,,Not reviewed
https://derivativecalculatorai.com/integral-of-41-over-x-+-5lnx,integral-of-41-over-x-+-5lnx,problems.json,integral,problem,200,Yes,index,https://derivativecalculatorai.com/integral-of-41-over-x-+-5lnx,Yes,Excluded,,,Yes,Partial,0,0,Unknown,,Not reviewed
https://derivativecalculatorai.com/integral-of-51-over-x-+-3sinx,integral-of-51-over-x-+-3sinx,problems.json,integral,problem,200,Yes,index,https://derivativecalculatorai.com/integral-of-51-over-x-+-3sinx,Yes,Excluded,,,Yes,Partial,0,0,Unknown,,Not reviewed
https://derivativecalculatorai.com/integral-of-x4-+-4sinx-+-3lnx,integral-of-x4-+-4sinx-+-3lnx,problems.json,integral,problem,200,Yes,index,https://derivativecalculatorai.com/integral-of-x4-+-4sinx-+-3lnx,Yes,Excluded,,,Yes,Partial,0,0,Unknown,,Not reviewed
https://derivativecalculatorai.com/integral-of-2x2-+-31-over-sqrt1-x2,integral-of-2x2-+-31-over-sqrt1-x2,problems.json,integral,problem,200,Yes,index,https://derivativecalculatorai.com/integral-of-2x2-+-31-over-sqrt1-x2,Yes,Excluded,,,Yes,Partial,0,0,Unknown,,Not reviewed
https://derivativecalculatorai.com/integral-of-3x4-+-1-over-2secx2,integral-of-3x4-+-1-over-2secx2,problems.json,integral,problem,200,Yes,index,https://derivativecalculatorai.com/integral-of-3x4-+-1-over-2secx2,Yes,Excluded,,,Yes,Partial,0,0,Unknown,,Not reviewed
https://derivativecalculatorai.com/integral-of--tanx--sinx,integral-of--tanx--sinx,problems.json,integral,problem,200,Yes,index,https://derivativecalculatorai.com/integral-of--tanx--sinx,Yes,Excluded,,,Yes,Partial,0,0,Unknown,,Not reviewed
https://derivativecalculatorai.com/integral-of-4tanx-+-1-over-2x-+-5x,integral-of-4tanx-+-1-over-2x-+-5x,problems.json,integral,problem,200,Yes,index,https://derivativecalculatorai.com/integral-of-4tanx-+-1-over-2x-+-5x,Yes,Excluded,,,Yes,Partial,0,0,Unknown,,Not reviewed
https://derivativecalculatorai.com/integral-of-5x3--1-over-x-+-secx2,integral-of-5x3--1-over-x-+-secx2,problems.json,integral,problem,200,Yes,index,https://derivativecalculatorai.com/integral-of-5x3--1-over-x-+-secx2,Yes,Excluded,,,Yes,Partial,0,0,Unknown,,Not reviewed
https://derivativecalculatorai.com/integral-of-4cosx-+-2ex,integral-of-4cosx-+-2ex,problems.json,integral,problem,200,Yes,index,https://derivativecalculatorai.com/integral-of-4cosx-+-2ex,Yes,Excluded,,,Yes,Partial,0,0,Unknown,,Not reviewed
https://derivativecalculatorai.com/integral-of-5x4-+-3x,integral-of-5x4-+-3x,problems.json,integral,problem,200,Yes,index,https://derivativecalculatorai.com/integral-of-5x4-+-3x,Yes,Excluded,,,Yes,Partial,0,0,Unknown,,Not reviewed
https://derivativecalculatorai.com/integral-of-3x-+-1-over-21-over-sqrt1-x2--tanx,integral-of-3x-+-1-over-21-over-sqrt1-x2--tanx,problems.json,integral,problem,200,Yes,index,https://derivativecalculatorai.com/integral-of-3x-+-1-over-21-over-sqrt1-x2--tanx,Yes,Excluded,,,Yes,Partial,0,0,Unknown,,Not reviewed
https://derivativecalculatorai.com/integral-of--cosx-+-5sqrtx,integral-of--cosx-+-5sqrtx,problems.json,integral,problem,200,Yes,index,https://derivativecalculatorai.com/integral-of--cosx-+-5sqrtx,Yes,Excluded,,,Yes,Partial,0,0,Unknown,,Not reviewed
https://derivativecalculatorai.com/integral-of-5secx2-+-5x-+-x4,integral-of-5secx2-+-5x-+-x4,problems.json,integral,problem,200,Yes,index,https://derivativecalculatorai.com/integral-of-5secx2-+-5x-+-x4,Yes,Excluded,,,Yes,Partial,0,0,Unknown,,Not reviewed
https://derivativecalculatorai.com/integral-of-2lnx-+-x3-+-5tanx,integral-of-2lnx-+-x3-+-5tanx,problems.json,integral,problem,200,Yes,index,https://derivativecalculatorai.com/integral-of-2lnx-+-x3-+-5tanx,Yes,Excluded,,,Yes,Partial,0,0,Unknown,,Not reviewed
https://derivativecalculatorai.com/integral-of-5x2--cosx,integral-of-5x2--cosx,problems.json,integral,problem,200,Yes,index,https://derivativecalculatorai.com/integral-of-5x2--cosx,Yes,Excluded,,,Yes,Partial,0,0,Unknown,,Not reviewed
https://derivativecalculatorai.com/integral-of-sqrtx--cosx,integral-of-sqrtx--cosx,problems.json,integral,problem,200,Yes,index,https://derivativecalculatorai.com/integral-of-sqrtx--cosx,Yes,Excluded,,,Yes,Partial,0,0,Unknown,,Not reviewed
https://derivativecalculatorai.com/integral-of-x2-+-ex-+-2lnx,integral-of-x2-+-ex-+-2lnx,problems.json,integral,problem,200,Yes,index,https://derivativecalculatorai.com/integral-of-x2-+-ex-+-2lnx,Yes,Excluded,,,Yes,Partial,0,0,Unknown,,Not reviewed
https://derivativecalculatorai.com/integral-of-3sinx-+-tanx-+-5x2,integral-of-3sinx-+-tanx-+-5x2,problems.json,integral,problem,200,Yes,index,https://derivativecalculatorai.com/integral-of-3sinx-+-tanx-+-5x2,Yes,Excluded,,,Yes,Partial,0,0,Unknown,,Not reviewed
https://derivativecalculatorai.com/integral-of-51-over-1+x2-+-1-over-2secx2,integral-of-51-over-1+x2-+-1-over-2secx2,problems.json,integral,problem,200,Yes,index,https://derivativecalculatorai.com/integral-of-51-over-1+x2-+-1-over-2secx2,Yes,Excluded,,,Yes,Partial,0,0,Unknown,,Not reviewed
https://derivativecalculatorai.com/integral-of-4sinx-+-2x2-+-sqrtx,integral-of-4sinx-+-2x2-+-sqrtx,problems.json,integral,problem,200,Yes,index,https://derivativecalculatorai.com/integral-of-4sinx-+-2x2-+-sqrtx,Yes,Excluded,,,Yes,Partial,0,0,Unknown,,Not reviewed
https://derivativecalculatorai.com/integral-of-3sinx-+-5ex-+-41-over-x,integral-of-3sinx-+-5ex-+-41-over-x,problems.json,integral,problem,200,Yes,index,https://derivativecalculatorai.com/integral-of-3sinx-+-5ex-+-41-over-x,Yes,Excluded,,,Yes,Partial,0,0,Unknown,,Not reviewed
https://derivativecalculatorai.com/integral-of-1-over-21-over-x2-+-4sinx-+-1-over-2sqrtx,integral-of-1-over-21-over-x2-+-4sinx-+-1-over-2sqrtx,problems.json,integral,problem,200,No,noindex,https://derivativecalculatorai.com/integral-of-1-over-21-over-x2-+-4sinx-+-1-over-2sqrtx,Yes,Excluded,,,Yes,Partial,0,0,Unknown,,Not reviewed
https://derivativecalculatorai.com/integral-of-1-over-2x--x,integral-of-1-over-2x--x,problems.json,integral,problem,200,Yes,index,https://derivativecalculatorai.com/integral-of-1-over-2x--x,Yes,Excluded,,,Yes,Partial,0,0,Unknown,,Not reviewed
https://derivativecalculatorai.com/integral-of-2sqrtx--x,integral-of-2sqrtx--x,problems.json,integral,problem,200,Yes,index,https://derivativecalculatorai.com/integral-of-2sqrtx--x,Yes,Excluded,,,Yes,Partial,0,0,Unknown,,Not reviewed
https://derivativecalculatorai.com/integral-of--lnx-+-51-over-sqrt1-x2-+-2x,integral-of--lnx-+-51-over-sqrt1-x2-+-2x,problems.json,integral,problem,200,Yes,index,https://derivativecalculatorai.com/integral-of--lnx-+-51-over-sqrt1-x2-+-2x,Yes,Excluded,,,Yes,Partial,0,0,Unknown,,Not reviewed
https://derivativecalculatorai.com/integral-of-21-over-x-+-5ex,integral-of-21-over-x-+-5ex,problems.json,integral,problem,200,Yes,index,https://derivativecalculatorai.com/integral-of-21-over-x-+-5ex,Yes,Excluded,,,Yes,Partial,0,0,Unknown,,Not reviewed
https://derivativecalculatorai.com/integral-of-4tanx-+-5tanx,integral-of-4tanx-+-5tanx,problems.json,integral,problem,200,Yes,index,https://derivativecalculatorai.com/integral-of-4tanx-+-5tanx,Yes,Excluded,,,Yes,Partial,0,0,Unknown,,Not reviewed
https://derivativecalculatorai.com/integral-of-3cosx-+-x3,integral-of-3cosx-+-x3,problems.json,integral,problem,200,Yes,index,https://derivativecalculatorai.com/integral-of-3cosx-+-x3,Yes,Excluded,,,Yes,Partial,0,0,Unknown,,Not reviewed
https://derivativecalculatorai.com/integral-of-51-over-x-+-2cosx,integral-of-51-over-x-+-2cosx,problems.json,integral,problem,200,Yes,index,https://derivativecalculatorai.com/integral-of-51-over-x-+-2cosx,Yes,Excluded,,,Yes,Partial,0,0,Unknown,,Not reviewed
https://derivativecalculatorai.com/integral-of-sinx-+-3tanx,integral-of-sinx-+-3tanx,problems.json,integral,problem,200,Yes,index,https://derivativecalculatorai.com/integral-of-sinx-+-3tanx,Yes,Excluded,,,Yes,Partial,0,0,Unknown,,Not reviewed
https://derivativecalculatorai.com/integral-of-1-over-21-over-x-+-lnx-+-1-over-21-over-x,integral-of-1-over-21-over-x-+-lnx-+-1-over-21-over-x,problems.json,integral,problem,200,No,noindex,https://derivativecalculatorai.com/integral-of-1-over-21-over-x-+-lnx-+-1-over-21-over-x,Yes,Excluded,,,Yes,Partial,0,0,Unknown,,Not reviewed
https://derivativecalculatorai.com/integral-of-x--sqrtx-+-3tanx,integral-of-x--sqrtx-+-3tanx,problems.json,integral,problem,200,Yes,index,https://derivativecalculatorai.com/integral-of-x--sqrtx-+-3tanx,Yes,Excluded,,,Yes,Partial,0,0,Unknown,,Not reviewed
https://derivativecalculatorai.com/integral-of--x2-+-ex--1-over-x2,integral-of--x2-+-ex--1-over-x2,problems.json,integral,problem,200,Yes,index,https://derivativecalculatorai.com/integral-of--x2-+-ex--1-over-x2,Yes,Excluded,,,Yes,Partial,0,0,Unknown,,Not reviewed
https://derivativecalculatorai.com/integral-of-1-over-21-over-sqrt1-x2-+-2cosx-+-2sqrtx,integral-of-1-over-21-over-sqrt1-x2-+-2cosx-+-2sqrtx,problems.json,integral,problem,200,No,noindex,https://derivativecalculatorai.com/integral-of-1-over-21-over-sqrt1-x2-+-2cosx-+-2sqrtx,Yes,Excluded,,,Yes,Partial,0,0,Unknown,,Not reviewed
https://derivativecalculatorai.com/integral-of-1-over-2sqrtx-+-3sqrtx-+-4sqrtx,integral-of-1-over-2sqrtx-+-3sqrtx-+-4sqrtx,problems.json,integral,problem,200,Yes,index,https://derivativecalculatorai.com/integral-of-1-over-2sqrtx-+-3sqrtx-+-4sqrtx,Yes,Excluded,,,Yes,Partial,0,0,Unknown,,Not reviewed
https://derivativecalculatorai.com/integral-of-secx2-+-51-over-sqrt1-x2-+-4x3,integral-of-secx2-+-51-over-sqrt1-x2-+-4x3,problems.json,integral,problem,200,Yes,index,https://derivativecalculatorai.com/integral-of-secx2-+-51-over-sqrt1-x2-+-4x3,Yes,Excluded,,,Yes,Partial,0,0,Unknown,,Not reviewed
https://derivativecalculatorai.com/integral-of-4x2-+-x3-+-5ex,integral-of-4x2-+-x3-+-5ex,problems.json,integral,problem,200,Yes,index,https://derivativecalculatorai.com/integral-of-4x2-+-x3-+-5ex,Yes,Excluded,,,Yes,Partial,0,0,Unknown,,Not reviewed
https://derivativecalculatorai.com/integral-of--sqrtx-+-51-over-sqrt1-x2--x3,integral-of--sqrtx-+-51-over-sqrt1-x2--x3,problems.json,integral,problem,200,Yes,index,https://derivativecalculatorai.com/integral-of--sqrtx-+-51-over-sqrt1-x2--x3,Yes,Excluded,,,Yes,Partial,0,0,Unknown,,Not reviewed
https://derivativecalculatorai.com/integral-of-1-over-2sqrtx-+-1-over-2cosx,integral-of-1-over-2sqrtx-+-1-over-2cosx,problems.json,integral,problem,200,Yes,index,https://derivativecalculatorai.com/integral-of-1-over-2sqrtx-+-1-over-2cosx,Yes,Excluded,,,Yes,Partial,0,0,Unknown,,Not reviewed
https://derivativecalculatorai.com/integral-of-41-over-1+x2-+-3x,integral-of-41-over-1+x2-+-3x,problems.json,integral,problem,200,Yes,index,https://derivativecalculatorai.com/integral-of-41-over-1+x2-+-3x,Yes,Excluded,,,Yes,Partial,0,0,Unknown,,Not reviewed
https://derivativecalculatorai.com/integral-of-51-over-x-+-4secx2,integral-of-51-over-x-+-4secx2,problems.json,integral,problem,200,Yes,index,https://derivativecalculatorai.com/integral-of-51-over-x-+-4secx2,Yes,Excluded,,,Yes,Partial,0,0,Unknown,,Not reviewed
https://derivativecalculatorai.com/integral-of-x--sinx,integral-of-x--sinx,problems.json,integral,problem,200,Yes,index,https://derivativecalculatorai.com/integral-of-x--sinx,Yes,Excluded,,,Yes,Partial,0,0,Unknown,,Not reviewed
https://derivativecalculatorai.com/integral-of-21-over-sqrt1-x2-+-2cosx,integral-of-21-over-sqrt1-x2-+-2cosx,problems.json,integral,problem,200,Yes,index,https://derivativecalculatorai.com/integral-of-21-over-sqrt1-x2-+-2cosx,Yes,Excluded,,,Yes,Partial,0,0,Unknown,,Not reviewed
https://derivativecalculatorai.com/integral-of--1-over-sqrt1-x2-+-4lnx-+-3sinx,integral-of--1-over-sqrt1-x2-+-4lnx-+-3sinx,problems.json,integral,problem,200,Yes,index,https://derivativecalculatorai.com/integral-of--1-over-sqrt1-x2-+-4lnx-+-3sinx,Yes,Excluded,,,Yes,Partial,0,0,Unknown,,Not reviewed
https://derivativecalculatorai.com/integral-of-1-over-2secx2-+-41-over-x2-+-1-over-1+x2,integral-of-1-over-2secx2-+-41-over-x2-+-1-over-1+x2,problems.json,integral,problem,200,No,noindex,https://derivativecalculatorai.com/integral-of-1-over-2secx2-+-41-over-x2-+-1-over-1+x2,Yes,Excluded,,,Yes,Partial,0,0,Unknown,,Not reviewed
https://derivativecalculatorai.com/integral-of--secx2-+-41-over-1+x2,integral-of--secx2-+-41-over-1+x2,problems.json,integral,problem,200,Yes,index,https://derivativecalculatorai.com/integral-of--secx2-+-41-over-1+x2,Yes,Excluded,,,Yes,Partial,0,0,Unknown,,Not reviewed
https://derivativecalculatorai.com/integral-of--sqrtx--1-over-x2-+-x2,integral-of--sqrtx--1-over-x2-+-x2,problems.json,integral,problem,200,Yes,index,https://derivativecalculatorai.com/integral-of--sqrtx--1-over-x2-+-x2,Yes,Excluded,,,Yes,Partial,0,0,Unknown,,Not reviewed
https://derivativecalculatorai.com/integral-of-21-over-1+x2--x4,integral-of-21-over-1+x2--x4,problems.json,integral,problem,200,Yes,index,https://derivativecalculatorai.com/integral-of-21-over-1+x2--x4,Yes,Excluded,,,Yes,Partial,0,0,Unknown,,Not reviewed
https://derivativecalculatorai.com/integral-of-1-over-x2-+-ex,integral-of-1-over-x2-+-ex,problems.json,integral,problem,200,Yes,index,https://derivativecalculatorai.com/integral-of-1-over-x2-+-ex,Yes,Excluded,,,Yes,Partial,0,0,Unknown,,Not reviewed
https://derivativecalculatorai.com/integral-of--x-+-1-over-sqrt1-x2,integral-of--x-+-1-over-sqrt1-x2,problems.json,integral,problem,200,Yes,index,https://derivativecalculatorai.com/integral-of--x-+-1-over-sqrt1-x2,Yes,Excluded,,,Yes,Partial,0,0,Unknown,,Not reviewed
https://derivativecalculatorai.com/integral-of-4x2-+-3x4,integral-of-4x2-+-3x4,problems.json,integral,problem,200,Yes,index,https://derivativecalculatorai.com/integral-of-4x2-+-3x4,Yes,Excluded,,,Yes,Partial,0,0,Unknown,,Not reviewed
https://derivativecalculatorai.com/integral-of-5tanx-+-4secx2,integral-of-5tanx-+-4secx2,problems.json,integral,problem,200,Yes,index,https://derivativecalculatorai.com/integral-of-5tanx-+-4secx2,Yes,Excluded,,,Yes,Partial,0,0,Unknown,,Not reviewed
https://derivativecalculatorai.com/integral-of-5sinx-+-3x-+-1-over-21-over-1+x2,integral-of-5sinx-+-3x-+-1-over-21-over-1+x2,problems.json,integral,problem,200,Yes,index,https://derivativecalculatorai.com/integral-of-5sinx-+-3x-+-1-over-21-over-1+x2,Yes,Excluded,,,Yes,Partial,0,0,Unknown,,Not reviewed
https://derivativecalculatorai.com/integral-of-3x4-+-sqrtx,integral-of-3x4-+-sqrtx,problems.json,integral,problem,200,Yes,index,https://derivativecalculatorai.com/integral-of-3x4-+-sqrtx,Yes,Excluded,,,Yes,Partial,0,0,Unknown,,Not reviewed
https://derivativecalculatorai.com/integral-of-2ex-+-1-over-x-+-1-over-21-over-sqrt1-x2,integral-of-2ex-+-1-over-x-+-1-over-21-over-sqrt1-x2,problems.json,integral,problem,200,No,noindex,https://derivativecalculatorai.com/integral-of-2ex-+-1-over-x-+-1-over-21-over-sqrt1-x2,Yes,Excluded,,,Yes,Partial,0,0,Unknown,,Not reviewed
https://derivativecalculatorai.com/integral-of-4secx2-+-2x4,integral-of-4secx2-+-2x4,problems.json,integral,problem,200,Yes,index,https://derivativecalculatorai.com/integral-of-4secx2-+-2x4,Yes,Excluded,,,Yes,Partial,0,0,Unknown,,Not reviewed
https://derivativecalculatorai.com/integral-of-4ex-+-4tanx,integral-of-4ex-+-4tanx,problems.json,integral,problem,200,Yes,index,https://derivativecalculatorai.com/integral-of-4ex-+-4tanx,Yes,Excluded,,,Yes,Partial,0,0,Unknown,,Not reviewed
https://derivativecalculatorai.com/integral-of-1-over-2x-+-x2,integral-of-1-over-2x-+-x2,problems.json,integral,problem,200,Yes,index,https://derivativecalculatorai.com/integral-of-1-over-2x-+-x2,Yes,Excluded,,,Yes,Partial,0,0,Unknown,,Not reviewed
https://derivativecalculatorai.com/integral-of-2sqrtx-+-4cosx-+-tanx,integral-of-2sqrtx-+-4cosx-+-tanx,problems.json,integral,problem,200,Yes,index,https://derivativecalculatorai.com/integral-of-2sqrtx-+-4cosx-+-tanx,Yes,Excluded,,,Yes,Partial,0,0,Unknown,,Not reviewed
https://derivativecalculatorai.com/integral-of-3x3-+-sinx-+-4sinx,integral-of-3x3-+-sinx-+-4sinx,problems.json,integral,problem,200,Yes,index,https://derivativecalculatorai.com/integral-of-3x3-+-sinx-+-4sinx,Yes,Excluded,,,Yes,Partial,0,0,Unknown,,Not reviewed
https://derivativecalculatorai.com/integral-of-1-over-2x3-+-21-over-sqrt1-x2-+-31-over-1+x2,integral-of-1-over-2x3-+-21-over-sqrt1-x2-+-31-over-1+x2,problems.json,integral,problem,200,No,noindex,https://derivativecalculatorai.com/integral-of-1-over-2x3-+-21-over-sqrt1-x2-+-31-over-1+x2,Yes,Excluded,,,Yes,Partial,0,0,Unknown,,Not reviewed
https://derivativecalculatorai.com/integral-of--ex-+-4sqrtx-+-1-over-2secx2,integral-of--ex-+-4sqrtx-+-1-over-2secx2,problems.json,integral,problem,200,Yes,index,https://derivativecalculatorai.com/integral-of--ex-+-4sqrtx-+-1-over-2secx2,Yes,Excluded,,,Yes,Partial,0,0,Unknown,,Not reviewed
https://derivativecalculatorai.com/integral-of-4sinx-+-3cosx,integral-of-4sinx-+-3cosx,problems.json,integral,problem,200,Yes,index,https://derivativecalculatorai.com/integral-of-4sinx-+-3cosx,Yes,Excluded,,,Yes,Partial,0,0,Unknown,,Not reviewed
https://derivativecalculatorai.com/integral-of-51-over-x2-+-41-over-x2-+-4ex,integral-of-51-over-x2-+-41-over-x2-+-4ex,problems.json,integral,problem,200,Yes,index,https://derivativecalculatorai.com/integral-of-51-over-x2-+-41-over-x2-+-4ex,Yes,Excluded,,,Yes,Partial,0,0,Unknown,,Not reviewed
https://derivativecalculatorai.com/integral-of-sqrtx-+-1-over-x,integral-of-sqrtx-+-1-over-x,problems.json,integral,problem,200,Yes,index,https://derivativecalculatorai.com/integral-of-sqrtx-+-1-over-x,Yes,Excluded,,,Yes,Partial,0,0,Unknown,,Not reviewed
https://derivativecalculatorai.com/integral-of-41-over-x--x2-+-51-over-x2,integral-of-41-over-x--x2-+-51-over-x2,problems.json,integral,problem,200,Yes,index,https://derivativecalculatorai.com/integral-of-41-over-x--x2-+-51-over-x2,Yes,Excluded,,,Yes,Partial,0,0,Unknown,,Not reviewed
https://derivativecalculatorai.com/integral-of-3x3,integral-of-3x3,problems.json,integral,problem,200,No,noindex,https://derivativecalculatorai.com/integral-of-3x3,Yes,Excluded,,,Yes,Partial,0,0,Unknown,,Not reviewed
https://derivativecalculatorai.com/integral-of-21-over-x2-+-31-over-x-+-41-over-x2,integral-of-21-over-x2-+-31-over-x-+-41-over-x2,problems.json,integral,problem,200,Yes,index,https://derivativecalculatorai.com/integral-of-21-over-x2-+-31-over-x-+-41-over-x2,Yes,Excluded,,,Yes,Partial,0,0,Unknown,,Not reviewed
https://derivativecalculatorai.com/integral-of--lnx--cosx,integral-of--lnx--cosx,problems.json,integral,problem,200,Yes,index,https://derivativecalculatorai.com/integral-of--lnx--cosx,Yes,Excluded,,,Yes,Partial,0,0,Unknown,,Not reviewed
https://derivativecalculatorai.com/integral-of-41-over-x--x,integral-of-41-over-x--x,problems.json,integral,problem,200,Yes,index,https://derivativecalculatorai.com/integral-of-41-over-x--x,Yes,Excluded,,,Yes,Partial,0,0,Unknown,,Not reviewed
https://derivativecalculatorai.com/integral-of--1-over-x-+-3lnx,integral-of--1-over-x-+-3lnx,problems.json,integral,problem,200,Yes,index,https://derivativecalculatorai.com/integral-of--1-over-x-+-3lnx,Yes,Excluded,,,Yes,Partial,0,0,Unknown,,Not reviewed
https://derivativecalculatorai.com/integral-of-1-over-2x2-+-1-over-x2,integral-of-1-over-2x2-+-1-over-x2,problems.json,integral,problem,200,Yes,index,https://derivativecalculatorai.com/integral-of-1-over-2x2-+-1-over-x2,Yes,Excluded,,,Yes,Partial,0,0,Unknown,,Not reviewed
https://derivativecalculatorai.com/integral-of-2x3-+-cosx-+-4secx2,integral-of-2x3-+-cosx-+-4secx2,problems.json,integral,problem,200,Yes,index,https://derivativecalculatorai.com/integral-of-2x3-+-cosx-+-4secx2,Yes,Excluded,,,Yes,Partial,0,0,Unknown,,Not reviewed
https://derivativecalculatorai.com/integral-of-1-over-2cosx-+-5x3-+-tanx,integral-of-1-over-2cosx-+-5x3-+-tanx,problems.json,integral,problem,200,Yes,index,https://derivativecalculatorai.com/integral-of-1-over-2cosx-+-5x3-+-tanx,Yes,Excluded,,,Yes,Partial,0,0,Unknown,,Not reviewed
https://derivativecalculatorai.com/integral-of--sinx-+-x,integral-of--sinx-+-x,problems.json,integral,problem,200,Yes,index,https://derivativecalculatorai.com/integral-of--sinx-+-x,Yes,Excluded,,,Yes,Partial,0,0,Unknown,,Not reviewed
https://derivativecalculatorai.com/integral-of-2x3-+-41-over-1+x2-+-41-over-sqrt1-x2,integral-of-2x3-+-41-over-1+x2-+-41-over-sqrt1-x2,problems.json,integral,problem,200,Yes,index,https://derivativecalculatorai.com/integral-of-2x3-+-41-over-1+x2-+-41-over-sqrt1-x2,Yes,Excluded,,,Yes,Partial,0,0,Unknown,,Not reviewed
https://derivativecalculatorai.com/integral-of-5x2-+-x4-+-3x2,integral-of-5x2-+-x4-+-3x2,problems.json,integral,problem,200,Yes,index,https://derivativecalculatorai.com/integral-of-5x2-+-x4-+-3x2,Yes,Excluded,,,Yes,Partial,0,0,Unknown,,Not reviewed
https://derivativecalculatorai.com/integral-of-3x3-+-5x4,integral-of-3x3-+-5x4,problems.json,integral,problem,200,Yes,index,https://derivativecalculatorai.com/integral-of-3x3-+-5x4,Yes,Excluded,,,Yes,Partial,0,0,Unknown,,Not reviewed
https://derivativecalculatorai.com/integral-of-4x-+-5x3-+-x3,integral-of-4x-+-5x3-+-x3,problems.json,integral,problem,200,Yes,index,https://derivativecalculatorai.com/integral-of-4x-+-5x3-+-x3,Yes,Excluded,,,Yes,Partial,0,0,Unknown,,Not reviewed
https://derivativecalculatorai.com/integral-of-3tanx-+-5x3-+-4cosx,integral-of-3tanx-+-5x3-+-4cosx,problems.json,integral,problem,200,Yes,index,https://derivativecalculatorai.com/integral-of-3tanx-+-5x3-+-4cosx,Yes,Excluded,,,Yes,Partial,0,0,Unknown,,Not reviewed
https://derivativecalculatorai.com/integral-of-4cosx-+-tanx-+-5tanx,integral-of-4cosx-+-tanx-+-5tanx,problems.json,integral,problem,200,Yes,index,https://derivativecalculatorai.com/integral-of-4cosx-+-tanx-+-5tanx,Yes,Excluded,,,Yes,Partial,0,0,Unknown,,Not reviewed
https://derivativecalculatorai.com/integral-of-4ex-+-4secx2-+-sinx,integral-of-4ex-+-4secx2-+-sinx,problems.json,integral,problem,200,Yes,index,https://derivativecalculatorai.com/integral-of-4ex-+-4secx2-+-sinx,Yes,Excluded,,,Yes,Partial,0,0,Unknown,,Not reviewed
https://derivativecalculatorai.com/integral-of-1-over-21-over-x-+-3sinx-+-4x4,integral-of-1-over-21-over-x-+-3sinx-+-4x4,problems.json,integral,problem,200,Yes,index,https://derivativecalculatorai.com/integral-of-1-over-21-over-x-+-3sinx-+-4x4,Yes,Excluded,,,Yes,Partial,0,0,Unknown,,Not reviewed
https://derivativecalculatorai.com/integral-of-2lnx-+-4tanx,integral-of-2lnx-+-4tanx,problems.json,integral,problem,200,Yes,index,https://derivativecalculatorai.com/integral-of-2lnx-+-4tanx,Yes,Excluded,,,Yes,Partial,0,0,Unknown,,Not reviewed
https://derivativecalculatorai.com/integral-of-41-over-1+x2-+-5tanx-+-5lnx,integral-of-41-over-1+x2-+-5tanx-+-5lnx,problems.json,integral,problem,200,Yes,index,https://derivativecalculatorai.com/integral-of-41-over-1+x2-+-5tanx-+-5lnx,Yes,Excluded,,,Yes,Partial,0,0,Unknown,,Not reviewed
https://derivativecalculatorai.com/integral-of-51-over-sqrt1-x2-+-4sqrtx,integral-of-51-over-sqrt1-x2-+-4sqrtx,problems.json,integral,problem,200,Yes,index,https://derivativecalculatorai.com/integral-of-51-over-sqrt1-x2-+-4sqrtx,Yes,Excluded,,,Yes,Partial,0,0,Unknown,,Not reviewed
https://derivativecalculatorai.com/integral-of-5x4-+-3secx2,integral-of-5x4-+-3secx2,problems.json,integral,problem,200,Yes,index,https://derivativecalculatorai.com/integral-of-5x4-+-3secx2,Yes,Excluded,,,Yes,Partial,0,0,Unknown,,Not reviewed
https://derivativecalculatorai.com/integral-of--ex-+-lnx,integral-of--ex-+-lnx,problems.json,integral,problem,200,Yes,index,https://derivativecalculatorai.com/integral-of--ex-+-lnx,Yes,Excluded,,,Yes,Partial,0,0,Unknown,,Not reviewed
https://derivativecalculatorai.com/integral-of-3cosx-+-1-over-2tanx,integral-of-3cosx-+-1-over-2tanx,problems.json,integral,problem,200,Yes,index,https://derivativecalculatorai.com/integral-of-3cosx-+-1-over-2tanx,Yes,Excluded,,,Yes,Partial,0,0,Unknown,,Not reviewed
https://derivativecalculatorai.com/integral-of-2cosx-+-51-over-sqrt1-x2,integral-of-2cosx-+-51-over-sqrt1-x2,problems.json,integral,problem,200,Yes,index,https://derivativecalculatorai.com/integral-of-2cosx-+-51-over-sqrt1-x2,Yes,Excluded,,,Yes,Partial,0,0,Unknown,,Not reviewed
https://derivativecalculatorai.com/integral-of-5ex-+-1-over-2secx2,integral-of-5ex-+-1-over-2secx2,problems.json,integral,problem,200,Yes,index,https://derivativecalculatorai.com/integral-of-5ex-+-1-over-2secx2,Yes,Excluded,,,Yes,Partial,0,0,Unknown,,Not reviewed
https://derivativecalculatorai.com/integral-of-2x3-+-5x2,integral-of-2x3-+-5x2,problems.json,integral,problem,200,Yes,index,https://derivativecalculatorai.com/integral-of-2x3-+-5x2,Yes,Excluded,,,Yes,Partial,0,0,Unknown,,Not reviewed
https://derivativecalculatorai.com/integral-of--1-over-1+x2-+-41-over-x,integral-of--1-over-1+x2-+-41-over-x,problems.json,integral,problem,200,Yes,index,https://derivativecalculatorai.com/integral-of--1-over-1+x2-+-41-over-x,Yes,Excluded,,,Yes,Partial,0,0,Unknown,,Not reviewed
https://derivativecalculatorai.com/integral-of-4cosx-+-2x4,integral-of-4cosx-+-2x4,problems.json,integral,problem,200,Yes,index,https://derivativecalculatorai.com/integral-of-4cosx-+-2x4,Yes,Excluded,,,Yes,Partial,0,0,Unknown,,Not reviewed
https://derivativecalculatorai.com/integral-of--1-over-1+x2-+-41-over-x2-+-4x,integral-of--1-over-1+x2-+-41-over-x2-+-4x,problems.json,integral,problem,200,Yes,index,https://derivativecalculatorai.com/integral-of--1-over-1+x2-+-41-over-x2-+-4x,Yes,Excluded,,,Yes,Partial,0,0,Unknown,,Not reviewed
https://derivativecalculatorai.com/integral-of-1-over-2cosx-+-31-over-sqrt1-x2,integral-of-1-over-2cosx-+-31-over-sqrt1-x2,problems.json,integral,problem,200,Yes,index,https://derivativecalculatorai.com/integral-of-1-over-2cosx-+-31-over-sqrt1-x2,Yes,Excluded,,,Yes,Partial,0,0,Unknown,,Not reviewed
https://derivativecalculatorai.com/integral-of-5x4-+-5secx2-+-3sinx,integral-of-5x4-+-5secx2-+-3sinx,problems.json,integral,problem,200,Yes,index,https://derivativecalculatorai.com/integral-of-5x4-+-5secx2-+-3sinx,Yes,Excluded,,,Yes,Partial,0,0,Unknown,,Not reviewed
https://derivativecalculatorai.com/integral-of-5x--sqrtx,integral-of-5x--sqrtx,problems.json,integral,problem,200,Yes,index,https://derivativecalculatorai.com/integral-of-5x--sqrtx,Yes,Excluded,,,Yes,Partial,0,0,Unknown,,Not reviewed
https://derivativecalculatorai.com/integral-of-1-over-2sqrtx-+-1-over-2sinx,integral-of-1-over-2sqrtx-+-1-over-2sinx,problems.json,integral,problem,200,Yes,index,https://derivativecalculatorai.com/integral-of-1-over-2sqrtx-+-1-over-2sinx,Yes,Excluded,,,Yes,Partial,0,0,Unknown,,Not reviewed
https://derivativecalculatorai.com/integral-of-5sinx-+-x-+-1-over-2ex,integral-of-5sinx-+-x-+-1-over-2ex,problems.json,integral,problem,200,Yes,index,https://derivativecalculatorai.com/integral-of-5sinx-+-x-+-1-over-2ex,Yes,Excluded,,,Yes,Partial,0,0,Unknown,,Not reviewed
https://derivativecalculatorai.com/integral-of-21-over-x-+-31-over-x2,integral-of-21-over-x-+-31-over-x2,problems.json,integral,problem,200,Yes,index,https://derivativecalculatorai.com/integral-of-21-over-x-+-31-over-x2,Yes,Excluded,,,Yes,Partial,0,0,Unknown,,Not reviewed
https://derivativecalculatorai.com/integral-of-2tanx-+-3sinx-+-21-over-sqrt1-x2,integral-of-2tanx-+-3sinx-+-21-over-sqrt1-x2,problems.json,integral,problem,200,Yes,index,https://derivativecalculatorai.com/integral-of-2tanx-+-3sinx-+-21-over-sqrt1-x2,Yes,Excluded,,,Yes,Partial,0,0,Unknown,,Not reviewed
https://derivativecalculatorai.com/integral-of-41-over-x2-+-5x2,integral-of-41-over-x2-+-5x2,problems.json,integral,problem,200,Yes,index,https://derivativecalculatorai.com/integral-of-41-over-x2-+-5x2,Yes,Excluded,,,Yes,Partial,0,0,Unknown,,Not reviewed
https://derivativecalculatorai.com/integral-of-21-over-x-+-1-over-2x-+-sinx,integral-of-21-over-x-+-1-over-2x-+-sinx,problems.json,integral,problem,200,Yes,index,https://derivativecalculatorai.com/integral-of-21-over-x-+-1-over-2x-+-sinx,Yes,Excluded,,,Yes,Partial,0,0,Unknown,,Not reviewed
https://derivativecalculatorai.com/integral-of-3x--secx2-+-5x,integral-of-3x--secx2-+-5x,problems.json,integral,problem,200,Yes,index,https://derivativecalculatorai.com/integral-of-3x--secx2-+-5x,Yes,Excluded,,,Yes,Partial,0,0,Unknown,,Not reviewed
https://derivativecalculatorai.com/integral-of-3sinx-+-2x2,integral-of-3sinx-+-2x2,problems.json,integral,problem,200,Yes,index,https://derivativecalculatorai.com/integral-of-3sinx-+-2x2,Yes,Excluded,,,Yes,Partial,0,0,Unknown,,Not reviewed
https://derivativecalculatorai.com/integral-of-1-over-21-over-1+x2-+-4ex,integral-of-1-over-21-over-1+x2-+-4ex,problems.json,integral,problem,200,Yes,index,https://derivativecalculatorai.com/integral-of-1-over-21-over-1+x2-+-4ex,Yes,Excluded,,,Yes,Partial,0,0,Unknown,,Not reviewed
https://derivativecalculatorai.com/integral-of-21-over-x2-+-tanx-+-31-over-x2,integral-of-21-over-x2-+-tanx-+-31-over-x2,problems.json,integral,problem,200,Yes,index,https://derivativecalculatorai.com/integral-of-21-over-x2-+-tanx-+-31-over-x2,Yes,Excluded,,,Yes,Partial,0,0,Unknown,,Not reviewed
https://derivativecalculatorai.com/integral-of-1-over-21-over-x-+-51-over-1+x2,integral-of-1-over-21-over-x-+-51-over-1+x2,problems.json,integral,problem,200,Yes,index,https://derivativecalculatorai.com/integral-of-1-over-21-over-x-+-51-over-1+x2,Yes,Excluded,,,Yes,Partial,0,0,Unknown,,Not reviewed
https://derivativecalculatorai.com/integral-of--1-over-x-+-21-over-x2,integral-of--1-over-x-+-21-over-x2,problems.json,integral,problem,200,Yes,index,https://derivativecalculatorai.com/integral-of--1-over-x-+-21-over-x2,Yes,Excluded,,,Yes,Partial,0,0,Unknown,,Not reviewed
https://derivativecalculatorai.com/integral-of-5x3-+-31-over-1+x2,integral-of-5x3-+-31-over-1+x2,problems.json,integral,problem,200,Yes,index,https://derivativecalculatorai.com/integral-of-5x3-+-31-over-1+x2,Yes,Excluded,,,Yes,Partial,0,0,Unknown,,Not reviewed
https://derivativecalculatorai.com/integral-of-3x-+-2cosx,integral-of-3x-+-2cosx,problems.json,integral,problem,200,Yes,index,https://derivativecalculatorai.com/integral-of-3x-+-2cosx,Yes,Excluded,,,Yes,Partial,0,0,Unknown,,Not reviewed
https://derivativecalculatorai.com/integral-of-21-over-x-+-21-over-sqrt1-x2,integral-of-21-over-x-+-21-over-sqrt1-x2,problems.json,integral,problem,200,Yes,index,https://derivativecalculatorai.com/integral-of-21-over-x-+-21-over-sqrt1-x2,Yes,Excluded,,,Yes,Partial,0,0,Unknown,,Not reviewed
https://derivativecalculatorai.com/integral-of-21-over-sqrt1-x2-+-1-over-2x3,integral-of-21-over-sqrt1-x2-+-1-over-2x3,problems.json,integral,problem,200,Yes,index,https://derivativecalculatorai.com/integral-of-21-over-sqrt1-x2-+-1-over-2x3,Yes,Excluded,,,Yes,Partial,0,0,Unknown,,Not reviewed
https://derivativecalculatorai.com/integral-of-lnx-+-1-over-2tanx--1-over-1+x2,integral-of-lnx-+-1-over-2tanx--1-over-1+x2,problems.json,integral,problem,200,Yes,index,https://derivativecalculatorai.com/integral-of-lnx-+-1-over-2tanx--1-over-1+x2,Yes,Excluded,,,Yes,Partial,0,0,Unknown,,Not reviewed
https://derivativecalculatorai.com/integral-of-5x4-+-3sinx,integral-of-5x4-+-3sinx,problems.json,integral,problem,200,Yes,index,https://derivativecalculatorai.com/integral-of-5x4-+-3sinx,Yes,Excluded,,,Yes,Partial,0,0,Unknown,,Not reviewed
https://derivativecalculatorai.com/integral-of-2x3-+-5x3-+-31-over-x2,integral-of-2x3-+-5x3-+-31-over-x2,problems.json,integral,problem,200,Yes,index,https://derivativecalculatorai.com/integral-of-2x3-+-5x3-+-31-over-x2,Yes,Excluded,,,Yes,Partial,0,0,Unknown,,Not reviewed
https://derivativecalculatorai.com/integral-of-x4-+-1-over-2secx2,integral-of-x4-+-1-over-2secx2,problems.json,integral,problem,200,Yes,index,https://derivativecalculatorai.com/integral-of-x4-+-1-over-2secx2,Yes,Excluded,,,Yes,Partial,0,0,Unknown,,Not reviewed
https://derivativecalculatorai.com/integral-of-41-over-1+x2-+-4x2-+-1-over-2sinx,integral-of-41-over-1+x2-+-4x2-+-1-over-2sinx,problems.json,integral,problem,200,Yes,index,https://derivativecalculatorai.com/integral-of-41-over-1+x2-+-4x2-+-1-over-2sinx,Yes,Excluded,,,Yes,Partial,0,0,Unknown,,Not reviewed
https://derivativecalculatorai.com/integral-of-1-over-21-over-1+x2-+-1-over-21-over-x2-+-5x4,integral-of-1-over-21-over-1+x2-+-1-over-21-over-x2-+-5x4,problems.json,integral,problem,200,No,noindex,https://derivativecalculatorai.com/integral-of-1-over-21-over-1+x2-+-1-over-21-over-x2-+-5x4,Yes,Excluded,,,Yes,Partial,0,0,Unknown,,Not reviewed
https://derivativecalculatorai.com/integral-of--1-over-x-+-41-over-1+x2,integral-of--1-over-x-+-41-over-1+x2,problems.json,integral,problem,200,Yes,index,https://derivativecalculatorai.com/integral-of--1-over-x-+-41-over-1+x2,Yes,Excluded,,,Yes,Partial,0,0,Unknown,,Not reviewed
https://derivativecalculatorai.com/integral-of-4tanx--x-+-cosx,integral-of-4tanx--x-+-cosx,problems.json,integral,problem,200,Yes,index,https://derivativecalculatorai.com/integral-of-4tanx--x-+-cosx,Yes,Excluded,,,Yes,Partial,0,0,Unknown,,Not reviewed
https://derivativecalculatorai.com/integral-of-21-over-x-+-3x,integral-of-21-over-x-+-3x,problems.json,integral,problem,200,Yes,index,https://derivativecalculatorai.com/integral-of-21-over-x-+-3x,Yes,Excluded,,,Yes,Partial,0,0,Unknown,,Not reviewed
https://derivativecalculatorai.com/integral-of-1-over-2sqrtx--sqrtx,integral-of-1-over-2sqrtx--sqrtx,problems.json,integral,problem,200,Yes,index,https://derivativecalculatorai.com/integral-of-1-over-2sqrtx--sqrtx,Yes,Excluded,,,Yes,Partial,0,0,Unknown,,Not reviewed
https://derivativecalculatorai.com/integral-of-cosx-+-1-over-21-over-1+x2,integral-of-cosx-+-1-over-21-over-1+x2,problems.json,integral,problem,200,Yes,index,https://derivativecalculatorai.com/integral-of-cosx-+-1-over-21-over-1+x2,Yes,Excluded,,,Yes,Partial,0,0,Unknown,,Not reviewed
https://derivativecalculatorai.com/integral-of-41-over-x2-+-2ex,integral-of-41-over-x2-+-2ex,problems.json,integral,problem,200,Yes,index,https://derivativecalculatorai.com/integral-of-41-over-x2-+-2ex,Yes,Excluded,,,Yes,Partial,0,0,Unknown,,Not reviewed
https://derivativecalculatorai.com/integral-of-4ex-+-3secx2-+-2cosx,integral-of-4ex-+-3secx2-+-2cosx,problems.json,integral,problem,200,Yes,index,https://derivativecalculatorai.com/integral-of-4ex-+-3secx2-+-2cosx,Yes,Excluded,,,Yes,Partial,0,0,Unknown,,Not reviewed
https://derivativecalculatorai.com/integral-of-5lnx-+-1-over-sqrt1-x2,integral-of-5lnx-+-1-over-sqrt1-x2,problems.json,integral,problem,200,Yes,index,https://derivativecalculatorai.com/integral-of-5lnx-+-1-over-sqrt1-x2,Yes,Excluded,,,Yes,Partial,0,0,Unknown,,Not reviewed
https://derivativecalculatorai.com/integral-of-2tanx-+-4x4,integral-of-2tanx-+-4x4,problems.json,integral,problem,200,Yes,index,https://derivativecalculatorai.com/integral-of-2tanx-+-4x4,Yes,Excluded,,,Yes,Partial,0,0,Unknown,,Not reviewed
https://derivativecalculatorai.com/integral-of--x4-+-2x3,integral-of--x4-+-2x3,problems.json,integral,problem,200,Yes,index,https://derivativecalculatorai.com/integral-of--x4-+-2x3,Yes,Excluded,,,Yes,Partial,0,0,Unknown,,Not reviewed
https://derivativecalculatorai.com/integral-of-lnx-+-5ex-+-x3,integral-of-lnx-+-5ex-+-x3,problems.json,integral,problem,200,Yes,index,https://derivativecalculatorai.com/integral-of-lnx-+-5ex-+-x3,Yes,Excluded,,,Yes,Partial,0,0,Unknown,,Not reviewed
https://derivativecalculatorai.com/integral-of-sinx-+-1-over-2x2,integral-of-sinx-+-1-over-2x2,problems.json,integral,problem,200,Yes,index,https://derivativecalculatorai.com/integral-of-sinx-+-1-over-2x2,Yes,Excluded,,,Yes,Partial,0,0,Unknown,,Not reviewed
https://derivativecalculatorai.com/integral-of-4x2-+-31-over-x,integral-of-4x2-+-31-over-x,problems.json,integral,problem,200,Yes,index,https://derivativecalculatorai.com/integral-of-4x2-+-31-over-x,Yes,Excluded,,,Yes,Partial,0,0,Unknown,,Not reviewed
https://derivativecalculatorai.com/integral-of-4x2-+-5secx2,integral-of-4x2-+-5secx2,problems.json,integral,problem,200,Yes,index,https://derivativecalculatorai.com/integral-of-4x2-+-5secx2,Yes,Excluded,,,Yes,Partial,0,0,Unknown,,Not reviewed
https://derivativecalculatorai.com/integral-of-21-over-1+x2-+-3tanx-+-sqrtx,integral-of-21-over-1+x2-+-3tanx-+-sqrtx,problems.json,integral,problem,200,Yes,index,https://derivativecalculatorai.com/integral-of-21-over-1+x2-+-3tanx-+-sqrtx,Yes,Excluded,,,Yes,Partial,0,0,Unknown,,Not reviewed
https://derivativecalculatorai.com/integral-of-31-over-x-+-2secx2-+-5tanx,integral-of-31-over-x-+-2secx2-+-5tanx,problems.json,integral,problem,200,Yes,index,https://derivativecalculatorai.com/integral-of-31-over-x-+-2secx2-+-5tanx,Yes,Excluded,,,Yes,Partial,0,0,Unknown,,Not reviewed
https://derivativecalculatorai.com/integral-of-21-over-x2-+-secx2,integral-of-21-over-x2-+-secx2,problems.json,integral,problem,200,Yes,index,https://derivativecalculatorai.com/integral-of-21-over-x2-+-secx2,Yes,Excluded,,,Yes,Partial,0,0,Unknown,,Not reviewed
https://derivativecalculatorai.com/integral-of-5x4-+-lnx,integral-of-5x4-+-lnx,problems.json,integral,problem,200,Yes,index,https://derivativecalculatorai.com/integral-of-5x4-+-lnx,Yes,Excluded,,,Yes,Partial,0,0,Unknown,,Not reviewed
https://derivativecalculatorai.com/integral-of-31-over-x-+-4sinx-+-4x4,integral-of-31-over-x-+-4sinx-+-4x4,problems.json,integral,problem,200,Yes,index,https://derivativecalculatorai.com/integral-of-31-over-x-+-4sinx-+-4x4,Yes,Excluded,,,Yes,Partial,0,0,Unknown,,Not reviewed
https://derivativecalculatorai.com/integral-of-2x4-+-2x4,integral-of-2x4-+-2x4,problems.json,integral,problem,200,Yes,index,https://derivativecalculatorai.com/integral-of-2x4-+-2x4,Yes,Excluded,,,Yes,Partial,0,0,Unknown,,Not reviewed
https://derivativecalculatorai.com/integral-of--ex-+-1-over-2x2,integral-of--ex-+-1-over-2x2,problems.json,integral,problem,200,Yes,index,https://derivativecalculatorai.com/integral-of--ex-+-1-over-2x2,Yes,Excluded,,,Yes,Partial,0,0,Unknown,,Not reviewed
https://derivativecalculatorai.com/integral-of-5x2-+-1-over-2ex,integral-of-5x2-+-1-over-2ex,problems.json,integral,problem,200,Yes,index,https://derivativecalculatorai.com/integral-of-5x2-+-1-over-2ex,Yes,Excluded,,,Yes,Partial,0,0,Unknown,,Not reviewed
https://derivativecalculatorai.com/integral-of-1-over-sqrt1-x2-+-2x3,integral-of-1-over-sqrt1-x2-+-2x3,problems.json,integral,problem,200,Yes,index,https://derivativecalculatorai.com/integral-of-1-over-sqrt1-x2-+-2x3,Yes,Excluded,,,Yes,Partial,0,0,Unknown,,Not reviewed
https://derivativecalculatorai.com/integral-of-51-over-x2-+-1-over-x2,integral-of-51-over-x2-+-1-over-x2,problems.json,integral,problem,200,Yes,index,https://derivativecalculatorai.com/integral-of-51-over-x2-+-1-over-x2,Yes,Excluded,,,Yes,Partial,0,0,Unknown,,Not reviewed
https://derivativecalculatorai.com/integral-of-4x4-+-2tanx--1-over-x2,integral-of-4x4-+-2tanx--1-over-x2,problems.json,integral,problem,200,Yes,index,https://derivativecalculatorai.com/integral-of-4x4-+-2tanx--1-over-x2,Yes,Excluded,,,Yes,Partial,0,0,Unknown,,Not reviewed
https://derivativecalculatorai.com/integral-of--cosx-+-x2-+-x,integral-of--cosx-+-x2-+-x,problems.json,integral,problem,200,Yes,index,https://derivativecalculatorai.com/integral-of--cosx-+-x2-+-x,Yes,Excluded,,,Yes,Partial,0,0,Unknown,,Not reviewed
https://derivativecalculatorai.com/integral-of-1-over-2sinx-+-41-over-1+x2--x4,integral-of-1-over-2sinx-+-41-over-1+x2--x4,problems.json,integral,problem,200,Yes,index,https://derivativecalculatorai.com/integral-of-1-over-2sinx-+-41-over-1+x2--x4,Yes,Excluded,,,Yes,Partial,0,0,Unknown,,Not reviewed
https://derivativecalculatorai.com/integral-of--cosx-+-4cosx--x,integral-of--cosx-+-4cosx--x,problems.json,integral,problem,200,Yes,index,https://derivativecalculatorai.com/integral-of--cosx-+-4cosx--x,Yes,Excluded,,,Yes,Partial,0,0,Unknown,,Not reviewed
https://derivativecalculatorai.com/integral-of-x4-+-1-over-x,integral-of-x4-+-1-over-x,problems.json,integral,problem,200,Yes,index,https://derivativecalculatorai.com/integral-of-x4-+-1-over-x,Yes,Excluded,,,Yes,Partial,0,0,Unknown,,Not reviewed
https://derivativecalculatorai.com/integral-of-4x-+-5cosx-+-51-over-1+x2,integral-of-4x-+-5cosx-+-51-over-1+x2,problems.json,integral,problem,200,Yes,index,https://derivativecalculatorai.com/integral-of-4x-+-5cosx-+-51-over-1+x2,Yes,Excluded,,,Yes,Partial,0,0,Unknown,,Not reviewed
https://derivativecalculatorai.com/integral-of-3lnx-+-2secx2,integral-of-3lnx-+-2secx2,problems.json,integral,problem,200,Yes,index,https://derivativecalculatorai.com/integral-of-3lnx-+-2secx2,Yes,Excluded,,,Yes,Partial,0,0,Unknown,,Not reviewed
https://derivativecalculatorai.com/integral-of-1-over-2x-+-4ex,integral-of-1-over-2x-+-4ex,problems.json,integral,problem,200,Yes,index,https://derivativecalculatorai.com/integral-of-1-over-2x-+-4ex,Yes,Excluded,,,Yes,Partial,0,0,Unknown,,Not reviewed
https://derivativecalculatorai.com/integral-of--tanx-+-lnx,integral-of--tanx-+-lnx,problems.json,integral,problem,200,Yes,index,https://derivativecalculatorai.com/integral-of--tanx-+-lnx,Yes,Excluded,,,Yes,Partial,0,0,Unknown,,Not reviewed
https://derivativecalculatorai.com/integral-of-5x4-+-51-over-x-+-tanx,integral-of-5x4-+-51-over-x-+-tanx,problems.json,integral,problem,200,Yes,index,https://derivativecalculatorai.com/integral-of-5x4-+-51-over-x-+-tanx,Yes,Excluded,,,Yes,Partial,0,0,Unknown,,Not reviewed
https://derivativecalculatorai.com/integral-of-4cosx-+-4cosx,integral-of-4cosx-+-4cosx,problems.json,integral,problem,200,Yes,index,https://derivativecalculatorai.com/integral-of-4cosx-+-4cosx,Yes,Excluded,,,Yes,Partial,0,0,Unknown,,Not reviewed
https://derivativecalculatorai.com/integral-of-2cosx-+-tanx,integral-of-2cosx-+-tanx,problems.json,integral,problem,200,Yes,index,https://derivativecalculatorai.com/integral-of-2cosx-+-tanx,Yes,Excluded,,,Yes,Partial,0,0,Unknown,,Not reviewed
https://derivativecalculatorai.com/integral-of-51-over-1+x2-+-5sinx,integral-of-51-over-1+x2-+-5sinx,problems.json,integral,problem,200,Yes,index,https://derivativecalculatorai.com/integral-of-51-over-1+x2-+-5sinx,Yes,Excluded,,,Yes,Partial,0,0,Unknown,,Not reviewed
https://derivativecalculatorai.com/integral-of-3lnx-+-sqrtx--1-over-x,integral-of-3lnx-+-sqrtx--1-over-x,problems.json,integral,problem,200,Yes,index,https://derivativecalculatorai.com/integral-of-3lnx-+-sqrtx--1-over-x,Yes,Excluded,,,Yes,Partial,0,0,Unknown,,Not reviewed
https://derivativecalculatorai.com/integral-of-51-over-x-+-41-over-x2,integral-of-51-over-x-+-41-over-x2,problems.json,integral,problem,200,Yes,index,https://derivativecalculatorai.com/integral-of-51-over-x-+-41-over-x2,Yes,Excluded,,,Yes,Partial,0,0,Unknown,,Not reviewed
https://derivativecalculatorai.com/integral-of-31-over-x--x,integral-of-31-over-x--x,problems.json,integral,problem,200,Yes,index,https://derivativecalculatorai.com/integral-of-31-over-x--x,Yes,Excluded,,,Yes,Partial,0,0,Unknown,,Not reviewed
https://derivativecalculatorai.com/integral-of-2sinx-+-1-over-2x3,integral-of-2sinx-+-1-over-2x3,problems.json,integral,problem,200,Yes,index,https://derivativecalculatorai.com/integral-of-2sinx-+-1-over-2x3,Yes,Excluded,,,Yes,Partial,0,0,Unknown,,Not reviewed
https://derivativecalculatorai.com/integral-of-5ex--lnx-+-5ex,integral-of-5ex--lnx-+-5ex,problems.json,integral,problem,200,Yes,index,https://derivativecalculatorai.com/integral-of-5ex--lnx-+-5ex,Yes,Excluded,,,Yes,Partial,0,0,Unknown,,Not reviewed
https://derivativecalculatorai.com/integral-of-4x2-+-3tanx-+-3lnx,integral-of-4x2-+-3tanx-+-3lnx,problems.json,integral,problem,200,Yes,index,https://derivativecalculatorai.com/integral-of-4x2-+-3tanx-+-3lnx,Yes,Excluded,,,Yes,Partial,0,0,Unknown,,Not reviewed
https://derivativecalculatorai.com/integral-of-4sqrtx-+-1-over-2lnx,integral-of-4sqrtx-+-1-over-2lnx,problems.json,integral,problem,200,Yes,index,https://derivativecalculatorai.com/integral-of-4sqrtx-+-1-over-2lnx,Yes,Excluded,,,Yes,Partial,0,0,Unknown,,Not reviewed
https://derivativecalculatorai.com/integral-of-1-over-21-over-sqrt1-x2-+-4x2--1-over-x2,integral-of-1-over-21-over-sqrt1-x2-+-4x2--1-over-x2,problems.json,integral,problem,200,No,noindex,https://derivativecalculatorai.com/integral-of-1-over-21-over-sqrt1-x2-+-4x2--1-over-x2,Yes,Excluded,,,Yes,Partial,0,0,Unknown,,Not reviewed
https://derivativecalculatorai.com/integral-of-1-over-sqrt1-x2-+-2x2,integral-of-1-over-sqrt1-x2-+-2x2,problems.json,integral,problem,200,Yes,index,https://derivativecalculatorai.com/integral-of-1-over-sqrt1-x2-+-2x2,Yes,Excluded,,,Yes,Partial,0,0,Unknown,,Not reviewed
https://derivativecalculatorai.com/integral-of-4secx2--1-over-sqrt1-x2,integral-of-4secx2--1-over-sqrt1-x2,problems.json,integral,problem,200,Yes,index,https://derivativecalculatorai.com/integral-of-4secx2--1-over-sqrt1-x2,Yes,Excluded,,,Yes,Partial,0,0,Unknown,,Not reviewed
https://derivativecalculatorai.com/integral-of-5cosx-+-2x4-+-5x4,integral-of-5cosx-+-2x4-+-5x4,problems.json,integral,problem,200,Yes,index,https://derivativecalculatorai.com/integral-of-5cosx-+-2x4-+-5x4,Yes,Excluded,,,Yes,Partial,0,0,Unknown,,Not reviewed
https://derivativecalculatorai.com/integral-of-2cosx-+-4x3-+-3tanx,integral-of-2cosx-+-4x3-+-3tanx,problems.json,integral,problem,200,Yes,index,https://derivativecalculatorai.com/integral-of-2cosx-+-4x3-+-3tanx,Yes,Excluded,,,Yes,Partial,0,0,Unknown,,Not reviewed
https://derivativecalculatorai.com/integral-of-51-over-x-+-4x2,integral-of-51-over-x-+-4x2,problems.json,integral,problem,200,Yes,index,https://derivativecalculatorai.com/integral-of-51-over-x-+-4x2,Yes,Excluded,,,Yes,Partial,0,0,Unknown,,Not reviewed
https://derivativecalculatorai.com/integral-of-4x3-+-4cosx,integral-of-4x3-+-4cosx,problems.json,integral,problem,200,Yes,index,https://derivativecalculatorai.com/integral-of-4x3-+-4cosx,Yes,Excluded,,,Yes,Partial,0,0,Unknown,,Not reviewed
https://derivativecalculatorai.com/integral-of-1-over-x-+-3x3-+-3sqrtx,integral-of-1-over-x-+-3x3-+-3sqrtx,problems.json,integral,problem,200,Yes,index,https://derivativecalculatorai.com/integral-of-1-over-x-+-3x3-+-3sqrtx,Yes,Excluded,,,Yes,Partial,0,0,Unknown,,Not reviewed
https://derivativecalculatorai.com/integral-of-4x4-+-21-over-1+x2--x2,integral-of-4x4-+-21-over-1+x2--x2,problems.json,integral,problem,200,Yes,index,https://derivativecalculatorai.com/integral-of-4x4-+-21-over-1+x2--x2,Yes,Excluded,,,Yes,Partial,0,0,Unknown,,Not reviewed
https://derivativecalculatorai.com/integral-of-21-over-1+x2-+-1-over-21-over-sqrt1-x2--x2,integral-of-21-over-1+x2-+-1-over-21-over-sqrt1-x2--x2,problems.json,integral,problem,200,No,noindex,https://derivativecalculatorai.com/integral-of-21-over-1+x2-+-1-over-21-over-sqrt1-x2--x2,Yes,Excluded,,,Yes,Partial,0,0,Unknown,,Not reviewed
https://derivativecalculatorai.com/integral-of-31-over-x2-+-1-over-21-over-sqrt1-x2,integral-of-31-over-x2-+-1-over-21-over-sqrt1-x2,problems.json,integral,problem,200,Yes,index,https://derivativecalculatorai.com/integral-of-31-over-x2-+-1-over-21-over-sqrt1-x2,Yes,Excluded,,,Yes,Partial,0,0,Unknown,,Not reviewed
https://derivativecalculatorai.com/integral-of-5x2-+-4secx2-+-21-over-sqrt1-x2,integral-of-5x2-+-4secx2-+-21-over-sqrt1-x2,problems.json,integral,problem,200,Yes,index,https://derivativecalculatorai.com/integral-of-5x2-+-4secx2-+-21-over-sqrt1-x2,Yes,Excluded,,,Yes,Partial,0,0,Unknown,,Not reviewed
https://derivativecalculatorai.com/integral-of--1-over-x--secx2-+-1-over-1+x2,integral-of--1-over-x--secx2-+-1-over-1+x2,problems.json,integral,problem,200,Yes,index,https://derivativecalculatorai.com/integral-of--1-over-x--secx2-+-1-over-1+x2,Yes,Excluded,,,Yes,Partial,0,0,Unknown,,Not reviewed
https://derivativecalculatorai.com/integral-of-5cosx--lnx,integral-of-5cosx--lnx,problems.json,integral,problem,200,Yes,index,https://derivativecalculatorai.com/integral-of-5cosx--lnx,Yes,Excluded,,,Yes,Partial,0,0,Unknown,,Not reviewed
https://derivativecalculatorai.com/integral-of-5lnx--x3,integral-of-5lnx--x3,problems.json,integral,problem,200,Yes,index,https://derivativecalculatorai.com/integral-of-5lnx--x3,Yes,Excluded,,,Yes,Partial,0,0,Unknown,,Not reviewed
https://derivativecalculatorai.com/integral-of-secx2-+-31-over-1+x2-+-31-over-1+x2,integral-of-secx2-+-31-over-1+x2-+-31-over-1+x2,problems.json,integral,problem,200,Yes,index,https://derivativecalculatorai.com/integral-of-secx2-+-31-over-1+x2-+-31-over-1+x2,Yes,Excluded,,,Yes,Partial,0,0,Unknown,,Not reviewed
https://derivativecalculatorai.com/integral-of--1-over-x-+-4ex,integral-of--1-over-x-+-4ex,problems.json,integral,problem,200,Yes,index,https://derivativecalculatorai.com/integral-of--1-over-x-+-4ex,Yes,Excluded,,,Yes,Partial,0,0,Unknown,,Not reviewed
https://derivativecalculatorai.com/integral-of-51-over-x-+-1-over-2lnx,integral-of-51-over-x-+-1-over-2lnx,problems.json,integral,problem,200,Yes,index,https://derivativecalculatorai.com/integral-of-51-over-x-+-1-over-2lnx,Yes,Excluded,,,Yes,Partial,0,0,Unknown,,Not reviewed
https://derivativecalculatorai.com/integral-of--x2-+-1-over-21-over-1+x2-+-1-over-2x3,integral-of--x2-+-1-over-21-over-1+x2-+-1-over-2x3,problems.json,integral,problem,200,Yes,index,https://derivativecalculatorai.com/integral-of--x2-+-1-over-21-over-1+x2-+-1-over-2x3,Yes,Excluded,,,Yes,Partial,0,0,Unknown,,Not reviewed
https://derivativecalculatorai.com/integral-of-x2--secx2,integral-of-x2--secx2,problems.json,integral,problem,200,Yes,index,https://derivativecalculatorai.com/integral-of-x2--secx2,Yes,Excluded,,,Yes,Partial,0,0,Unknown,,Not reviewed
https://derivativecalculatorai.com/integral-of-1-over-2x-+-1-over-x2,integral-of-1-over-2x-+-1-over-x2,problems.json,integral,problem,200,Yes,index,https://derivativecalculatorai.com/integral-of-1-over-2x-+-1-over-x2,Yes,Excluded,,,Yes,Partial,0,0,Unknown,,Not reviewed
https://derivativecalculatorai.com/integral-of-1-over-2lnx--tanx,integral-of-1-over-2lnx--tanx,problems.json,integral,problem,200,Yes,index,https://derivativecalculatorai.com/integral-of-1-over-2lnx--tanx,Yes,Excluded,,,Yes,Partial,0,0,Unknown,,Not reviewed
https://derivativecalculatorai.com/integral-of-5x3-+-5x-+-51-over-x2,integral-of-5x3-+-5x-+-51-over-x2,problems.json,integral,problem,200,Yes,index,https://derivativecalculatorai.com/integral-of-5x3-+-5x-+-51-over-x2,Yes,Excluded,,,Yes,Partial,0,0,Unknown,,Not reviewed
https://derivativecalculatorai.com/integral-of-31-over-1+x2-+-51-over-1+x2,integral-of-31-over-1+x2-+-51-over-1+x2,problems.json,integral,problem,200,Yes,index,https://derivativecalculatorai.com/integral-of-31-over-1+x2-+-51-over-1+x2,Yes,Excluded,,,Yes,Partial,0,0,Unknown,,Not reviewed
https://derivativecalculatorai.com/integral-of-5sqrtx--x-+-tanx,integral-of-5sqrtx--x-+-tanx,problems.json,integral,problem,200,Yes,index,https://derivativecalculatorai.com/integral-of-5sqrtx--x-+-tanx,Yes,Excluded,,,Yes,Partial,0,0,Unknown,,Not reviewed
https://derivativecalculatorai.com/integral-of-2x-+-4x,integral-of-2x-+-4x,problems.json,integral,problem,200,Yes,index,https://derivativecalculatorai.com/integral-of-2x-+-4x,Yes,Excluded,,,Yes,Partial,0,0,Unknown,,Not reviewed
https://derivativecalculatorai.com/integral-of-1-over-2sqrtx-+-1-over-2x3-+-2lnx,integral-of-1-over-2sqrtx-+-1-over-2x3-+-2lnx,problems.json,integral,problem,200,Yes,index,https://derivativecalculatorai.com/integral-of-1-over-2sqrtx-+-1-over-2x3-+-2lnx,Yes,Excluded,,,Yes,Partial,0,0,Unknown,,Not reviewed
https://derivativecalculatorai.com/integral-of-1-over-2cosx-+-4secx2,integral-of-1-over-2cosx-+-4secx2,problems.json,integral,problem,200,Yes,index,https://derivativecalculatorai.com/integral-of-1-over-2cosx-+-4secx2,Yes,Excluded,,,Yes,Partial,0,0,Unknown,,Not reviewed
https://derivativecalculatorai.com/integral-of-2x3-+-1-over-1+x2,integral-of-2x3-+-1-over-1+x2,problems.json,integral,problem,200,Yes,index,https://derivativecalculatorai.com/integral-of-2x3-+-1-over-1+x2,Yes,Excluded,,,Yes,Partial,0,0,Unknown,,Not reviewed
https://derivativecalculatorai.com/integral-of-1-over-2x3-+-5ex,integral-of-1-over-2x3-+-5ex,problems.json,integral,problem,200,Yes,index,https://derivativecalculatorai.com/integral-of-1-over-2x3-+-5ex,Yes,Excluded,,,Yes,Partial,0,0,Unknown,,Not reviewed
https://derivativecalculatorai.com/integral-of--1-over-x2-+-41-over-sqrt1-x2-+-2x3,integral-of--1-over-x2-+-41-over-sqrt1-x2-+-2x3,problems.json,integral,problem,200,Yes,index,https://derivativecalculatorai.com/integral-of--1-over-x2-+-41-over-sqrt1-x2-+-2x3,Yes,Excluded,,,Yes,Partial,0,0,Unknown,,Not reviewed
https://derivativecalculatorai.com/integral-of-5x4-+-3tanx,integral-of-5x4-+-3tanx,problems.json,integral,problem,200,Yes,index,https://derivativecalculatorai.com/integral-of-5x4-+-3tanx,Yes,Excluded,,,Yes,Partial,0,0,Unknown,,Not reviewed
https://derivativecalculatorai.com/integral-of-3x3-+-4sinx,integral-of-3x3-+-4sinx,problems.json,integral,problem,200,Yes,index,https://derivativecalculatorai.com/integral-of-3x3-+-4sinx,Yes,Excluded,,,Yes,Partial,0,0,Unknown,,Not reviewed
https://derivativecalculatorai.com/integral-of-3x4--x3,integral-of-3x4--x3,problems.json,integral,problem,200,Yes,index,https://derivativecalculatorai.com/integral-of-3x4--x3,Yes,Excluded,,,Yes,Partial,0,0,Unknown,,Not reviewed
https://derivativecalculatorai.com/integral-of-1-over-2ex-+-1-over-2x-+-31-over-1+x2,integral-of-1-over-2ex-+-1-over-2x-+-31-over-1+x2,problems.json,integral,problem,200,Yes,index,https://derivativecalculatorai.com/integral-of-1-over-2ex-+-1-over-2x-+-31-over-1+x2,Yes,Excluded,,,Yes,Partial,0,0,Unknown,,Not reviewed
https://derivativecalculatorai.com/integral-of--1-over-1+x2-+-21-over-x2,integral-of--1-over-1+x2-+-21-over-x2,problems.json,integral,problem,200,Yes,index,https://derivativecalculatorai.com/integral-of--1-over-1+x2-+-21-over-x2,Yes,Excluded,,,Yes,Partial,0,0,Unknown,,Not reviewed
https://derivativecalculatorai.com/integral-of-1-over-2ex-+-x4-+-3ex,integral-of-1-over-2ex-+-x4-+-3ex,problems.json,integral,problem,200,Yes,index,https://derivativecalculatorai.com/integral-of-1-over-2ex-+-x4-+-3ex,Yes,Excluded,,,Yes,Partial,0,0,Unknown,,Not reviewed
https://derivativecalculatorai.com/integral-of-2x3-+-4ex,integral-of-2x3-+-4ex,problems.json,integral,problem,200,Yes,index,https://derivativecalculatorai.com/integral-of-2x3-+-4ex,Yes,Excluded,,,Yes,Partial,0,0,Unknown,,Not reviewed
https://derivativecalculatorai.com/integral-of-5cosx-+-x-+-1-over-21-over-sqrt1-x2,integral-of-5cosx-+-x-+-1-over-21-over-sqrt1-x2,problems.json,integral,problem,200,Yes,index,https://derivativecalculatorai.com/integral-of-5cosx-+-x-+-1-over-21-over-sqrt1-x2,Yes,Excluded,,,Yes,Partial,0,0,Unknown,,Not reviewed
https://derivativecalculatorai.com/integral-of-1-over-2sinx-+-1-over-21-over-sqrt1-x2,integral-of-1-over-2sinx-+-1-over-21-over-sqrt1-x2,problems.json,integral,problem,200,Yes,index,https://derivativecalculatorai.com/integral-of-1-over-2sinx-+-1-over-21-over-sqrt1-x2,Yes,Excluded,,,Yes,Partial,0,0,Unknown,,Not reviewed
https://derivativecalculatorai.com/integral-of--lnx-+-1-over-2x4,integral-of--lnx-+-1-over-2x4,problems.json,integral,problem,200,Yes,index,https://derivativecalculatorai.com/integral-of--lnx-+-1-over-2x4,Yes,Excluded,,,Yes,Partial,0,0,Unknown,,Not reviewed
https://derivativecalculatorai.com/integral-of-1-over-2tanx-+-21-over-x2-+-sinx,integral-of-1-over-2tanx-+-21-over-x2-+-sinx,problems.json,integral,problem,200,Yes,index,https://derivativecalculatorai.com/integral-of-1-over-2tanx-+-21-over-x2-+-sinx,Yes,Excluded,,,Yes,Partial,0,0,Unknown,,Not reviewed
https://derivativecalculatorai.com/integral-of-1-over-2x-+-1-over-2sqrtx,integral-of-1-over-2x-+-1-over-2sqrtx,problems.json,integral,problem,200,Yes,index,https://derivativecalculatorai.com/integral-of-1-over-2x-+-1-over-2sqrtx,Yes,Excluded,,,Yes,Partial,0,0,Unknown,,Not reviewed
https://derivativecalculatorai.com/integral-of-5x-+-1-over-2tanx,integral-of-5x-+-1-over-2tanx,problems.json,integral,problem,200,Yes,index,https://derivativecalculatorai.com/integral-of-5x-+-1-over-2tanx,Yes,Excluded,,,Yes,Partial,0,0,Unknown,,Not reviewed
https://derivativecalculatorai.com/integral-of-3x3--x,integral-of-3x3--x,problems.json,integral,problem,200,Yes,index,https://derivativecalculatorai.com/integral-of-3x3--x,Yes,Excluded,,,Yes,Partial,0,0,Unknown,,Not reviewed
https://derivativecalculatorai.com/integral-of-5x4-+-5x,integral-of-5x4-+-5x,problems.json,integral,problem,200,Yes,index,https://derivativecalculatorai.com/integral-of-5x4-+-5x,Yes,Excluded,,,Yes,Partial,0,0,Unknown,,Not reviewed
https://derivativecalculatorai.com/integral-of-2lnx-+-51-over-sqrt1-x2,integral-of-2lnx-+-51-over-sqrt1-x2,problems.json,integral,problem,200,Yes,index,https://derivativecalculatorai.com/integral-of-2lnx-+-51-over-sqrt1-x2,Yes,Excluded,,,Yes,Partial,0,0,Unknown,,Not reviewed
https://derivativecalculatorai.com/integral-of--1-over-sqrt1-x2-+-1-over-21-over-x2,integral-of--1-over-sqrt1-x2-+-1-over-21-over-x2,problems.json,integral,problem,200,Yes,index,https://derivativecalculatorai.com/integral-of--1-over-sqrt1-x2-+-1-over-21-over-x2,Yes,Excluded,,,Yes,Partial,0,0,Unknown,,Not reviewed
https://derivativecalculatorai.com/integral-of-1-over-2ex-+-4x2,integral-of-1-over-2ex-+-4x2,problems.json,integral,problem,200,Yes,index,https://derivativecalculatorai.com/integral-of-1-over-2ex-+-4x2,Yes,Excluded,,,Yes,Partial,0,0,Unknown,,Not reviewed
https://derivativecalculatorai.com/integral-of-3sqrtx-+-5lnx,integral-of-3sqrtx-+-5lnx,problems.json,integral,problem,200,Yes,index,https://derivativecalculatorai.com/integral-of-3sqrtx-+-5lnx,Yes,Excluded,,,Yes,Partial,0,0,Unknown,,Not reviewed
https://derivativecalculatorai.com/integral-of-21-over-1+x2-+-4x4-+-sqrtx,integral-of-21-over-1+x2-+-4x4-+-sqrtx,problems.json,integral,problem,200,Yes,index,https://derivativecalculatorai.com/integral-of-21-over-1+x2-+-4x4-+-sqrtx,Yes,Excluded,,,Yes,Partial,0,0,Unknown,,Not reviewed
https://derivativecalculatorai.com/integral-of-41-over-x2-+-4x,integral-of-41-over-x2-+-4x,problems.json,integral,problem,200,Yes,index,https://derivativecalculatorai.com/integral-of-41-over-x2-+-4x,Yes,Excluded,,,Yes,Partial,0,0,Unknown,,Not reviewed
https://derivativecalculatorai.com/integral-of-1-over-x-+-cosx-+-3secx2,integral-of-1-over-x-+-cosx-+-3secx2,problems.json,integral,problem,200,Yes,index,https://derivativecalculatorai.com/integral-of-1-over-x-+-cosx-+-3secx2,Yes,Excluded,,,Yes,Partial,0,0,Unknown,,Not reviewed
https://derivativecalculatorai.com/integral-of--1-over-x--x4-+-2secx2,integral-of--1-over-x--x4-+-2secx2,problems.json,integral,problem,200,Yes,index,https://derivativecalculatorai.com/integral-of--1-over-x--x4-+-2secx2,Yes,Excluded,,,Yes,Partial,0,0,Unknown,,Not reviewed
https://derivativecalculatorai.com/integral-of-4cosx-+-2cosx-+-5tanx,integral-of-4cosx-+-2cosx-+-5tanx,problems.json,integral,problem,200,Yes,index,https://derivativecalculatorai.com/integral-of-4cosx-+-2cosx-+-5tanx,Yes,Excluded,,,Yes,Partial,0,0,Unknown,,Not reviewed
https://derivativecalculatorai.com/integral-of-cosx-+-3sinx,integral-of-cosx-+-3sinx,problems.json,integral,problem,200,Yes,index,https://derivativecalculatorai.com/integral-of-cosx-+-3sinx,Yes,Excluded,,,Yes,Partial,0,0,Unknown,,Not reviewed
https://derivativecalculatorai.com/integral-of-3ex-+-x--secx2,integral-of-3ex-+-x--secx2,problems.json,integral,problem,200,Yes,index,https://derivativecalculatorai.com/integral-of-3ex-+-x--secx2,Yes,Excluded,,,Yes,Partial,0,0,Unknown,,Not reviewed
https://derivativecalculatorai.com/integral-of-31-over-1+x2-+-tanx,integral-of-31-over-1+x2-+-tanx,problems.json,integral,problem,200,Yes,index,https://derivativecalculatorai.com/integral-of-31-over-1+x2-+-tanx,Yes,Excluded,,,Yes,Partial,0,0,Unknown,,Not reviewed
https://derivativecalculatorai.com/integral-of--x--x2-+-4tanx,integral-of--x--x2-+-4tanx,problems.json,integral,problem,200,Yes,index,https://derivativecalculatorai.com/integral-of--x--x2-+-4tanx,Yes,Excluded,,,Yes,Partial,0,0,Unknown,,Not reviewed
https://derivativecalculatorai.com/integral-of--x3-+-41-over-1+x2,integral-of--x3-+-41-over-1+x2,problems.json,integral,problem,200,Yes,index,https://derivativecalculatorai.com/integral-of--x3-+-41-over-1+x2,Yes,Excluded,,,Yes,Partial,0,0,Unknown,,Not reviewed
https://derivativecalculatorai.com/integral-of-1-over-x-+-1-over-2x-+-41-over-x2,integral-of-1-over-x-+-1-over-2x-+-41-over-x2,problems.json,integral,problem,200,Yes,index,https://derivativecalculatorai.com/integral-of-1-over-x-+-1-over-2x-+-41-over-x2,Yes,Excluded,,,Yes,Partial,0,0,Unknown,,Not reviewed
https://derivativecalculatorai.com/integral-of-4sinx-+-1-over-2secx2,integral-of-4sinx-+-1-over-2secx2,problems.json,integral,problem,200,Yes,index,https://derivativecalculatorai.com/integral-of-4sinx-+-1-over-2secx2,Yes,Excluded,,,Yes,Partial,0,0,Unknown,,Not reviewed
https://derivativecalculatorai.com/integral-of-1-over-2cosx-+-ex,integral-of-1-over-2cosx-+-ex,problems.json,integral,problem,200,Yes,index,https://derivativecalculatorai.com/integral-of-1-over-2cosx-+-ex,Yes,Excluded,,,Yes,Partial,0,0,Unknown,,Not reviewed
https://derivativecalculatorai.com/integral-of-2sqrtx-+-1-over-2x2,integral-of-2sqrtx-+-1-over-2x2,problems.json,integral,problem,200,Yes,index,https://derivativecalculatorai.com/integral-of-2sqrtx-+-1-over-2x2,Yes,Excluded,,,Yes,Partial,0,0,Unknown,,Not reviewed
https://derivativecalculatorai.com/integral-of--1-over-1+x2-+-4x,integral-of--1-over-1+x2-+-4x,problems.json,integral,problem,200,Yes,index,https://derivativecalculatorai.com/integral-of--1-over-1+x2-+-4x,Yes,Excluded,,,Yes,Partial,0,0,Unknown,,Not reviewed
https://derivativecalculatorai.com/integral-of-1-over-x2--sqrtx--x,integral-of-1-over-x2--sqrtx--x,problems.json,integral,problem,200,Yes,index,https://derivativecalculatorai.com/integral-of-1-over-x2--sqrtx--x,Yes,Excluded,,,Yes,Partial,0,0,Unknown,,Not reviewed
https://derivativecalculatorai.com/integral-of-3x-+-2lnx-+-41-over-x,integral-of-3x-+-2lnx-+-41-over-x,problems.json,integral,problem,200,Yes,index,https://derivativecalculatorai.com/integral-of-3x-+-2lnx-+-41-over-x,Yes,Excluded,,,Yes,Partial,0,0,Unknown,,Not reviewed
https://derivativecalculatorai.com/integral-of-2x2--secx2,integral-of-2x2--secx2,problems.json,integral,problem,200,Yes,index,https://derivativecalculatorai.com/integral-of-2x2--secx2,Yes,Excluded,,,Yes,Partial,0,0,Unknown,,Not reviewed
https://derivativecalculatorai.com/integral-of-4x2--lnx,integral-of-4x2--lnx,problems.json,integral,problem,200,Yes,index,https://derivativecalculatorai.com/integral-of-4x2--lnx,Yes,Excluded,,,Yes,Partial,0,0,Unknown,,Not reviewed
https://derivativecalculatorai.com/integral-of-2x4-+-1-over-21-over-x,integral-of-2x4-+-1-over-21-over-x,problems.json,integral,problem,200,Yes,index,https://derivativecalculatorai.com/integral-of-2x4-+-1-over-21-over-x,Yes,Excluded,,,Yes,Partial,0,0,Unknown,,Not reviewed
https://derivativecalculatorai.com/integral-of-5x3-+-5lnx,integral-of-5x3-+-5lnx,problems.json,integral,problem,200,Yes,index,https://derivativecalculatorai.com/integral-of-5x3-+-5lnx,Yes,Excluded,,,Yes,Partial,0,0,Unknown,,Not reviewed
https://derivativecalculatorai.com/integral-of-1-over-2ex-+-5ex,integral-of-1-over-2ex-+-5ex,problems.json,integral,problem,200,Yes,index,https://derivativecalculatorai.com/integral-of-1-over-2ex-+-5ex,Yes,Excluded,,,Yes,Partial,0,0,Unknown,,Not reviewed
https://derivativecalculatorai.com/integral-of-5x4-+-3x3-+-3lnx,integral-of-5x4-+-3x3-+-3lnx,problems.json,integral,problem,200,Yes,index,https://derivativecalculatorai.com/integral-of-5x4-+-3x3-+-3lnx,Yes,Excluded,,,Yes,Partial,0,0,Unknown,,Not reviewed
https://derivativecalculatorai.com/integral-of-31-over-x-+-1-over-2sinx,integral-of-31-over-x-+-1-over-2sinx,problems.json,integral,problem,200,Yes,index,https://derivativecalculatorai.com/integral-of-31-over-x-+-1-over-2sinx,Yes,Excluded,,,Yes,Partial,0,0,Unknown,,Not reviewed
https://derivativecalculatorai.com/integral-of-5sqrtx-+-3x-+-21-over-x2,integral-of-5sqrtx-+-3x-+-21-over-x2,problems.json,integral,problem,200,Yes,index,https://derivativecalculatorai.com/integral-of-5sqrtx-+-3x-+-21-over-x2,Yes,Excluded,,,Yes,Partial,0,0,Unknown,,Not reviewed
https://derivativecalculatorai.com/integral-of-1-over-x-+-3x4,integral-of-1-over-x-+-3x4,problems.json,integral,problem,200,Yes,index,https://derivativecalculatorai.com/integral-of-1-over-x-+-3x4,Yes,Excluded,,,Yes,Partial,0,0,Unknown,,Not reviewed
https://derivativecalculatorai.com/integral-of-5cosx-+-2x3,integral-of-5cosx-+-2x3,problems.json,integral,problem,200,Yes,index,https://derivativecalculatorai.com/integral-of-5cosx-+-2x3,Yes,Excluded,,,Yes,Partial,0,0,Unknown,,Not reviewed
https://derivativecalculatorai.com/integral-of-5sinx-+-5cosx-+-1-over-2ex,integral-of-5sinx-+-5cosx-+-1-over-2ex,problems.json,integral,problem,200,Yes,index,https://derivativecalculatorai.com/integral-of-5sinx-+-5cosx-+-1-over-2ex,Yes,Excluded,,,Yes,Partial,0,0,Unknown,,Not reviewed
https://derivativecalculatorai.com/integral-of-3cosx-+-41-over-1+x2-+-5x4,integral-of-3cosx-+-41-over-1+x2-+-5x4,problems.json,integral,problem,200,Yes,index,https://derivativecalculatorai.com/integral-of-3cosx-+-41-over-1+x2-+-5x4,Yes,Excluded,,,Yes,Partial,0,0,Unknown,,Not reviewed
https://derivativecalculatorai.com/integral-of-5tanx-+-4sqrtx,integral-of-5tanx-+-4sqrtx,problems.json,integral,problem,200,Yes,index,https://derivativecalculatorai.com/integral-of-5tanx-+-4sqrtx,Yes,Excluded,,,Yes,Partial,0,0,Unknown,,Not reviewed
https://derivativecalculatorai.com/integral-of-1-over-sqrt1-x2-+-1-over-x,integral-of-1-over-sqrt1-x2-+-1-over-x,problems.json,integral,problem,200,Yes,index,https://derivativecalculatorai.com/integral-of-1-over-sqrt1-x2-+-1-over-x,Yes,Excluded,,,Yes,Partial,0,0,Unknown,,Not reviewed
https://derivativecalculatorai.com/integral-of-x-+-2tanx,integral-of-x-+-2tanx,problems.json,integral,problem,200,Yes,index,https://derivativecalculatorai.com/integral-of-x-+-2tanx,Yes,Excluded,,,Yes,Partial,0,0,Unknown,,Not reviewed
https://derivativecalculatorai.com/integral-of-5secx2-+-2lnx-+-3secx2,integral-of-5secx2-+-2lnx-+-3secx2,problems.json,integral,problem,200,Yes,index,https://derivativecalculatorai.com/integral-of-5secx2-+-2lnx-+-3secx2,Yes,Excluded,,,Yes,Partial,0,0,Unknown,,Not reviewed
https://derivativecalculatorai.com/integral-of--ex-+-1-over-21-over-x-+-1-over-2sinx,integral-of--ex-+-1-over-21-over-x-+-1-over-2sinx,problems.json,integral,problem,200,Yes,index,https://derivativecalculatorai.com/integral-of--ex-+-1-over-21-over-x-+-1-over-2sinx,Yes,Excluded,,,Yes,Partial,0,0,Unknown,,Not reviewed
https://derivativecalculatorai.com/integral-of-cosx-+-41-over-x-+-3x3,integral-of-cosx-+-41-over-x-+-3x3,problems.json,integral,problem,200,Yes,index,https://derivativecalculatorai.com/integral-of-cosx-+-41-over-x-+-3x3,Yes,Excluded,,,Yes,Partial,0,0,Unknown,,Not reviewed
https://derivativecalculatorai.com/integral-of-41-over-1+x2-+-5cosx,integral-of-41-over-1+x2-+-5cosx,problems.json,integral,problem,200,Yes,index,https://derivativecalculatorai.com/integral-of-41-over-1+x2-+-5cosx,Yes,Excluded,,,Yes,Partial,0,0,Unknown,,Not reviewed
https://derivativecalculatorai.com/integral-of-51-over-x-+-1-over-1+x2,integral-of-51-over-x-+-1-over-1+x2,problems.json,integral,problem,200,Yes,index,https://derivativecalculatorai.com/integral-of-51-over-x-+-1-over-1+x2,Yes,Excluded,,,Yes,Partial,0,0,Unknown,,Not reviewed
https://derivativecalculatorai.com/integral-of-5x2--cosx-+-1-over-2x,integral-of-5x2--cosx-+-1-over-2x,problems.json,integral,problem,200,Yes,index,https://derivativecalculatorai.com/integral-of-5x2--cosx-+-1-over-2x,Yes,Excluded,,,Yes,Partial,0,0,Unknown,,Not reviewed
https://derivativecalculatorai.com/integral-of-1-over-2tanx-+-1-over-2cosx,integral-of-1-over-2tanx-+-1-over-2cosx,problems.json,integral,problem,200,Yes,index,https://derivativecalculatorai.com/integral-of-1-over-2tanx-+-1-over-2cosx,Yes,Excluded,,,Yes,Partial,0,0,Unknown,,Not reviewed
https://derivativecalculatorai.com/integral-of-ex-+-51-over-sqrt1-x2,integral-of-ex-+-51-over-sqrt1-x2,problems.json,integral,problem,200,Yes,index,https://derivativecalculatorai.com/integral-of-ex-+-51-over-sqrt1-x2,Yes,Excluded,,,Yes,Partial,0,0,Unknown,,Not reviewed
https://derivativecalculatorai.com/integral-of--tanx--sqrtx,integral-of--tanx--sqrtx,problems.json,integral,problem,200,Yes,index,https://derivativecalculatorai.com/integral-of--tanx--sqrtx,Yes,Excluded,,,Yes,Partial,0,0,Unknown,,Not reviewed
https://derivativecalculatorai.com/integral-of-3sinx-+-41-over-1+x2,integral-of-3sinx-+-41-over-1+x2,problems.json,integral,problem,200,Yes,index,https://derivativecalculatorai.com/integral-of-3sinx-+-41-over-1+x2,Yes,Excluded,,,Yes,Partial,0,0,Unknown,,Not reviewed
https://derivativecalculatorai.com/integral-of-5cosx-+-3secx2,integral-of-5cosx-+-3secx2,problems.json,integral,problem,200,Yes,index,https://derivativecalculatorai.com/integral-of-5cosx-+-3secx2,Yes,Excluded,,,Yes,Partial,0,0,Unknown,,Not reviewed
https://derivativecalculatorai.com/integral-of--secx2-+-x4-+-2ex,integral-of--secx2-+-x4-+-2ex,problems.json,integral,problem,200,Yes,index,https://derivativecalculatorai.com/integral-of--secx2-+-x4-+-2ex,Yes,Excluded,,,Yes,Partial,0,0,Unknown,,Not reviewed
https://derivativecalculatorai.com/integral-of--sinx-+-2x,integral-of--sinx-+-2x,problems.json,integral,problem,200,Yes,index,https://derivativecalculatorai.com/integral-of--sinx-+-2x,Yes,Excluded,,,Yes,Partial,0,0,Unknown,,Not reviewed
https://derivativecalculatorai.com/integral-of-2x4--1-over-1+x2--tanx,integral-of-2x4--1-over-1+x2--tanx,problems.json,integral,problem,200,Yes,index,https://derivativecalculatorai.com/integral-of-2x4--1-over-1+x2--tanx,Yes,Excluded,,,Yes,Partial,0,0,Unknown,,Not reviewed
https://derivativecalculatorai.com/integral-of-1-over-21-over-1+x2-+-5lnx,integral-of-1-over-21-over-1+x2-+-5lnx,problems.json,integral,problem,200,Yes,index,https://derivativecalculatorai.com/integral-of-1-over-21-over-1+x2-+-5lnx,Yes,Excluded,,,Yes,Partial,0,0,Unknown,,Not reviewed
https://derivativecalculatorai.com/integral-of--1-over-x--ex,integral-of--1-over-x--ex,problems.json,integral,problem,200,Yes,index,https://derivativecalculatorai.com/integral-of--1-over-x--ex,Yes,Excluded,,,Yes,Partial,0,0,Unknown,,Not reviewed
https://derivativecalculatorai.com/integral-of-1-over-2cosx-+-3x3-+-1-over-2sinx,integral-of-1-over-2cosx-+-3x3-+-1-over-2sinx,problems.json,integral,problem,200,Yes,index,https://derivativecalculatorai.com/integral-of-1-over-2cosx-+-3x3-+-1-over-2sinx,Yes,Excluded,,,Yes,Partial,0,0,Unknown,,Not reviewed
https://derivativecalculatorai.com/integral-of-1-over-21-over-sqrt1-x2-+-21-over-x,integral-of-1-over-21-over-sqrt1-x2-+-21-over-x,problems.json,integral,problem,200,Yes,index,https://derivativecalculatorai.com/integral-of-1-over-21-over-sqrt1-x2-+-21-over-x,Yes,Excluded,,,Yes,Partial,0,0,Unknown,,Not reviewed
https://derivativecalculatorai.com/integral-of-5sinx-+-x3-+-4lnx,integral-of-5sinx-+-x3-+-4lnx,problems.json,integral,problem,200,Yes,index,https://derivativecalculatorai.com/integral-of-5sinx-+-x3-+-4lnx,Yes,Excluded,,,Yes,Partial,0,0,Unknown,,Not reviewed
https://derivativecalculatorai.com/integral-of-3sinx--tanx-+-lnx,integral-of-3sinx--tanx-+-lnx,problems.json,integral,problem,200,Yes,index,https://derivativecalculatorai.com/integral-of-3sinx--tanx-+-lnx,Yes,Excluded,,,Yes,Partial,0,0,Unknown,,Not reviewed
https://derivativecalculatorai.com/integral-of-ex-+-5x2,integral-of-ex-+-5x2,problems.json,integral,problem,200,Yes,index,https://derivativecalculatorai.com/integral-of-ex-+-5x2,Yes,Excluded,,,Yes,Partial,0,0,Unknown,,Not reviewed
https://derivativecalculatorai.com/integral-of--ex-+-1-over-2x3,integral-of--ex-+-1-over-2x3,problems.json,integral,problem,200,Yes,index,https://derivativecalculatorai.com/integral-of--ex-+-1-over-2x3,Yes,Excluded,,,Yes,Partial,0,0,Unknown,,Not reviewed
https://derivativecalculatorai.com/integral-of-5x4-+-5tanx-+-4cosx,integral-of-5x4-+-5tanx-+-4cosx,problems.json,integral,problem,200,Yes,index,https://derivativecalculatorai.com/integral-of-5x4-+-5tanx-+-4cosx,Yes,Excluded,,,Yes,Partial,0,0,Unknown,,Not reviewed
https://derivativecalculatorai.com/integral-of-4x2-+-5x,integral-of-4x2-+-5x,problems.json,integral,problem,200,Yes,index,https://derivativecalculatorai.com/integral-of-4x2-+-5x,Yes,Excluded,,,Yes,Partial,0,0,Unknown,,Not reviewed
https://derivativecalculatorai.com/integral-of--1-over-x2-+-1-over-2tanx,integral-of--1-over-x2-+-1-over-2tanx,problems.json,integral,problem,200,Yes,index,https://derivativecalculatorai.com/integral-of--1-over-x2-+-1-over-2tanx,Yes,Excluded,,,Yes,Partial,0,0,Unknown,,Not reviewed
https://derivativecalculatorai.com/integral-of-1-over-21-over-x-+-4x3,integral-of-1-over-21-over-x-+-4x3,problems.json,integral,problem,200,Yes,index,https://derivativecalculatorai.com/integral-of-1-over-21-over-x-+-4x3,Yes,Excluded,,,Yes,Partial,0,0,Unknown,,Not reviewed
https://derivativecalculatorai.com/integral-of-x-+-5secx2-+-31-over-x2,integral-of-x-+-5secx2-+-31-over-x2,problems.json,integral,problem,200,Yes,index,https://derivativecalculatorai.com/integral-of-x-+-5secx2-+-31-over-x2,Yes,Excluded,,,Yes,Partial,0,0,Unknown,,Not reviewed
https://derivativecalculatorai.com/integral-of-x3-+-1-over-2secx2,integral-of-x3-+-1-over-2secx2,problems.json,integral,problem,200,Yes,index,https://derivativecalculatorai.com/integral-of-x3-+-1-over-2secx2,Yes,Excluded,,,Yes,Partial,0,0,Unknown,,Not reviewed
https://derivativecalculatorai.com/integral-of-41-over-x2-+-3secx2-+-2tanx,integral-of-41-over-x2-+-3secx2-+-2tanx,problems.json,integral,problem,200,Yes,index,https://derivativecalculatorai.com/integral-of-41-over-x2-+-3secx2-+-2tanx,Yes,Excluded,,,Yes,Partial,0,0,Unknown,,Not reviewed
https://derivativecalculatorai.com/integral-of--x4--x3,integral-of--x4--x3,problems.json,integral,problem,200,Yes,index,https://derivativecalculatorai.com/integral-of--x4--x3,Yes,Excluded,,,Yes,Partial,0,0,Unknown,,Not reviewed
https://derivativecalculatorai.com/integral-of--x3-+-2x,integral-of--x3-+-2x,problems.json,integral,problem,200,Yes,index,https://derivativecalculatorai.com/integral-of--x3-+-2x,Yes,Excluded,,,Yes,Partial,0,0,Unknown,,Not reviewed
https://derivativecalculatorai.com/integral-of-2sqrtx-+-1-over-21-over-1+x2,integral-of-2sqrtx-+-1-over-21-over-1+x2,problems.json,integral,problem,200,Yes,index,https://derivativecalculatorai.com/integral-of-2sqrtx-+-1-over-21-over-1+x2,Yes,Excluded,,,Yes,Partial,0,0,Unknown,,Not reviewed
https://derivativecalculatorai.com/integral-of-2tanx-+-31-over-x2,integral-of-2tanx-+-31-over-x2,problems.json,integral,problem,200,Yes,index,https://derivativecalculatorai.com/integral-of-2tanx-+-31-over-x2,Yes,Excluded,,,Yes,Partial,0,0,Unknown,,Not reviewed
https://derivativecalculatorai.com/integral-of-1-over-1+x2-+-2x4,integral-of-1-over-1+x2-+-2x4,problems.json,integral,problem,200,Yes,index,https://derivativecalculatorai.com/integral-of-1-over-1+x2-+-2x4,Yes,Excluded,,,Yes,Partial,0,0,Unknown,,Not reviewed
https://derivativecalculatorai.com/integral-of-4x4-+-51-over-1+x2,integral-of-4x4-+-51-over-1+x2,problems.json,integral,problem,200,Yes,index,https://derivativecalculatorai.com/integral-of-4x4-+-51-over-1+x2,Yes,Excluded,,,Yes,Partial,0,0,Unknown,,Not reviewed
https://derivativecalculatorai.com/integral-of-3x4-+-4x2,integral-of-3x4-+-4x2,problems.json,integral,problem,200,Yes,index,https://derivativecalculatorai.com/integral-of-3x4-+-4x2,Yes,Excluded,,,Yes,Partial,0,0,Unknown,,Not reviewed
https://derivativecalculatorai.com/integral-of-3sqrtx-+-2cosx,integral-of-3sqrtx-+-2cosx,problems.json,integral,problem,200,Yes,index,https://derivativecalculatorai.com/integral-of-3sqrtx-+-2cosx,Yes,Excluded,,,Yes,Partial,0,0,Unknown,,Not reviewed
https://derivativecalculatorai.com/integral-of-1-over-2tanx-+-1-over-2x-+-31-over-x2,integral-of-1-over-2tanx-+-1-over-2x-+-31-over-x2,problems.json,integral,problem,200,Yes,index,https://derivativecalculatorai.com/integral-of-1-over-2tanx-+-1-over-2x-+-31-over-x2,Yes,Excluded,,,Yes,Partial,0,0,Unknown,,Not reviewed
https://derivativecalculatorai.com/integral-of-2x3-+-5sqrtx,integral-of-2x3-+-5sqrtx,problems.json,integral,problem,200,Yes,index,https://derivativecalculatorai.com/integral-of-2x3-+-5sqrtx,Yes,Excluded,,,Yes,Partial,0,0,Unknown,,Not reviewed
https://derivativecalculatorai.com/integral-of-4x4-+-4x,integral-of-4x4-+-4x,problems.json,integral,problem,200,Yes,index,https://derivativecalculatorai.com/integral-of-4x4-+-4x,Yes,Excluded,,,Yes,Partial,0,0,Unknown,,Not reviewed
https://derivativecalculatorai.com/integral-of--lnx-+-3x2-+-x2,integral-of--lnx-+-3x2-+-x2,problems.json,integral,problem,200,Yes,index,https://derivativecalculatorai.com/integral-of--lnx-+-3x2-+-x2,Yes,Excluded,,,Yes,Partial,0,0,Unknown,,Not reviewed
https://derivativecalculatorai.com/integral-of-2sinx-+-1-over-2ex,integral-of-2sinx-+-1-over-2ex,problems.json,integral,problem,200,Yes,index,https://derivativecalculatorai.com/integral-of-2sinx-+-1-over-2ex,Yes,Excluded,,,Yes,Partial,0,0,Unknown,,Not reviewed
https://derivativecalculatorai.com/integral-of-51-over-x2-+-5x3--sinx,integral-of-51-over-x2-+-5x3--sinx,problems.json,integral,problem,200,Yes,index,https://derivativecalculatorai.com/integral-of-51-over-x2-+-5x3--sinx,Yes,Excluded,,,Yes,Partial,0,0,Unknown,,Not reviewed
https://derivativecalculatorai.com/integral-of-3x2-+-51-over-x,integral-of-3x2-+-51-over-x,problems.json,integral,problem,200,Yes,index,https://derivativecalculatorai.com/integral-of-3x2-+-51-over-x,Yes,Excluded,,,Yes,Partial,0,0,Unknown,,Not reviewed
https://derivativecalculatorai.com/integral-of-lnx--cosx,integral-of-lnx--cosx,problems.json,integral,problem,200,Yes,index,https://derivativecalculatorai.com/integral-of-lnx--cosx,Yes,Excluded,,,Yes,Partial,0,0,Unknown,,Not reviewed
https://derivativecalculatorai.com/integral-of-2lnx-+-5ex,integral-of-2lnx-+-5ex,problems.json,integral,problem,200,Yes,index,https://derivativecalculatorai.com/integral-of-2lnx-+-5ex,Yes,Excluded,,,Yes,Partial,0,0,Unknown,,Not reviewed
https://derivativecalculatorai.com/integral-of-21-over-x2--sqrtx,integral-of-21-over-x2--sqrtx,problems.json,integral,problem,200,Yes,index,https://derivativecalculatorai.com/integral-of-21-over-x2--sqrtx,Yes,Excluded,,,Yes,Partial,0,0,Unknown,,Not reviewed
https://derivativecalculatorai.com/integral-of-1-over-21-over-x2-+-51-over-sqrt1-x2,integral-of-1-over-21-over-x2-+-51-over-sqrt1-x2,problems.json,integral,problem,200,Yes,index,https://derivativecalculatorai.com/integral-of-1-over-21-over-x2-+-51-over-sqrt1-x2,Yes,Excluded,,,Yes,Partial,0,0,Unknown,,Not reviewed
https://derivativecalculatorai.com/integral-of-4secx2-+-4sinx-+-3x,integral-of-4secx2-+-4sinx-+-3x,problems.json,integral,problem,200,Yes,index,https://derivativecalculatorai.com/integral-of-4secx2-+-4sinx-+-3x,Yes,Excluded,,,Yes,Partial,0,0,Unknown,,Not reviewed
https://derivativecalculatorai.com/integral-of-1-over-x--lnx,integral-of-1-over-x--lnx,problems.json,integral,problem,200,Yes,index,https://derivativecalculatorai.com/integral-of-1-over-x--lnx,Yes,Excluded,,,Yes,Partial,0,0,Unknown,,Not reviewed
https://derivativecalculatorai.com/integral-of-5tanx-+-x2,integral-of-5tanx-+-x2,problems.json,integral,problem,200,Yes,index,https://derivativecalculatorai.com/integral-of-5tanx-+-x2,Yes,Excluded,,,Yes,Partial,0,0,Unknown,,Not reviewed
https://derivativecalculatorai.com/integral-of-1-over-sqrt1-x2-+-31-over-sqrt1-x2-+-4ex,integral-of-1-over-sqrt1-x2-+-31-over-sqrt1-x2-+-4ex,problems.json,integral,problem,200,No,noindex,https://derivativecalculatorai.com/integral-of-1-over-sqrt1-x2-+-31-over-sqrt1-x2-+-4ex,Yes,Excluded,,,Yes,Partial,0,0,Unknown,,Not reviewed
https://derivativecalculatorai.com/integral-of-2lnx--x,integral-of-2lnx--x,problems.json,integral,problem,200,Yes,index,https://derivativecalculatorai.com/integral-of-2lnx--x,Yes,Excluded,,,Yes,Partial,0,0,Unknown,,Not reviewed
https://derivativecalculatorai.com/integral-of--x2-+-51-over-sqrt1-x2,integral-of--x2-+-51-over-sqrt1-x2,problems.json,integral,problem,200,Yes,index,https://derivativecalculatorai.com/integral-of--x2-+-51-over-sqrt1-x2,Yes,Excluded,,,Yes,Partial,0,0,Unknown,,Not reviewed
https://derivativecalculatorai.com/integral-of-31-over-1+x2-+-1-over-sqrt1-x2,integral-of-31-over-1+x2-+-1-over-sqrt1-x2,problems.json,integral,problem,200,Yes,index,https://derivativecalculatorai.com/integral-of-31-over-1+x2-+-1-over-sqrt1-x2,Yes,Excluded,,,Yes,Partial,0,0,Unknown,,Not reviewed
https://derivativecalculatorai.com/integral-of-21-over-x-+-51-over-x-+-tanx,integral-of-21-over-x-+-51-over-x-+-tanx,problems.json,integral,problem,200,Yes,index,https://derivativecalculatorai.com/integral-of-21-over-x-+-51-over-x-+-tanx,Yes,Excluded,,,Yes,Partial,0,0,Unknown,,Not reviewed
https://derivativecalculatorai.com/integral-of-51-over-x-+-2x4-+-5x,integral-of-51-over-x-+-2x4-+-5x,problems.json,integral,problem,200,Yes,index,https://derivativecalculatorai.com/integral-of-51-over-x-+-2x4-+-5x,Yes,Excluded,,,Yes,Partial,0,0,Unknown,,Not reviewed
https://derivativecalculatorai.com/integral-of-2sinx-+-1-over-2x2,integral-of-2sinx-+-1-over-2x2,problems.json,integral,problem,200,Yes,index,https://derivativecalculatorai.com/integral-of-2sinx-+-1-over-2x2,Yes,Excluded,,,Yes,Partial,0,0,Unknown,,Not reviewed
https://derivativecalculatorai.com/integral-of-4sinx-+-2sinx,integral-of-4sinx-+-2sinx,problems.json,integral,problem,200,Yes,index,https://derivativecalculatorai.com/integral-of-4sinx-+-2sinx,Yes,Excluded,,,Yes,Partial,0,0,Unknown,,Not reviewed
https://derivativecalculatorai.com/integral-of-1-over-2cosx-+-2tanx-+-5ex,integral-of-1-over-2cosx-+-2tanx-+-5ex,problems.json,integral,problem,200,Yes,index,https://derivativecalculatorai.com/integral-of-1-over-2cosx-+-2tanx-+-5ex,Yes,Excluded,,,Yes,Partial,0,0,Unknown,,Not reviewed
https://derivativecalculatorai.com/integral-of-x3-+-2sqrtx--1-over-1+x2,integral-of-x3-+-2sqrtx--1-over-1+x2,problems.json,integral,problem,200,Yes,index,https://derivativecalculatorai.com/integral-of-x3-+-2sqrtx--1-over-1+x2,Yes,Excluded,,,Yes,Partial,0,0,Unknown,,Not reviewed
https://derivativecalculatorai.com/integral-of-ex-+-31-over-sqrt1-x2-+-5cosx,integral-of-ex-+-31-over-sqrt1-x2-+-5cosx,problems.json,integral,problem,200,Yes,index,https://derivativecalculatorai.com/integral-of-ex-+-31-over-sqrt1-x2-+-5cosx,Yes,Excluded,,,Yes,Partial,0,0,Unknown,,Not reviewed
https://derivativecalculatorai.com/integral-of-2x4-+-4ex,integral-of-2x4-+-4ex,problems.json,integral,problem,200,Yes,index,https://derivativecalculatorai.com/integral-of-2x4-+-4ex,Yes,Excluded,,,Yes,Partial,0,0,Unknown,,Not reviewed
https://derivativecalculatorai.com/integral-of-x-+-1-over-2secx2,integral-of-x-+-1-over-2secx2,problems.json,integral,problem,200,Yes,index,https://derivativecalculatorai.com/integral-of-x-+-1-over-2secx2,Yes,Excluded,,,Yes,Partial,0,0,Unknown,,Not reviewed
https://derivativecalculatorai.com/integral-of-21-over-sqrt1-x2-+-2sinx,integral-of-21-over-sqrt1-x2-+-2sinx,problems.json,integral,problem,200,Yes,index,https://derivativecalculatorai.com/integral-of-21-over-sqrt1-x2-+-2sinx,Yes,Excluded,,,Yes,Partial,0,0,Unknown,,Not reviewed
https://derivativecalculatorai.com/integral-of-21-over-sqrt1-x2-+-5cosx,integral-of-21-over-sqrt1-x2-+-5cosx,problems.json,integral,problem,200,Yes,index,https://derivativecalculatorai.com/integral-of-21-over-sqrt1-x2-+-5cosx,Yes,Excluded,,,Yes,Partial,0,0,Unknown,,Not reviewed
https://derivativecalculatorai.com/integral-of-2ex--ex-+-31-over-sqrt1-x2,integral-of-2ex--ex-+-31-over-sqrt1-x2,problems.json,integral,problem,200,Yes,index,https://derivativecalculatorai.com/integral-of-2ex--ex-+-31-over-sqrt1-x2,Yes,Excluded,,,Yes,Partial,0,0,Unknown,,Not reviewed
https://derivativecalculatorai.com/integral-of-1-over-21-over-x-+-1-over-2x3-+-2sqrtx,integral-of-1-over-21-over-x-+-1-over-2x3-+-2sqrtx,problems.json,integral,problem,200,Yes,index,https://derivativecalculatorai.com/integral-of-1-over-21-over-x-+-1-over-2x3-+-2sqrtx,Yes,Excluded,,,Yes,Partial,0,0,Unknown,,Not reviewed
https://derivativecalculatorai.com/integral-of-51-over-x2--1-over-sqrt1-x2-+-lnx,integral-of-51-over-x2--1-over-sqrt1-x2-+-lnx,problems.json,integral,problem,200,Yes,index,https://derivativecalculatorai.com/integral-of-51-over-x2--1-over-sqrt1-x2-+-lnx,Yes,Excluded,,,Yes,Partial,0,0,Unknown,,Not reviewed
https://derivativecalculatorai.com/integral-of-1-over-2x4-+-4x4,integral-of-1-over-2x4-+-4x4,problems.json,integral,problem,200,Yes,index,https://derivativecalculatorai.com/integral-of-1-over-2x4-+-4x4,Yes,Excluded,,,Yes,Partial,0,0,Unknown,,Not reviewed
https://derivativecalculatorai.com/integral-of-4lnx-+-lnx-+-4x3,integral-of-4lnx-+-lnx-+-4x3,problems.json,integral,problem,200,Yes,index,https://derivativecalculatorai.com/integral-of-4lnx-+-lnx-+-4x3,Yes,Excluded,,,Yes,Partial,0,0,Unknown,,Not reviewed
https://derivativecalculatorai.com/integral-of-2cosx-+-4lnx-+-1-over-1+x2,integral-of-2cosx-+-4lnx-+-1-over-1+x2,problems.json,integral,problem,200,Yes,index,https://derivativecalculatorai.com/integral-of-2cosx-+-4lnx-+-1-over-1+x2,Yes,Excluded,,,Yes,Partial,0,0,Unknown,,Not reviewed
https://derivativecalculatorai.com/integral-of-3secx2-+-2x3,integral-of-3secx2-+-2x3,problems.json,integral,problem,200,Yes,index,https://derivativecalculatorai.com/integral-of-3secx2-+-2x3,Yes,Excluded,,,Yes,Partial,0,0,Unknown,,Not reviewed
https://derivativecalculatorai.com/integral-of-3sinx-+-4sqrtx-+-ex,integral-of-3sinx-+-4sqrtx-+-ex,problems.json,integral,problem,200,Yes,index,https://derivativecalculatorai.com/integral-of-3sinx-+-4sqrtx-+-ex,Yes,Excluded,,,Yes,Partial,0,0,Unknown,,Not reviewed
https://derivativecalculatorai.com/integral-of--x2-+-5x,integral-of--x2-+-5x,problems.json,integral,problem,200,Yes,index,https://derivativecalculatorai.com/integral-of--x2-+-5x,Yes,Excluded,,,Yes,Partial,0,0,Unknown,,Not reviewed
https://derivativecalculatorai.com/integral-of-3tanx-+-x,integral-of-3tanx-+-x,problems.json,integral,problem,200,Yes,index,https://derivativecalculatorai.com/integral-of-3tanx-+-x,Yes,Excluded,,,Yes,Partial,0,0,Unknown,,Not reviewed
https://derivativecalculatorai.com/integral-of-3cosx-+-4sqrtx-+-51-over-sqrt1-x2,integral-of-3cosx-+-4sqrtx-+-51-over-sqrt1-x2,problems.json,integral,problem,200,Yes,index,https://derivativecalculatorai.com/integral-of-3cosx-+-4sqrtx-+-51-over-sqrt1-x2,Yes,Excluded,,,Yes,Partial,0,0,Unknown,,Not reviewed
https://derivativecalculatorai.com/integral-of-5x2-+-41-over-x2,integral-of-5x2-+-41-over-x2,problems.json,integral,problem,200,Yes,index,https://derivativecalculatorai.com/integral-of-5x2-+-41-over-x2,Yes,Excluded,,,Yes,Partial,0,0,Unknown,,Not reviewed
https://derivativecalculatorai.com/limit-of-x2+x-2-over-x-1-as-x-to-1,limit-of-x2+x-2-over-x-1-as-x-to-1,problems.json,limit,problem,200,Yes,index,https://derivativecalculatorai.com/limit-of-x2+x-2-over-x-1-as-x-to-1,Yes,Excluded,,,Yes,Partial,0,0,Unknown,,Not reviewed
https://derivativecalculatorai.com/limit-of-ex-1-over-x-as-x-to-0,limit-of-ex-1-over-x-as-x-to-0,problems.json,limit,problem,200,No,noindex,https://derivativecalculatorai.com/limit-of-ex-1-over-x-as-x-to-0,Yes,Excluded,,,Yes,Partial,0,0,Unknown,,Not reviewed
https://derivativecalculatorai.com/limit-of-sinx-as-x-to-2,limit-of-sinx-as-x-to-2,problems.json,limit,problem,200,No,noindex,https://derivativecalculatorai.com/limit-of-sinx-as-x-to-2,Yes,Excluded,,,Yes,Partial,0,0,Unknown,,Not reviewed
https://derivativecalculatorai.com/limit-of-1-over-x2-as-x-to-0,limit-of-1-over-x2-as-x-to-0,problems.json,limit,problem,200,No,noindex,https://derivativecalculatorai.com/limit-of-1-over-x2-as-x-to-0,Yes,Excluded,,,Yes,Partial,0,0,Unknown,,Not reviewed
https://derivativecalculatorai.com/limit-of-x3-1-over-x-1-as-x-to-1,limit-of-x3-1-over-x-1-as-x-to-1,problems.json,limit,problem,200,Yes,index,https://derivativecalculatorai.com/limit-of-x3-1-over-x-1-as-x-to-1,Yes,Excluded,,,Yes,Partial,0,0,Unknown,,Not reviewed
https://derivativecalculatorai.com/limit-of-sinx-over-x-as-x-to-0,limit-of-sinx-over-x-as-x-to-0,problems.json,limit,problem,200,No,noindex,https://derivativecalculatorai.com/limit-of-sinx-over-x-as-x-to-0,Yes,Excluded,,,Yes,Partial,0,0,Unknown,,Not reviewed
https://derivativecalculatorai.com/limit-of-sqrtx-1-over-x-1-as-x-to-1,limit-of-sqrtx-1-over-x-1-as-x-to-1,problems.json,limit,problem,200,Yes,index,https://derivativecalculatorai.com/limit-of-sqrtx-1-over-x-1-as-x-to-1,Yes,Excluded,,,Yes,Partial,0,0,Unknown,,Not reviewed
https://derivativecalculatorai.com/limit-of-lnx-over-x-1-as-x-to-1,limit-of-lnx-over-x-1-as-x-to-1,problems.json,limit,problem,200,Yes,index,https://derivativecalculatorai.com/limit-of-lnx-over-x-1-as-x-to-1,Yes,Excluded,,,Yes,Partial,0,0,Unknown,,Not reviewed
https://derivativecalculatorai.com/limit-of-tanx-as-x-to-infinity,limit-of-tanx-as-x-to-infinity,problems.json,limit,problem,200,No,noindex,https://derivativecalculatorai.com/limit-of-tanx-as-x-to-infinity,Yes,Excluded,,,Yes,Partial,0,0,Unknown,,Not reviewed
https://derivativecalculatorai.com/limit-of-1-over-x2-as-x-to--infinity,limit-of-1-over-x2-as-x-to--infinity,problems.json,limit,problem,200,No,noindex,https://derivativecalculatorai.com/limit-of-1-over-x2-as-x-to--infinity,Yes,Excluded,,,Yes,Partial,0,0,Unknown,,Not reviewed
https://derivativecalculatorai.com/limit-of-sinx-as-x-to--infinity,limit-of-sinx-as-x-to--infinity,problems.json,limit,problem,200,No,noindex,https://derivativecalculatorai.com/limit-of-sinx-as-x-to--infinity,Yes,Excluded,,,Yes,Partial,0,0,Unknown,,Not reviewed
https://derivativecalculatorai.com/limit-of-x2-1-over-x-1-as-x-to-1,limit-of-x2-1-over-x-1-as-x-to-1,problems.json,limit,problem,200,Yes,index,https://derivativecalculatorai.com/limit-of-x2-1-over-x-1-as-x-to-1,Yes,Excluded,,,Yes,Partial,0,0,Unknown,,Not reviewed
https://derivativecalculatorai.com/limit-of-tanx-over-x-as-x-to-0,limit-of-tanx-over-x-as-x-to-0,problems.json,limit,problem,200,Yes,index,https://derivativecalculatorai.com/limit-of-tanx-over-x-as-x-to-0,Yes,Excluded,,,Yes,Partial,0,0,Unknown,,Not reviewed
https://derivativecalculatorai.com/limit-of-tanx-as-x-to--infinity,limit-of-tanx-as-x-to--infinity,problems.json,limit,problem,200,No,noindex,https://derivativecalculatorai.com/limit-of-tanx-as-x-to--infinity,Yes,Excluded,,,Yes,Partial,0,0,Unknown,,Not reviewed
https://derivativecalculatorai.com/limit-of-cosx-as-x-to-0,limit-of-cosx-as-x-to-0,problems.json,limit,problem,200,No,noindex,https://derivativecalculatorai.com/limit-of-cosx-as-x-to-0,Yes,Excluded,,,Yes,Partial,0,0,Unknown,,Not reviewed
https://derivativecalculatorai.com/limit-of-sinx-as-x-to-infinity,limit-of-sinx-as-x-to-infinity,problems.json,limit,problem,200,No,noindex,https://derivativecalculatorai.com/limit-of-sinx-as-x-to-infinity,Yes,Excluded,,,Yes,Partial,0,0,Unknown,,Not reviewed
https://derivativecalculatorai.com/limit-of-1-over-x-as-x-to-1,limit-of-1-over-x-as-x-to-1,problems.json,limit,problem,200,No,noindex,https://derivativecalculatorai.com/limit-of-1-over-x-as-x-to-1,Yes,Excluded,,,Yes,Partial,0,0,Unknown,,Not reviewed
https://derivativecalculatorai.com/limit-of-x2-4-over-x-2-as-x-to-2,limit-of-x2-4-over-x-2-as-x-to-2,problems.json,limit,problem,200,Yes,index,https://derivativecalculatorai.com/limit-of-x2-4-over-x-2-as-x-to-2,Yes,Excluded,,,Yes,Partial,0,0,Unknown,,Not reviewed
https://derivativecalculatorai.com/limit-of-cosx-as-x-to-infinity,limit-of-cosx-as-x-to-infinity,problems.json,limit,problem,200,No,noindex,https://derivativecalculatorai.com/limit-of-cosx-as-x-to-infinity,Yes,Excluded,,,Yes,Partial,0,0,Unknown,,Not reviewed
https://derivativecalculatorai.com/limit-of-sinx-as-x-to-1,limit-of-sinx-as-x-to-1,problems.json,limit,problem,200,No,noindex,https://derivativecalculatorai.com/limit-of-sinx-as-x-to-1,Yes,Excluded,,,Yes,Partial,0,0,Unknown,,Not reviewed
https://derivativecalculatorai.com/limit-of-tanx-as-x-to-2,limit-of-tanx-as-x-to-2,problems.json,limit,problem,200,No,noindex,https://derivativecalculatorai.com/limit-of-tanx-as-x-to-2,Yes,Excluded,,,Yes,Partial,0,0,Unknown,,Not reviewed
https://derivativecalculatorai.com/limit-of-x2-as-x-to-2,limit-of-x2-as-x-to-2,problems.json,limit,problem,200,No,noindex,https://derivativecalculatorai.com/limit-of-x2-as-x-to-2,Yes,Excluded,,,Yes,Partial,0,0,Unknown,,Not reviewed
https://derivativecalculatorai.com/limit-of-x2-as-x-to-infinity,limit-of-x2-as-x-to-infinity,problems.json,limit,problem,200,No,noindex,https://derivativecalculatorai.com/limit-of-x2-as-x-to-infinity,Yes,Excluded,,,Yes,Partial,0,0,Unknown,,Not reviewed
https://derivativecalculatorai.com/limit-of-1-over-x-as-x-to--infinity,limit-of-1-over-x-as-x-to--infinity,problems.json,limit,problem,200,No,noindex,https://derivativecalculatorai.com/limit-of-1-over-x-as-x-to--infinity,Yes,Excluded,,,Yes,Partial,0,0,Unknown,,Not reviewed
https://derivativecalculatorai.com/limit-of-1-over-x2-as-x-to-2,limit-of-1-over-x2-as-x-to-2,problems.json,limit,problem,200,No,noindex,https://derivativecalculatorai.com/limit-of-1-over-x2-as-x-to-2,Yes,Excluded,,,Yes,Partial,0,0,Unknown,,Not reviewed
https://derivativecalculatorai.com/limit-of-cosx-as-x-to-2,limit-of-cosx-as-x-to-2,problems.json,limit,problem,200,No,noindex,https://derivativecalculatorai.com/limit-of-cosx-as-x-to-2,Yes,Excluded,,,Yes,Partial,0,0,Unknown,,Not reviewed
https://derivativecalculatorai.com/limit-of-1-over-x-as-x-to-0,limit-of-1-over-x-as-x-to-0,problems.json,limit,problem,200,No,noindex,https://derivativecalculatorai.com/limit-of-1-over-x-as-x-to-0,Yes,Excluded,,,Yes,Partial,0,0,Unknown,,Not reviewed
https://derivativecalculatorai.com/limit-of-1-over-x2-as-x-to-1,limit-of-1-over-x2-as-x-to-1,problems.json,limit,problem,200,No,noindex,https://derivativecalculatorai.com/limit-of-1-over-x2-as-x-to-1,Yes,Excluded,,,Yes,Partial,0,0,Unknown,,Not reviewed
https://derivativecalculatorai.com/limit-of-sinx-as-x-to-0,limit-of-sinx-as-x-to-0,problems.json,limit,problem,200,No,noindex,https://derivativecalculatorai.com/limit-of-sinx-as-x-to-0,Yes,Excluded,,,Yes,Partial,0,0,Unknown,,Not reviewed
https://derivativecalculatorai.com/limit-of-cosx-as-x-to-1,limit-of-cosx-as-x-to-1,problems.json,limit,problem,200,No,noindex,https://derivativecalculatorai.com/limit-of-cosx-as-x-to-1,Yes,Excluded,,,Yes,Partial,0,0,Unknown,,Not reviewed
https://derivativecalculatorai.com/limit-of-1-over-x-as-x-to-infinity,limit-of-1-over-x-as-x-to-infinity,problems.json,limit,problem,200,No,noindex,https://derivativecalculatorai.com/limit-of-1-over-x-as-x-to-infinity,Yes,Excluded,,,Yes,Partial,0,0,Unknown,,Not reviewed
https://derivativecalculatorai.com/limit-of-cosx-as-x-to--infinity,limit-of-cosx-as-x-to--infinity,problems.json,limit,problem,200,No,noindex,https://derivativecalculatorai.com/limit-of-cosx-as-x-to--infinity,Yes,Excluded,,,Yes,Partial,0,0,Unknown,,Not reviewed
https://derivativecalculatorai.com/limit-of-x2-as-x-to-0,limit-of-x2-as-x-to-0,problems.json,limit,problem,200,No,noindex,https://derivativecalculatorai.com/limit-of-x2-as-x-to-0,Yes,Excluded,,,Yes,Partial,0,0,Unknown,,Not reviewed
https://derivativecalculatorai.com/limit-of-tanx-as-x-to-1,limit-of-tanx-as-x-to-1,problems.json,limit,problem,200,No,noindex,https://derivativecalculatorai.com/limit-of-tanx-as-x-to-1,Yes,Excluded,,,Yes,Partial,0,0,Unknown,,Not reviewed
https://derivativecalculatorai.com/limit-of-tanx-as-x-to-0,limit-of-tanx-as-x-to-0,problems.json,limit,problem,200,No,noindex,https://derivativecalculatorai.com/limit-of-tanx-as-x-to-0,Yes,Excluded,,,Yes,Partial,0,0,Unknown,,Not reviewed
https://derivativecalculatorai.com/limit-of-x2-as-x-to-1,limit-of-x2-as-x-to-1,problems.json,limit,problem,200,No,noindex,https://derivativecalculatorai.com/limit-of-x2-as-x-to-1,Yes,Excluded,,,Yes,Partial,0,0,Unknown,,Not reviewed
https://derivativecalculatorai.com/limit-of-1-over-x2-as-x-to-infinity,limit-of-1-over-x2-as-x-to-infinity,problems.json,limit,problem,200,No,noindex,https://derivativecalculatorai.com/limit-of-1-over-x2-as-x-to-infinity,Yes,Excluded,,,Yes,Partial,0,0,Unknown,,Not reviewed
https://derivativecalculatorai.com/limit-of-1-over-x-as-x-to-2,limit-of-1-over-x-as-x-to-2,problems.json,limit,problem,200,No,noindex,https://derivativecalculatorai.com/limit-of-1-over-x-as-x-to-2,Yes,Excluded,,,Yes,Partial,0,0,Unknown,,Not reviewed
https://derivativecalculatorai.com/limit-of-x2-as-x-to--infinity,limit-of-x2-as-x-to--infinity,problems.json,limit,problem,200,No,noindex,https://derivativecalculatorai.com/limit-of-x2-as-x-to--infinity,Yes,Excluded,,,Yes,Partial,0,0,Unknown,,Not reviewed
https://derivativecalculatorai.com/limit-of-absx-over-5lnx-as-x-to-2,limit-of-absx-over-5lnx-as-x-to-2,problems.json,limit,problem,200,Yes,index,https://derivativecalculatorai.com/limit-of-absx-over-5lnx-as-x-to-2,Yes,Excluded,,,Yes,Partial,0,0,Unknown,,Not reviewed
https://derivativecalculatorai.com/limit-of-2lnx-over-ex-as-x-to-2,limit-of-2lnx-over-ex-as-x-to-2,problems.json,limit,problem,200,Yes,index,https://derivativecalculatorai.com/limit-of-2lnx-over-ex-as-x-to-2,Yes,Excluded,,,Yes,Partial,0,0,Unknown,,Not reviewed
https://derivativecalculatorai.com/limit-of-1-over-1-over-x2--1-over-1-over-x2-as-x-to-inf,limit-of-1-over-1-over-x2--1-over-1-over-x2-as-x-to-inf,problems.json,limit,problem,200,No,noindex,https://derivativecalculatorai.com/limit-of-1-over-1-over-x2--1-over-1-over-x2-as-x-to-inf,Yes,Excluded,,,Yes,Partial,0,0,Unknown,,Not reviewed
https://derivativecalculatorai.com/limit-of-sinx-3x2-over-lnx-as-x-to--inf,limit-of-sinx-3x2-over-lnx-as-x-to--inf,problems.json,limit,problem,200,Yes,index,https://derivativecalculatorai.com/limit-of-sinx-3x2-over-lnx-as-x-to--inf,Yes,Excluded,,,Yes,Partial,0,0,Unknown,,Not reviewed
https://derivativecalculatorai.com/limit-of-3x-over-5sinx-as-x-to-2,limit-of-3x-over-5sinx-as-x-to-2,problems.json,limit,problem,200,Yes,index,https://derivativecalculatorai.com/limit-of-3x-over-5sinx-as-x-to-2,Yes,Excluded,,,Yes,Partial,0,0,Unknown,,Not reviewed
https://derivativecalculatorai.com/limit-of-2sqrtx-over-41-over-x-as-x-to--inf,limit-of-2sqrtx-over-41-over-x-as-x-to--inf,problems.json,limit,problem,200,Yes,index,https://derivativecalculatorai.com/limit-of-2sqrtx-over-41-over-x-as-x-to--inf,Yes,Excluded,,,Yes,Partial,0,0,Unknown,,Not reviewed
https://derivativecalculatorai.com/limit-of-sqrt2cosx--sqrt2lnx-as-x-to--2,limit-of-sqrt2cosx--sqrt2lnx-as-x-to--2,problems.json,limit,problem,200,Yes,index,https://derivativecalculatorai.com/limit-of-sqrt2cosx--sqrt2lnx-as-x-to--2,Yes,Excluded,,,Yes,Partial,0,0,Unknown,,Not reviewed
https://derivativecalculatorai.com/limit-of-x3-sqrtx-over-x-as-x-to-0,limit-of-x3-sqrtx-over-x-as-x-to-0,problems.json,limit,problem,200,Yes,index,https://derivativecalculatorai.com/limit-of-x3-sqrtx-over-x-as-x-to-0,Yes,Excluded,,,Yes,Partial,0,0,Unknown,,Not reviewed
https://derivativecalculatorai.com/limit-of-x3-3ex-over-absx-as-x-to-2,limit-of-x3-3ex-over-absx-as-x-to-2,problems.json,limit,problem,200,Yes,index,https://derivativecalculatorai.com/limit-of-x3-3ex-over-absx-as-x-to-2,Yes,Excluded,,,Yes,Partial,0,0,Unknown,,Not reviewed
https://derivativecalculatorai.com/limit-of-sqrtabsx--sqrtx-as-x-to--2,limit-of-sqrtabsx--sqrtx-as-x-to--2,problems.json,limit,problem,200,Yes,index,https://derivativecalculatorai.com/limit-of-sqrtabsx--sqrtx-as-x-to--2,Yes,Excluded,,,Yes,Partial,0,0,Unknown,,Not reviewed
https://derivativecalculatorai.com/limit-of-sqrt1-over-x2--sqrt21-over-x-as-x-to-inf,limit-of-sqrt1-over-x2--sqrt21-over-x-as-x-to-inf,problems.json,limit,problem,200,Yes,index,https://derivativecalculatorai.com/limit-of-sqrt1-over-x2--sqrt21-over-x-as-x-to-inf,Yes,Excluded,,,Yes,Partial,0,0,Unknown,,Not reviewed
https://derivativecalculatorai.com/limit-of-ex-3x2-over-1-over-x2-as-x-to-0,limit-of-ex-3x2-over-1-over-x2-as-x-to-0,problems.json,limit,problem,200,Yes,index,https://derivativecalculatorai.com/limit-of-ex-3x2-over-1-over-x2-as-x-to-0,Yes,Excluded,,,Yes,Partial,0,0,Unknown,,Not reviewed
https://derivativecalculatorai.com/limit-of-sqrt5cosx--sqrt4absx-as-x-to--1,limit-of-sqrt5cosx--sqrt4absx-as-x-to--1,problems.json,limit,problem,200,Yes,index,https://derivativecalculatorai.com/limit-of-sqrt5cosx--sqrt4absx-as-x-to--1,Yes,Excluded,,,Yes,Partial,0,0,Unknown,,Not reviewed
https://derivativecalculatorai.com/limit-of-sqrtsqrtx--sqrtlnx-as-x-to-pi-2,limit-of-sqrtsqrtx--sqrtlnx-as-x-to-pi-2,problems.json,limit,problem,200,Yes,index,https://derivativecalculatorai.com/limit-of-sqrtsqrtx--sqrtlnx-as-x-to-pi-2,Yes,Excluded,,,Yes,Partial,0,0,Unknown,,Not reviewed
https://derivativecalculatorai.com/limit-of-4sqrtx-over-cosx-as-x-to-1,limit-of-4sqrtx-over-cosx-as-x-to-1,problems.json,limit,problem,200,Yes,index,https://derivativecalculatorai.com/limit-of-4sqrtx-over-cosx-as-x-to-1,Yes,Excluded,,,Yes,Partial,0,0,Unknown,,Not reviewed
https://derivativecalculatorai.com/limit-of-lnx-over-5absx-as-x-to-pi-2,limit-of-lnx-over-5absx-as-x-to-pi-2,problems.json,limit,problem,200,Yes,index,https://derivativecalculatorai.com/limit-of-lnx-over-5absx-as-x-to-pi-2,Yes,Excluded,,,Yes,Partial,0,0,Unknown,,Not reviewed
https://derivativecalculatorai.com/limit-of-absx-4x-over-absx-as-x-to-0,limit-of-absx-4x-over-absx-as-x-to-0,problems.json,limit,problem,200,Yes,index,https://derivativecalculatorai.com/limit-of-absx-4x-over-absx-as-x-to-0,Yes,Excluded,,,Yes,Partial,0,0,Unknown,,Not reviewed
https://derivativecalculatorai.com/limit-of-sqrtx--cosx-over-tanx--1-over-x-as-x-to-2,limit-of-sqrtx--cosx-over-tanx--1-over-x-as-x-to-2,problems.json,limit,problem,200,Yes,index,https://derivativecalculatorai.com/limit-of-sqrtx--cosx-over-tanx--1-over-x-as-x-to-2,Yes,Excluded,,,Yes,Partial,0,0,Unknown,,Not reviewed
https://derivativecalculatorai.com/limit-of-2sqrtx-over-4absx-as-x-to--2,limit-of-2sqrtx-over-4absx-as-x-to--2,problems.json,limit,problem,200,Yes,index,https://derivativecalculatorai.com/limit-of-2sqrtx-over-4absx-as-x-to--2,Yes,Excluded,,,Yes,Partial,0,0,Unknown,,Not reviewed
https://derivativecalculatorai.com/limit-of-31-over-x-5x2-over-1-over-x2-as-x-to-pi,limit-of-31-over-x-5x2-over-1-over-x2-as-x-to-pi,problems.json,limit,problem,200,Yes,index,https://derivativecalculatorai.com/limit-of-31-over-x-5x2-over-1-over-x2-as-x-to-pi,Yes,Excluded,,,Yes,Partial,0,0,Unknown,,Not reviewed
https://derivativecalculatorai.com/limit-of-1-over-x2--1-over-x2-as-x-to--1,limit-of-1-over-x2--1-over-x2-as-x-to--1,problems.json,limit,problem,200,No,noindex,https://derivativecalculatorai.com/limit-of-1-over-x2--1-over-x2-as-x-to--1,Yes,Excluded,,,Yes,Partial,0,0,Unknown,,Not reviewed
https://derivativecalculatorai.com/limit-of-x2--3x-over-sinx--1-over-x-as-x-to-0,limit-of-x2--3x-over-sinx--1-over-x-as-x-to-0,problems.json,limit,problem,200,Yes,index,https://derivativecalculatorai.com/limit-of-x2--3x-over-sinx--1-over-x-as-x-to-0,Yes,Excluded,,,Yes,Partial,0,0,Unknown,,Not reviewed
https://derivativecalculatorai.com/limit-of-sqrtx--sinx-over-sqrtx--x2-as-x-to-inf,limit-of-sqrtx--sinx-over-sqrtx--x2-as-x-to-inf,problems.json,limit,problem,200,Yes,index,https://derivativecalculatorai.com/limit-of-sqrtx--sinx-over-sqrtx--x2-as-x-to-inf,Yes,Excluded,,,Yes,Partial,0,0,Unknown,,Not reviewed
https://derivativecalculatorai.com/limit-of-lnx-41-over-x2-over-x2-as-x-to-inf,limit-of-lnx-41-over-x2-over-x2-as-x-to-inf,problems.json,limit,problem,200,Yes,index,https://derivativecalculatorai.com/limit-of-lnx-41-over-x2-over-x2-as-x-to-inf,Yes,Excluded,,,Yes,Partial,0,0,Unknown,,Not reviewed
https://derivativecalculatorai.com/limit-of-sqrttanx--sqrt1-over-x2-as-x-to-pi,limit-of-sqrttanx--sqrt1-over-x2-as-x-to-pi,problems.json,limit,problem,200,Yes,index,https://derivativecalculatorai.com/limit-of-sqrttanx--sqrt1-over-x2-as-x-to-pi,Yes,Excluded,,,Yes,Partial,0,0,Unknown,,Not reviewed
https://derivativecalculatorai.com/limit-of-1-over-3sinx--1-over-1-over-x2-as-x-to--inf,limit-of-1-over-3sinx--1-over-1-over-x2-as-x-to--inf,problems.json,limit,problem,200,No,noindex,https://derivativecalculatorai.com/limit-of-1-over-3sinx--1-over-1-over-x2-as-x-to--inf,Yes,Excluded,,,Yes,Partial,0,0,Unknown,,Not reviewed
https://derivativecalculatorai.com/limit-of-x2-3tanx-over-ex-as-x-to--1,limit-of-x2-3tanx-over-ex-as-x-to--1,problems.json,limit,problem,200,Yes,index,https://derivativecalculatorai.com/limit-of-x2-3tanx-over-ex-as-x-to--1,Yes,Excluded,,,Yes,Partial,0,0,Unknown,,Not reviewed
https://derivativecalculatorai.com/limit-of-sqrtx--sqrtsqrtx-as-x-to-pi,limit-of-sqrtx--sqrtsqrtx-as-x-to-pi,problems.json,limit,problem,200,Yes,index,https://derivativecalculatorai.com/limit-of-sqrtx--sqrtsqrtx-as-x-to-pi,Yes,Excluded,,,Yes,Partial,0,0,Unknown,,Not reviewed
https://derivativecalculatorai.com/limit-of-tanx-x-over-x-as-x-to--2,limit-of-tanx-x-over-x-as-x-to--2,problems.json,limit,problem,200,Yes,index,https://derivativecalculatorai.com/limit-of-tanx-x-over-x-as-x-to--2,Yes,Excluded,,,Yes,Partial,0,0,Unknown,,Not reviewed
https://derivativecalculatorai.com/limit-of-absx2--3x2-as-x-to-0,limit-of-absx2--3x2-as-x-to-0,problems.json,limit,problem,200,Yes,index,https://derivativecalculatorai.com/limit-of-absx2--3x2-as-x-to-0,Yes,Excluded,,,Yes,Partial,0,0,Unknown,,Not reviewed
https://derivativecalculatorai.com/limit-of-sqrttanx--sqrtlnx-as-x-to-2,limit-of-sqrttanx--sqrtlnx-as-x-to-2,problems.json,limit,problem,200,Yes,index,https://derivativecalculatorai.com/limit-of-sqrttanx--sqrtlnx-as-x-to-2,Yes,Excluded,,,Yes,Partial,0,0,Unknown,,Not reviewed
https://derivativecalculatorai.com/limit-of-1-over-x2-over-4x-as-x-to--inf,limit-of-1-over-x2-over-4x-as-x-to--inf,problems.json,limit,problem,200,Yes,index,https://derivativecalculatorai.com/limit-of-1-over-x2-over-4x-as-x-to--inf,Yes,Excluded,,,Yes,Partial,0,0,Unknown,,Not reviewed
https://derivativecalculatorai.com/limit-of-31-over-x-5cosx-over-x2-as-x-to--2,limit-of-31-over-x-5cosx-over-x2-as-x-to--2,problems.json,limit,problem,200,Yes,index,https://derivativecalculatorai.com/limit-of-31-over-x-5cosx-over-x2-as-x-to--2,Yes,Excluded,,,Yes,Partial,0,0,Unknown,,Not reviewed
https://derivativecalculatorai.com/limit-of-1-over-x2--2absx-over-lnx--cosx-as-x-to-inf,limit-of-1-over-x2--2absx-over-lnx--cosx-as-x-to-inf,problems.json,limit,problem,200,No,noindex,https://derivativecalculatorai.com/limit-of-1-over-x2--2absx-over-lnx--cosx-as-x-to-inf,Yes,Excluded,,,Yes,Partial,0,0,Unknown,,Not reviewed
https://derivativecalculatorai.com/limit-of-1-over-x-4x-over-ex-as-x-to-inf,limit-of-1-over-x-4x-over-ex-as-x-to-inf,problems.json,limit,problem,200,Yes,index,https://derivativecalculatorai.com/limit-of-1-over-x-4x-over-ex-as-x-to-inf,Yes,Excluded,,,Yes,Partial,0,0,Unknown,,Not reviewed
https://derivativecalculatorai.com/limit-of-3ex2--1-over-x22-as-x-to-pi-2,limit-of-3ex2--1-over-x22-as-x-to-pi-2,problems.json,limit,problem,200,No,noindex,https://derivativecalculatorai.com/limit-of-3ex2--1-over-x22-as-x-to-pi-2,Yes,Excluded,,,Yes,Partial,0,0,Unknown,,Not reviewed
https://derivativecalculatorai.com/limit-of-absx-3sqrtx-over-x3-as-x-to-1,limit-of-absx-3sqrtx-over-x3-as-x-to-1,problems.json,limit,problem,200,Yes,index,https://derivativecalculatorai.com/limit-of-absx-3sqrtx-over-x3-as-x-to-1,Yes,Excluded,,,Yes,Partial,0,0,Unknown,,Not reviewed
https://derivativecalculatorai.com/limit-of-31-over-x2-over-lnx-as-x-to-inf,limit-of-31-over-x2-over-lnx-as-x-to-inf,problems.json,limit,problem,200,Yes,index,https://derivativecalculatorai.com/limit-of-31-over-x2-over-lnx-as-x-to-inf,Yes,Excluded,,,Yes,Partial,0,0,Unknown,,Not reviewed
https://derivativecalculatorai.com/limit-of-1-over-x2-x2-over-1-over-x2-as-x-to--inf,limit-of-1-over-x2-x2-over-1-over-x2-as-x-to--inf,problems.json,limit,problem,200,Yes,index,https://derivativecalculatorai.com/limit-of-1-over-x2-x2-over-1-over-x2-as-x-to--inf,Yes,Excluded,,,Yes,Partial,0,0,Unknown,,Not reviewed
https://derivativecalculatorai.com/limit-of-sqrt1-over-x--sqrtex-as-x-to-pi-2,limit-of-sqrt1-over-x--sqrtex-as-x-to-pi-2,problems.json,limit,problem,200,Yes,index,https://derivativecalculatorai.com/limit-of-sqrt1-over-x--sqrtex-as-x-to-pi-2,Yes,Excluded,,,Yes,Partial,0,0,Unknown,,Not reviewed
https://derivativecalculatorai.com/limit-of-1-over-lnx--1-over-3ex-as-x-to-inf,limit-of-1-over-lnx--1-over-3ex-as-x-to-inf,problems.json,limit,problem,200,Yes,index,https://derivativecalculatorai.com/limit-of-1-over-lnx--1-over-3ex-as-x-to-inf,Yes,Excluded,,,Yes,Partial,0,0,Unknown,,Not reviewed
https://derivativecalculatorai.com/limit-of-sqrt41-over-x2--sqrt4sinx-as-x-to--inf,limit-of-sqrt41-over-x2--sqrt4sinx-as-x-to--inf,problems.json,limit,problem,200,Yes,index,https://derivativecalculatorai.com/limit-of-sqrt41-over-x2--sqrt4sinx-as-x-to--inf,Yes,Excluded,,,Yes,Partial,0,0,Unknown,,Not reviewed
https://derivativecalculatorai.com/limit-of-5ex-over-absx-as-x-to-1,limit-of-5ex-over-absx-as-x-to-1,problems.json,limit,problem,200,Yes,index,https://derivativecalculatorai.com/limit-of-5ex-over-absx-as-x-to-1,Yes,Excluded,,,Yes,Partial,0,0,Unknown,,Not reviewed
https://derivativecalculatorai.com/limit-of-cosx2--4ex2-as-x-to--2,limit-of-cosx2--4ex2-as-x-to--2,problems.json,limit,problem,200,Yes,index,https://derivativecalculatorai.com/limit-of-cosx2--4ex2-as-x-to--2,Yes,Excluded,,,Yes,Partial,0,0,Unknown,,Not reviewed
https://derivativecalculatorai.com/limit-of-sqrt5absx--sqrt4x2-as-x-to-2,limit-of-sqrt5absx--sqrt4x2-as-x-to-2,problems.json,limit,problem,200,Yes,index,https://derivativecalculatorai.com/limit-of-sqrt5absx--sqrt4x2-as-x-to-2,Yes,Excluded,,,Yes,Partial,0,0,Unknown,,Not reviewed
https://derivativecalculatorai.com/limit-of-sqrt3x--sqrtex-as-x-to--2,limit-of-sqrt3x--sqrtex-as-x-to--2,problems.json,limit,problem,200,Yes,index,https://derivativecalculatorai.com/limit-of-sqrt3x--sqrtex-as-x-to--2,Yes,Excluded,,,Yes,Partial,0,0,Unknown,,Not reviewed
https://derivativecalculatorai.com/limit-of-1-over-x--31-over-x2-over-x3--sinx-as-x-to-2,limit-of-1-over-x--31-over-x2-over-x3--sinx-as-x-to-2,problems.json,limit,problem,200,No,noindex,https://derivativecalculatorai.com/limit-of-1-over-x--31-over-x2-over-x3--sinx-as-x-to-2,Yes,Excluded,,,Yes,Partial,0,0,Unknown,,Not reviewed
https://derivativecalculatorai.com/limit-of-ex2--2ex2-as-x-to-2,limit-of-ex2--2ex2-as-x-to-2,problems.json,limit,problem,200,Yes,index,https://derivativecalculatorai.com/limit-of-ex2--2ex2-as-x-to-2,Yes,Excluded,,,Yes,Partial,0,0,Unknown,,Not reviewed
https://derivativecalculatorai.com/limit-of-sqrt4tanx--sqrt3sqrtx-as-x-to-pi,limit-of-sqrt4tanx--sqrt3sqrtx-as-x-to-pi,problems.json,limit,problem,200,Yes,index,https://derivativecalculatorai.com/limit-of-sqrt4tanx--sqrt3sqrtx-as-x-to-pi,Yes,Excluded,,,Yes,Partial,0,0,Unknown,,Not reviewed
https://derivativecalculatorai.com/limit-of-3ex-1-over-x2-over-lnx-as-x-to--2,limit-of-3ex-1-over-x2-over-lnx-as-x-to--2,problems.json,limit,problem,200,Yes,index,https://derivativecalculatorai.com/limit-of-3ex-1-over-x2-over-lnx-as-x-to--2,Yes,Excluded,,,Yes,Partial,0,0,Unknown,,Not reviewed
https://derivativecalculatorai.com/limit-of-1-over-x--4x-over-x3--lnx-as-x-to-pi,limit-of-1-over-x--4x-over-x3--lnx-as-x-to-pi,problems.json,limit,problem,200,Yes,index,https://derivativecalculatorai.com/limit-of-1-over-x--4x-over-x3--lnx-as-x-to-pi,Yes,Excluded,,,Yes,Partial,0,0,Unknown,,Not reviewed
https://derivativecalculatorai.com/limit-of-1-over-x2--1-over-tanx-as-x-to--1,limit-of-1-over-x2--1-over-tanx-as-x-to--1,problems.json,limit,problem,200,No,noindex,https://derivativecalculatorai.com/limit-of-1-over-x2--1-over-tanx-as-x-to--1,Yes,Excluded,,,Yes,Partial,0,0,Unknown,,Not reviewed
https://derivativecalculatorai.com/limit-of-5lnx2--1-over-x2-as-x-to--1,limit-of-5lnx2--1-over-x2-as-x-to--1,problems.json,limit,problem,200,Yes,index,https://derivativecalculatorai.com/limit-of-5lnx2--1-over-x2-as-x-to--1,Yes,Excluded,,,Yes,Partial,0,0,Unknown,,Not reviewed
https://derivativecalculatorai.com/limit-of-sqrt41-over-x--sqrtex-as-x-to-2,limit-of-sqrt41-over-x--sqrtex-as-x-to-2,problems.json,limit,problem,200,Yes,index,https://derivativecalculatorai.com/limit-of-sqrt41-over-x--sqrtex-as-x-to-2,Yes,Excluded,,,Yes,Partial,0,0,Unknown,,Not reviewed
https://derivativecalculatorai.com/limit-of-1-over-2x3--1-over-absx-as-x-to--1,limit-of-1-over-2x3--1-over-absx-as-x-to--1,problems.json,limit,problem,200,Yes,index,https://derivativecalculatorai.com/limit-of-1-over-2x3--1-over-absx-as-x-to--1,Yes,Excluded,,,Yes,Partial,0,0,Unknown,,Not reviewed
https://derivativecalculatorai.com/limit-of-tanx--1-over-x-over-ex--1-over-x2-as-x-to-inf,limit-of-tanx--1-over-x-over-ex--1-over-x2-as-x-to-inf,problems.json,limit,problem,200,No,noindex,https://derivativecalculatorai.com/limit-of-tanx--1-over-x-over-ex--1-over-x2-as-x-to-inf,Yes,Excluded,,,Yes,Partial,0,0,Unknown,,Not reviewed
https://derivativecalculatorai.com/limit-of-sqrt3sinx--sqrt4sinx-as-x-to--inf,limit-of-sqrt3sinx--sqrt4sinx-as-x-to--inf,problems.json,limit,problem,200,Yes,index,https://derivativecalculatorai.com/limit-of-sqrt3sinx--sqrt4sinx-as-x-to--inf,Yes,Excluded,,,Yes,Partial,0,0,Unknown,,Not reviewed
https://derivativecalculatorai.com/limit-of-x3-31-over-x2-over-1-over-x-as-x-to-2,limit-of-x3-31-over-x2-over-1-over-x-as-x-to-2,problems.json,limit,problem,200,Yes,index,https://derivativecalculatorai.com/limit-of-x3-31-over-x2-over-1-over-x-as-x-to-2,Yes,Excluded,,,Yes,Partial,0,0,Unknown,,Not reviewed
https://derivativecalculatorai.com/limit-of-sqrt4x2--sqrtcosx-as-x-to-1,limit-of-sqrt4x2--sqrtcosx-as-x-to-1,problems.json,limit,problem,200,Yes,index,https://derivativecalculatorai.com/limit-of-sqrt4x2--sqrtcosx-as-x-to-1,Yes,Excluded,,,Yes,Partial,0,0,Unknown,,Not reviewed
https://derivativecalculatorai.com/limit-of-sqrtcosx--sqrtsqrtx-as-x-to--inf,limit-of-sqrtcosx--sqrtsqrtx-as-x-to--inf,problems.json,limit,problem,200,Yes,index,https://derivativecalculatorai.com/limit-of-sqrtcosx--sqrtsqrtx-as-x-to--inf,Yes,Excluded,,,Yes,Partial,0,0,Unknown,,Not reviewed
https://derivativecalculatorai.com/limit-of-5sqrtx-over-21-over-x2-as-x-to--2,limit-of-5sqrtx-over-21-over-x2-as-x-to--2,problems.json,limit,problem,200,Yes,index,https://derivativecalculatorai.com/limit-of-5sqrtx-over-21-over-x2-as-x-to--2,Yes,Excluded,,,Yes,Partial,0,0,Unknown,,Not reviewed
https://derivativecalculatorai.com/limit-of-5x3-tanx-over-cosx-as-x-to-inf,limit-of-5x3-tanx-over-cosx-as-x-to-inf,problems.json,limit,problem,200,Yes,index,https://derivativecalculatorai.com/limit-of-5x3-tanx-over-cosx-as-x-to-inf,Yes,Excluded,,,Yes,Partial,0,0,Unknown,,Not reviewed
https://derivativecalculatorai.com/limit-of-41-over-x2--2x-over-ex--tanx-as-x-to--2,limit-of-41-over-x2--2x-over-ex--tanx-as-x-to--2,problems.json,limit,problem,200,Yes,index,https://derivativecalculatorai.com/limit-of-41-over-x2--2x-over-ex--tanx-as-x-to--2,Yes,Excluded,,,Yes,Partial,0,0,Unknown,,Not reviewed
https://derivativecalculatorai.com/limit-of-1-over-3cosx--1-over-1-over-x2-as-x-to--1,limit-of-1-over-3cosx--1-over-1-over-x2-as-x-to--1,problems.json,limit,problem,200,Yes,index,https://derivativecalculatorai.com/limit-of-1-over-3cosx--1-over-1-over-x2-as-x-to--1,Yes,Excluded,,,Yes,Partial,0,0,Unknown,,Not reviewed
https://derivativecalculatorai.com/limit-of-x-4ex-over-x-as-x-to--2,limit-of-x-4ex-over-x-as-x-to--2,problems.json,limit,problem,200,Yes,index,https://derivativecalculatorai.com/limit-of-x-4ex-over-x-as-x-to--2,Yes,Excluded,,,Yes,Partial,0,0,Unknown,,Not reviewed
https://derivativecalculatorai.com/limit-of-3x2--3ex2-as-x-to--2,limit-of-3x2--3ex2-as-x-to--2,problems.json,limit,problem,200,Yes,index,https://derivativecalculatorai.com/limit-of-3x2--3ex2-as-x-to--2,Yes,Excluded,,,Yes,Partial,0,0,Unknown,,Not reviewed
https://derivativecalculatorai.com/limit-of-1-over-3x3--1-over-5ex-as-x-to-inf,limit-of-1-over-3x3--1-over-5ex-as-x-to-inf,problems.json,limit,problem,200,Yes,index,https://derivativecalculatorai.com/limit-of-1-over-3x3--1-over-5ex-as-x-to-inf,Yes,Excluded,,,Yes,Partial,0,0,Unknown,,Not reviewed
https://derivativecalculatorai.com/limit-of-51-over-x-over-3x-as-x-to-2,limit-of-51-over-x-over-3x-as-x-to-2,problems.json,limit,problem,200,Yes,index,https://derivativecalculatorai.com/limit-of-51-over-x-over-3x-as-x-to-2,Yes,Excluded,,,Yes,Partial,0,0,Unknown,,Not reviewed
https://derivativecalculatorai.com/limit-of-1-over-x2--31-over-x22-as-x-to-inf,limit-of-1-over-x2--31-over-x22-as-x-to-inf,problems.json,limit,problem,200,Yes,index,https://derivativecalculatorai.com/limit-of-1-over-x2--31-over-x22-as-x-to-inf,Yes,Excluded,,,Yes,Partial,0,0,Unknown,,Not reviewed
https://derivativecalculatorai.com/limit-of-2sinx-over-3tanx-as-x-to-pi-2,limit-of-2sinx-over-3tanx-as-x-to-pi-2,problems.json,limit,problem,200,Yes,index,https://derivativecalculatorai.com/limit-of-2sinx-over-3tanx-as-x-to-pi-2,Yes,Excluded,,,Yes,Partial,0,0,Unknown,,Not reviewed
https://derivativecalculatorai.com/limit-of-sqrt1-over-x2--sqrtsqrtx-as-x-to-pi-2,limit-of-sqrt1-over-x2--sqrtsqrtx-as-x-to-pi-2,problems.json,limit,problem,200,Yes,index,https://derivativecalculatorai.com/limit-of-sqrt1-over-x2--sqrtsqrtx-as-x-to-pi-2,Yes,Excluded,,,Yes,Partial,0,0,Unknown,,Not reviewed
https://derivativecalculatorai.com/limit-of-1-over-3cosx--1-over-2tanx-as-x-to-1,limit-of-1-over-3cosx--1-over-2tanx-as-x-to-1,problems.json,limit,problem,200,Yes,index,https://derivativecalculatorai.com/limit-of-1-over-3cosx--1-over-2tanx-as-x-to-1,Yes,Excluded,,,Yes,Partial,0,0,Unknown,,Not reviewed
https://derivativecalculatorai.com/limit-of-sqrt3x--sqrtx-as-x-to-pi,limit-of-sqrt3x--sqrtx-as-x-to-pi,problems.json,limit,problem,200,Yes,index,https://derivativecalculatorai.com/limit-of-sqrt3x--sqrtx-as-x-to-pi,Yes,Excluded,,,Yes,Partial,0,0,Unknown,,Not reviewed
https://derivativecalculatorai.com/limit-of-1-over-x3--1-over-2cosx-as-x-to--2,limit-of-1-over-x3--1-over-2cosx-as-x-to--2,problems.json,limit,problem,200,Yes,index,https://derivativecalculatorai.com/limit-of-1-over-x3--1-over-2cosx-as-x-to--2,Yes,Excluded,,,Yes,Partial,0,0,Unknown,,Not reviewed
https://derivativecalculatorai.com/limit-of-2ex2--lnx2-as-x-to-2,limit-of-2ex2--lnx2-as-x-to-2,problems.json,limit,problem,200,Yes,index,https://derivativecalculatorai.com/limit-of-2ex2--lnx2-as-x-to-2,Yes,Excluded,,,Yes,Partial,0,0,Unknown,,Not reviewed
https://derivativecalculatorai.com/limit-of-x2-over-3lnx-as-x-to-2,limit-of-x2-over-3lnx-as-x-to-2,problems.json,limit,problem,200,Yes,index,https://derivativecalculatorai.com/limit-of-x2-over-3lnx-as-x-to-2,Yes,Excluded,,,Yes,Partial,0,0,Unknown,,Not reviewed
https://derivativecalculatorai.com/limit-of-2tanx-1-over-x2-over-absx-as-x-to--inf,limit-of-2tanx-1-over-x2-over-absx-as-x-to--inf,problems.json,limit,problem,200,Yes,index,https://derivativecalculatorai.com/limit-of-2tanx-1-over-x2-over-absx-as-x-to--inf,Yes,Excluded,,,Yes,Partial,0,0,Unknown,,Not reviewed
https://derivativecalculatorai.com/limit-of-sqrtx-sqrtx-over-x2-as-x-to--1,limit-of-sqrtx-sqrtx-over-x2-as-x-to--1,problems.json,limit,problem,200,Yes,index,https://derivativecalculatorai.com/limit-of-sqrtx-sqrtx-over-x2-as-x-to--1,Yes,Excluded,,,Yes,Partial,0,0,Unknown,,Not reviewed
https://derivativecalculatorai.com/limit-of-lnx--ex-over-absx--sqrtx-as-x-to-2,limit-of-lnx--ex-over-absx--sqrtx-as-x-to-2,problems.json,limit,problem,200,Yes,index,https://derivativecalculatorai.com/limit-of-lnx--ex-over-absx--sqrtx-as-x-to-2,Yes,Excluded,,,Yes,Partial,0,0,Unknown,,Not reviewed
https://derivativecalculatorai.com/limit-of-1-over-2sinx--1-over-1-over-x-as-x-to-inf,limit-of-1-over-2sinx--1-over-1-over-x-as-x-to-inf,problems.json,limit,problem,200,Yes,index,https://derivativecalculatorai.com/limit-of-1-over-2sinx--1-over-1-over-x-as-x-to-inf,Yes,Excluded,,,Yes,Partial,0,0,Unknown,,Not reviewed
https://derivativecalculatorai.com/limit-of-3x2--1-over-x22-as-x-to-2,limit-of-3x2--1-over-x22-as-x-to-2,problems.json,limit,problem,200,Yes,index,https://derivativecalculatorai.com/limit-of-3x2--1-over-x22-as-x-to-2,Yes,Excluded,,,Yes,Partial,0,0,Unknown,,Not reviewed
https://derivativecalculatorai.com/limit-of-3sinx--2tanx-over-1-over-x2--1-over-x2-as-x-to--2,limit-of-3sinx--2tanx-over-1-over-x2--1-over-x2-as-x-to--2,problems.json,limit,problem,200,No,noindex,https://derivativecalculatorai.com/limit-of-3sinx--2tanx-over-1-over-x2--1-over-x2-as-x-to--2,Yes,Excluded,,,Yes,Partial,0,0,Unknown,,Not reviewed
https://derivativecalculatorai.com/limit-of-1-over-4lnx--1-over-2sqrtx-as-x-to--2,limit-of-1-over-4lnx--1-over-2sqrtx-as-x-to--2,problems.json,limit,problem,200,Yes,index,https://derivativecalculatorai.com/limit-of-1-over-4lnx--1-over-2sqrtx-as-x-to--2,Yes,Excluded,,,Yes,Partial,0,0,Unknown,,Not reviewed
https://derivativecalculatorai.com/limit-of-5cosx-2lnx-over-x-as-x-to--inf,limit-of-5cosx-2lnx-over-x-as-x-to--inf,problems.json,limit,problem,200,Yes,index,https://derivativecalculatorai.com/limit-of-5cosx-2lnx-over-x-as-x-to--inf,Yes,Excluded,,,Yes,Partial,0,0,Unknown,,Not reviewed
https://derivativecalculatorai.com/limit-of-sqrt31-over-x2--sqrt4tanx-as-x-to-0,limit-of-sqrt31-over-x2--sqrt4tanx-as-x-to-0,problems.json,limit,problem,200,Yes,index,https://derivativecalculatorai.com/limit-of-sqrt31-over-x2--sqrt4tanx-as-x-to-0,Yes,Excluded,,,Yes,Partial,0,0,Unknown,,Not reviewed
https://derivativecalculatorai.com/limit-of-2sinx2--31-over-x22-as-x-to-1,limit-of-2sinx2--31-over-x22-as-x-to-1,problems.json,limit,problem,200,Yes,index,https://derivativecalculatorai.com/limit-of-2sinx2--31-over-x22-as-x-to-1,Yes,Excluded,,,Yes,Partial,0,0,Unknown,,Not reviewed
https://derivativecalculatorai.com/limit-of-sqrtcosx--sqrtabsx-as-x-to-1,limit-of-sqrtcosx--sqrtabsx-as-x-to-1,problems.json,limit,problem,200,Yes,index,https://derivativecalculatorai.com/limit-of-sqrtcosx--sqrtabsx-as-x-to-1,Yes,Excluded,,,Yes,Partial,0,0,Unknown,,Not reviewed
https://derivativecalculatorai.com/limit-of-sqrttanx--sqrt2absx-as-x-to-inf,limit-of-sqrttanx--sqrt2absx-as-x-to-inf,problems.json,limit,problem,200,Yes,index,https://derivativecalculatorai.com/limit-of-sqrttanx--sqrt2absx-as-x-to-inf,Yes,Excluded,,,Yes,Partial,0,0,Unknown,,Not reviewed
https://derivativecalculatorai.com/limit-of-5sqrtx2--x2-as-x-to-2,limit-of-5sqrtx2--x2-as-x-to-2,problems.json,limit,problem,200,Yes,index,https://derivativecalculatorai.com/limit-of-5sqrtx2--x2-as-x-to-2,Yes,Excluded,,,Yes,Partial,0,0,Unknown,,Not reviewed
https://derivativecalculatorai.com/limit-of-1-over-x2--sqrtx2-as-x-to-1,limit-of-1-over-x2--sqrtx2-as-x-to-1,problems.json,limit,problem,200,Yes,index,https://derivativecalculatorai.com/limit-of-1-over-x2--sqrtx2-as-x-to-1,Yes,Excluded,,,Yes,Partial,0,0,Unknown,,Not reviewed
https://derivativecalculatorai.com/limit-of-sqrtlnx--sqrt5x2-as-x-to--1,limit-of-sqrtlnx--sqrt5x2-as-x-to--1,problems.json,limit,problem,200,No,noindex,https://derivativecalculatorai.com/limit-of-sqrtlnx--sqrt5x2-as-x-to--1,Yes,Excluded,,,Yes,Partial,0,0,Unknown,,Not reviewed
https://derivativecalculatorai.com/limit-of-21-over-x2-over-41-over-x-as-x-to-2,limit-of-21-over-x2-over-41-over-x-as-x-to-2,problems.json,limit,problem,200,Yes,index,https://derivativecalculatorai.com/limit-of-21-over-x2-over-41-over-x-as-x-to-2,Yes,Excluded,,,Yes,Partial,0,0,Unknown,,Not reviewed
https://derivativecalculatorai.com/limit-of-absx--2absx-over-sqrtx--cosx-as-x-to-pi-2,limit-of-absx--2absx-over-sqrtx--cosx-as-x-to-pi-2,problems.json,limit,problem,200,Yes,index,https://derivativecalculatorai.com/limit-of-absx--2absx-over-sqrtx--cosx-as-x-to-pi-2,Yes,Excluded,,,Yes,Partial,0,0,Unknown,,Not reviewed
https://derivativecalculatorai.com/limit-of-2x2--21-over-x22-as-x-to-pi-2,limit-of-2x2--21-over-x22-as-x-to-pi-2,problems.json,limit,problem,200,Yes,index,https://derivativecalculatorai.com/limit-of-2x2--21-over-x22-as-x-to-pi-2,Yes,Excluded,,,Yes,Partial,0,0,Unknown,,Not reviewed
https://derivativecalculatorai.com/limit-of-3lnx--x3-over-lnx--lnx-as-x-to--1,limit-of-3lnx--x3-over-lnx--lnx-as-x-to--1,problems.json,limit,problem,200,Yes,index,https://derivativecalculatorai.com/limit-of-3lnx--x3-over-lnx--lnx-as-x-to--1,Yes,Excluded,,,Yes,Partial,0,0,Unknown,,Not reviewed
https://derivativecalculatorai.com/limit-of-4x-5ex-over-1-over-x2-as-x-to-pi,limit-of-4x-5ex-over-1-over-x2-as-x-to-pi,problems.json,limit,problem,200,Yes,index,https://derivativecalculatorai.com/limit-of-4x-5ex-over-1-over-x2-as-x-to-pi,Yes,Excluded,,,Yes,Partial,0,0,Unknown,,Not reviewed
https://derivativecalculatorai.com/limit-of-1-over-sqrtx--1-over-3sinx-as-x-to-pi-2,limit-of-1-over-sqrtx--1-over-3sinx-as-x-to-pi-2,problems.json,limit,problem,200,Yes,index,https://derivativecalculatorai.com/limit-of-1-over-sqrtx--1-over-3sinx-as-x-to-pi-2,Yes,Excluded,,,Yes,Partial,0,0,Unknown,,Not reviewed
https://derivativecalculatorai.com/limit-of-2x--x3-over-1-over-x2--1-over-x-as-x-to-0,limit-of-2x--x3-over-1-over-x2--1-over-x-as-x-to-0,problems.json,limit,problem,200,Yes,index,https://derivativecalculatorai.com/limit-of-2x--x3-over-1-over-x2--1-over-x-as-x-to-0,Yes,Excluded,,,Yes,Partial,0,0,Unknown,,Not reviewed
https://derivativecalculatorai.com/limit-of-tanx--cosx-over-lnx--lnx-as-x-to--1,limit-of-tanx--cosx-over-lnx--lnx-as-x-to--1,problems.json,limit,problem,200,Yes,index,https://derivativecalculatorai.com/limit-of-tanx--cosx-over-lnx--lnx-as-x-to--1,Yes,Excluded,,,Yes,Partial,0,0,Unknown,,Not reviewed
https://derivativecalculatorai.com/limit-of-1-over-tanx--1-over-1-over-x-as-x-to-pi-2,limit-of-1-over-tanx--1-over-1-over-x-as-x-to-pi-2,problems.json,limit,problem,200,No,noindex,https://derivativecalculatorai.com/limit-of-1-over-tanx--1-over-1-over-x-as-x-to-pi-2,Yes,Excluded,,,Yes,Partial,0,0,Unknown,,Not reviewed
https://derivativecalculatorai.com/limit-of-1-over-3lnx--1-over-4x-as-x-to-2,limit-of-1-over-3lnx--1-over-4x-as-x-to-2,problems.json,limit,problem,200,Yes,index,https://derivativecalculatorai.com/limit-of-1-over-3lnx--1-over-4x-as-x-to-2,Yes,Excluded,,,Yes,Partial,0,0,Unknown,,Not reviewed
https://derivativecalculatorai.com/limit-of-4x-5x2-over-sqrtx-as-x-to-pi-2,limit-of-4x-5x2-over-sqrtx-as-x-to-pi-2,problems.json,limit,problem,200,Yes,index,https://derivativecalculatorai.com/limit-of-4x-5x2-over-sqrtx-as-x-to-pi-2,Yes,Excluded,,,Yes,Partial,0,0,Unknown,,Not reviewed
https://derivativecalculatorai.com/limit-of-ex--absx-over-ex--sqrtx-as-x-to--2,limit-of-ex--absx-over-ex--sqrtx-as-x-to--2,problems.json,limit,problem,200,Yes,index,https://derivativecalculatorai.com/limit-of-ex--absx-over-ex--sqrtx-as-x-to--2,Yes,Excluded,,,Yes,Partial,0,0,Unknown,,Not reviewed
https://derivativecalculatorai.com/limit-of-21-over-x2-1-over-x-over-absx-as-x-to--inf,limit-of-21-over-x2-1-over-x-over-absx-as-x-to--inf,problems.json,limit,problem,200,No,noindex,https://derivativecalculatorai.com/limit-of-21-over-x2-1-over-x-over-absx-as-x-to--inf,Yes,Excluded,,,Yes,Partial,0,0,Unknown,,Not reviewed
https://derivativecalculatorai.com/limit-of-sqrt4sqrtx--sqrtx3-as-x-to--2,limit-of-sqrt4sqrtx--sqrtx3-as-x-to--2,problems.json,limit,problem,200,Yes,index,https://derivativecalculatorai.com/limit-of-sqrt4sqrtx--sqrtx3-as-x-to--2,Yes,Excluded,,,Yes,Partial,0,0,Unknown,,Not reviewed
https://derivativecalculatorai.com/limit-of-1-over-2sqrtx--1-over-4sinx-as-x-to-inf,limit-of-1-over-2sqrtx--1-over-4sinx-as-x-to-inf,problems.json,limit,problem,200,Yes,index,https://derivativecalculatorai.com/limit-of-1-over-2sqrtx--1-over-4sinx-as-x-to-inf,Yes,Excluded,,,Yes,Partial,0,0,Unknown,,Not reviewed
https://derivativecalculatorai.com/limit-of-sinx2--1-over-x2-as-x-to-pi-2,limit-of-sinx2--1-over-x2-as-x-to-pi-2,problems.json,limit,problem,200,Yes,index,https://derivativecalculatorai.com/limit-of-sinx2--1-over-x2-as-x-to-pi-2,Yes,Excluded,,,Yes,Partial,0,0,Unknown,,Not reviewed
https://derivativecalculatorai.com/limit-of-sqrt5absx--sqrtx3-as-x-to--2,limit-of-sqrt5absx--sqrtx3-as-x-to--2,problems.json,limit,problem,200,Yes,index,https://derivativecalculatorai.com/limit-of-sqrt5absx--sqrtx3-as-x-to--2,Yes,Excluded,,,Yes,Partial,0,0,Unknown,,Not reviewed
https://derivativecalculatorai.com/limit-of-x2--4lnx2-as-x-to-2,limit-of-x2--4lnx2-as-x-to-2,problems.json,limit,problem,200,Yes,index,https://derivativecalculatorai.com/limit-of-x2--4lnx2-as-x-to-2,Yes,Excluded,,,Yes,Partial,0,0,Unknown,,Not reviewed
https://derivativecalculatorai.com/limit-of-x2-over-sqrtx-as-x-to-1,limit-of-x2-over-sqrtx-as-x-to-1,problems.json,limit,problem,200,Yes,index,https://derivativecalculatorai.com/limit-of-x2-over-sqrtx-as-x-to-1,Yes,Excluded,,,Yes,Partial,0,0,Unknown,,Not reviewed
https://derivativecalculatorai.com/limit-of-lnx-over-absx-as-x-to--inf,limit-of-lnx-over-absx-as-x-to--inf,problems.json,limit,problem,200,Yes,index,https://derivativecalculatorai.com/limit-of-lnx-over-absx-as-x-to--inf,Yes,Excluded,,,Yes,Partial,0,0,Unknown,,Not reviewed
https://derivativecalculatorai.com/limit-of-ex-tanx-over-1-over-x-as-x-to--inf,limit-of-ex-tanx-over-1-over-x-as-x-to--inf,problems.json,limit,problem,200,Yes,index,https://derivativecalculatorai.com/limit-of-ex-tanx-over-1-over-x-as-x-to--inf,Yes,Excluded,,,Yes,Partial,0,0,Unknown,,Not reviewed
https://derivativecalculatorai.com/limit-of-2cosx-1-over-x-over-sqrtx-as-x-to-inf,limit-of-2cosx-1-over-x-over-sqrtx-as-x-to-inf,problems.json,limit,problem,200,Yes,index,https://derivativecalculatorai.com/limit-of-2cosx-1-over-x-over-sqrtx-as-x-to-inf,Yes,Excluded,,,Yes,Partial,0,0,Unknown,,Not reviewed
https://derivativecalculatorai.com/limit-of-1-over-3lnx--1-over-4x2-as-x-to-1,limit-of-1-over-3lnx--1-over-4x2-as-x-to-1,problems.json,limit,problem,200,Yes,index,https://derivativecalculatorai.com/limit-of-1-over-3lnx--1-over-4x2-as-x-to-1,Yes,Excluded,,,Yes,Partial,0,0,Unknown,,Not reviewed
https://derivativecalculatorai.com/limit-of-sqrt31-over-x--sqrt2tanx-as-x-to-2,limit-of-sqrt31-over-x--sqrt2tanx-as-x-to-2,problems.json,limit,problem,200,Yes,index,https://derivativecalculatorai.com/limit-of-sqrt31-over-x--sqrt2tanx-as-x-to-2,Yes,Excluded,,,Yes,Partial,0,0,Unknown,,Not reviewed
https://derivativecalculatorai.com/limit-of-x3-cosx-over-x2-as-x-to-pi-2,limit-of-x3-cosx-over-x2-as-x-to-pi-2,problems.json,limit,problem,200,Yes,index,https://derivativecalculatorai.com/limit-of-x3-cosx-over-x2-as-x-to-pi-2,Yes,Excluded,,,Yes,Partial,0,0,Unknown,,Not reviewed
https://derivativecalculatorai.com/limit-of-x22--5tanx2-as-x-to-1,limit-of-x22--5tanx2-as-x-to-1,problems.json,limit,problem,200,Yes,index,https://derivativecalculatorai.com/limit-of-x22--5tanx2-as-x-to-1,Yes,Excluded,,,Yes,Partial,0,0,Unknown,,Not reviewed
https://derivativecalculatorai.com/limit-of-1-over-x2-over-1-over-x-as-x-to--1,limit-of-1-over-x2-over-1-over-x-as-x-to--1,problems.json,limit,problem,200,Yes,index,https://derivativecalculatorai.com/limit-of-1-over-x2-over-1-over-x-as-x-to--1,Yes,Excluded,,,Yes,Partial,0,0,Unknown,,Not reviewed
https://derivativecalculatorai.com/limit-of-cosx-over-sinx-as-x-to-pi-2,limit-of-cosx-over-sinx-as-x-to-pi-2,problems.json,limit,problem,200,Yes,index,https://derivativecalculatorai.com/limit-of-cosx-over-sinx-as-x-to-pi-2,Yes,Excluded,,,Yes,Partial,0,0,Unknown,,Not reviewed
https://derivativecalculatorai.com/limit-of-5sinx-2sinx-over-tanx-as-x-to-inf,limit-of-5sinx-2sinx-over-tanx-as-x-to-inf,problems.json,limit,problem,200,Yes,index,https://derivativecalculatorai.com/limit-of-5sinx-2sinx-over-tanx-as-x-to-inf,Yes,Excluded,,,Yes,Partial,0,0,Unknown,,Not reviewed
https://derivativecalculatorai.com/limit-of-1-over-x2--sinx-over-tanx--1-over-x-as-x-to-pi-2,limit-of-1-over-x2--sinx-over-tanx--1-over-x-as-x-to-pi-2,problems.json,limit,problem,200,No,noindex,https://derivativecalculatorai.com/limit-of-1-over-x2--sinx-over-tanx--1-over-x-as-x-to-pi-2,Yes,Excluded,,,Yes,Partial,0,0,Unknown,,Not reviewed
https://derivativecalculatorai.com/limit-of-sqrt3sqrtx--sqrt5sqrtx-as-x-to-pi-2,limit-of-sqrt3sqrtx--sqrt5sqrtx-as-x-to-pi-2,problems.json,limit,problem,200,Yes,index,https://derivativecalculatorai.com/limit-of-sqrt3sqrtx--sqrt5sqrtx-as-x-to-pi-2,Yes,Excluded,,,Yes,Partial,0,0,Unknown,,Not reviewed
https://derivativecalculatorai.com/limit-of-1-over-x2-over-ex-as-x-to-pi,limit-of-1-over-x2-over-ex-as-x-to-pi,problems.json,limit,problem,200,Yes,index,https://derivativecalculatorai.com/limit-of-1-over-x2-over-ex-as-x-to-pi,Yes,Excluded,,,Yes,Partial,0,0,Unknown,,Not reviewed
https://derivativecalculatorai.com/limit-of-1-over-3x3--1-over-lnx-as-x-to-inf,limit-of-1-over-3x3--1-over-lnx-as-x-to-inf,problems.json,limit,problem,200,Yes,index,https://derivativecalculatorai.com/limit-of-1-over-3x3--1-over-lnx-as-x-to-inf,Yes,Excluded,,,Yes,Partial,0,0,Unknown,,Not reviewed
https://derivativecalculatorai.com/limit-of-1-over-x2-cosx-over-sqrtx-as-x-to-inf,limit-of-1-over-x2-cosx-over-sqrtx-as-x-to-inf,problems.json,limit,problem,200,Yes,index,https://derivativecalculatorai.com/limit-of-1-over-x2-cosx-over-sqrtx-as-x-to-inf,Yes,Excluded,,,Yes,Partial,0,0,Unknown,,Not reviewed
https://derivativecalculatorai.com/limit-of-sqrtx--sqrtx2-as-x-to--2,limit-of-sqrtx--sqrtx2-as-x-to--2,problems.json,limit,problem,200,Yes,index,https://derivativecalculatorai.com/limit-of-sqrtx--sqrtx2-as-x-to--2,Yes,Excluded,,,Yes,Partial,0,0,Unknown,,Not reviewed
https://derivativecalculatorai.com/limit-of-lnx-4sqrtx-over-ex-as-x-to-inf,limit-of-lnx-4sqrtx-over-ex-as-x-to-inf,problems.json,limit,problem,200,Yes,index,https://derivativecalculatorai.com/limit-of-lnx-4sqrtx-over-ex-as-x-to-inf,Yes,Excluded,,,Yes,Partial,0,0,Unknown,,Not reviewed
https://derivativecalculatorai.com/limit-of-1-over-4sqrtx--1-over-2cosx-as-x-to-2,limit-of-1-over-4sqrtx--1-over-2cosx-as-x-to-2,problems.json,limit,problem,200,Yes,index,https://derivativecalculatorai.com/limit-of-1-over-4sqrtx--1-over-2cosx-as-x-to-2,Yes,Excluded,,,Yes,Partial,0,0,Unknown,,Not reviewed
https://derivativecalculatorai.com/limit-of-sqrt3x3--sqrtsinx-as-x-to-inf,limit-of-sqrt3x3--sqrtsinx-as-x-to-inf,problems.json,limit,problem,200,Yes,index,https://derivativecalculatorai.com/limit-of-sqrt3x3--sqrtsinx-as-x-to-inf,Yes,Excluded,,,Yes,Partial,0,0,Unknown,,Not reviewed
https://derivativecalculatorai.com/limit-of-x3-over-tanx-as-x-to-inf,limit-of-x3-over-tanx-as-x-to-inf,problems.json,limit,problem,200,Yes,index,https://derivativecalculatorai.com/limit-of-x3-over-tanx-as-x-to-inf,Yes,Excluded,,,Yes,Partial,0,0,Unknown,,Not reviewed
https://derivativecalculatorai.com/limit-of-sqrtx2--sqrt3absx-as-x-to-1,limit-of-sqrtx2--sqrt3absx-as-x-to-1,problems.json,limit,problem,200,Yes,index,https://derivativecalculatorai.com/limit-of-sqrtx2--sqrt3absx-as-x-to-1,Yes,Excluded,,,Yes,Partial,0,0,Unknown,,Not reviewed
https://derivativecalculatorai.com/limit-of-sqrt2x3--sqrt31-over-x2-as-x-to--1,limit-of-sqrt2x3--sqrt31-over-x2-as-x-to--1,problems.json,limit,problem,200,Yes,index,https://derivativecalculatorai.com/limit-of-sqrt2x3--sqrt31-over-x2-as-x-to--1,Yes,Excluded,,,Yes,Partial,0,0,Unknown,,Not reviewed
https://derivativecalculatorai.com/limit-of-lnx2--absx2-as-x-to-2,limit-of-lnx2--absx2-as-x-to-2,problems.json,limit,problem,200,Yes,index,https://derivativecalculatorai.com/limit-of-lnx2--absx2-as-x-to-2,Yes,Excluded,,,Yes,Partial,0,0,Unknown,,Not reviewed
https://derivativecalculatorai.com/limit-of-2sqrtx--x-over-sqrtx--1-over-x2-as-x-to--1,limit-of-2sqrtx--x-over-sqrtx--1-over-x2-as-x-to--1,problems.json,limit,problem,200,No,noindex,https://derivativecalculatorai.com/limit-of-2sqrtx--x-over-sqrtx--1-over-x2-as-x-to--1,Yes,Excluded,,,Yes,Partial,0,0,Unknown,,Not reviewed
https://derivativecalculatorai.com/limit-of-1-over-x3--1-over-x-as-x-to-1,limit-of-1-over-x3--1-over-x-as-x-to-1,problems.json,limit,problem,200,Yes,index,https://derivativecalculatorai.com/limit-of-1-over-x3--1-over-x-as-x-to-1,Yes,Excluded,,,Yes,Partial,0,0,Unknown,,Not reviewed
https://derivativecalculatorai.com/limit-of-x-5absx-over-lnx-as-x-to--1,limit-of-x-5absx-over-lnx-as-x-to--1,problems.json,limit,problem,200,Yes,index,https://derivativecalculatorai.com/limit-of-x-5absx-over-lnx-as-x-to--1,Yes,Excluded,,,Yes,Partial,0,0,Unknown,,Not reviewed
https://derivativecalculatorai.com/limit-of-x2-ex-over-x-as-x-to--inf,limit-of-x2-ex-over-x-as-x-to--inf,problems.json,limit,problem,200,Yes,index,https://derivativecalculatorai.com/limit-of-x2-ex-over-x-as-x-to--inf,Yes,Excluded,,,Yes,Partial,0,0,Unknown,,Not reviewed
https://derivativecalculatorai.com/limit-of-5tanx-over-1-over-x-as-x-to-pi,limit-of-5tanx-over-1-over-x-as-x-to-pi,problems.json,limit,problem,200,Yes,index,https://derivativecalculatorai.com/limit-of-5tanx-over-1-over-x-as-x-to-pi,Yes,Excluded,,,Yes,Partial,0,0,Unknown,,Not reviewed
https://derivativecalculatorai.com/limit-of-3ex-over-x2-as-x-to-0,limit-of-3ex-over-x2-as-x-to-0,problems.json,limit,problem,200,Yes,index,https://derivativecalculatorai.com/limit-of-3ex-over-x2-as-x-to-0,Yes,Excluded,,,Yes,Partial,0,0,Unknown,,Not reviewed
https://derivativecalculatorai.com/limit-of-3x22--lnx2-as-x-to--2,limit-of-3x22--lnx2-as-x-to--2,problems.json,limit,problem,200,Yes,index,https://derivativecalculatorai.com/limit-of-3x22--lnx2-as-x-to--2,Yes,Excluded,,,Yes,Partial,0,0,Unknown,,Not reviewed
https://derivativecalculatorai.com/limit-of-5x-4x3-over-sinx-as-x-to--1,limit-of-5x-4x3-over-sinx-as-x-to--1,problems.json,limit,problem,200,Yes,index,https://derivativecalculatorai.com/limit-of-5x-4x3-over-sinx-as-x-to--1,Yes,Excluded,,,Yes,Partial,0,0,Unknown,,Not reviewed
https://derivativecalculatorai.com/limit-of-2lnx--4tanx-over-1-over-x--lnx-as-x-to-inf,limit-of-2lnx--4tanx-over-1-over-x--lnx-as-x-to-inf,problems.json,limit,problem,200,No,noindex,https://derivativecalculatorai.com/limit-of-2lnx--4tanx-over-1-over-x--lnx-as-x-to-inf,Yes,Excluded,,,Yes,Partial,0,0,Unknown,,Not reviewed
https://derivativecalculatorai.com/limit-of-x2--absx2-as-x-to--1,limit-of-x2--absx2-as-x-to--1,problems.json,limit,problem,200,Yes,index,https://derivativecalculatorai.com/limit-of-x2--absx2-as-x-to--1,Yes,Excluded,,,Yes,Partial,0,0,Unknown,,Not reviewed
https://derivativecalculatorai.com/limit-of-3sqrtx-over-1-over-x2-as-x-to-pi-2,limit-of-3sqrtx-over-1-over-x2-as-x-to-pi-2,problems.json,limit,problem,200,Yes,index,https://derivativecalculatorai.com/limit-of-3sqrtx-over-1-over-x2-as-x-to-pi-2,Yes,Excluded,,,Yes,Partial,0,0,Unknown,,Not reviewed
https://derivativecalculatorai.com/limit-of-absx-x2-over-tanx-as-x-to--inf,limit-of-absx-x2-over-tanx-as-x-to--inf,problems.json,limit,problem,200,Yes,index,https://derivativecalculatorai.com/limit-of-absx-x2-over-tanx-as-x-to--inf,Yes,Excluded,,,Yes,Partial,0,0,Unknown,,Not reviewed
https://derivativecalculatorai.com/limit-of-21-over-x2-3absx-over-sinx-as-x-to--1,limit-of-21-over-x2-3absx-over-sinx-as-x-to--1,problems.json,limit,problem,200,Yes,index,https://derivativecalculatorai.com/limit-of-21-over-x2-3absx-over-sinx-as-x-to--1,Yes,Excluded,,,Yes,Partial,0,0,Unknown,,Not reviewed
https://derivativecalculatorai.com/limit-of-1-over-sqrtx--1-over-3ex-as-x-to--1,limit-of-1-over-sqrtx--1-over-3ex-as-x-to--1,problems.json,limit,problem,200,Yes,index,https://derivativecalculatorai.com/limit-of-1-over-sqrtx--1-over-3ex-as-x-to--1,Yes,Excluded,,,Yes,Partial,0,0,Unknown,,Not reviewed
https://derivativecalculatorai.com/limit-of-sqrtx-3tanx-over-tanx-as-x-to-2,limit-of-sqrtx-3tanx-over-tanx-as-x-to-2,problems.json,limit,problem,200,Yes,index,https://derivativecalculatorai.com/limit-of-sqrtx-3tanx-over-tanx-as-x-to-2,Yes,Excluded,,,Yes,Partial,0,0,Unknown,,Not reviewed
https://derivativecalculatorai.com/limit-of-5sinx-over-4x-as-x-to-pi,limit-of-5sinx-over-4x-as-x-to-pi,problems.json,limit,problem,200,Yes,index,https://derivativecalculatorai.com/limit-of-5sinx-over-4x-as-x-to-pi,Yes,Excluded,,,Yes,Partial,0,0,Unknown,,Not reviewed
https://derivativecalculatorai.com/limit-of-5sinx-over-lnx-as-x-to--2,limit-of-5sinx-over-lnx-as-x-to--2,problems.json,limit,problem,200,Yes,index,https://derivativecalculatorai.com/limit-of-5sinx-over-lnx-as-x-to--2,Yes,Excluded,,,Yes,Partial,0,0,Unknown,,Not reviewed
https://derivativecalculatorai.com/limit-of-4lnx-sinx-over-sqrtx-as-x-to-inf,limit-of-4lnx-sinx-over-sqrtx-as-x-to-inf,problems.json,limit,problem,200,Yes,index,https://derivativecalculatorai.com/limit-of-4lnx-sinx-over-sqrtx-as-x-to-inf,Yes,Excluded,,,Yes,Partial,0,0,Unknown,,Not reviewed
https://derivativecalculatorai.com/limit-of-1-over-1-over-x--1-over-3ex-as-x-to--inf,limit-of-1-over-1-over-x--1-over-3ex-as-x-to--inf,problems.json,limit,problem,200,Yes,index,https://derivativecalculatorai.com/limit-of-1-over-1-over-x--1-over-3ex-as-x-to--inf,Yes,Excluded,,,Yes,Partial,0,0,Unknown,,Not reviewed
https://derivativecalculatorai.com/limit-of-5tanx2--4sqrtx2-as-x-to-pi,limit-of-5tanx2--4sqrtx2-as-x-to-pi,problems.json,limit,problem,200,Yes,index,https://derivativecalculatorai.com/limit-of-5tanx2--4sqrtx2-as-x-to-pi,Yes,Excluded,,,Yes,Partial,0,0,Unknown,,Not reviewed
https://derivativecalculatorai.com/limit-of-sinx-x-over-absx-as-x-to--2,limit-of-sinx-x-over-absx-as-x-to--2,problems.json,limit,problem,200,Yes,index,https://derivativecalculatorai.com/limit-of-sinx-x-over-absx-as-x-to--2,Yes,Excluded,,,Yes,Partial,0,0,Unknown,,Not reviewed
https://derivativecalculatorai.com/limit-of-x2--x32-as-x-to-inf,limit-of-x2--x32-as-x-to-inf,problems.json,limit,problem,200,Yes,index,https://derivativecalculatorai.com/limit-of-x2--x32-as-x-to-inf,Yes,Excluded,,,Yes,Partial,0,0,Unknown,,Not reviewed
https://derivativecalculatorai.com/limit-of-2absx--1-over-x2-over-absx--absx-as-x-to-pi,limit-of-2absx--1-over-x2-over-absx--absx-as-x-to-pi,problems.json,limit,problem,200,No,noindex,https://derivativecalculatorai.com/limit-of-2absx--1-over-x2-over-absx--absx-as-x-to-pi,Yes,Excluded,,,Yes,Partial,0,0,Unknown,,Not reviewed
https://derivativecalculatorai.com/limit-of-sqrtx2--sqrt2ex-as-x-to-pi-2,limit-of-sqrtx2--sqrt2ex-as-x-to-pi-2,problems.json,limit,problem,200,No,noindex,https://derivativecalculatorai.com/limit-of-sqrtx2--sqrt2ex-as-x-to-pi-2,Yes,Excluded,,,Yes,Partial,0,0,Unknown,,Not reviewed
https://derivativecalculatorai.com/limit-of-2x3-2ex-over-sinx-as-x-to--2,limit-of-2x3-2ex-over-sinx-as-x-to--2,problems.json,limit,problem,200,Yes,index,https://derivativecalculatorai.com/limit-of-2x3-2ex-over-sinx-as-x-to--2,Yes,Excluded,,,Yes,Partial,0,0,Unknown,,Not reviewed
https://derivativecalculatorai.com/limit-of-x--absx-over-x2--x2-as-x-to-0,limit-of-x--absx-over-x2--x2-as-x-to-0,problems.json,limit,problem,200,Yes,index,https://derivativecalculatorai.com/limit-of-x--absx-over-x2--x2-as-x-to-0,Yes,Excluded,,,Yes,Partial,0,0,Unknown,,Not reviewed
https://derivativecalculatorai.com/limit-of-31-over-x2--x32-as-x-to-pi-2,limit-of-31-over-x2--x32-as-x-to-pi-2,problems.json,limit,problem,200,Yes,index,https://derivativecalculatorai.com/limit-of-31-over-x2--x32-as-x-to-pi-2,Yes,Excluded,,,Yes,Partial,0,0,Unknown,,Not reviewed
https://derivativecalculatorai.com/limit-of-absx-over-2tanx-as-x-to--inf,limit-of-absx-over-2tanx-as-x-to--inf,problems.json,limit,problem,200,Yes,index,https://derivativecalculatorai.com/limit-of-absx-over-2tanx-as-x-to--inf,Yes,Excluded,,,Yes,Partial,0,0,Unknown,,Not reviewed
https://derivativecalculatorai.com/limit-of-3lnx-5lnx-over-ex-as-x-to--2,limit-of-3lnx-5lnx-over-ex-as-x-to--2,problems.json,limit,problem,200,Yes,index,https://derivativecalculatorai.com/limit-of-3lnx-5lnx-over-ex-as-x-to--2,Yes,Excluded,,,Yes,Partial,0,0,Unknown,,Not reviewed
https://derivativecalculatorai.com/limit-of-1-over-x2--sqrtx-over-1-over-x2--cosx-as-x-to-pi,limit-of-1-over-x2--sqrtx-over-1-over-x2--cosx-as-x-to-pi,problems.json,limit,problem,200,No,noindex,https://derivativecalculatorai.com/limit-of-1-over-x2--sqrtx-over-1-over-x2--cosx-as-x-to-pi,Yes,Excluded,,,Yes,Partial,0,0,Unknown,,Not reviewed
https://derivativecalculatorai.com/limit-of-4x32--5sinx2-as-x-to-0,limit-of-4x32--5sinx2-as-x-to-0,problems.json,limit,problem,200,Yes,index,https://derivativecalculatorai.com/limit-of-4x32--5sinx2-as-x-to-0,Yes,Excluded,,,Yes,Partial,0,0,Unknown,,Not reviewed
https://derivativecalculatorai.com/limit-of-3lnx-tanx-over-1-over-x2-as-x-to--2,limit-of-3lnx-tanx-over-1-over-x2-as-x-to--2,problems.json,limit,problem,200,Yes,index,https://derivativecalculatorai.com/limit-of-3lnx-tanx-over-1-over-x2-as-x-to--2,Yes,Excluded,,,Yes,Partial,0,0,Unknown,,Not reviewed
https://derivativecalculatorai.com/limit-of-1-over-x-x3-over-ex-as-x-to--inf,limit-of-1-over-x-x3-over-ex-as-x-to--inf,problems.json,limit,problem,200,Yes,index,https://derivativecalculatorai.com/limit-of-1-over-x-x3-over-ex-as-x-to--inf,Yes,Excluded,,,Yes,Partial,0,0,Unknown,,Not reviewed
https://derivativecalculatorai.com/limit-of-cosx2--cosx2-as-x-to-0,limit-of-cosx2--cosx2-as-x-to-0,problems.json,limit,problem,200,No,noindex,https://derivativecalculatorai.com/limit-of-cosx2--cosx2-as-x-to-0,Yes,Excluded,,,Yes,Partial,0,0,Unknown,,Not reviewed
https://derivativecalculatorai.com/limit-of-1-over-2lnx--1-over-2absx-as-x-to--1,limit-of-1-over-2lnx--1-over-2absx-as-x-to--1,problems.json,limit,problem,200,Yes,index,https://derivativecalculatorai.com/limit-of-1-over-2lnx--1-over-2absx-as-x-to--1,Yes,Excluded,,,Yes,Partial,0,0,Unknown,,Not reviewed
https://derivativecalculatorai.com/limit-of-4lnx-over-2sqrtx-as-x-to-pi,limit-of-4lnx-over-2sqrtx-as-x-to-pi,problems.json,limit,problem,200,Yes,index,https://derivativecalculatorai.com/limit-of-4lnx-over-2sqrtx-as-x-to-pi,Yes,Excluded,,,Yes,Partial,0,0,Unknown,,Not reviewed
https://derivativecalculatorai.com/limit-of-sqrt2tanx--sqrt2tanx-as-x-to-inf,limit-of-sqrt2tanx--sqrt2tanx-as-x-to-inf,problems.json,limit,problem,200,Yes,index,https://derivativecalculatorai.com/limit-of-sqrt2tanx--sqrt2tanx-as-x-to-inf,Yes,Excluded,,,Yes,Partial,0,0,Unknown,,Not reviewed
https://derivativecalculatorai.com/limit-of-absx2--2x2-as-x-to-pi-2,limit-of-absx2--2x2-as-x-to-pi-2,problems.json,limit,problem,200,Yes,index,https://derivativecalculatorai.com/limit-of-absx2--2x2-as-x-to-pi-2,Yes,Excluded,,,Yes,Partial,0,0,Unknown,,Not reviewed
https://derivativecalculatorai.com/limit-of-sqrtlnx--sqrt2sqrtx-as-x-to-pi,limit-of-sqrtlnx--sqrt2sqrtx-as-x-to-pi,problems.json,limit,problem,200,Yes,index,https://derivativecalculatorai.com/limit-of-sqrtlnx--sqrt2sqrtx-as-x-to-pi,Yes,Excluded,,,Yes,Partial,0,0,Unknown,,Not reviewed
https://derivativecalculatorai.com/limit-of-1-over-lnx--1-over-ex-as-x-to-2,limit-of-1-over-lnx--1-over-ex-as-x-to-2,problems.json,limit,problem,200,Yes,index,https://derivativecalculatorai.com/limit-of-1-over-lnx--1-over-ex-as-x-to-2,Yes,Excluded,,,Yes,Partial,0,0,Unknown,,Not reviewed
https://derivativecalculatorai.com/limit-of-ex2--5ex2-as-x-to-pi-2,limit-of-ex2--5ex2-as-x-to-pi-2,problems.json,limit,problem,200,Yes,index,https://derivativecalculatorai.com/limit-of-ex2--5ex2-as-x-to-pi-2,Yes,Excluded,,,Yes,Partial,0,0,Unknown,,Not reviewed
https://derivativecalculatorai.com/limit-of-31-over-x22--4cosx2-as-x-to--inf,limit-of-31-over-x22--4cosx2-as-x-to--inf,problems.json,limit,problem,200,Yes,index,https://derivativecalculatorai.com/limit-of-31-over-x22--4cosx2-as-x-to--inf,Yes,Excluded,,,Yes,Partial,0,0,Unknown,,Not reviewed
https://derivativecalculatorai.com/limit-of-5x3-over-lnx-as-x-to--1,limit-of-5x3-over-lnx-as-x-to--1,problems.json,limit,problem,200,Yes,index,https://derivativecalculatorai.com/limit-of-5x3-over-lnx-as-x-to--1,Yes,Excluded,,,Yes,Partial,0,0,Unknown,,Not reviewed
https://derivativecalculatorai.com/limit-of-1-over-3x3--1-over-x2-as-x-to--2,limit-of-1-over-3x3--1-over-x2-as-x-to--2,problems.json,limit,problem,200,Yes,index,https://derivativecalculatorai.com/limit-of-1-over-3x3--1-over-x2-as-x-to--2,Yes,Excluded,,,Yes,Partial,0,0,Unknown,,Not reviewed
https://derivativecalculatorai.com/limit-of-4cosx-2sinx-over-sinx-as-x-to-1,limit-of-4cosx-2sinx-over-sinx-as-x-to-1,problems.json,limit,problem,200,Yes,index,https://derivativecalculatorai.com/limit-of-4cosx-2sinx-over-sinx-as-x-to-1,Yes,Excluded,,,Yes,Partial,0,0,Unknown,,Not reviewed
https://derivativecalculatorai.com/limit-of-3tanx-4x2-over-1-over-x-as-x-to--1,limit-of-3tanx-4x2-over-1-over-x-as-x-to--1,problems.json,limit,problem,200,Yes,index,https://derivativecalculatorai.com/limit-of-3tanx-4x2-over-1-over-x-as-x-to--1,Yes,Excluded,,,Yes,Partial,0,0,Unknown,,Not reviewed
https://derivativecalculatorai.com/limit-of-absx2--2cosx2-as-x-to--inf,limit-of-absx2--2cosx2-as-x-to--inf,problems.json,limit,problem,200,Yes,index,https://derivativecalculatorai.com/limit-of-absx2--2cosx2-as-x-to--inf,Yes,Excluded,,,Yes,Partial,0,0,Unknown,,Not reviewed
https://derivativecalculatorai.com/limit-of-1-over-x2-3x3-over-sqrtx-as-x-to-pi,limit-of-1-over-x2-3x3-over-sqrtx-as-x-to-pi,problems.json,limit,problem,200,Yes,index,https://derivativecalculatorai.com/limit-of-1-over-x2-3x3-over-sqrtx-as-x-to-pi,Yes,Excluded,,,Yes,Partial,0,0,Unknown,,Not reviewed
https://derivativecalculatorai.com/limit-of-x2--5ex-over-lnx--tanx-as-x-to--2,limit-of-x2--5ex-over-lnx--tanx-as-x-to--2,problems.json,limit,problem,200,Yes,index,https://derivativecalculatorai.com/limit-of-x2--5ex-over-lnx--tanx-as-x-to--2,Yes,Excluded,,,Yes,Partial,0,0,Unknown,,Not reviewed
https://derivativecalculatorai.com/limit-of-31-over-x-over-41-over-x2-as-x-to--1,limit-of-31-over-x-over-41-over-x2-as-x-to--1,problems.json,limit,problem,200,Yes,index,https://derivativecalculatorai.com/limit-of-31-over-x-over-41-over-x2-as-x-to--1,Yes,Excluded,,,Yes,Partial,0,0,Unknown,,Not reviewed
https://derivativecalculatorai.com/limit-of-absx-over-1-over-x-as-x-to-pi,limit-of-absx-over-1-over-x-as-x-to-pi,problems.json,limit,problem,200,No,noindex,https://derivativecalculatorai.com/limit-of-absx-over-1-over-x-as-x-to-pi,Yes,Excluded,,,Yes,Partial,0,0,Unknown,,Not reviewed
https://derivativecalculatorai.com/limit-of-1-over-41-over-x2--1-over-5x2-as-x-to-inf,limit-of-1-over-41-over-x2--1-over-5x2-as-x-to-inf,problems.json,limit,problem,200,Yes,index,https://derivativecalculatorai.com/limit-of-1-over-41-over-x2--1-over-5x2-as-x-to-inf,Yes,Excluded,,,Yes,Partial,0,0,Unknown,,Not reviewed
https://derivativecalculatorai.com/limit-of-cosx-x-over-1-over-x-as-x-to--2,limit-of-cosx-x-over-1-over-x-as-x-to--2,problems.json,limit,problem,200,Yes,index,https://derivativecalculatorai.com/limit-of-cosx-x-over-1-over-x-as-x-to--2,Yes,Excluded,,,Yes,Partial,0,0,Unknown,,Not reviewed
https://derivativecalculatorai.com/limit-of-31-over-x2-over-x3-as-x-to--2,limit-of-31-over-x2-over-x3-as-x-to--2,problems.json,limit,problem,200,Yes,index,https://derivativecalculatorai.com/limit-of-31-over-x2-over-x3-as-x-to--2,Yes,Excluded,,,Yes,Partial,0,0,Unknown,,Not reviewed
https://derivativecalculatorai.com/limit-of-x-2sqrtx-over-x-as-x-to--2,limit-of-x-2sqrtx-over-x-as-x-to--2,problems.json,limit,problem,200,Yes,index,https://derivativecalculatorai.com/limit-of-x-2sqrtx-over-x-as-x-to--2,Yes,Excluded,,,Yes,Partial,0,0,Unknown,,Not reviewed
https://derivativecalculatorai.com/limit-of-4x32--2x2-as-x-to--inf,limit-of-4x32--2x2-as-x-to--inf,problems.json,limit,problem,200,Yes,index,https://derivativecalculatorai.com/limit-of-4x32--2x2-as-x-to--inf,Yes,Excluded,,,Yes,Partial,0,0,Unknown,,Not reviewed
https://derivativecalculatorai.com/limit-of-x22--5x2-as-x-to-pi,limit-of-x22--5x2-as-x-to-pi,problems.json,limit,problem,200,Yes,index,https://derivativecalculatorai.com/limit-of-x22--5x2-as-x-to-pi,Yes,Excluded,,,Yes,Partial,0,0,Unknown,,Not reviewed
https://derivativecalculatorai.com/limit-of-x2--sqrtx2-as-x-to-2,limit-of-x2--sqrtx2-as-x-to-2,problems.json,limit,problem,200,Yes,index,https://derivativecalculatorai.com/limit-of-x2--sqrtx2-as-x-to-2,Yes,Excluded,,,Yes,Partial,0,0,Unknown,,Not reviewed
https://derivativecalculatorai.com/limit-of-1-over-x-over-1-over-x-as-x-to--1,limit-of-1-over-x-over-1-over-x-as-x-to--1,problems.json,limit,problem,200,Yes,index,https://derivativecalculatorai.com/limit-of-1-over-x-over-1-over-x-as-x-to--1,Yes,Excluded,,,Yes,Partial,0,0,Unknown,,Not reviewed
https://derivativecalculatorai.com/limit-of-sinx-over-4cosx-as-x-to-1,limit-of-sinx-over-4cosx-as-x-to-1,problems.json,limit,problem,200,Yes,index,https://derivativecalculatorai.com/limit-of-sinx-over-4cosx-as-x-to-1,Yes,Excluded,,,Yes,Partial,0,0,Unknown,,Not reviewed
https://derivativecalculatorai.com/limit-of-3x-over-3sinx-as-x-to--inf,limit-of-3x-over-3sinx-as-x-to--inf,problems.json,limit,problem,200,Yes,index,https://derivativecalculatorai.com/limit-of-3x-over-3sinx-as-x-to--inf,Yes,Excluded,,,Yes,Partial,0,0,Unknown,,Not reviewed
https://derivativecalculatorai.com/limit-of-2tanx-x3-over-cosx-as-x-to-0,limit-of-2tanx-x3-over-cosx-as-x-to-0,problems.json,limit,problem,200,Yes,index,https://derivativecalculatorai.com/limit-of-2tanx-x3-over-cosx-as-x-to-0,Yes,Excluded,,,Yes,Partial,0,0,Unknown,,Not reviewed
https://derivativecalculatorai.com/limit-of-2x3-over-4x3-as-x-to-1,limit-of-2x3-over-4x3-as-x-to-1,problems.json,limit,problem,200,Yes,index,https://derivativecalculatorai.com/limit-of-2x3-over-4x3-as-x-to-1,Yes,Excluded,,,Yes,Partial,0,0,Unknown,,Not reviewed
https://derivativecalculatorai.com/limit-of-51-over-x--cosx-over-sqrtx--lnx-as-x-to-pi,limit-of-51-over-x--cosx-over-sqrtx--lnx-as-x-to-pi,problems.json,limit,problem,200,No,noindex,https://derivativecalculatorai.com/limit-of-51-over-x--cosx-over-sqrtx--lnx-as-x-to-pi,Yes,Excluded,,,Yes,Partial,0,0,Unknown,,Not reviewed
https://derivativecalculatorai.com/limit-of-3cosx2--5ex2-as-x-to-2,limit-of-3cosx2--5ex2-as-x-to-2,problems.json,limit,problem,200,Yes,index,https://derivativecalculatorai.com/limit-of-3cosx2--5ex2-as-x-to-2,Yes,Excluded,,,Yes,Partial,0,0,Unknown,,Not reviewed
https://derivativecalculatorai.com/limit-of-2ex2--2x32-as-x-to-pi,limit-of-2ex2--2x32-as-x-to-pi,problems.json,limit,problem,200,Yes,index,https://derivativecalculatorai.com/limit-of-2ex2--2x32-as-x-to-pi,Yes,Excluded,,,Yes,Partial,0,0,Unknown,,Not reviewed
https://derivativecalculatorai.com/limit-of-sqrtsinx--sqrtx3-as-x-to-pi-2,limit-of-sqrtsinx--sqrtx3-as-x-to-pi-2,problems.json,limit,problem,200,Yes,index,https://derivativecalculatorai.com/limit-of-sqrtsinx--sqrtx3-as-x-to-pi-2,Yes,Excluded,,,Yes,Partial,0,0,Unknown,,Not reviewed
https://derivativecalculatorai.com/limit-of-sqrt3lnx--sqrt2sinx-as-x-to--2,limit-of-sqrt3lnx--sqrt2sinx-as-x-to--2,problems.json,limit,problem,200,Yes,index,https://derivativecalculatorai.com/limit-of-sqrt3lnx--sqrt2sinx-as-x-to--2,Yes,Excluded,,,Yes,Partial,0,0,Unknown,,Not reviewed
https://derivativecalculatorai.com/limit-of-3x2-4sinx-over-cosx-as-x-to-1,limit-of-3x2-4sinx-over-cosx-as-x-to-1,problems.json,limit,problem,200,Yes,index,https://derivativecalculatorai.com/limit-of-3x2-4sinx-over-cosx-as-x-to-1,Yes,Excluded,,,Yes,Partial,0,0,Unknown,,Not reviewed
https://derivativecalculatorai.com/limit-of-x2--41-over-x-over-x2--x2-as-x-to-pi-2,limit-of-x2--41-over-x-over-x2--x2-as-x-to-pi-2,problems.json,limit,problem,200,Yes,index,https://derivativecalculatorai.com/limit-of-x2--41-over-x-over-x2--x2-as-x-to-pi-2,Yes,Excluded,,,Yes,Partial,0,0,Unknown,,Not reviewed
https://derivativecalculatorai.com/limit-of-sqrtabsx--sqrtex-as-x-to-1,limit-of-sqrtabsx--sqrtex-as-x-to-1,problems.json,limit,problem,200,Yes,index,https://derivativecalculatorai.com/limit-of-sqrtabsx--sqrtex-as-x-to-1,Yes,Excluded,,,Yes,Partial,0,0,Unknown,,Not reviewed
https://derivativecalculatorai.com/limit-of-x--41-over-x-over-x2--absx-as-x-to--inf,limit-of-x--41-over-x-over-x2--absx-as-x-to--inf,problems.json,limit,problem,200,Yes,index,https://derivativecalculatorai.com/limit-of-x--41-over-x-over-x2--absx-as-x-to--inf,Yes,Excluded,,,Yes,Partial,0,0,Unknown,,Not reviewed
https://derivativecalculatorai.com/limit-of-lnx-3tanx-over-1-over-x2-as-x-to--1,limit-of-lnx-3tanx-over-1-over-x2-as-x-to--1,problems.json,limit,problem,200,Yes,index,https://derivativecalculatorai.com/limit-of-lnx-3tanx-over-1-over-x2-as-x-to--1,Yes,Excluded,,,Yes,Partial,0,0,Unknown,,Not reviewed
https://derivativecalculatorai.com/limit-of-sqrttanx--sqrtsqrtx-as-x-to-pi,limit-of-sqrttanx--sqrtsqrtx-as-x-to-pi,problems.json,limit,problem,200,No,noindex,https://derivativecalculatorai.com/limit-of-sqrttanx--sqrtsqrtx-as-x-to-pi,Yes,Excluded,,,Yes,Partial,0,0,Unknown,,Not reviewed
https://derivativecalculatorai.com/limit-of-sqrt4sinx--sqrtx-as-x-to-1,limit-of-sqrt4sinx--sqrtx-as-x-to-1,problems.json,limit,problem,200,Yes,index,https://derivativecalculatorai.com/limit-of-sqrt4sinx--sqrtx-as-x-to-1,Yes,Excluded,,,Yes,Partial,0,0,Unknown,,Not reviewed
https://derivativecalculatorai.com/limit-of-1-over-x2--5lnx2-as-x-to-inf,limit-of-1-over-x2--5lnx2-as-x-to-inf,problems.json,limit,problem,200,Yes,index,https://derivativecalculatorai.com/limit-of-1-over-x2--5lnx2-as-x-to-inf,Yes,Excluded,,,Yes,Partial,0,0,Unknown,,Not reviewed
https://derivativecalculatorai.com/limit-of-sqrtx-over-2x2-as-x-to-1,limit-of-sqrtx-over-2x2-as-x-to-1,problems.json,limit,problem,200,Yes,index,https://derivativecalculatorai.com/limit-of-sqrtx-over-2x2-as-x-to-1,Yes,Excluded,,,Yes,Partial,0,0,Unknown,,Not reviewed
https://derivativecalculatorai.com/limit-of-31-over-x22--1-over-x2-as-x-to--2,limit-of-31-over-x22--1-over-x2-as-x-to--2,problems.json,limit,problem,200,Yes,index,https://derivativecalculatorai.com/limit-of-31-over-x22--1-over-x2-as-x-to--2,Yes,Excluded,,,Yes,Partial,0,0,Unknown,,Not reviewed
https://derivativecalculatorai.com/limit-of-1-over-ex--1-over-5cosx-as-x-to--1,limit-of-1-over-ex--1-over-5cosx-as-x-to--1,problems.json,limit,problem,200,Yes,index,https://derivativecalculatorai.com/limit-of-1-over-ex--1-over-5cosx-as-x-to--1,Yes,Excluded,,,Yes,Partial,0,0,Unknown,,Not reviewed
https://derivativecalculatorai.com/limit-of-1-over-x-over-lnx-as-x-to--2,limit-of-1-over-x-over-lnx-as-x-to--2,problems.json,limit,problem,200,No,noindex,https://derivativecalculatorai.com/limit-of-1-over-x-over-lnx-as-x-to--2,Yes,Excluded,,,Yes,Partial,0,0,Unknown,,Not reviewed
https://derivativecalculatorai.com/limit-of-1-over-51-over-x2--1-over-2x3-as-x-to-1,limit-of-1-over-51-over-x2--1-over-2x3-as-x-to-1,problems.json,limit,problem,200,Yes,index,https://derivativecalculatorai.com/limit-of-1-over-51-over-x2--1-over-2x3-as-x-to-1,Yes,Excluded,,,Yes,Partial,0,0,Unknown,,Not reviewed
https://derivativecalculatorai.com/limit-of-sqrtex--sqrtsqrtx-as-x-to-0,limit-of-sqrtex--sqrtsqrtx-as-x-to-0,problems.json,limit,problem,200,Yes,index,https://derivativecalculatorai.com/limit-of-sqrtex--sqrtsqrtx-as-x-to-0,Yes,Excluded,,,Yes,Partial,0,0,Unknown,,Not reviewed
https://derivativecalculatorai.com/limit-of-sinx2--3ex2-as-x-to-inf,limit-of-sinx2--3ex2-as-x-to-inf,problems.json,limit,problem,200,Yes,index,https://derivativecalculatorai.com/limit-of-sinx2--3ex2-as-x-to-inf,Yes,Excluded,,,Yes,Partial,0,0,Unknown,,Not reviewed
https://derivativecalculatorai.com/limit-of-tanx--sinx-over-x2--sinx-as-x-to-0,limit-of-tanx--sinx-over-x2--sinx-as-x-to-0,problems.json,limit,problem,200,Yes,index,https://derivativecalculatorai.com/limit-of-tanx--sinx-over-x2--sinx-as-x-to-0,Yes,Excluded,,,Yes,Partial,0,0,Unknown,,Not reviewed
https://derivativecalculatorai.com/limit-of-2cosx-over-tanx-as-x-to--1,limit-of-2cosx-over-tanx-as-x-to--1,problems.json,limit,problem,200,Yes,index,https://derivativecalculatorai.com/limit-of-2cosx-over-tanx-as-x-to--1,Yes,Excluded,,,Yes,Partial,0,0,Unknown,,Not reviewed
https://derivativecalculatorai.com/limit-of-3cosx2--5absx2-as-x-to--1,limit-of-3cosx2--5absx2-as-x-to--1,problems.json,limit,problem,200,Yes,index,https://derivativecalculatorai.com/limit-of-3cosx2--5absx2-as-x-to--1,Yes,Excluded,,,Yes,Partial,0,0,Unknown,,Not reviewed
https://derivativecalculatorai.com/limit-of-5sinx-4sqrtx-over-x-as-x-to-inf,limit-of-5sinx-4sqrtx-over-x-as-x-to-inf,problems.json,limit,problem,200,Yes,index,https://derivativecalculatorai.com/limit-of-5sinx-4sqrtx-over-x-as-x-to-inf,Yes,Excluded,,,Yes,Partial,0,0,Unknown,,Not reviewed
https://derivativecalculatorai.com/limit-of-5absx2--cosx2-as-x-to-inf,limit-of-5absx2--cosx2-as-x-to-inf,problems.json,limit,problem,200,Yes,index,https://derivativecalculatorai.com/limit-of-5absx2--cosx2-as-x-to-inf,Yes,Excluded,,,Yes,Partial,0,0,Unknown,,Not reviewed
https://derivativecalculatorai.com/limit-of-1-over-3cosx--1-over-2x-as-x-to-1,limit-of-1-over-3cosx--1-over-2x-as-x-to-1,problems.json,limit,problem,200,Yes,index,https://derivativecalculatorai.com/limit-of-1-over-3cosx--1-over-2x-as-x-to-1,Yes,Excluded,,,Yes,Partial,0,0,Unknown,,Not reviewed
https://derivativecalculatorai.com/limit-of-3x3--1-over-x2-over-ex--1-over-x-as-x-to--inf,limit-of-3x3--1-over-x2-over-ex--1-over-x-as-x-to--inf,problems.json,limit,problem,200,No,noindex,https://derivativecalculatorai.com/limit-of-3x3--1-over-x2-over-ex--1-over-x-as-x-to--inf,Yes,Excluded,,,Yes,Partial,0,0,Unknown,,Not reviewed
https://derivativecalculatorai.com/limit-of-4ex--4sinx-over-1-over-x--absx-as-x-to-pi,limit-of-4ex--4sinx-over-1-over-x--absx-as-x-to-pi,problems.json,limit,problem,200,Yes,index,https://derivativecalculatorai.com/limit-of-4ex--4sinx-over-1-over-x--absx-as-x-to-pi,Yes,Excluded,,,Yes,Partial,0,0,Unknown,,Not reviewed
https://derivativecalculatorai.com/limit-of-cosx2--x32-as-x-to-inf,limit-of-cosx2--x32-as-x-to-inf,problems.json,limit,problem,200,Yes,index,https://derivativecalculatorai.com/limit-of-cosx2--x32-as-x-to-inf,Yes,Excluded,,,Yes,Partial,0,0,Unknown,,Not reviewed
https://derivativecalculatorai.com/limit-of-x2--x2-as-x-to--2,limit-of-x2--x2-as-x-to--2,problems.json,limit,problem,200,Yes,index,https://derivativecalculatorai.com/limit-of-x2--x2-as-x-to--2,Yes,Excluded,,,Yes,Partial,0,0,Unknown,,Not reviewed
https://derivativecalculatorai.com/limit-of-1-over-x2-absx-over-x-as-x-to--inf,limit-of-1-over-x2-absx-over-x-as-x-to--inf,problems.json,limit,problem,200,Yes,index,https://derivativecalculatorai.com/limit-of-1-over-x2-absx-over-x-as-x-to--inf,Yes,Excluded,,,Yes,Partial,0,0,Unknown,,Not reviewed
https://derivativecalculatorai.com/limit-of-sqrt1-over-x--sqrt31-over-x-as-x-to-pi-2,limit-of-sqrt1-over-x--sqrt31-over-x-as-x-to-pi-2,problems.json,limit,problem,200,Yes,index,https://derivativecalculatorai.com/limit-of-sqrt1-over-x--sqrt31-over-x-as-x-to-pi-2,Yes,Excluded,,,Yes,Partial,0,0,Unknown,,Not reviewed
https://derivativecalculatorai.com/limit-of-4lnx2--3absx2-as-x-to-1,limit-of-4lnx2--3absx2-as-x-to-1,problems.json,limit,problem,200,Yes,index,https://derivativecalculatorai.com/limit-of-4lnx2--3absx2-as-x-to-1,Yes,Excluded,,,Yes,Partial,0,0,Unknown,,Not reviewed
https://derivativecalculatorai.com/limit-of-x2-tanx-over-x2-as-x-to--1,limit-of-x2-tanx-over-x2-as-x-to--1,problems.json,limit,problem,200,Yes,index,https://derivativecalculatorai.com/limit-of-x2-tanx-over-x2-as-x-to--1,Yes,Excluded,,,Yes,Partial,0,0,Unknown,,Not reviewed
https://derivativecalculatorai.com/limit-of-2absx2--sinx2-as-x-to-1,limit-of-2absx2--sinx2-as-x-to-1,problems.json,limit,problem,200,Yes,index,https://derivativecalculatorai.com/limit-of-2absx2--sinx2-as-x-to-1,Yes,Excluded,,,Yes,Partial,0,0,Unknown,,Not reviewed
https://derivativecalculatorai.com/limit-of-absx-over-3absx-as-x-to-pi,limit-of-absx-over-3absx-as-x-to-pi,problems.json,limit,problem,200,Yes,index,https://derivativecalculatorai.com/limit-of-absx-over-3absx-as-x-to-pi,Yes,Excluded,,,Yes,Partial,0,0,Unknown,,Not reviewed
https://derivativecalculatorai.com/limit-of-1-over-5sinx--1-over-ex-as-x-to-pi-2,limit-of-1-over-5sinx--1-over-ex-as-x-to-pi-2,problems.json,limit,problem,200,Yes,index,https://derivativecalculatorai.com/limit-of-1-over-5sinx--1-over-ex-as-x-to-pi-2,Yes,Excluded,,,Yes,Partial,0,0,Unknown,,Not reviewed
https://derivativecalculatorai.com/limit-of-tanx2--2sinx2-as-x-to-1,limit-of-tanx2--2sinx2-as-x-to-1,problems.json,limit,problem,200,Yes,index,https://derivativecalculatorai.com/limit-of-tanx2--2sinx2-as-x-to-1,Yes,Excluded,,,Yes,Partial,0,0,Unknown,,Not reviewed
https://derivativecalculatorai.com/limit-of-sinx2--x32-as-x-to-0,limit-of-sinx2--x32-as-x-to-0,problems.json,limit,problem,200,Yes,index,https://derivativecalculatorai.com/limit-of-sinx2--x32-as-x-to-0,Yes,Excluded,,,Yes,Partial,0,0,Unknown,,Not reviewed
https://derivativecalculatorai.com/limit-of-sqrt5ex--sqrtlnx-as-x-to-inf,limit-of-sqrt5ex--sqrtlnx-as-x-to-inf,problems.json,limit,problem,200,Yes,index,https://derivativecalculatorai.com/limit-of-sqrt5ex--sqrtlnx-as-x-to-inf,Yes,Excluded,,,Yes,Partial,0,0,Unknown,,Not reviewed
https://derivativecalculatorai.com/limit-of-x2--1-over-x-over-cosx--tanx-as-x-to--inf,limit-of-x2--1-over-x-over-cosx--tanx-as-x-to--inf,problems.json,limit,problem,200,Yes,index,https://derivativecalculatorai.com/limit-of-x2--1-over-x-over-cosx--tanx-as-x-to--inf,Yes,Excluded,,,Yes,Partial,0,0,Unknown,,Not reviewed
https://derivativecalculatorai.com/limit-of-3x32--cosx2-as-x-to-1,limit-of-3x32--cosx2-as-x-to-1,problems.json,limit,problem,200,Yes,index,https://derivativecalculatorai.com/limit-of-3x32--cosx2-as-x-to-1,Yes,Excluded,,,Yes,Partial,0,0,Unknown,,Not reviewed
https://derivativecalculatorai.com/limit-of-4cosx2--1-over-x2-as-x-to-inf,limit-of-4cosx2--1-over-x2-as-x-to-inf,problems.json,limit,problem,200,Yes,index,https://derivativecalculatorai.com/limit-of-4cosx2--1-over-x2-as-x-to-inf,Yes,Excluded,,,Yes,Partial,0,0,Unknown,,Not reviewed
https://derivativecalculatorai.com/limit-of-31-over-x2-5absx-over-1-over-x-as-x-to-pi-2,limit-of-31-over-x2-5absx-over-1-over-x-as-x-to-pi-2,problems.json,limit,problem,200,No,noindex,https://derivativecalculatorai.com/limit-of-31-over-x2-5absx-over-1-over-x-as-x-to-pi-2,Yes,Excluded,,,Yes,Partial,0,0,Unknown,,Not reviewed
https://derivativecalculatorai.com/limit-of-sqrtx--sqrtx3-as-x-to-pi-2,limit-of-sqrtx--sqrtx3-as-x-to-pi-2,problems.json,limit,problem,200,No,noindex,https://derivativecalculatorai.com/limit-of-sqrtx--sqrtx3-as-x-to-pi-2,Yes,Excluded,,,Yes,Partial,0,0,Unknown,,Not reviewed
https://derivativecalculatorai.com/limit-of-1-over-1-over-x--1-over-cosx-as-x-to--inf,limit-of-1-over-1-over-x--1-over-cosx-as-x-to--inf,problems.json,limit,problem,200,Yes,index,https://derivativecalculatorai.com/limit-of-1-over-1-over-x--1-over-cosx-as-x-to--inf,Yes,Excluded,,,Yes,Partial,0,0,Unknown,,Not reviewed
https://derivativecalculatorai.com/limit-of-1-over-lnx--1-over-3cosx-as-x-to-2,limit-of-1-over-lnx--1-over-3cosx-as-x-to-2,problems.json,limit,problem,200,Yes,index,https://derivativecalculatorai.com/limit-of-1-over-lnx--1-over-3cosx-as-x-to-2,Yes,Excluded,,,Yes,Partial,0,0,Unknown,,Not reviewed
https://derivativecalculatorai.com/limit-of-tanx-41-over-x-over-cosx-as-x-to-inf,limit-of-tanx-41-over-x-over-cosx-as-x-to-inf,problems.json,limit,problem,200,Yes,index,https://derivativecalculatorai.com/limit-of-tanx-41-over-x-over-cosx-as-x-to-inf,Yes,Excluded,,,Yes,Partial,0,0,Unknown,,Not reviewed
https://derivativecalculatorai.com/limit-of-4sinx-cosx-over-tanx-as-x-to-pi-2,limit-of-4sinx-cosx-over-tanx-as-x-to-pi-2,problems.json,limit,problem,200,Yes,index,https://derivativecalculatorai.com/limit-of-4sinx-cosx-over-tanx-as-x-to-pi-2,Yes,Excluded,,,Yes,Partial,0,0,Unknown,,Not reviewed
https://derivativecalculatorai.com/limit-of-1-over-2sqrtx--1-over-x3-as-x-to--2,limit-of-1-over-2sqrtx--1-over-x3-as-x-to--2,problems.json,limit,problem,200,Yes,index,https://derivativecalculatorai.com/limit-of-1-over-2sqrtx--1-over-x3-as-x-to--2,Yes,Excluded,,,Yes,Partial,0,0,Unknown,,Not reviewed
https://derivativecalculatorai.com/limit-of-sinx--1-over-x2-over-x--sinx-as-x-to--inf,limit-of-sinx--1-over-x2-over-x--sinx-as-x-to--inf,problems.json,limit,problem,200,Yes,index,https://derivativecalculatorai.com/limit-of-sinx--1-over-x2-over-x--sinx-as-x-to--inf,Yes,Excluded,,,Yes,Partial,0,0,Unknown,,Not reviewed
https://derivativecalculatorai.com/limit-of-51-over-x22--sqrtx2-as-x-to--inf,limit-of-51-over-x22--sqrtx2-as-x-to--inf,problems.json,limit,problem,200,Yes,index,https://derivativecalculatorai.com/limit-of-51-over-x22--sqrtx2-as-x-to--inf,Yes,Excluded,,,Yes,Partial,0,0,Unknown,,Not reviewed
https://derivativecalculatorai.com/limit-of-4x3--2cosx-over-sqrtx--1-over-x2-as-x-to-inf,limit-of-4x3--2cosx-over-sqrtx--1-over-x2-as-x-to-inf,problems.json,limit,problem,200,No,noindex,https://derivativecalculatorai.com/limit-of-4x3--2cosx-over-sqrtx--1-over-x2-as-x-to-inf,Yes,Excluded,,,Yes,Partial,0,0,Unknown,,Not reviewed
https://derivativecalculatorai.com/limit-of-lnx2--4cosx2-as-x-to--inf,limit-of-lnx2--4cosx2-as-x-to--inf,problems.json,limit,problem,200,Yes,index,https://derivativecalculatorai.com/limit-of-lnx2--4cosx2-as-x-to--inf,Yes,Excluded,,,Yes,Partial,0,0,Unknown,,Not reviewed
https://derivativecalculatorai.com/limit-of-2x2--5absx2-as-x-to-0,limit-of-2x2--5absx2-as-x-to-0,problems.json,limit,problem,200,Yes,index,https://derivativecalculatorai.com/limit-of-2x2--5absx2-as-x-to-0,Yes,Excluded,,,Yes,Partial,0,0,Unknown,,Not reviewed
https://derivativecalculatorai.com/limit-of-1-over-x2--3x32-as-x-to-1,limit-of-1-over-x2--3x32-as-x-to-1,problems.json,limit,problem,200,Yes,index,https://derivativecalculatorai.com/limit-of-1-over-x2--3x32-as-x-to-1,Yes,Excluded,,,Yes,Partial,0,0,Unknown,,Not reviewed
https://derivativecalculatorai.com/limit-of-x2-5x-over-ex-as-x-to-pi,limit-of-x2-5x-over-ex-as-x-to-pi,problems.json,limit,problem,200,Yes,index,https://derivativecalculatorai.com/limit-of-x2-5x-over-ex-as-x-to-pi,Yes,Excluded,,,Yes,Partial,0,0,Unknown,,Not reviewed
https://derivativecalculatorai.com/limit-of-cosx2--x2-as-x-to-pi,limit-of-cosx2--x2-as-x-to-pi,problems.json,limit,problem,200,Yes,index,https://derivativecalculatorai.com/limit-of-cosx2--x2-as-x-to-pi,Yes,Excluded,,,Yes,Partial,0,0,Unknown,,Not reviewed
https://derivativecalculatorai.com/limit-of-2x2--1-over-x2-over-cosx--x-as-x-to--2,limit-of-2x2--1-over-x2-over-cosx--x-as-x-to--2,problems.json,limit,problem,200,Yes,index,https://derivativecalculatorai.com/limit-of-2x2--1-over-x2-over-cosx--x-as-x-to--2,Yes,Excluded,,,Yes,Partial,0,0,Unknown,,Not reviewed
https://derivativecalculatorai.com/limit-of-21-over-x2--21-over-x2-as-x-to--1,limit-of-21-over-x2--21-over-x2-as-x-to--1,problems.json,limit,problem,200,Yes,index,https://derivativecalculatorai.com/limit-of-21-over-x2--21-over-x2-as-x-to--1,Yes,Excluded,,,Yes,Partial,0,0,Unknown,,Not reviewed
https://derivativecalculatorai.com/limit-of-31-over-x-over-lnx-as-x-to-pi-2,limit-of-31-over-x-over-lnx-as-x-to-pi-2,problems.json,limit,problem,200,Yes,index,https://derivativecalculatorai.com/limit-of-31-over-x-over-lnx-as-x-to-pi-2,Yes,Excluded,,,Yes,Partial,0,0,Unknown,,Not reviewed
https://derivativecalculatorai.com/limit-of-3ex2--cosx2-as-x-to-2,limit-of-3ex2--cosx2-as-x-to-2,problems.json,limit,problem,200,Yes,index,https://derivativecalculatorai.com/limit-of-3ex2--cosx2-as-x-to-2,Yes,Excluded,,,Yes,Partial,0,0,Unknown,,Not reviewed
https://derivativecalculatorai.com/limit-of-5x2-lnx-over-cosx-as-x-to-pi,limit-of-5x2-lnx-over-cosx-as-x-to-pi,problems.json,limit,problem,200,Yes,index,https://derivativecalculatorai.com/limit-of-5x2-lnx-over-cosx-as-x-to-pi,Yes,Excluded,,,Yes,Partial,0,0,Unknown,,Not reviewed
https://derivativecalculatorai.com/limit-of-x3-over-4lnx-as-x-to-0,limit-of-x3-over-4lnx-as-x-to-0,problems.json,limit,problem,200,Yes,index,https://derivativecalculatorai.com/limit-of-x3-over-4lnx-as-x-to-0,Yes,Excluded,,,Yes,Partial,0,0,Unknown,,Not reviewed
https://derivativecalculatorai.com/limit-of-sqrtx--sqrt5tanx-as-x-to-2,limit-of-sqrtx--sqrt5tanx-as-x-to-2,problems.json,limit,problem,200,Yes,index,https://derivativecalculatorai.com/limit-of-sqrtx--sqrt5tanx-as-x-to-2,Yes,Excluded,,,Yes,Partial,0,0,Unknown,,Not reviewed
https://derivativecalculatorai.com/limit-of-sqrt4x2--sqrt2x-as-x-to--inf,limit-of-sqrt4x2--sqrt2x-as-x-to--inf,problems.json,limit,problem,200,Yes,index,https://derivativecalculatorai.com/limit-of-sqrt4x2--sqrt2x-as-x-to--inf,Yes,Excluded,,,Yes,Partial,0,0,Unknown,,Not reviewed
https://derivativecalculatorai.com/limit-of-41-over-x22--x32-as-x-to-inf,limit-of-41-over-x22--x32-as-x-to-inf,problems.json,limit,problem,200,Yes,index,https://derivativecalculatorai.com/limit-of-41-over-x22--x32-as-x-to-inf,Yes,Excluded,,,Yes,Partial,0,0,Unknown,,Not reviewed
https://derivativecalculatorai.com/limit-of-x32--4sinx2-as-x-to-2,limit-of-x32--4sinx2-as-x-to-2,problems.json,limit,problem,200,Yes,index,https://derivativecalculatorai.com/limit-of-x32--4sinx2-as-x-to-2,Yes,Excluded,,,Yes,Partial,0,0,Unknown,,Not reviewed
https://derivativecalculatorai.com/limit-of-sqrtabsx--sqrt3absx-as-x-to--2,limit-of-sqrtabsx--sqrt3absx-as-x-to--2,problems.json,limit,problem,200,Yes,index,https://derivativecalculatorai.com/limit-of-sqrtabsx--sqrt3absx-as-x-to--2,Yes,Excluded,,,Yes,Partial,0,0,Unknown,,Not reviewed
https://derivativecalculatorai.com/limit-of-5x-over-1-over-x-as-x-to-0,limit-of-5x-over-1-over-x-as-x-to-0,problems.json,limit,problem,200,Yes,index,https://derivativecalculatorai.com/limit-of-5x-over-1-over-x-as-x-to-0,Yes,Excluded,,,Yes,Partial,0,0,Unknown,,Not reviewed
https://derivativecalculatorai.com/limit-of-4sinx-over-4tanx-as-x-to-pi-2,limit-of-4sinx-over-4tanx-as-x-to-pi-2,problems.json,limit,problem,200,Yes,index,https://derivativecalculatorai.com/limit-of-4sinx-over-4tanx-as-x-to-pi-2,Yes,Excluded,,,Yes,Partial,0,0,Unknown,,Not reviewed
https://derivativecalculatorai.com/limit-of-4cosx--ex-over-x2--x-as-x-to-1,limit-of-4cosx--ex-over-x2--x-as-x-to-1,problems.json,limit,problem,200,Yes,index,https://derivativecalculatorai.com/limit-of-4cosx--ex-over-x2--x-as-x-to-1,Yes,Excluded,,,Yes,Partial,0,0,Unknown,,Not reviewed
https://derivativecalculatorai.com/limit-of-sinx-5x2-over-sqrtx-as-x-to-pi,limit-of-sinx-5x2-over-sqrtx-as-x-to-pi,problems.json,limit,problem,200,Yes,index,https://derivativecalculatorai.com/limit-of-sinx-5x2-over-sqrtx-as-x-to-pi,Yes,Excluded,,,Yes,Partial,0,0,Unknown,,Not reviewed
https://derivativecalculatorai.com/limit-of-sqrtx-over-5absx-as-x-to-inf,limit-of-sqrtx-over-5absx-as-x-to-inf,problems.json,limit,problem,200,Yes,index,https://derivativecalculatorai.com/limit-of-sqrtx-over-5absx-as-x-to-inf,Yes,Excluded,,,Yes,Partial,0,0,Unknown,,Not reviewed
https://derivativecalculatorai.com/limit-of-1-over-x2-over-5sinx-as-x-to-1,limit-of-1-over-x2-over-5sinx-as-x-to-1,problems.json,limit,problem,200,Yes,index,https://derivativecalculatorai.com/limit-of-1-over-x2-over-5sinx-as-x-to-1,Yes,Excluded,,,Yes,Partial,0,0,Unknown,,Not reviewed
https://derivativecalculatorai.com/limit-of-1-over-2tanx--1-over-2x-as-x-to--2,limit-of-1-over-2tanx--1-over-2x-as-x-to--2,problems.json,limit,problem,200,Yes,index,https://derivativecalculatorai.com/limit-of-1-over-2tanx--1-over-2x-as-x-to--2,Yes,Excluded,,,Yes,Partial,0,0,Unknown,,Not reviewed
https://derivativecalculatorai.com/limit-of-tanx-over-tanx-as-x-to-2,limit-of-tanx-over-tanx-as-x-to-2,problems.json,limit,problem,200,No,noindex,https://derivativecalculatorai.com/limit-of-tanx-over-tanx-as-x-to-2,Yes,Excluded,,,Yes,Partial,0,0,Unknown,,Not reviewed
https://derivativecalculatorai.com/limit-of-tanx--1-over-x-over-x3--lnx-as-x-to--inf,limit-of-tanx--1-over-x-over-x3--lnx-as-x-to--inf,problems.json,limit,problem,200,Yes,index,https://derivativecalculatorai.com/limit-of-tanx--1-over-x-over-x3--lnx-as-x-to--inf,Yes,Excluded,,,Yes,Partial,0,0,Unknown,,Not reviewed
https://derivativecalculatorai.com/limit-of-5sinx--x2-over-ex--absx-as-x-to-pi,limit-of-5sinx--x2-over-ex--absx-as-x-to-pi,problems.json,limit,problem,200,Yes,index,https://derivativecalculatorai.com/limit-of-5sinx--x2-over-ex--absx-as-x-to-pi,Yes,Excluded,,,Yes,Partial,0,0,Unknown,,Not reviewed
https://derivativecalculatorai.com/limit-of-cosx--tanx-over-absx--ex-as-x-to--2,limit-of-cosx--tanx-over-absx--ex-as-x-to--2,problems.json,limit,problem,200,Yes,index,https://derivativecalculatorai.com/limit-of-cosx--tanx-over-absx--ex-as-x-to--2,Yes,Excluded,,,Yes,Partial,0,0,Unknown,,Not reviewed
https://derivativecalculatorai.com/limit-of-4cosx-over-x-as-x-to--inf,limit-of-4cosx-over-x-as-x-to--inf,problems.json,limit,problem,200,Yes,index,https://derivativecalculatorai.com/limit-of-4cosx-over-x-as-x-to--inf,Yes,Excluded,,,Yes,Partial,0,0,Unknown,,Not reviewed
https://derivativecalculatorai.com/limit-of-x22--sinx2-as-x-to--inf,limit-of-x22--sinx2-as-x-to--inf,problems.json,limit,problem,200,Yes,index,https://derivativecalculatorai.com/limit-of-x22--sinx2-as-x-to--inf,Yes,Excluded,,,Yes,Partial,0,0,Unknown,,Not reviewed
https://derivativecalculatorai.com/limit-of-sinx--sinx-over-1-over-x2--1-over-x2-as-x-to-0,limit-of-sinx--sinx-over-1-over-x2--1-over-x2-as-x-to-0,problems.json,limit,problem,200,No,noindex,https://derivativecalculatorai.com/limit-of-sinx--sinx-over-1-over-x2--1-over-x2-as-x-to-0,Yes,Excluded,,,Yes,Partial,0,0,Unknown,,Not reviewed
https://derivativecalculatorai.com/limit-of-5lnx-over-cosx-as-x-to-0,limit-of-5lnx-over-cosx-as-x-to-0,problems.json,limit,problem,200,Yes,index,https://derivativecalculatorai.com/limit-of-5lnx-over-cosx-as-x-to-0,Yes,Excluded,,,Yes,Partial,0,0,Unknown,,Not reviewed
https://derivativecalculatorai.com/limit-of-1-over-lnx--1-over-sinx-as-x-to-inf,limit-of-1-over-lnx--1-over-sinx-as-x-to-inf,problems.json,limit,problem,200,Yes,index,https://derivativecalculatorai.com/limit-of-1-over-lnx--1-over-sinx-as-x-to-inf,Yes,Excluded,,,Yes,Partial,0,0,Unknown,,Not reviewed
https://derivativecalculatorai.com/limit-of-tanx-over-sinx-as-x-to--2,limit-of-tanx-over-sinx-as-x-to--2,problems.json,limit,problem,200,Yes,index,https://derivativecalculatorai.com/limit-of-tanx-over-sinx-as-x-to--2,Yes,Excluded,,,Yes,Partial,0,0,Unknown,,Not reviewed
https://derivativecalculatorai.com/limit-of-1-over-x2-tanx-over-x2-as-x-to-2,limit-of-1-over-x2-tanx-over-x2-as-x-to-2,problems.json,limit,problem,200,Yes,index,https://derivativecalculatorai.com/limit-of-1-over-x2-tanx-over-x2-as-x-to-2,Yes,Excluded,,,Yes,Partial,0,0,Unknown,,Not reviewed
https://derivativecalculatorai.com/limit-of-cosx2--cosx2-as-x-to-1,limit-of-cosx2--cosx2-as-x-to-1,problems.json,limit,problem,200,No,noindex,https://derivativecalculatorai.com/limit-of-cosx2--cosx2-as-x-to-1,Yes,Excluded,,,Yes,Partial,0,0,Unknown,,Not reviewed
https://derivativecalculatorai.com/limit-of-x3-sqrtx-over-x3-as-x-to-pi,limit-of-x3-sqrtx-over-x3-as-x-to-pi,problems.json,limit,problem,200,Yes,index,https://derivativecalculatorai.com/limit-of-x3-sqrtx-over-x3-as-x-to-pi,Yes,Excluded,,,Yes,Partial,0,0,Unknown,,Not reviewed
https://derivativecalculatorai.com/limit-of-1-over-x--4absx-over-sqrtx--cosx-as-x-to-pi,limit-of-1-over-x--4absx-over-sqrtx--cosx-as-x-to-pi,problems.json,limit,problem,200,No,noindex,https://derivativecalculatorai.com/limit-of-1-over-x--4absx-over-sqrtx--cosx-as-x-to-pi,Yes,Excluded,,,Yes,Partial,0,0,Unknown,,Not reviewed
https://derivativecalculatorai.com/limit-of-3sinx2--3absx2-as-x-to--2,limit-of-3sinx2--3absx2-as-x-to--2,problems.json,limit,problem,200,Yes,index,https://derivativecalculatorai.com/limit-of-3sinx2--3absx2-as-x-to--2,Yes,Excluded,,,Yes,Partial,0,0,Unknown,,Not reviewed
https://derivativecalculatorai.com/limit-of-cosx2--2sqrtx2-as-x-to--2,limit-of-cosx2--2sqrtx2-as-x-to--2,problems.json,limit,problem,200,Yes,index,https://derivativecalculatorai.com/limit-of-cosx2--2sqrtx2-as-x-to--2,Yes,Excluded,,,Yes,Partial,0,0,Unknown,,Not reviewed
https://derivativecalculatorai.com/limit-of-1-over-4x--1-over-4x3-as-x-to-0,limit-of-1-over-4x--1-over-4x3-as-x-to-0,problems.json,limit,problem,200,Yes,index,https://derivativecalculatorai.com/limit-of-1-over-4x--1-over-4x3-as-x-to-0,Yes,Excluded,,,Yes,Partial,0,0,Unknown,,Not reviewed
https://derivativecalculatorai.com/limit-of-sqrtx-over-2ex-as-x-to-pi-2,limit-of-sqrtx-over-2ex-as-x-to-pi-2,problems.json,limit,problem,200,Yes,index,https://derivativecalculatorai.com/limit-of-sqrtx-over-2ex-as-x-to-pi-2,Yes,Excluded,,,Yes,Partial,0,0,Unknown,,Not reviewed
https://derivativecalculatorai.com/limit-of-sqrtabsx--sqrttanx-as-x-to-1,limit-of-sqrtabsx--sqrttanx-as-x-to-1,problems.json,limit,problem,200,Yes,index,https://derivativecalculatorai.com/limit-of-sqrtabsx--sqrttanx-as-x-to-1,Yes,Excluded,,,Yes,Partial,0,0,Unknown,,Not reviewed
https://derivativecalculatorai.com/limit-of-2lnx-3lnx-over-x2-as-x-to-pi,limit-of-2lnx-3lnx-over-x2-as-x-to-pi,problems.json,limit,problem,200,Yes,index,https://derivativecalculatorai.com/limit-of-2lnx-3lnx-over-x2-as-x-to-pi,Yes,Excluded,,,Yes,Partial,0,0,Unknown,,Not reviewed
https://derivativecalculatorai.com/limit-of-sqrtcosx--sqrt41-over-x-as-x-to-pi-2,limit-of-sqrtcosx--sqrt41-over-x-as-x-to-pi-2,problems.json,limit,problem,200,Yes,index,https://derivativecalculatorai.com/limit-of-sqrtcosx--sqrt41-over-x-as-x-to-pi-2,Yes,Excluded,,,Yes,Partial,0,0,Unknown,,Not reviewed
https://derivativecalculatorai.com/limit-of-cosx2--4x22-as-x-to-pi,limit-of-cosx2--4x22-as-x-to-pi,problems.json,limit,problem,200,No,noindex,https://derivativecalculatorai.com/limit-of-cosx2--4x22-as-x-to-pi,Yes,Excluded,,,Yes,Partial,0,0,Unknown,,Not reviewed
https://derivativecalculatorai.com/limit-of-2x--3ex-over-absx--x3-as-x-to-1,limit-of-2x--3ex-over-absx--x3-as-x-to-1,problems.json,limit,problem,200,Yes,index,https://derivativecalculatorai.com/limit-of-2x--3ex-over-absx--x3-as-x-to-1,Yes,Excluded,,,Yes,Partial,0,0,Unknown,,Not reviewed
https://derivativecalculatorai.com/limit-of-x3-over-21-over-x2-as-x-to--1,limit-of-x3-over-21-over-x2-as-x-to--1,problems.json,limit,problem,200,Yes,index,https://derivativecalculatorai.com/limit-of-x3-over-21-over-x2-as-x-to--1,Yes,Excluded,,,Yes,Partial,0,0,Unknown,,Not reviewed
https://derivativecalculatorai.com/limit-of-sqrtx-over-2sinx-as-x-to-1,limit-of-sqrtx-over-2sinx-as-x-to-1,problems.json,limit,problem,200,Yes,index,https://derivativecalculatorai.com/limit-of-sqrtx-over-2sinx-as-x-to-1,Yes,Excluded,,,Yes,Partial,0,0,Unknown,,Not reviewed
https://derivativecalculatorai.com/limit-of-sqrt2absx--sqrt4ex-as-x-to-inf,limit-of-sqrt2absx--sqrt4ex-as-x-to-inf,problems.json,limit,problem,200,Yes,index,https://derivativecalculatorai.com/limit-of-sqrt2absx--sqrt4ex-as-x-to-inf,Yes,Excluded,,,Yes,Partial,0,0,Unknown,,Not reviewed
https://derivativecalculatorai.com/limit-of-5cosx2--cosx2-as-x-to--inf,limit-of-5cosx2--cosx2-as-x-to--inf,problems.json,limit,problem,200,Yes,index,https://derivativecalculatorai.com/limit-of-5cosx2--cosx2-as-x-to--inf,Yes,Excluded,,,Yes,Partial,0,0,Unknown,,Not reviewed
https://derivativecalculatorai.com/limit-of-1-over-x2--cosx-over-ex--tanx-as-x-to-pi,limit-of-1-over-x2--cosx-over-ex--tanx-as-x-to-pi,problems.json,limit,problem,200,Yes,index,https://derivativecalculatorai.com/limit-of-1-over-x2--cosx-over-ex--tanx-as-x-to-pi,Yes,Excluded,,,Yes,Partial,0,0,Unknown,,Not reviewed
https://derivativecalculatorai.com/limit-of-4x--1-over-x2-over-x3--ex-as-x-to--inf,limit-of-4x--1-over-x2-over-x3--ex-as-x-to--inf,problems.json,limit,problem,200,Yes,index,https://derivativecalculatorai.com/limit-of-4x--1-over-x2-over-x3--ex-as-x-to--inf,Yes,Excluded,,,Yes,Partial,0,0,Unknown,,Not reviewed
https://derivativecalculatorai.com/limit-of-ex--3x2-over-x2--tanx-as-x-to-pi-2,limit-of-ex--3x2-over-x2--tanx-as-x-to-pi-2,problems.json,limit,problem,200,Yes,index,https://derivativecalculatorai.com/limit-of-ex--3x2-over-x2--tanx-as-x-to-pi-2,Yes,Excluded,,,Yes,Partial,0,0,Unknown,,Not reviewed
https://derivativecalculatorai.com/limit-of-1-over-sqrtx--1-over-sinx-as-x-to--2,limit-of-1-over-sqrtx--1-over-sinx-as-x-to--2,problems.json,limit,problem,200,No,noindex,https://derivativecalculatorai.com/limit-of-1-over-sqrtx--1-over-sinx-as-x-to--2,Yes,Excluded,,,Yes,Partial,0,0,Unknown,,Not reviewed
https://derivativecalculatorai.com/limit-of-sqrtx2--sqrtabsx-as-x-to-2,limit-of-sqrtx2--sqrtabsx-as-x-to-2,problems.json,limit,problem,200,Yes,index,https://derivativecalculatorai.com/limit-of-sqrtx2--sqrtabsx-as-x-to-2,Yes,Excluded,,,Yes,Partial,0,0,Unknown,,Not reviewed
https://derivativecalculatorai.com/limit-of-ex-over-tanx-as-x-to-pi,limit-of-ex-over-tanx-as-x-to-pi,problems.json,limit,problem,200,Yes,index,https://derivativecalculatorai.com/limit-of-ex-over-tanx-as-x-to-pi,Yes,Excluded,,,Yes,Partial,0,0,Unknown,,Not reviewed
https://derivativecalculatorai.com/limit-of-1-over-sinx--1-over-ex-as-x-to-pi-2,limit-of-1-over-sinx--1-over-ex-as-x-to-pi-2,problems.json,limit,problem,200,Yes,index,https://derivativecalculatorai.com/limit-of-1-over-sinx--1-over-ex-as-x-to-pi-2,Yes,Excluded,,,Yes,Partial,0,0,Unknown,,Not reviewed
https://derivativecalculatorai.com/limit-of-x3-3sqrtx-over-sqrtx-as-x-to--1,limit-of-x3-3sqrtx-over-sqrtx-as-x-to--1,problems.json,limit,problem,200,Yes,index,https://derivativecalculatorai.com/limit-of-x3-3sqrtx-over-sqrtx-as-x-to--1,Yes,Excluded,,,Yes,Partial,0,0,Unknown,,Not reviewed
https://derivativecalculatorai.com/limit-of-sqrt3sqrtx--sqrtx2-as-x-to-pi,limit-of-sqrt3sqrtx--sqrtx2-as-x-to-pi,problems.json,limit,problem,200,Yes,index,https://derivativecalculatorai.com/limit-of-sqrt3sqrtx--sqrtx2-as-x-to-pi,Yes,Excluded,,,Yes,Partial,0,0,Unknown,,Not reviewed
https://derivativecalculatorai.com/limit-of-sinx-4sqrtx-over-absx-as-x-to--2,limit-of-sinx-4sqrtx-over-absx-as-x-to--2,problems.json,limit,problem,200,Yes,index,https://derivativecalculatorai.com/limit-of-sinx-4sqrtx-over-absx-as-x-to--2,Yes,Excluded,,,Yes,Partial,0,0,Unknown,,Not reviewed
https://derivativecalculatorai.com/limit-of-ex-2x3-over-tanx-as-x-to--1,limit-of-ex-2x3-over-tanx-as-x-to--1,problems.json,limit,problem,200,Yes,index,https://derivativecalculatorai.com/limit-of-ex-2x3-over-tanx-as-x-to--1,Yes,Excluded,,,Yes,Partial,0,0,Unknown,,Not reviewed
https://derivativecalculatorai.com/limit-of-3sinx2--sqrtx2-as-x-to--2,limit-of-3sinx2--sqrtx2-as-x-to--2,problems.json,limit,problem,200,Yes,index,https://derivativecalculatorai.com/limit-of-3sinx2--sqrtx2-as-x-to--2,Yes,Excluded,,,Yes,Partial,0,0,Unknown,,Not reviewed
https://derivativecalculatorai.com/limit-of-21-over-x2--absx2-as-x-to-1,limit-of-21-over-x2--absx2-as-x-to-1,problems.json,limit,problem,200,Yes,index,https://derivativecalculatorai.com/limit-of-21-over-x2--absx2-as-x-to-1,Yes,Excluded,,,Yes,Partial,0,0,Unknown,,Not reviewed
https://derivativecalculatorai.com/limit-of-5ex2--x32-as-x-to--inf,limit-of-5ex2--x32-as-x-to--inf,problems.json,limit,problem,200,Yes,index,https://derivativecalculatorai.com/limit-of-5ex2--x32-as-x-to--inf,Yes,Excluded,,,Yes,Partial,0,0,Unknown,,Not reviewed
https://derivativecalculatorai.com/limit-of-sqrt5x--sqrtabsx-as-x-to--1,limit-of-sqrt5x--sqrtabsx-as-x-to--1,problems.json,limit,problem,200,Yes,index,https://derivativecalculatorai.com/limit-of-sqrt5x--sqrtabsx-as-x-to--1,Yes,Excluded,,,Yes,Partial,0,0,Unknown,,Not reviewed
https://derivativecalculatorai.com/limit-of-1-over-1-over-x--1-over-x2-as-x-to-pi,limit-of-1-over-1-over-x--1-over-x2-as-x-to-pi,problems.json,limit,problem,200,Yes,index,https://derivativecalculatorai.com/limit-of-1-over-1-over-x--1-over-x2-as-x-to-pi,Yes,Excluded,,,Yes,Partial,0,0,Unknown,,Not reviewed
https://derivativecalculatorai.com/limit-of-sqrtx2--4absx2-as-x-to-0,limit-of-sqrtx2--4absx2-as-x-to-0,problems.json,limit,problem,200,Yes,index,https://derivativecalculatorai.com/limit-of-sqrtx2--4absx2-as-x-to-0,Yes,Excluded,,,Yes,Partial,0,0,Unknown,,Not reviewed
https://derivativecalculatorai.com/limit-of-cosx-21-over-x-over-sinx-as-x-to-2,limit-of-cosx-21-over-x-over-sinx-as-x-to-2,problems.json,limit,problem,200,Yes,index,https://derivativecalculatorai.com/limit-of-cosx-21-over-x-over-sinx-as-x-to-2,Yes,Excluded,,,Yes,Partial,0,0,Unknown,,Not reviewed
https://derivativecalculatorai.com/limit-of-sqrtx-over-x3-as-x-to--inf,limit-of-sqrtx-over-x3-as-x-to--inf,problems.json,limit,problem,200,Yes,index,https://derivativecalculatorai.com/limit-of-sqrtx-over-x3-as-x-to--inf,Yes,Excluded,,,Yes,Partial,0,0,Unknown,,Not reviewed
https://derivativecalculatorai.com/limit-of-21-over-x-over-2x3-as-x-to-1,limit-of-21-over-x-over-2x3-as-x-to-1,problems.json,limit,problem,200,Yes,index,https://derivativecalculatorai.com/limit-of-21-over-x-over-2x3-as-x-to-1,Yes,Excluded,,,Yes,Partial,0,0,Unknown,,Not reviewed
https://derivativecalculatorai.com/limit-of-41-over-x2--ex2-as-x-to--1,limit-of-41-over-x2--ex2-as-x-to--1,problems.json,limit,problem,200,Yes,index,https://derivativecalculatorai.com/limit-of-41-over-x2--ex2-as-x-to--1,Yes,Excluded,,,Yes,Partial,0,0,Unknown,,Not reviewed
https://derivativecalculatorai.com/limit-of-sinx-cosx-over-cosx-as-x-to--inf,limit-of-sinx-cosx-over-cosx-as-x-to--inf,problems.json,limit,problem,200,Yes,index,https://derivativecalculatorai.com/limit-of-sinx-cosx-over-cosx-as-x-to--inf,Yes,Excluded,,,Yes,Partial,0,0,Unknown,,Not reviewed
https://derivativecalculatorai.com/limit-of-3ex-2sinx-over-lnx-as-x-to--2,limit-of-3ex-2sinx-over-lnx-as-x-to--2,problems.json,limit,problem,200,Yes,index,https://derivativecalculatorai.com/limit-of-3ex-2sinx-over-lnx-as-x-to--2,Yes,Excluded,,,Yes,Partial,0,0,Unknown,,Not reviewed
https://derivativecalculatorai.com/limit-of-sqrt1-over-x2--sqrt5cosx-as-x-to-0,limit-of-sqrt1-over-x2--sqrt5cosx-as-x-to-0,problems.json,limit,problem,200,Yes,index,https://derivativecalculatorai.com/limit-of-sqrt1-over-x2--sqrt5cosx-as-x-to-0,Yes,Excluded,,,Yes,Partial,0,0,Unknown,,Not reviewed
https://derivativecalculatorai.com/limit-of-cosx2--3absx2-as-x-to--1,limit-of-cosx2--3absx2-as-x-to--1,problems.json,limit,problem,200,Yes,index,https://derivativecalculatorai.com/limit-of-cosx2--3absx2-as-x-to--1,Yes,Excluded,,,Yes,Partial,0,0,Unknown,,Not reviewed
https://derivativecalculatorai.com/limit-of-4ex-over-sqrtx-as-x-to-pi-2,limit-of-4ex-over-sqrtx-as-x-to-pi-2,problems.json,limit,problem,200,Yes,index,https://derivativecalculatorai.com/limit-of-4ex-over-sqrtx-as-x-to-pi-2,Yes,Excluded,,,Yes,Partial,0,0,Unknown,,Not reviewed
https://derivativecalculatorai.com/limit-of-sinx--5x3-over-lnx--tanx-as-x-to-1,limit-of-sinx--5x3-over-lnx--tanx-as-x-to-1,problems.json,limit,problem,200,Yes,index,https://derivativecalculatorai.com/limit-of-sinx--5x3-over-lnx--tanx-as-x-to-1,Yes,Excluded,,,Yes,Partial,0,0,Unknown,,Not reviewed
https://derivativecalculatorai.com/limit-of-5absx-sqrtx-over-x-as-x-to--2,limit-of-5absx-sqrtx-over-x-as-x-to--2,problems.json,limit,problem,200,Yes,index,https://derivativecalculatorai.com/limit-of-5absx-sqrtx-over-x-as-x-to--2,Yes,Excluded,,,Yes,Partial,0,0,Unknown,,Not reviewed
https://derivativecalculatorai.com/limit-of-3x32--2sinx2-as-x-to-pi,limit-of-3x32--2sinx2-as-x-to-pi,problems.json,limit,problem,200,Yes,index,https://derivativecalculatorai.com/limit-of-3x32--2sinx2-as-x-to-pi,Yes,Excluded,,,Yes,Partial,0,0,Unknown,,Not reviewed
https://derivativecalculatorai.com/limit-of-3absx-4sinx-over-sinx-as-x-to--1,limit-of-3absx-4sinx-over-sinx-as-x-to--1,problems.json,limit,problem,200,Yes,index,https://derivativecalculatorai.com/limit-of-3absx-4sinx-over-sinx-as-x-to--1,Yes,Excluded,,,Yes,Partial,0,0,Unknown,,Not reviewed
https://derivativecalculatorai.com/limit-of-2x2-over-absx-as-x-to--1,limit-of-2x2-over-absx-as-x-to--1,problems.json,limit,problem,200,Yes,index,https://derivativecalculatorai.com/limit-of-2x2-over-absx-as-x-to--1,Yes,Excluded,,,Yes,Partial,0,0,Unknown,,Not reviewed
https://derivativecalculatorai.com/limit-of-ex-over-1-over-x-as-x-to-inf,limit-of-ex-over-1-over-x-as-x-to-inf,problems.json,limit,problem,200,Yes,index,https://derivativecalculatorai.com/limit-of-ex-over-1-over-x-as-x-to-inf,Yes,Excluded,,,Yes,Partial,0,0,Unknown,,Not reviewed
https://derivativecalculatorai.com/limit-of-3sinx-over-x2-as-x-to-inf,limit-of-3sinx-over-x2-as-x-to-inf,problems.json,limit,problem,200,Yes,index,https://derivativecalculatorai.com/limit-of-3sinx-over-x2-as-x-to-inf,Yes,Excluded,,,Yes,Partial,0,0,Unknown,,Not reviewed
https://derivativecalculatorai.com/limit-of-1-over-x-over-4cosx-as-x-to--inf,limit-of-1-over-x-over-4cosx-as-x-to--inf,problems.json,limit,problem,200,No,noindex,https://derivativecalculatorai.com/limit-of-1-over-x-over-4cosx-as-x-to--inf,Yes,Excluded,,,Yes,Partial,0,0,Unknown,,Not reviewed
https://derivativecalculatorai.com/limit-of-4absx-x3-over-ex-as-x-to--1,limit-of-4absx-x3-over-ex-as-x-to--1,problems.json,limit,problem,200,Yes,index,https://derivativecalculatorai.com/limit-of-4absx-x3-over-ex-as-x-to--1,Yes,Excluded,,,Yes,Partial,0,0,Unknown,,Not reviewed
https://derivativecalculatorai.com/limit-of-3tanx-over-absx-as-x-to-inf,limit-of-3tanx-over-absx-as-x-to-inf,problems.json,limit,problem,200,Yes,index,https://derivativecalculatorai.com/limit-of-3tanx-over-absx-as-x-to-inf,Yes,Excluded,,,Yes,Partial,0,0,Unknown,,Not reviewed
https://derivativecalculatorai.com/limit-of-4x-5x3-over-sqrtx-as-x-to--1,limit-of-4x-5x3-over-sqrtx-as-x-to--1,problems.json,limit,problem,200,Yes,index,https://derivativecalculatorai.com/limit-of-4x-5x3-over-sqrtx-as-x-to--1,Yes,Excluded,,,Yes,Partial,0,0,Unknown,,Not reviewed
https://derivativecalculatorai.com/limit-of-sqrtx--5tanx-over-sqrtx--cosx-as-x-to--2,limit-of-sqrtx--5tanx-over-sqrtx--cosx-as-x-to--2,problems.json,limit,problem,200,Yes,index,https://derivativecalculatorai.com/limit-of-sqrtx--5tanx-over-sqrtx--cosx-as-x-to--2,Yes,Excluded,,,Yes,Partial,0,0,Unknown,,Not reviewed
https://derivativecalculatorai.com/limit-of-1-over-5sqrtx--1-over-5lnx-as-x-to--inf,limit-of-1-over-5sqrtx--1-over-5lnx-as-x-to--inf,problems.json,limit,problem,200,Yes,index,https://derivativecalculatorai.com/limit-of-1-over-5sqrtx--1-over-5lnx-as-x-to--inf,Yes,Excluded,,,Yes,Partial,0,0,Unknown,,Not reviewed
https://derivativecalculatorai.com/limit-of-sqrt2x3--sqrt3tanx-as-x-to-1,limit-of-sqrt2x3--sqrt3tanx-as-x-to-1,problems.json,limit,problem,200,Yes,index,https://derivativecalculatorai.com/limit-of-sqrt2x3--sqrt3tanx-as-x-to-1,Yes,Excluded,,,Yes,Partial,0,0,Unknown,,Not reviewed
https://derivativecalculatorai.com/limit-of-1-over-x2--lnx2-as-x-to--2,limit-of-1-over-x2--lnx2-as-x-to--2,problems.json,limit,problem,200,Yes,index,https://derivativecalculatorai.com/limit-of-1-over-x2--lnx2-as-x-to--2,Yes,Excluded,,,Yes,Partial,0,0,Unknown,,Not reviewed
https://derivativecalculatorai.com/limit-of-1-over-absx--1-over-2lnx-as-x-to-pi-2,limit-of-1-over-absx--1-over-2lnx-as-x-to-pi-2,problems.json,limit,problem,200,Yes,index,https://derivativecalculatorai.com/limit-of-1-over-absx--1-over-2lnx-as-x-to-pi-2,Yes,Excluded,,,Yes,Partial,0,0,Unknown,,Not reviewed
https://derivativecalculatorai.com/limit-of-absx-over-1-over-x-as-x-to-pi-2,limit-of-absx-over-1-over-x-as-x-to-pi-2,problems.json,limit,problem,200,No,noindex,https://derivativecalculatorai.com/limit-of-absx-over-1-over-x-as-x-to-pi-2,Yes,Excluded,,,Yes,Partial,0,0,Unknown,,Not reviewed
https://derivativecalculatorai.com/limit-of-absx--absx-over-ex--absx-as-x-to-pi-2,limit-of-absx--absx-over-ex--absx-as-x-to-pi-2,problems.json,limit,problem,200,Yes,index,https://derivativecalculatorai.com/limit-of-absx--absx-over-ex--absx-as-x-to-pi-2,Yes,Excluded,,,Yes,Partial,0,0,Unknown,,Not reviewed
https://derivativecalculatorai.com/limit-of-5absx--4absx-over-1-over-x2--tanx-as-x-to-pi,limit-of-5absx--4absx-over-1-over-x2--tanx-as-x-to-pi,problems.json,limit,problem,200,No,noindex,https://derivativecalculatorai.com/limit-of-5absx--4absx-over-1-over-x2--tanx-as-x-to-pi,Yes,Excluded,,,Yes,Partial,0,0,Unknown,,Not reviewed
https://derivativecalculatorai.com/limit-of-sqrt2x3--sqrt5absx-as-x-to-0,limit-of-sqrt2x3--sqrt5absx-as-x-to-0,problems.json,limit,problem,200,Yes,index,https://derivativecalculatorai.com/limit-of-sqrt2x3--sqrt5absx-as-x-to-0,Yes,Excluded,,,Yes,Partial,0,0,Unknown,,Not reviewed
https://derivativecalculatorai.com/limit-of-lnx-4lnx-over-1-over-x-as-x-to--2,limit-of-lnx-4lnx-over-1-over-x-as-x-to--2,problems.json,limit,problem,200,Yes,index,https://derivativecalculatorai.com/limit-of-lnx-4lnx-over-1-over-x-as-x-to--2,Yes,Excluded,,,Yes,Partial,0,0,Unknown,,Not reviewed
https://derivativecalculatorai.com/limit-of-1-over-2x--1-over-4x3-as-x-to-2,limit-of-1-over-2x--1-over-4x3-as-x-to-2,problems.json,limit,problem,200,Yes,index,https://derivativecalculatorai.com/limit-of-1-over-2x--1-over-4x3-as-x-to-2,Yes,Excluded,,,Yes,Partial,0,0,Unknown,,Not reviewed
https://derivativecalculatorai.com/limit-of-sqrtsinx--sqrt2x2-as-x-to--2,limit-of-sqrtsinx--sqrt2x2-as-x-to--2,problems.json,limit,problem,200,Yes,index,https://derivativecalculatorai.com/limit-of-sqrtsinx--sqrt2x2-as-x-to--2,Yes,Excluded,,,Yes,Partial,0,0,Unknown,,Not reviewed
https://derivativecalculatorai.com/limit-of-1-over-3x--1-over-x2-as-x-to-1,limit-of-1-over-3x--1-over-x2-as-x-to-1,problems.json,limit,problem,200,Yes,index,https://derivativecalculatorai.com/limit-of-1-over-3x--1-over-x2-as-x-to-1,Yes,Excluded,,,Yes,Partial,0,0,Unknown,,Not reviewed
https://derivativecalculatorai.com/limit-of-tanx-over-x3-as-x-to--2,limit-of-tanx-over-x3-as-x-to--2,problems.json,limit,problem,200,Yes,index,https://derivativecalculatorai.com/limit-of-tanx-over-x3-as-x-to--2,Yes,Excluded,,,Yes,Partial,0,0,Unknown,,Not reviewed
https://derivativecalculatorai.com/limit-of-1-over-x-over-lnx-as-x-to-pi-2,limit-of-1-over-x-over-lnx-as-x-to-pi-2,problems.json,limit,problem,200,No,noindex,https://derivativecalculatorai.com/limit-of-1-over-x-over-lnx-as-x-to-pi-2,Yes,Excluded,,,Yes,Partial,0,0,Unknown,,Not reviewed
https://derivativecalculatorai.com/limit-of-4x-tanx-over-tanx-as-x-to-inf,limit-of-4x-tanx-over-tanx-as-x-to-inf,problems.json,limit,problem,200,Yes,index,https://derivativecalculatorai.com/limit-of-4x-tanx-over-tanx-as-x-to-inf,Yes,Excluded,,,Yes,Partial,0,0,Unknown,,Not reviewed
https://derivativecalculatorai.com/limit-of-5absx-sinx-over-sqrtx-as-x-to-0,limit-of-5absx-sinx-over-sqrtx-as-x-to-0,problems.json,limit,problem,200,Yes,index,https://derivativecalculatorai.com/limit-of-5absx-sinx-over-sqrtx-as-x-to-0,Yes,Excluded,,,Yes,Partial,0,0,Unknown,,Not reviewed
https://derivativecalculatorai.com/limit-of-sqrtx2--41-over-x2-as-x-to--inf,limit-of-sqrtx2--41-over-x2-as-x-to--inf,problems.json,limit,problem,200,Yes,index,https://derivativecalculatorai.com/limit-of-sqrtx2--41-over-x2-as-x-to--inf,Yes,Excluded,,,Yes,Partial,0,0,Unknown,,Not reviewed
https://derivativecalculatorai.com/limit-of-1-over-1-over-x--1-over-1-over-x2-as-x-to-pi,limit-of-1-over-1-over-x--1-over-1-over-x2-as-x-to-pi,problems.json,limit,problem,200,No,noindex,https://derivativecalculatorai.com/limit-of-1-over-1-over-x--1-over-1-over-x2-as-x-to-pi,Yes,Excluded,,,Yes,Partial,0,0,Unknown,,Not reviewed
https://derivativecalculatorai.com/limit-of-4x--tanx-over-tanx--absx-as-x-to--2,limit-of-4x--tanx-over-tanx--absx-as-x-to--2,problems.json,limit,problem,200,Yes,index,https://derivativecalculatorai.com/limit-of-4x--tanx-over-tanx--absx-as-x-to--2,Yes,Excluded,,,Yes,Partial,0,0,Unknown,,Not reviewed
https://derivativecalculatorai.com/limit-of-2sinx--41-over-x2-over-cosx--sinx-as-x-to-1,limit-of-2sinx--41-over-x2-over-cosx--sinx-as-x-to-1,problems.json,limit,problem,200,No,noindex,https://derivativecalculatorai.com/limit-of-2sinx--41-over-x2-over-cosx--sinx-as-x-to-1,Yes,Excluded,,,Yes,Partial,0,0,Unknown,,Not reviewed
https://derivativecalculatorai.com/limit-of-sqrt3x2--sqrtx3-as-x-to-inf,limit-of-sqrt3x2--sqrtx3-as-x-to-inf,problems.json,limit,problem,200,Yes,index,https://derivativecalculatorai.com/limit-of-sqrt3x2--sqrtx3-as-x-to-inf,Yes,Excluded,,,Yes,Partial,0,0,Unknown,,Not reviewed
https://derivativecalculatorai.com/limit-of-2x3-over-4absx-as-x-to-pi,limit-of-2x3-over-4absx-as-x-to-pi,problems.json,limit,problem,200,Yes,index,https://derivativecalculatorai.com/limit-of-2x3-over-4absx-as-x-to-pi,Yes,Excluded,,,Yes,Partial,0,0,Unknown,,Not reviewed
https://derivativecalculatorai.com/limit-of-5cosx-3ex-over-1-over-x2-as-x-to--inf,limit-of-5cosx-3ex-over-1-over-x2-as-x-to--inf,problems.json,limit,problem,200,Yes,index,https://derivativecalculatorai.com/limit-of-5cosx-3ex-over-1-over-x2-as-x-to--inf,Yes,Excluded,,,Yes,Partial,0,0,Unknown,,Not reviewed
https://derivativecalculatorai.com/limit-of-absx-1-over-x2-over-1-over-x-as-x-to-0,limit-of-absx-1-over-x2-over-1-over-x-as-x-to-0,problems.json,limit,problem,200,Yes,index,https://derivativecalculatorai.com/limit-of-absx-1-over-x2-over-1-over-x-as-x-to-0,Yes,Excluded,,,Yes,Partial,0,0,Unknown,,Not reviewed
https://derivativecalculatorai.com/limit-of-sqrtx--sqrtx-as-x-to--inf,limit-of-sqrtx--sqrtx-as-x-to--inf,problems.json,limit,problem,200,Yes,index,https://derivativecalculatorai.com/limit-of-sqrtx--sqrtx-as-x-to--inf,Yes,Excluded,,,Yes,Partial,0,0,Unknown,,Not reviewed
https://derivativecalculatorai.com/limit-of-1-over-absx--1-over-2sinx-as-x-to-0,limit-of-1-over-absx--1-over-2sinx-as-x-to-0,problems.json,limit,problem,200,Yes,index,https://derivativecalculatorai.com/limit-of-1-over-absx--1-over-2sinx-as-x-to-0,Yes,Excluded,,,Yes,Partial,0,0,Unknown,,Not reviewed
https://derivativecalculatorai.com/limit-of-ex--tanx-over-1-over-x2--sqrtx-as-x-to-1,limit-of-ex--tanx-over-1-over-x2--sqrtx-as-x-to-1,problems.json,limit,problem,200,Yes,index,https://derivativecalculatorai.com/limit-of-ex--tanx-over-1-over-x2--sqrtx-as-x-to-1,Yes,Excluded,,,Yes,Partial,0,0,Unknown,,Not reviewed
https://derivativecalculatorai.com/limit-of-3x2-lnx-over-x3-as-x-to-pi-2,limit-of-3x2-lnx-over-x3-as-x-to-pi-2,problems.json,limit,problem,200,Yes,index,https://derivativecalculatorai.com/limit-of-3x2-lnx-over-x3-as-x-to-pi-2,Yes,Excluded,,,Yes,Partial,0,0,Unknown,,Not reviewed
https://derivativecalculatorai.com/limit-of-1-over-3x3--1-over-41-over-x2-as-x-to-1,limit-of-1-over-3x3--1-over-41-over-x2-as-x-to-1,problems.json,limit,problem,200,Yes,index,https://derivativecalculatorai.com/limit-of-1-over-3x3--1-over-41-over-x2-as-x-to-1,Yes,Excluded,,,Yes,Partial,0,0,Unknown,,Not reviewed
https://derivativecalculatorai.com/limit-of-sqrt2sinx--sqrt1-over-x2-as-x-to--2,limit-of-sqrt2sinx--sqrt1-over-x2-as-x-to--2,problems.json,limit,problem,200,Yes,index,https://derivativecalculatorai.com/limit-of-sqrt2sinx--sqrt1-over-x2-as-x-to--2,Yes,Excluded,,,Yes,Partial,0,0,Unknown,,Not reviewed
https://derivativecalculatorai.com/limit-of-1-over-5tanx--1-over-2cosx-as-x-to-inf,limit-of-1-over-5tanx--1-over-2cosx-as-x-to-inf,problems.json,limit,problem,200,Yes,index,https://derivativecalculatorai.com/limit-of-1-over-5tanx--1-over-2cosx-as-x-to-inf,Yes,Excluded,,,Yes,Partial,0,0,Unknown,,Not reviewed
https://derivativecalculatorai.com/limit-of-x3--lnx-over-sqrtx--lnx-as-x-to--inf,limit-of-x3--lnx-over-sqrtx--lnx-as-x-to--inf,problems.json,limit,problem,200,Yes,index,https://derivativecalculatorai.com/limit-of-x3--lnx-over-sqrtx--lnx-as-x-to--inf,Yes,Excluded,,,Yes,Partial,0,0,Unknown,,Not reviewed
https://derivativecalculatorai.com/limit-of-1-over-sqrtx--1-over-sinx-as-x-to-inf,limit-of-1-over-sqrtx--1-over-sinx-as-x-to-inf,problems.json,limit,problem,200,No,noindex,https://derivativecalculatorai.com/limit-of-1-over-sqrtx--1-over-sinx-as-x-to-inf,Yes,Excluded,,,Yes,Partial,0,0,Unknown,,Not reviewed
https://derivativecalculatorai.com/limit-of-x2--3cosx-over-x--1-over-x-as-x-to-0,limit-of-x2--3cosx-over-x--1-over-x-as-x-to-0,problems.json,limit,problem,200,Yes,index,https://derivativecalculatorai.com/limit-of-x2--3cosx-over-x--1-over-x-as-x-to-0,Yes,Excluded,,,Yes,Partial,0,0,Unknown,,Not reviewed
https://derivativecalculatorai.com/limit-of-sqrt5sinx--sqrtx-as-x-to-1,limit-of-sqrt5sinx--sqrtx-as-x-to-1,problems.json,limit,problem,200,Yes,index,https://derivativecalculatorai.com/limit-of-sqrt5sinx--sqrtx-as-x-to-1,Yes,Excluded,,,Yes,Partial,0,0,Unknown,,Not reviewed
https://derivativecalculatorai.com/limit-of-1-over-sinx--1-over-2x-as-x-to-0,limit-of-1-over-sinx--1-over-2x-as-x-to-0,problems.json,limit,problem,200,Yes,index,https://derivativecalculatorai.com/limit-of-1-over-sinx--1-over-2x-as-x-to-0,Yes,Excluded,,,Yes,Partial,0,0,Unknown,,Not reviewed
https://derivativecalculatorai.com/limit-of-ex2--tanx2-as-x-to-pi-2,limit-of-ex2--tanx2-as-x-to-pi-2,problems.json,limit,problem,200,Yes,index,https://derivativecalculatorai.com/limit-of-ex2--tanx2-as-x-to-pi-2,Yes,Excluded,,,Yes,Partial,0,0,Unknown,,Not reviewed
https://derivativecalculatorai.com/limit-of-sqrt4absx--sqrt5x-as-x-to-0,limit-of-sqrt4absx--sqrt5x-as-x-to-0,problems.json,limit,problem,200,Yes,index,https://derivativecalculatorai.com/limit-of-sqrt4absx--sqrt5x-as-x-to-0,Yes,Excluded,,,Yes,Partial,0,0,Unknown,,Not reviewed
https://derivativecalculatorai.com/limit-of-x-over-sinx-as-x-to--inf,limit-of-x-over-sinx-as-x-to--inf,problems.json,limit,problem,200,Yes,index,https://derivativecalculatorai.com/limit-of-x-over-sinx-as-x-to--inf,Yes,Excluded,,,Yes,Partial,0,0,Unknown,,Not reviewed
https://derivativecalculatorai.com/limit-of-5x-over-21-over-x-as-x-to-pi-2,limit-of-5x-over-21-over-x-as-x-to-pi-2,problems.json,limit,problem,200,Yes,index,https://derivativecalculatorai.com/limit-of-5x-over-21-over-x-as-x-to-pi-2,Yes,Excluded,,,Yes,Partial,0,0,Unknown,,Not reviewed
https://derivativecalculatorai.com/limit-of-sinx--41-over-x2-over-absx--absx-as-x-to-1,limit-of-sinx--41-over-x2-over-absx--absx-as-x-to-1,problems.json,limit,problem,200,No,noindex,https://derivativecalculatorai.com/limit-of-sinx--41-over-x2-over-absx--absx-as-x-to-1,Yes,Excluded,,,Yes,Partial,0,0,Unknown,,Not reviewed
https://derivativecalculatorai.com/limit-of-3x3-absx-over-1-over-x2-as-x-to-1,limit-of-3x3-absx-over-1-over-x2-as-x-to-1,problems.json,limit,problem,200,Yes,index,https://derivativecalculatorai.com/limit-of-3x3-absx-over-1-over-x2-as-x-to-1,Yes,Excluded,,,Yes,Partial,0,0,Unknown,,Not reviewed
https://derivativecalculatorai.com/limit-of-x-over-x3-as-x-to-inf,limit-of-x-over-x3-as-x-to-inf,problems.json,limit,problem,200,Yes,index,https://derivativecalculatorai.com/limit-of-x-over-x3-as-x-to-inf,Yes,Excluded,,,Yes,Partial,0,0,Unknown,,Not reviewed
https://derivativecalculatorai.com/limit-of-1-over-x--sqrtx-over-ex--x-as-x-to-pi,limit-of-1-over-x--sqrtx-over-ex--x-as-x-to-pi,problems.json,limit,problem,200,Yes,index,https://derivativecalculatorai.com/limit-of-1-over-x--sqrtx-over-ex--x-as-x-to-pi,Yes,Excluded,,,Yes,Partial,0,0,Unknown,,Not reviewed
https://derivativecalculatorai.com/limit-of-sqrt3ex--sqrt4sinx-as-x-to--1,limit-of-sqrt3ex--sqrt4sinx-as-x-to--1,problems.json,limit,problem,200,Yes,index,https://derivativecalculatorai.com/limit-of-sqrt3ex--sqrt4sinx-as-x-to--1,Yes,Excluded,,,Yes,Partial,0,0,Unknown,,Not reviewed
https://derivativecalculatorai.com/limit-of-3ex-1-over-x-over-sqrtx-as-x-to-1,limit-of-3ex-1-over-x-over-sqrtx-as-x-to-1,problems.json,limit,problem,200,Yes,index,https://derivativecalculatorai.com/limit-of-3ex-1-over-x-over-sqrtx-as-x-to-1,Yes,Excluded,,,Yes,Partial,0,0,Unknown,,Not reviewed
https://derivativecalculatorai.com/limit-of-2x-31-over-x2-over-tanx-as-x-to--1,limit-of-2x-31-over-x2-over-tanx-as-x-to--1,problems.json,limit,problem,200,Yes,index,https://derivativecalculatorai.com/limit-of-2x-31-over-x2-over-tanx-as-x-to--1,Yes,Excluded,,,Yes,Partial,0,0,Unknown,,Not reviewed
https://derivativecalculatorai.com/limit-of-2cosx-over-51-over-x-as-x-to--2,limit-of-2cosx-over-51-over-x-as-x-to--2,problems.json,limit,problem,200,Yes,index,https://derivativecalculatorai.com/limit-of-2cosx-over-51-over-x-as-x-to--2,Yes,Excluded,,,Yes,Partial,0,0,Unknown,,Not reviewed
https://derivativecalculatorai.com/limit-of-1-over-sinx--1-over-41-over-x-as-x-to--inf,limit-of-1-over-sinx--1-over-41-over-x-as-x-to--inf,problems.json,limit,problem,200,No,noindex,https://derivativecalculatorai.com/limit-of-1-over-sinx--1-over-41-over-x-as-x-to--inf,Yes,Excluded,,,Yes,Partial,0,0,Unknown,,Not reviewed
https://derivativecalculatorai.com/limit-of-5absx2--4x32-as-x-to-1,limit-of-5absx2--4x32-as-x-to-1,problems.json,limit,problem,200,Yes,index,https://derivativecalculatorai.com/limit-of-5absx2--4x32-as-x-to-1,Yes,Excluded,,,Yes,Partial,0,0,Unknown,,Not reviewed
https://derivativecalculatorai.com/limit-of-x3--cosx-over-x2--absx-as-x-to--inf,limit-of-x3--cosx-over-x2--absx-as-x-to--inf,problems.json,limit,problem,200,Yes,index,https://derivativecalculatorai.com/limit-of-x3--cosx-over-x2--absx-as-x-to--inf,Yes,Excluded,,,Yes,Partial,0,0,Unknown,,Not reviewed
https://derivativecalculatorai.com/limit-of-1-over-2x2--1-over-absx-as-x-to--inf,limit-of-1-over-2x2--1-over-absx-as-x-to--inf,problems.json,limit,problem,200,Yes,index,https://derivativecalculatorai.com/limit-of-1-over-2x2--1-over-absx-as-x-to--inf,Yes,Excluded,,,Yes,Partial,0,0,Unknown,,Not reviewed
https://derivativecalculatorai.com/limit-of-1-over-lnx--1-over-2x2-as-x-to-pi,limit-of-1-over-lnx--1-over-2x2-as-x-to-pi,problems.json,limit,problem,200,No,noindex,https://derivativecalculatorai.com/limit-of-1-over-lnx--1-over-2x2-as-x-to-pi,Yes,Excluded,,,Yes,Partial,0,0,Unknown,,Not reviewed
https://derivativecalculatorai.com/limit-of-51-over-x2--x32-as-x-to--2,limit-of-51-over-x2--x32-as-x-to--2,problems.json,limit,problem,200,Yes,index,https://derivativecalculatorai.com/limit-of-51-over-x2--x32-as-x-to--2,Yes,Excluded,,,Yes,Partial,0,0,Unknown,,Not reviewed
https://derivativecalculatorai.com/limit-of-sinx-3absx-over-x-as-x-to-pi,limit-of-sinx-3absx-over-x-as-x-to-pi,problems.json,limit,problem,200,Yes,index,https://derivativecalculatorai.com/limit-of-sinx-3absx-over-x-as-x-to-pi,Yes,Excluded,,,Yes,Partial,0,0,Unknown,,Not reviewed
https://derivativecalculatorai.com/limit-of-lnx-over-cosx-as-x-to--inf,limit-of-lnx-over-cosx-as-x-to--inf,problems.json,limit,problem,200,Yes,index,https://derivativecalculatorai.com/limit-of-lnx-over-cosx-as-x-to--inf,Yes,Excluded,,,Yes,Partial,0,0,Unknown,,Not reviewed
https://derivativecalculatorai.com/limit-of-1-over-cosx--1-over-3ex-as-x-to-pi-2,limit-of-1-over-cosx--1-over-3ex-as-x-to-pi-2,problems.json,limit,problem,200,Yes,index,https://derivativecalculatorai.com/limit-of-1-over-cosx--1-over-3ex-as-x-to-pi-2,Yes,Excluded,,,Yes,Partial,0,0,Unknown,,Not reviewed
https://derivativecalculatorai.com/limit-of-3ex-x3-over-x3-as-x-to-pi-2,limit-of-3ex-x3-over-x3-as-x-to-pi-2,problems.json,limit,problem,200,Yes,index,https://derivativecalculatorai.com/limit-of-3ex-x3-over-x3-as-x-to-pi-2,Yes,Excluded,,,Yes,Partial,0,0,Unknown,,Not reviewed
https://derivativecalculatorai.com/limit-of-sqrtex--sqrtcosx-as-x-to-pi-2,limit-of-sqrtex--sqrtcosx-as-x-to-pi-2,problems.json,limit,problem,200,Yes,index,https://derivativecalculatorai.com/limit-of-sqrtex--sqrtcosx-as-x-to-pi-2,Yes,Excluded,,,Yes,Partial,0,0,Unknown,,Not reviewed
https://derivativecalculatorai.com/limit-of-x22--5absx2-as-x-to-1,limit-of-x22--5absx2-as-x-to-1,problems.json,limit,problem,200,Yes,index,https://derivativecalculatorai.com/limit-of-x22--5absx2-as-x-to-1,Yes,Excluded,,,Yes,Partial,0,0,Unknown,,Not reviewed
https://derivativecalculatorai.com/limit-of-x2--ex2-as-x-to-pi,limit-of-x2--ex2-as-x-to-pi,problems.json,limit,problem,200,Yes,index,https://derivativecalculatorai.com/limit-of-x2--ex2-as-x-to-pi,Yes,Excluded,,,Yes,Partial,0,0,Unknown,,Not reviewed
https://derivativecalculatorai.com/limit-of-2lnx-over-1-over-x2-as-x-to-pi,limit-of-2lnx-over-1-over-x2-as-x-to-pi,problems.json,limit,problem,200,Yes,index,https://derivativecalculatorai.com/limit-of-2lnx-over-1-over-x2-as-x-to-pi,Yes,Excluded,,,Yes,Partial,0,0,Unknown,,Not reviewed
https://derivativecalculatorai.com/limit-of-3x3-over-absx-as-x-to-0,limit-of-3x3-over-absx-as-x-to-0,problems.json,limit,problem,200,Yes,index,https://derivativecalculatorai.com/limit-of-3x3-over-absx-as-x-to-0,Yes,Excluded,,,Yes,Partial,0,0,Unknown,,Not reviewed
https://derivativecalculatorai.com/limit-of-1-over-x2-x2-over-cosx-as-x-to--1,limit-of-1-over-x2-x2-over-cosx-as-x-to--1,problems.json,limit,problem,200,Yes,index,https://derivativecalculatorai.com/limit-of-1-over-x2-x2-over-cosx-as-x-to--1,Yes,Excluded,,,Yes,Partial,0,0,Unknown,,Not reviewed
https://derivativecalculatorai.com/limit-of-5x2--4lnx-over-tanx--x3-as-x-to--inf,limit-of-5x2--4lnx-over-tanx--x3-as-x-to--inf,problems.json,limit,problem,200,Yes,index,https://derivativecalculatorai.com/limit-of-5x2--4lnx-over-tanx--x3-as-x-to--inf,Yes,Excluded,,,Yes,Partial,0,0,Unknown,,Not reviewed
https://derivativecalculatorai.com/limit-of-lnx2--2sqrtx2-as-x-to-pi,limit-of-lnx2--2sqrtx2-as-x-to-pi,problems.json,limit,problem,200,Yes,index,https://derivativecalculatorai.com/limit-of-lnx2--2sqrtx2-as-x-to-pi,Yes,Excluded,,,Yes,Partial,0,0,Unknown,,Not reviewed
https://derivativecalculatorai.com/limit-of-1-over-x3--1-over-3ex-as-x-to-2,limit-of-1-over-x3--1-over-3ex-as-x-to-2,problems.json,limit,problem,200,Yes,index,https://derivativecalculatorai.com/limit-of-1-over-x3--1-over-3ex-as-x-to-2,Yes,Excluded,,,Yes,Partial,0,0,Unknown,,Not reviewed
https://derivativecalculatorai.com/limit-of-sqrtabsx--sqrtabsx-as-x-to--2,limit-of-sqrtabsx--sqrtabsx-as-x-to--2,problems.json,limit,problem,200,Yes,index,https://derivativecalculatorai.com/limit-of-sqrtabsx--sqrtabsx-as-x-to--2,Yes,Excluded,,,Yes,Partial,0,0,Unknown,,Not reviewed
https://derivativecalculatorai.com/limit-of-absx-over-cosx-as-x-to-inf,limit-of-absx-over-cosx-as-x-to-inf,problems.json,limit,problem,200,Yes,index,https://derivativecalculatorai.com/limit-of-absx-over-cosx-as-x-to-inf,Yes,Excluded,,,Yes,Partial,0,0,Unknown,,Not reviewed
https://derivativecalculatorai.com/limit-of-5ex2--sqrtx2-as-x-to-1,limit-of-5ex2--sqrtx2-as-x-to-1,problems.json,limit,problem,200,Yes,index,https://derivativecalculatorai.com/limit-of-5ex2--sqrtx2-as-x-to-1,Yes,Excluded,,,Yes,Partial,0,0,Unknown,,Not reviewed
https://derivativecalculatorai.com/limit-of-3x3-sinx-over-x3-as-x-to-pi,limit-of-3x3-sinx-over-x3-as-x-to-pi,problems.json,limit,problem,200,Yes,index,https://derivativecalculatorai.com/limit-of-3x3-sinx-over-x3-as-x-to-pi,Yes,Excluded,,,Yes,Partial,0,0,Unknown,,Not reviewed
https://derivativecalculatorai.com/limit-of-lnx2--lnx2-as-x-to-1,limit-of-lnx2--lnx2-as-x-to-1,problems.json,limit,problem,200,Yes,index,https://derivativecalculatorai.com/limit-of-lnx2--lnx2-as-x-to-1,Yes,Excluded,,,Yes,Partial,0,0,Unknown,,Not reviewed
https://derivativecalculatorai.com/limit-of-3x-over-absx-as-x-to-pi,limit-of-3x-over-absx-as-x-to-pi,problems.json,limit,problem,200,Yes,index,https://derivativecalculatorai.com/limit-of-3x-over-absx-as-x-to-pi,Yes,Excluded,,,Yes,Partial,0,0,Unknown,,Not reviewed
https://derivativecalculatorai.com/limit-of-4sqrtx2--sqrtx2-as-x-to--2,limit-of-4sqrtx2--sqrtx2-as-x-to--2,problems.json,limit,problem,200,Yes,index,https://derivativecalculatorai.com/limit-of-4sqrtx2--sqrtx2-as-x-to--2,Yes,Excluded,,,Yes,Partial,0,0,Unknown,,Not reviewed
https://derivativecalculatorai.com/limit-of-ex-cosx-over-tanx-as-x-to--1,limit-of-ex-cosx-over-tanx-as-x-to--1,problems.json,limit,problem,200,Yes,index,https://derivativecalculatorai.com/limit-of-ex-cosx-over-tanx-as-x-to--1,Yes,Excluded,,,Yes,Partial,0,0,Unknown,,Not reviewed
https://derivativecalculatorai.com/limit-of-sqrt4lnx--sqrttanx-as-x-to-0,limit-of-sqrt4lnx--sqrttanx-as-x-to-0,problems.json,limit,problem,200,Yes,index,https://derivativecalculatorai.com/limit-of-sqrt4lnx--sqrttanx-as-x-to-0,Yes,Excluded,,,Yes,Partial,0,0,Unknown,,Not reviewed
https://derivativecalculatorai.com/limit-of-31-over-x2--2tanx2-as-x-to-inf,limit-of-31-over-x2--2tanx2-as-x-to-inf,problems.json,limit,problem,200,Yes,index,https://derivativecalculatorai.com/limit-of-31-over-x2--2tanx2-as-x-to-inf,Yes,Excluded,,,Yes,Partial,0,0,Unknown,,Not reviewed
https://derivativecalculatorai.com/limit-of-cosx2--ex2-as-x-to--inf,limit-of-cosx2--ex2-as-x-to--inf,problems.json,limit,problem,200,Yes,index,https://derivativecalculatorai.com/limit-of-cosx2--ex2-as-x-to--inf,Yes,Excluded,,,Yes,Partial,0,0,Unknown,,Not reviewed
https://derivativecalculatorai.com/limit-of-5sinx-absx-over-tanx-as-x-to-1,limit-of-5sinx-absx-over-tanx-as-x-to-1,problems.json,limit,problem,200,Yes,index,https://derivativecalculatorai.com/limit-of-5sinx-absx-over-tanx-as-x-to-1,Yes,Excluded,,,Yes,Partial,0,0,Unknown,,Not reviewed
https://derivativecalculatorai.com/limit-of-4absx-over-absx-as-x-to-inf,limit-of-4absx-over-absx-as-x-to-inf,problems.json,limit,problem,200,Yes,index,https://derivativecalculatorai.com/limit-of-4absx-over-absx-as-x-to-inf,Yes,Excluded,,,Yes,Partial,0,0,Unknown,,Not reviewed
https://derivativecalculatorai.com/limit-of-absx--2cosx-over-x--ex-as-x-to-pi-2,limit-of-absx--2cosx-over-x--ex-as-x-to-pi-2,problems.json,limit,problem,200,Yes,index,https://derivativecalculatorai.com/limit-of-absx--2cosx-over-x--ex-as-x-to-pi-2,Yes,Excluded,,,Yes,Partial,0,0,Unknown,,Not reviewed
https://derivativecalculatorai.com/limit-of-cosx-over-4cosx-as-x-to--1,limit-of-cosx-over-4cosx-as-x-to--1,problems.json,limit,problem,200,Yes,index,https://derivativecalculatorai.com/limit-of-cosx-over-4cosx-as-x-to--1,Yes,Excluded,,,Yes,Partial,0,0,Unknown,,Not reviewed
https://derivativecalculatorai.com/limit-of-sqrt51-over-x2--sqrtlnx-as-x-to--1,limit-of-sqrt51-over-x2--sqrtlnx-as-x-to--1,problems.json,limit,problem,200,Yes,index,https://derivativecalculatorai.com/limit-of-sqrt51-over-x2--sqrtlnx-as-x-to--1,Yes,Excluded,,,Yes,Partial,0,0,Unknown,,Not reviewed
https://derivativecalculatorai.com/limit-of-sqrt3x--sqrt5sinx-as-x-to--inf,limit-of-sqrt3x--sqrt5sinx-as-x-to--inf,problems.json,limit,problem,200,Yes,index,https://derivativecalculatorai.com/limit-of-sqrt3x--sqrt5sinx-as-x-to--inf,Yes,Excluded,,,Yes,Partial,0,0,Unknown,,Not reviewed
https://derivativecalculatorai.com/limit-of-sqrt31-over-x2--sqrtex-as-x-to-inf,limit-of-sqrt31-over-x2--sqrtex-as-x-to-inf,problems.json,limit,problem,200,Yes,index,https://derivativecalculatorai.com/limit-of-sqrt31-over-x2--sqrtex-as-x-to-inf,Yes,Excluded,,,Yes,Partial,0,0,Unknown,,Not reviewed
https://derivativecalculatorai.com/limit-of-2tanx2--5x22-as-x-to-pi-2,limit-of-2tanx2--5x22-as-x-to-pi-2,problems.json,limit,problem,200,Yes,index,https://derivativecalculatorai.com/limit-of-2tanx2--5x22-as-x-to-pi-2,Yes,Excluded,,,Yes,Partial,0,0,Unknown,,Not reviewed
https://derivativecalculatorai.com/limit-of-cosx-over-21-over-x-as-x-to-0,limit-of-cosx-over-21-over-x-as-x-to-0,problems.json,limit,problem,200,Yes,index,https://derivativecalculatorai.com/limit-of-cosx-over-21-over-x-as-x-to-0,Yes,Excluded,,,Yes,Partial,0,0,Unknown,,Not reviewed
https://derivativecalculatorai.com/limit-of-1-over-x-5sinx-over-ex-as-x-to-pi,limit-of-1-over-x-5sinx-over-ex-as-x-to-pi,problems.json,limit,problem,200,Yes,index,https://derivativecalculatorai.com/limit-of-1-over-x-5sinx-over-ex-as-x-to-pi,Yes,Excluded,,,Yes,Partial,0,0,Unknown,,Not reviewed
https://derivativecalculatorai.com/limit-of-1-over-x2--1-over-1-over-x2-as-x-to-pi-2,limit-of-1-over-x2--1-over-1-over-x2-as-x-to-pi-2,problems.json,limit,problem,200,Yes,index,https://derivativecalculatorai.com/limit-of-1-over-x2--1-over-1-over-x2-as-x-to-pi-2,Yes,Excluded,,,Yes,Partial,0,0,Unknown,,Not reviewed
https://derivativecalculatorai.com/limit-of-2tanx--5absx-over-sinx--absx-as-x-to-0,limit-of-2tanx--5absx-over-sinx--absx-as-x-to-0,problems.json,limit,problem,200,Yes,index,https://derivativecalculatorai.com/limit-of-2tanx--5absx-over-sinx--absx-as-x-to-0,Yes,Excluded,,,Yes,Partial,0,0,Unknown,,Not reviewed
https://derivativecalculatorai.com/limit-of-sqrt41-over-x--sqrt1-over-x-as-x-to--2,limit-of-sqrt41-over-x--sqrt1-over-x-as-x-to--2,problems.json,limit,problem,200,Yes,index,https://derivativecalculatorai.com/limit-of-sqrt41-over-x--sqrt1-over-x-as-x-to--2,Yes,Excluded,,,Yes,Partial,0,0,Unknown,,Not reviewed
https://derivativecalculatorai.com/limit-of-4sinx-over-x3-as-x-to--inf,limit-of-4sinx-over-x3-as-x-to--inf,problems.json,limit,problem,200,Yes,index,https://derivativecalculatorai.com/limit-of-4sinx-over-x3-as-x-to--inf,Yes,Excluded,,,Yes,Partial,0,0,Unknown,,Not reviewed
https://derivativecalculatorai.com/limit-of-5lnx2--sinx2-as-x-to-inf,limit-of-5lnx2--sinx2-as-x-to-inf,problems.json,limit,problem,200,Yes,index,https://derivativecalculatorai.com/limit-of-5lnx2--sinx2-as-x-to-inf,Yes,Excluded,,,Yes,Partial,0,0,Unknown,,Not reviewed
https://derivativecalculatorai.com/limit-of-x22--3ex2-as-x-to--1,limit-of-x22--3ex2-as-x-to--1,problems.json,limit,problem,200,Yes,index,https://derivativecalculatorai.com/limit-of-x22--3ex2-as-x-to--1,Yes,Excluded,,,Yes,Partial,0,0,Unknown,,Not reviewed
https://derivativecalculatorai.com/limit-of-1-over-5sinx--1-over-5x3-as-x-to-pi,limit-of-1-over-5sinx--1-over-5x3-as-x-to-pi,problems.json,limit,problem,200,Yes,index,https://derivativecalculatorai.com/limit-of-1-over-5sinx--1-over-5x3-as-x-to-pi,Yes,Excluded,,,Yes,Partial,0,0,Unknown,,Not reviewed
https://derivativecalculatorai.com/limit-of-sqrt51-over-x2--sqrtex-as-x-to--inf,limit-of-sqrt51-over-x2--sqrtex-as-x-to--inf,problems.json,limit,problem,200,Yes,index,https://derivativecalculatorai.com/limit-of-sqrt51-over-x2--sqrtex-as-x-to--inf,Yes,Excluded,,,Yes,Partial,0,0,Unknown,,Not reviewed
https://derivativecalculatorai.com/limit-of-sqrt3x3--sqrtsqrtx-as-x-to-pi-2,limit-of-sqrt3x3--sqrtsqrtx-as-x-to-pi-2,problems.json,limit,problem,200,Yes,index,https://derivativecalculatorai.com/limit-of-sqrt3x3--sqrtsqrtx-as-x-to-pi-2,Yes,Excluded,,,Yes,Partial,0,0,Unknown,,Not reviewed
https://derivativecalculatorai.com/limit-of-sqrtcosx--sqrt4ex-as-x-to--1,limit-of-sqrtcosx--sqrt4ex-as-x-to--1,problems.json,limit,problem,200,Yes,index,https://derivativecalculatorai.com/limit-of-sqrtcosx--sqrt4ex-as-x-to--1,Yes,Excluded,,,Yes,Partial,0,0,Unknown,,Not reviewed
https://derivativecalculatorai.com/limit-of-1-over-3x2--1-over-sqrtx-as-x-to-pi-2,limit-of-1-over-3x2--1-over-sqrtx-as-x-to-pi-2,problems.json,limit,problem,200,Yes,index,https://derivativecalculatorai.com/limit-of-1-over-3x2--1-over-sqrtx-as-x-to-pi-2,Yes,Excluded,,,Yes,Partial,0,0,Unknown,,Not reviewed
https://derivativecalculatorai.com/limit-of-2cosx2--tanx2-as-x-to-0,limit-of-2cosx2--tanx2-as-x-to-0,problems.json,limit,problem,200,Yes,index,https://derivativecalculatorai.com/limit-of-2cosx2--tanx2-as-x-to-0,Yes,Excluded,,,Yes,Partial,0,0,Unknown,,Not reviewed
https://derivativecalculatorai.com/limit-of-1-over-x2--1-over-tanx-as-x-to-0,limit-of-1-over-x2--1-over-tanx-as-x-to-0,problems.json,limit,problem,200,No,noindex,https://derivativecalculatorai.com/limit-of-1-over-x2--1-over-tanx-as-x-to-0,Yes,Excluded,,,Yes,Partial,0,0,Unknown,,Not reviewed
https://derivativecalculatorai.com/limit-of-sqrtx-over-4x3-as-x-to--2,limit-of-sqrtx-over-4x3-as-x-to--2,problems.json,limit,problem,200,Yes,index,https://derivativecalculatorai.com/limit-of-sqrtx-over-4x3-as-x-to--2,Yes,Excluded,,,Yes,Partial,0,0,Unknown,,Not reviewed
https://derivativecalculatorai.com/limit-of-2absx2--31-over-x22-as-x-to-0,limit-of-2absx2--31-over-x22-as-x-to-0,problems.json,limit,problem,200,Yes,index,https://derivativecalculatorai.com/limit-of-2absx2--31-over-x22-as-x-to-0,Yes,Excluded,,,Yes,Partial,0,0,Unknown,,Not reviewed
https://derivativecalculatorai.com/limit-of-3sinx-over-2tanx-as-x-to--1,limit-of-3sinx-over-2tanx-as-x-to--1,problems.json,limit,problem,200,Yes,index,https://derivativecalculatorai.com/limit-of-3sinx-over-2tanx-as-x-to--1,Yes,Excluded,,,Yes,Partial,0,0,Unknown,,Not reviewed
https://derivativecalculatorai.com/limit-of-2absx-over-cosx-as-x-to-2,limit-of-2absx-over-cosx-as-x-to-2,problems.json,limit,problem,200,Yes,index,https://derivativecalculatorai.com/limit-of-2absx-over-cosx-as-x-to-2,Yes,Excluded,,,Yes,Partial,0,0,Unknown,,Not reviewed
https://derivativecalculatorai.com/limit-of-4sinx2--x32-as-x-to-pi-2,limit-of-4sinx2--x32-as-x-to-pi-2,problems.json,limit,problem,200,Yes,index,https://derivativecalculatorai.com/limit-of-4sinx2--x32-as-x-to-pi-2,Yes,Excluded,,,Yes,Partial,0,0,Unknown,,Not reviewed
https://derivativecalculatorai.com/limit-of-2sqrtx-4x2-over-x3-as-x-to-pi-2,limit-of-2sqrtx-4x2-over-x3-as-x-to-pi-2,problems.json,limit,problem,200,Yes,index,https://derivativecalculatorai.com/limit-of-2sqrtx-4x2-over-x3-as-x-to-pi-2,Yes,Excluded,,,Yes,Partial,0,0,Unknown,,Not reviewed
https://derivativecalculatorai.com/limit-of-sqrtcosx--sqrt3ex-as-x-to-0,limit-of-sqrtcosx--sqrt3ex-as-x-to-0,problems.json,limit,problem,200,Yes,index,https://derivativecalculatorai.com/limit-of-sqrtcosx--sqrt3ex-as-x-to-0,Yes,Excluded,,,Yes,Partial,0,0,Unknown,,Not reviewed
https://derivativecalculatorai.com/limit-of-1-over-4absx--1-over-4sqrtx-as-x-to--2,limit-of-1-over-4absx--1-over-4sqrtx-as-x-to--2,problems.json,limit,problem,200,Yes,index,https://derivativecalculatorai.com/limit-of-1-over-4absx--1-over-4sqrtx-as-x-to--2,Yes,Excluded,,,Yes,Partial,0,0,Unknown,,Not reviewed
https://derivativecalculatorai.com/limit-of-sinx--tanx-over-absx--1-over-x2-as-x-to-pi-2,limit-of-sinx--tanx-over-absx--1-over-x2-as-x-to-pi-2,problems.json,limit,problem,200,No,noindex,https://derivativecalculatorai.com/limit-of-sinx--tanx-over-absx--1-over-x2-as-x-to-pi-2,Yes,Excluded,,,Yes,Partial,0,0,Unknown,,Not reviewed
https://derivativecalculatorai.com/limit-of-2absx-cosx-over-1-over-x2-as-x-to-pi-2,limit-of-2absx-cosx-over-1-over-x2-as-x-to-pi-2,problems.json,limit,problem,200,Yes,index,https://derivativecalculatorai.com/limit-of-2absx-cosx-over-1-over-x2-as-x-to-pi-2,Yes,Excluded,,,Yes,Partial,0,0,Unknown,,Not reviewed
https://derivativecalculatorai.com/limit-of-2lnx-over-cosx-as-x-to--inf,limit-of-2lnx-over-cosx-as-x-to--inf,problems.json,limit,problem,200,Yes,index,https://derivativecalculatorai.com/limit-of-2lnx-over-cosx-as-x-to--inf,Yes,Excluded,,,Yes,Partial,0,0,Unknown,,Not reviewed
https://derivativecalculatorai.com/limit-of-sqrt1-over-x2--sqrtsinx-as-x-to-pi,limit-of-sqrt1-over-x2--sqrtsinx-as-x-to-pi,problems.json,limit,problem,200,Yes,index,https://derivativecalculatorai.com/limit-of-sqrt1-over-x2--sqrtsinx-as-x-to-pi,Yes,Excluded,,,Yes,Partial,0,0,Unknown,,Not reviewed
https://derivativecalculatorai.com/limit-of-1-over-2x2--1-over-5sqrtx-as-x-to--2,limit-of-1-over-2x2--1-over-5sqrtx-as-x-to--2,problems.json,limit,problem,200,Yes,index,https://derivativecalculatorai.com/limit-of-1-over-2x2--1-over-5sqrtx-as-x-to--2,Yes,Excluded,,,Yes,Partial,0,0,Unknown,,Not reviewed
https://derivativecalculatorai.com/limit-of-tanx-over-2cosx-as-x-to--inf,limit-of-tanx-over-2cosx-as-x-to--inf,problems.json,limit,problem,200,Yes,index,https://derivativecalculatorai.com/limit-of-tanx-over-2cosx-as-x-to--inf,Yes,Excluded,,,Yes,Partial,0,0,Unknown,,Not reviewed
https://derivativecalculatorai.com/limit-of-x2--4x-over-sinx--x3-as-x-to-pi,limit-of-x2--4x-over-sinx--x3-as-x-to-pi,problems.json,limit,problem,200,Yes,index,https://derivativecalculatorai.com/limit-of-x2--4x-over-sinx--x3-as-x-to-pi,Yes,Excluded,,,Yes,Partial,0,0,Unknown,,Not reviewed
https://derivativecalculatorai.com/limit-of-tanx-sinx-over-x-as-x-to-pi,limit-of-tanx-sinx-over-x-as-x-to-pi,problems.json,limit,problem,200,Yes,index,https://derivativecalculatorai.com/limit-of-tanx-sinx-over-x-as-x-to-pi,Yes,Excluded,,,Yes,Partial,0,0,Unknown,,Not reviewed
https://derivativecalculatorai.com/limit-of-5absx2--x2-as-x-to-1,limit-of-5absx2--x2-as-x-to-1,problems.json,limit,problem,200,Yes,index,https://derivativecalculatorai.com/limit-of-5absx2--x2-as-x-to-1,Yes,Excluded,,,Yes,Partial,0,0,Unknown,,Not reviewed
https://derivativecalculatorai.com/limit-of-2x3-over-x3-as-x-to--1,limit-of-2x3-over-x3-as-x-to--1,problems.json,limit,problem,200,No,noindex,https://derivativecalculatorai.com/limit-of-2x3-over-x3-as-x-to--1,Yes,Excluded,,,Yes,Partial,0,0,Unknown,,Not reviewed
https://derivativecalculatorai.com/limit-of-1-over-x--1-over-4x3-as-x-to-2,limit-of-1-over-x--1-over-4x3-as-x-to-2,problems.json,limit,problem,200,Yes,index,https://derivativecalculatorai.com/limit-of-1-over-x--1-over-4x3-as-x-to-2,Yes,Excluded,,,Yes,Partial,0,0,Unknown,,Not reviewed
https://derivativecalculatorai.com/limit-of-4x22--ex2-as-x-to--2,limit-of-4x22--ex2-as-x-to--2,problems.json,limit,problem,200,Yes,index,https://derivativecalculatorai.com/limit-of-4x22--ex2-as-x-to--2,Yes,Excluded,,,Yes,Partial,0,0,Unknown,,Not reviewed
https://derivativecalculatorai.com/limit-of-4x2-sinx-over-tanx-as-x-to--inf,limit-of-4x2-sinx-over-tanx-as-x-to--inf,problems.json,limit,problem,200,Yes,index,https://derivativecalculatorai.com/limit-of-4x2-sinx-over-tanx-as-x-to--inf,Yes,Excluded,,,Yes,Partial,0,0,Unknown,,Not reviewed
https://derivativecalculatorai.com/limit-of-x22--4x22-as-x-to-pi-2,limit-of-x22--4x22-as-x-to-pi-2,problems.json,limit,problem,200,Yes,index,https://derivativecalculatorai.com/limit-of-x22--4x22-as-x-to-pi-2,Yes,Excluded,,,Yes,Partial,0,0,Unknown,,Not reviewed
https://derivativecalculatorai.com/limit-of-1-over-x22--tanx2-as-x-to--inf,limit-of-1-over-x22--tanx2-as-x-to--inf,problems.json,limit,problem,200,No,noindex,https://derivativecalculatorai.com/limit-of-1-over-x22--tanx2-as-x-to--inf,Yes,Excluded,,,Yes,Partial,0,0,Unknown,,Not reviewed
https://derivativecalculatorai.com/limit-of-4x3--ex-over-x2--sinx-as-x-to-2,limit-of-4x3--ex-over-x2--sinx-as-x-to-2,problems.json,limit,problem,200,Yes,index,https://derivativecalculatorai.com/limit-of-4x3--ex-over-x2--sinx-as-x-to-2,Yes,Excluded,,,Yes,Partial,0,0,Unknown,,Not reviewed
https://derivativecalculatorai.com/limit-of-sqrtsinx--sqrt3cosx-as-x-to-pi,limit-of-sqrtsinx--sqrt3cosx-as-x-to-pi,problems.json,limit,problem,200,No,noindex,https://derivativecalculatorai.com/limit-of-sqrtsinx--sqrt3cosx-as-x-to-pi,Yes,Excluded,,,Yes,Partial,0,0,Unknown,,Not reviewed
https://derivativecalculatorai.com/limit-of-x2-sqrtx-over-tanx-as-x-to-pi-2,limit-of-x2-sqrtx-over-tanx-as-x-to-pi-2,problems.json,limit,problem,200,Yes,index,https://derivativecalculatorai.com/limit-of-x2-sqrtx-over-tanx-as-x-to-pi-2,Yes,Excluded,,,Yes,Partial,0,0,Unknown,,Not reviewed
https://derivativecalculatorai.com/limit-of-lnx-lnx-over-x3-as-x-to-1,limit-of-lnx-lnx-over-x3-as-x-to-1,problems.json,limit,problem,200,Yes,index,https://derivativecalculatorai.com/limit-of-lnx-lnx-over-x3-as-x-to-1,Yes,Excluded,,,Yes,Partial,0,0,Unknown,,Not reviewed
https://derivativecalculatorai.com/limit-of-1-over-5absx--1-over-21-over-x2-as-x-to--2,limit-of-1-over-5absx--1-over-21-over-x2-as-x-to--2,problems.json,limit,problem,200,No,noindex,https://derivativecalculatorai.com/limit-of-1-over-5absx--1-over-21-over-x2-as-x-to--2,Yes,Excluded,,,Yes,Partial,0,0,Unknown,,Not reviewed
https://derivativecalculatorai.com/limit-of-2cosx-sqrtx-over-1-over-x2-as-x-to-2,limit-of-2cosx-sqrtx-over-1-over-x2-as-x-to-2,problems.json,limit,problem,200,Yes,index,https://derivativecalculatorai.com/limit-of-2cosx-sqrtx-over-1-over-x2-as-x-to-2,Yes,Excluded,,,Yes,Partial,0,0,Unknown,,Not reviewed
https://derivativecalculatorai.com/limit-of-3ex2--1-over-x22-as-x-to-inf,limit-of-3ex2--1-over-x22-as-x-to-inf,problems.json,limit,problem,200,No,noindex,https://derivativecalculatorai.com/limit-of-3ex2--1-over-x22-as-x-to-inf,Yes,Excluded,,,Yes,Partial,0,0,Unknown,,Not reviewed
https://derivativecalculatorai.com/limit-of-1-over-x22--x32-as-x-to-1,limit-of-1-over-x22--x32-as-x-to-1,problems.json,limit,problem,200,Yes,index,https://derivativecalculatorai.com/limit-of-1-over-x22--x32-as-x-to-1,Yes,Excluded,,,Yes,Partial,0,0,Unknown,,Not reviewed
https://derivativecalculatorai.com/limit-of-lnx--3lnx-over-x--sinx-as-x-to-pi,limit-of-lnx--3lnx-over-x--sinx-as-x-to-pi,problems.json,limit,problem,200,Yes,index,https://derivativecalculatorai.com/limit-of-lnx--3lnx-over-x--sinx-as-x-to-pi,Yes,Excluded,,,Yes,Partial,0,0,Unknown,,Not reviewed
https://derivativecalculatorai.com/limit-of-3sqrtx-5lnx-over-1-over-x2-as-x-to-pi-2,limit-of-3sqrtx-5lnx-over-1-over-x2-as-x-to-pi-2,problems.json,limit,problem,200,Yes,index,https://derivativecalculatorai.com/limit-of-3sqrtx-5lnx-over-1-over-x2-as-x-to-pi-2,Yes,Excluded,,,Yes,Partial,0,0,Unknown,,Not reviewed
https://derivativecalculatorai.com/limit-of-cosx2--3lnx2-as-x-to--2,limit-of-cosx2--3lnx2-as-x-to--2,problems.json,limit,problem,200,Yes,index,https://derivativecalculatorai.com/limit-of-cosx2--3lnx2-as-x-to--2,Yes,Excluded,,,Yes,Partial,0,0,Unknown,,Not reviewed
https://derivativecalculatorai.com/limit-of-1-over-x2-5absx-over-x2-as-x-to-pi-2,limit-of-1-over-x2-5absx-over-x2-as-x-to-pi-2,problems.json,limit,problem,200,Yes,index,https://derivativecalculatorai.com/limit-of-1-over-x2-5absx-over-x2-as-x-to-pi-2,Yes,Excluded,,,Yes,Partial,0,0,Unknown,,Not reviewed
https://derivativecalculatorai.com/limit-of-2cosx-sqrtx-over-tanx-as-x-to-pi-2,limit-of-2cosx-sqrtx-over-tanx-as-x-to-pi-2,problems.json,limit,problem,200,Yes,index,https://derivativecalculatorai.com/limit-of-2cosx-sqrtx-over-tanx-as-x-to-pi-2,Yes,Excluded,,,Yes,Partial,0,0,Unknown,,Not reviewed
https://derivativecalculatorai.com/limit-of-lnx-over-3sqrtx-as-x-to--2,limit-of-lnx-over-3sqrtx-as-x-to--2,problems.json,limit,problem,200,Yes,index,https://derivativecalculatorai.com/limit-of-lnx-over-3sqrtx-as-x-to--2,Yes,Excluded,,,Yes,Partial,0,0,Unknown,,Not reviewed
https://derivativecalculatorai.com/limit-of-41-over-x--3sqrtx-over-sinx--tanx-as-x-to--1,limit-of-41-over-x--3sqrtx-over-sinx--tanx-as-x-to--1,problems.json,limit,problem,200,No,noindex,https://derivativecalculatorai.com/limit-of-41-over-x--3sqrtx-over-sinx--tanx-as-x-to--1,Yes,Excluded,,,Yes,Partial,0,0,Unknown,,Not reviewed
https://derivativecalculatorai.com/limit-of-1-over-sqrtx--1-over-ex-as-x-to-0,limit-of-1-over-sqrtx--1-over-ex-as-x-to-0,problems.json,limit,problem,200,Yes,index,https://derivativecalculatorai.com/limit-of-1-over-sqrtx--1-over-ex-as-x-to-0,Yes,Excluded,,,Yes,Partial,0,0,Unknown,,Not reviewed
https://derivativecalculatorai.com/limit-of-sqrtx--sqrt4x2-as-x-to-pi,limit-of-sqrtx--sqrt4x2-as-x-to-pi,problems.json,limit,problem,200,Yes,index,https://derivativecalculatorai.com/limit-of-sqrtx--sqrt4x2-as-x-to-pi,Yes,Excluded,,,Yes,Partial,0,0,Unknown,,Not reviewed
https://derivativecalculatorai.com/limit-of-1-over-x2--2cosx2-as-x-to-pi-2,limit-of-1-over-x2--2cosx2-as-x-to-pi-2,problems.json,limit,problem,200,No,noindex,https://derivativecalculatorai.com/limit-of-1-over-x2--2cosx2-as-x-to-pi-2,Yes,Excluded,,,Yes,Partial,0,0,Unknown,,Not reviewed
https://derivativecalculatorai.com/limit-of-4x22--4sqrtx2-as-x-to-1,limit-of-4x22--4sqrtx2-as-x-to-1,problems.json,limit,problem,200,Yes,index,https://derivativecalculatorai.com/limit-of-4x22--4sqrtx2-as-x-to-1,Yes,Excluded,,,Yes,Partial,0,0,Unknown,,Not reviewed
https://derivativecalculatorai.com/limit-of-3x2--cosx2-as-x-to-2,limit-of-3x2--cosx2-as-x-to-2,problems.json,limit,problem,200,No,noindex,https://derivativecalculatorai.com/limit-of-3x2--cosx2-as-x-to-2,Yes,Excluded,,,Yes,Partial,0,0,Unknown,,Not reviewed
https://derivativecalculatorai.com/limit-of-x2-2x2-over-cosx-as-x-to--2,limit-of-x2-2x2-over-cosx-as-x-to--2,problems.json,limit,problem,200,Yes,index,https://derivativecalculatorai.com/limit-of-x2-2x2-over-cosx-as-x-to--2,Yes,Excluded,,,Yes,Partial,0,0,Unknown,,Not reviewed
https://derivativecalculatorai.com/limit-of-4absx-tanx-over-sinx-as-x-to-1,limit-of-4absx-tanx-over-sinx-as-x-to-1,problems.json,limit,problem,200,Yes,index,https://derivativecalculatorai.com/limit-of-4absx-tanx-over-sinx-as-x-to-1,Yes,Excluded,,,Yes,Partial,0,0,Unknown,,Not reviewed
https://derivativecalculatorai.com/limit-of-4tanx--lnx-over-sinx--lnx-as-x-to-2,limit-of-4tanx--lnx-over-sinx--lnx-as-x-to-2,problems.json,limit,problem,200,Yes,index,https://derivativecalculatorai.com/limit-of-4tanx--lnx-over-sinx--lnx-as-x-to-2,Yes,Excluded,,,Yes,Partial,0,0,Unknown,,Not reviewed
https://derivativecalculatorai.com/limit-of-1-over-absx--1-over-4cosx-as-x-to-pi,limit-of-1-over-absx--1-over-4cosx-as-x-to-pi,problems.json,limit,problem,200,Yes,index,https://derivativecalculatorai.com/limit-of-1-over-absx--1-over-4cosx-as-x-to-pi,Yes,Excluded,,,Yes,Partial,0,0,Unknown,,Not reviewed
https://derivativecalculatorai.com/limit-of-ex2--2cosx2-as-x-to--1,limit-of-ex2--2cosx2-as-x-to--1,problems.json,limit,problem,200,Yes,index,https://derivativecalculatorai.com/limit-of-ex2--2cosx2-as-x-to--1,Yes,Excluded,,,Yes,Partial,0,0,Unknown,,Not reviewed
https://derivativecalculatorai.com/limit-of-5lnx2--x32-as-x-to-1,limit-of-5lnx2--x32-as-x-to-1,problems.json,limit,problem,200,Yes,index,https://derivativecalculatorai.com/limit-of-5lnx2--x32-as-x-to-1,Yes,Excluded,,,Yes,Partial,0,0,Unknown,,Not reviewed
https://derivativecalculatorai.com/limit-of-sqrtsqrtx--sqrt5sqrtx-as-x-to--inf,limit-of-sqrtsqrtx--sqrt5sqrtx-as-x-to--inf,problems.json,limit,problem,200,Yes,index,https://derivativecalculatorai.com/limit-of-sqrtsqrtx--sqrt5sqrtx-as-x-to--inf,Yes,Excluded,,,Yes,Partial,0,0,Unknown,,Not reviewed
https://derivativecalculatorai.com/limit-of-sqrttanx--sqrt41-over-x-as-x-to--2,limit-of-sqrttanx--sqrt41-over-x-as-x-to--2,problems.json,limit,problem,200,Yes,index,https://derivativecalculatorai.com/limit-of-sqrttanx--sqrt41-over-x-as-x-to--2,Yes,Excluded,,,Yes,Partial,0,0,Unknown,,Not reviewed
https://derivativecalculatorai.com/limit-of-sqrt3x3--sqrt1-over-x2-as-x-to-1,limit-of-sqrt3x3--sqrt1-over-x2-as-x-to-1,problems.json,limit,problem,200,Yes,index,https://derivativecalculatorai.com/limit-of-sqrt3x3--sqrt1-over-x2-as-x-to-1,Yes,Excluded,,,Yes,Partial,0,0,Unknown,,Not reviewed
https://derivativecalculatorai.com/limit-of-tanx-over-absx-as-x-to-pi-2,limit-of-tanx-over-absx-as-x-to-pi-2,problems.json,limit,problem,200,Yes,index,https://derivativecalculatorai.com/limit-of-tanx-over-absx-as-x-to-pi-2,Yes,Excluded,,,Yes,Partial,0,0,Unknown,,Not reviewed
https://derivativecalculatorai.com/limit-of-cosx-over-sqrtx-as-x-to--1,limit-of-cosx-over-sqrtx-as-x-to--1,problems.json,limit,problem,200,Yes,index,https://derivativecalculatorai.com/limit-of-cosx-over-sqrtx-as-x-to--1,Yes,Excluded,,,Yes,Partial,0,0,Unknown,,Not reviewed
https://derivativecalculatorai.com/limit-of-sqrt51-over-x2--sqrt5lnx-as-x-to-pi-2,limit-of-sqrt51-over-x2--sqrt5lnx-as-x-to-pi-2,problems.json,limit,problem,200,Yes,index,https://derivativecalculatorai.com/limit-of-sqrt51-over-x2--sqrt5lnx-as-x-to-pi-2,Yes,Excluded,,,Yes,Partial,0,0,Unknown,,Not reviewed
https://derivativecalculatorai.com/limit-of-1-over-41-over-x--1-over-sinx-as-x-to-pi-2,limit-of-1-over-41-over-x--1-over-sinx-as-x-to-pi-2,problems.json,limit,problem,200,No,noindex,https://derivativecalculatorai.com/limit-of-1-over-41-over-x--1-over-sinx-as-x-to-pi-2,Yes,Excluded,,,Yes,Partial,0,0,Unknown,,Not reviewed
https://derivativecalculatorai.com/limit-of-51-over-x-over-x3-as-x-to--2,limit-of-51-over-x-over-x3-as-x-to--2,problems.json,limit,problem,200,Yes,index,https://derivativecalculatorai.com/limit-of-51-over-x-over-x3-as-x-to--2,Yes,Excluded,,,Yes,Partial,0,0,Unknown,,Not reviewed
https://derivativecalculatorai.com/limit-of-cosx-5x3-over-x2-as-x-to-1,limit-of-cosx-5x3-over-x2-as-x-to-1,problems.json,limit,problem,200,Yes,index,https://derivativecalculatorai.com/limit-of-cosx-5x3-over-x2-as-x-to-1,Yes,Excluded,,,Yes,Partial,0,0,Unknown,,Not reviewed
https://derivativecalculatorai.com/limit-of-sqrt2cosx--sqrt5cosx-as-x-to-2,limit-of-sqrt2cosx--sqrt5cosx-as-x-to-2,problems.json,limit,problem,200,Yes,index,https://derivativecalculatorai.com/limit-of-sqrt2cosx--sqrt5cosx-as-x-to-2,Yes,Excluded,,,Yes,Partial,0,0,Unknown,,Not reviewed
https://derivativecalculatorai.com/limit-of-4absx--2x3-over-sinx--1-over-x2-as-x-to-0,limit-of-4absx--2x3-over-sinx--1-over-x2-as-x-to-0,problems.json,limit,problem,200,Yes,index,https://derivativecalculatorai.com/limit-of-4absx--2x3-over-sinx--1-over-x2-as-x-to-0,Yes,Excluded,,,Yes,Partial,0,0,Unknown,,Not reviewed
https://derivativecalculatorai.com/limit-of-1-over-5cosx--1-over-5lnx-as-x-to--inf,limit-of-1-over-5cosx--1-over-5lnx-as-x-to--inf,problems.json,limit,problem,200,Yes,index,https://derivativecalculatorai.com/limit-of-1-over-5cosx--1-over-5lnx-as-x-to--inf,Yes,Excluded,,,Yes,Partial,0,0,Unknown,,Not reviewed
https://derivativecalculatorai.com/limit-of-sqrtsinx--sqrt2tanx-as-x-to-pi,limit-of-sqrtsinx--sqrt2tanx-as-x-to-pi,problems.json,limit,problem,200,Yes,index,https://derivativecalculatorai.com/limit-of-sqrtsinx--sqrt2tanx-as-x-to-pi,Yes,Excluded,,,Yes,Partial,0,0,Unknown,,Not reviewed
https://derivativecalculatorai.com/limit-of-ex--1-over-x2-over-tanx--x3-as-x-to-1,limit-of-ex--1-over-x2-over-tanx--x3-as-x-to-1,problems.json,limit,problem,200,Yes,index,https://derivativecalculatorai.com/limit-of-ex--1-over-x2-over-tanx--x3-as-x-to-1,Yes,Excluded,,,Yes,Partial,0,0,Unknown,,Not reviewed
https://derivativecalculatorai.com/limit-of-sinx-over-41-over-x-as-x-to-2,limit-of-sinx-over-41-over-x-as-x-to-2,problems.json,limit,problem,200,Yes,index,https://derivativecalculatorai.com/limit-of-sinx-over-41-over-x-as-x-to-2,Yes,Excluded,,,Yes,Partial,0,0,Unknown,,Not reviewed
https://derivativecalculatorai.com/limit-of-1-over-lnx--1-over-2x2-as-x-to-pi-2,limit-of-1-over-lnx--1-over-2x2-as-x-to-pi-2,problems.json,limit,problem,200,No,noindex,https://derivativecalculatorai.com/limit-of-1-over-lnx--1-over-2x2-as-x-to-pi-2,Yes,Excluded,,,Yes,Partial,0,0,Unknown,,Not reviewed
https://derivativecalculatorai.com/limit-of-5lnx-over-2x3-as-x-to-1,limit-of-5lnx-over-2x3-as-x-to-1,problems.json,limit,problem,200,Yes,index,https://derivativecalculatorai.com/limit-of-5lnx-over-2x3-as-x-to-1,Yes,Excluded,,,Yes,Partial,0,0,Unknown,,Not reviewed
https://derivativecalculatorai.com/limit-of-cosx-over-ex-as-x-to--2,limit-of-cosx-over-ex-as-x-to--2,problems.json,limit,problem,200,Yes,index,https://derivativecalculatorai.com/limit-of-cosx-over-ex-as-x-to--2,Yes,Excluded,,,Yes,Partial,0,0,Unknown,,Not reviewed
https://derivativecalculatorai.com/limit-of-sqrtx2--4tanx2-as-x-to-inf,limit-of-sqrtx2--4tanx2-as-x-to-inf,problems.json,limit,problem,200,Yes,index,https://derivativecalculatorai.com/limit-of-sqrtx2--4tanx2-as-x-to-inf,Yes,Excluded,,,Yes,Partial,0,0,Unknown,,Not reviewed
https://derivativecalculatorai.com/limit-of-sqrt5x3--sqrt5cosx-as-x-to-1,limit-of-sqrt5x3--sqrt5cosx-as-x-to-1,problems.json,limit,problem,200,Yes,index,https://derivativecalculatorai.com/limit-of-sqrt5x3--sqrt5cosx-as-x-to-1,Yes,Excluded,,,Yes,Partial,0,0,Unknown,,Not reviewed
https://derivativecalculatorai.com/limit-of-1-over-tanx--1-over-1-over-x-as-x-to--1,limit-of-1-over-tanx--1-over-1-over-x-as-x-to--1,problems.json,limit,problem,200,No,noindex,https://derivativecalculatorai.com/limit-of-1-over-tanx--1-over-1-over-x-as-x-to--1,Yes,Excluded,,,Yes,Partial,0,0,Unknown,,Not reviewed
https://derivativecalculatorai.com/limit-of-ex--3x2-over-1-over-x2--x2-as-x-to-pi,limit-of-ex--3x2-over-1-over-x2--x2-as-x-to-pi,problems.json,limit,problem,200,Yes,index,https://derivativecalculatorai.com/limit-of-ex--3x2-over-1-over-x2--x2-as-x-to-pi,Yes,Excluded,,,Yes,Partial,0,0,Unknown,,Not reviewed
https://derivativecalculatorai.com/limit-of-1-over-ex--1-over-sqrtx-as-x-to-1,limit-of-1-over-ex--1-over-sqrtx-as-x-to-1,problems.json,limit,problem,200,Yes,index,https://derivativecalculatorai.com/limit-of-1-over-ex--1-over-sqrtx-as-x-to-1,Yes,Excluded,,,Yes,Partial,0,0,Unknown,,Not reviewed
https://derivativecalculatorai.com/limit-of-1-over-51-over-x2--1-over-4x2-as-x-to-0,limit-of-1-over-51-over-x2--1-over-4x2-as-x-to-0,problems.json,limit,problem,200,Yes,index,https://derivativecalculatorai.com/limit-of-1-over-51-over-x2--1-over-4x2-as-x-to-0,Yes,Excluded,,,Yes,Partial,0,0,Unknown,,Not reviewed
https://derivativecalculatorai.com/limit-of-51-over-x-over-31-over-x2-as-x-to--2,limit-of-51-over-x-over-31-over-x2-as-x-to--2,problems.json,limit,problem,200,Yes,index,https://derivativecalculatorai.com/limit-of-51-over-x-over-31-over-x2-as-x-to--2,Yes,Excluded,,,Yes,Partial,0,0,Unknown,,Not reviewed
https://derivativecalculatorai.com/limit-of-1-over-5lnx--1-over-5x2-as-x-to--2,limit-of-1-over-5lnx--1-over-5x2-as-x-to--2,problems.json,limit,problem,200,Yes,index,https://derivativecalculatorai.com/limit-of-1-over-5lnx--1-over-5x2-as-x-to--2,Yes,Excluded,,,Yes,Partial,0,0,Unknown,,Not reviewed
https://derivativecalculatorai.com/limit-of-31-over-x-over-1-over-x2-as-x-to-1,limit-of-31-over-x-over-1-over-x2-as-x-to-1,problems.json,limit,problem,200,Yes,index,https://derivativecalculatorai.com/limit-of-31-over-x-over-1-over-x2-as-x-to-1,Yes,Excluded,,,Yes,Partial,0,0,Unknown,,Not reviewed
https://derivativecalculatorai.com/limit-of-2absx2--1-over-x22-as-x-to--1,limit-of-2absx2--1-over-x22-as-x-to--1,problems.json,limit,problem,200,Yes,index,https://derivativecalculatorai.com/limit-of-2absx2--1-over-x22-as-x-to--1,Yes,Excluded,,,Yes,Partial,0,0,Unknown,,Not reviewed
https://derivativecalculatorai.com/limit-of-sqrt21-over-x2--sqrt4absx-as-x-to-pi,limit-of-sqrt21-over-x2--sqrt4absx-as-x-to-pi,problems.json,limit,problem,200,Yes,index,https://derivativecalculatorai.com/limit-of-sqrt21-over-x2--sqrt4absx-as-x-to-pi,Yes,Excluded,,,Yes,Partial,0,0,Unknown,,Not reviewed
https://derivativecalculatorai.com/limit-of-tanx--2sinx-over-absx--sinx-as-x-to-2,limit-of-tanx--2sinx-over-absx--sinx-as-x-to-2,problems.json,limit,problem,200,Yes,index,https://derivativecalculatorai.com/limit-of-tanx--2sinx-over-absx--sinx-as-x-to-2,Yes,Excluded,,,Yes,Partial,0,0,Unknown,,Not reviewed
https://derivativecalculatorai.com/limit-of-2x22--5absx2-as-x-to-pi-2,limit-of-2x22--5absx2-as-x-to-pi-2,problems.json,limit,problem,200,Yes,index,https://derivativecalculatorai.com/limit-of-2x22--5absx2-as-x-to-pi-2,Yes,Excluded,,,Yes,Partial,0,0,Unknown,,Not reviewed
https://derivativecalculatorai.com/limit-of-absx--x2-over-sqrtx--1-over-x2-as-x-to--inf,limit-of-absx--x2-over-sqrtx--1-over-x2-as-x-to--inf,problems.json,limit,problem,200,No,noindex,https://derivativecalculatorai.com/limit-of-absx--x2-over-sqrtx--1-over-x2-as-x-to--inf,Yes,Excluded,,,Yes,Partial,0,0,Unknown,,Not reviewed
https://derivativecalculatorai.com/limit-of-sqrt1-over-x2--sqrtex-as-x-to-pi,limit-of-sqrt1-over-x2--sqrtex-as-x-to-pi,problems.json,limit,problem,200,Yes,index,https://derivativecalculatorai.com/limit-of-sqrt1-over-x2--sqrtex-as-x-to-pi,Yes,Excluded,,,Yes,Partial,0,0,Unknown,,Not reviewed
https://derivativecalculatorai.com/limit-of-1-over-3x3--1-over-2absx-as-x-to--2,limit-of-1-over-3x3--1-over-2absx-as-x-to--2,problems.json,limit,problem,200,Yes,index,https://derivativecalculatorai.com/limit-of-1-over-3x3--1-over-2absx-as-x-to--2,Yes,Excluded,,,Yes,Partial,0,0,Unknown,,Not reviewed
https://derivativecalculatorai.com/limit-of-1-over-3lnx--1-over-ex-as-x-to-2,limit-of-1-over-3lnx--1-over-ex-as-x-to-2,problems.json,limit,problem,200,Yes,index,https://derivativecalculatorai.com/limit-of-1-over-3lnx--1-over-ex-as-x-to-2,Yes,Excluded,,,Yes,Partial,0,0,Unknown,,Not reviewed
https://derivativecalculatorai.com/limit-of-2x--tanx-over-absx--tanx-as-x-to--2,limit-of-2x--tanx-over-absx--tanx-as-x-to--2,problems.json,limit,problem,200,Yes,index,https://derivativecalculatorai.com/limit-of-2x--tanx-over-absx--tanx-as-x-to--2,Yes,Excluded,,,Yes,Partial,0,0,Unknown,,Not reviewed
https://derivativecalculatorai.com/limit-of-sqrt3tanx--sqrt2absx-as-x-to-1,limit-of-sqrt3tanx--sqrt2absx-as-x-to-1,problems.json,limit,problem,200,Yes,index,https://derivativecalculatorai.com/limit-of-sqrt3tanx--sqrt2absx-as-x-to-1,Yes,Excluded,,,Yes,Partial,0,0,Unknown,,Not reviewed
https://derivativecalculatorai.com/limit-of-21-over-x2-over-x3-as-x-to--1,limit-of-21-over-x2-over-x3-as-x-to--1,problems.json,limit,problem,200,Yes,index,https://derivativecalculatorai.com/limit-of-21-over-x2-over-x3-as-x-to--1,Yes,Excluded,,,Yes,Partial,0,0,Unknown,,Not reviewed
https://derivativecalculatorai.com/limit-of-1-over-cosx--1-over-x2-as-x-to--inf,limit-of-1-over-cosx--1-over-x2-as-x-to--inf,problems.json,limit,problem,200,Yes,index,https://derivativecalculatorai.com/limit-of-1-over-cosx--1-over-x2-as-x-to--inf,Yes,Excluded,,,Yes,Partial,0,0,Unknown,,Not reviewed
https://derivativecalculatorai.com/limit-of-5sqrtx-5lnx-over-tanx-as-x-to--inf,limit-of-5sqrtx-5lnx-over-tanx-as-x-to--inf,problems.json,limit,problem,200,Yes,index,https://derivativecalculatorai.com/limit-of-5sqrtx-5lnx-over-tanx-as-x-to--inf,Yes,Excluded,,,Yes,Partial,0,0,Unknown,,Not reviewed
https://derivativecalculatorai.com/limit-of-4sinx--5sqrtx-over-tanx--absx-as-x-to-0,limit-of-4sinx--5sqrtx-over-tanx--absx-as-x-to-0,problems.json,limit,problem,200,Yes,index,https://derivativecalculatorai.com/limit-of-4sinx--5sqrtx-over-tanx--absx-as-x-to-0,Yes,Excluded,,,Yes,Partial,0,0,Unknown,,Not reviewed
https://derivativecalculatorai.com/limit-of-3lnx2--x22-as-x-to-pi,limit-of-3lnx2--x22-as-x-to-pi,problems.json,limit,problem,200,Yes,index,https://derivativecalculatorai.com/limit-of-3lnx2--x22-as-x-to-pi,Yes,Excluded,,,Yes,Partial,0,0,Unknown,,Not reviewed
https://derivativecalculatorai.com/limit-of-x-sinx-over-lnx-as-x-to--2,limit-of-x-sinx-over-lnx-as-x-to--2,problems.json,limit,problem,200,Yes,index,https://derivativecalculatorai.com/limit-of-x-sinx-over-lnx-as-x-to--2,Yes,Excluded,,,Yes,Partial,0,0,Unknown,,Not reviewed
https://derivativecalculatorai.com/limit-of-5sinx-2x3-over-1-over-x-as-x-to-pi,limit-of-5sinx-2x3-over-1-over-x-as-x-to-pi,problems.json,limit,problem,200,Yes,index,https://derivativecalculatorai.com/limit-of-5sinx-2x3-over-1-over-x-as-x-to-pi,Yes,Excluded,,,Yes,Partial,0,0,Unknown,,Not reviewed
https://derivativecalculatorai.com/limit-of-3lnx--lnx-over-1-over-x2--1-over-x-as-x-to-pi,limit-of-3lnx--lnx-over-1-over-x2--1-over-x-as-x-to-pi,problems.json,limit,problem,200,No,noindex,https://derivativecalculatorai.com/limit-of-3lnx--lnx-over-1-over-x2--1-over-x-as-x-to-pi,Yes,Excluded,,,Yes,Partial,0,0,Unknown,,Not reviewed
https://derivativecalculatorai.com/limit-of-x--sinx-over-sqrtx--1-over-x-as-x-to--inf,limit-of-x--sinx-over-sqrtx--1-over-x-as-x-to--inf,problems.json,limit,problem,200,Yes,index,https://derivativecalculatorai.com/limit-of-x--sinx-over-sqrtx--1-over-x-as-x-to--inf,Yes,Excluded,,,Yes,Partial,0,0,Unknown,,Not reviewed
https://derivativecalculatorai.com/limit-of-1-over-absx--1-over-x-as-x-to-pi,limit-of-1-over-absx--1-over-x-as-x-to-pi,problems.json,limit,problem,200,Yes,index,https://derivativecalculatorai.com/limit-of-1-over-absx--1-over-x-as-x-to-pi,Yes,Excluded,,,Yes,Partial,0,0,Unknown,,Not reviewed
https://derivativecalculatorai.com/limit-of-4sinx--lnx-over-tanx--cosx-as-x-to-inf,limit-of-4sinx--lnx-over-tanx--cosx-as-x-to-inf,problems.json,limit,problem,200,Yes,index,https://derivativecalculatorai.com/limit-of-4sinx--lnx-over-tanx--cosx-as-x-to-inf,Yes,Excluded,,,Yes,Partial,0,0,Unknown,,Not reviewed
https://derivativecalculatorai.com/limit-of-sqrt3cosx--sqrtabsx-as-x-to-pi-2,limit-of-sqrt3cosx--sqrtabsx-as-x-to-pi-2,problems.json,limit,problem,200,Yes,index,https://derivativecalculatorai.com/limit-of-sqrt3cosx--sqrtabsx-as-x-to-pi-2,Yes,Excluded,,,Yes,Partial,0,0,Unknown,,Not reviewed
https://derivativecalculatorai.com/limit-of-3sinx2--3sinx2-as-x-to--inf,limit-of-3sinx2--3sinx2-as-x-to--inf,problems.json,limit,problem,200,Yes,index,https://derivativecalculatorai.com/limit-of-3sinx2--3sinx2-as-x-to--inf,Yes,Excluded,,,Yes,Partial,0,0,Unknown,,Not reviewed
https://derivativecalculatorai.com/limit-of-31-over-x-1-over-x-over-cosx-as-x-to-pi-2,limit-of-31-over-x-1-over-x-over-cosx-as-x-to-pi-2,problems.json,limit,problem,200,Yes,index,https://derivativecalculatorai.com/limit-of-31-over-x-1-over-x-over-cosx-as-x-to-pi-2,Yes,Excluded,,,Yes,Partial,0,0,Unknown,,Not reviewed
https://derivativecalculatorai.com/limit-of-sqrtx3--sqrt1-over-x2-as-x-to-0,limit-of-sqrtx3--sqrt1-over-x2-as-x-to-0,problems.json,limit,problem,200,Yes,index,https://derivativecalculatorai.com/limit-of-sqrtx3--sqrt1-over-x2-as-x-to-0,Yes,Excluded,,,Yes,Partial,0,0,Unknown,,Not reviewed
https://derivativecalculatorai.com/limit-of-cosx-over-41-over-x2-as-x-to--1,limit-of-cosx-over-41-over-x2-as-x-to--1,problems.json,limit,problem,200,Yes,index,https://derivativecalculatorai.com/limit-of-cosx-over-41-over-x2-as-x-to--1,Yes,Excluded,,,Yes,Partial,0,0,Unknown,,Not reviewed
https://derivativecalculatorai.com/limit-of-4sqrtx2--31-over-x2-as-x-to--2,limit-of-4sqrtx2--31-over-x2-as-x-to--2,problems.json,limit,problem,200,Yes,index,https://derivativecalculatorai.com/limit-of-4sqrtx2--31-over-x2-as-x-to--2,Yes,Excluded,,,Yes,Partial,0,0,Unknown,,Not reviewed
https://derivativecalculatorai.com/limit-of-1-over-x2--x-over-sinx--lnx-as-x-to-pi,limit-of-1-over-x2--x-over-sinx--lnx-as-x-to-pi,problems.json,limit,problem,200,Yes,index,https://derivativecalculatorai.com/limit-of-1-over-x2--x-over-sinx--lnx-as-x-to-pi,Yes,Excluded,,,Yes,Partial,0,0,Unknown,,Not reviewed
https://derivativecalculatorai.com/limit-of-sqrtlnx--sqrt5x2-as-x-to-1,limit-of-sqrtlnx--sqrt5x2-as-x-to-1,problems.json,limit,problem,200,No,noindex,https://derivativecalculatorai.com/limit-of-sqrtlnx--sqrt5x2-as-x-to-1,Yes,Excluded,,,Yes,Partial,0,0,Unknown,,Not reviewed
https://derivativecalculatorai.com/limit-of-5tanx-3sqrtx-over-1-over-x2-as-x-to--2,limit-of-5tanx-3sqrtx-over-1-over-x2-as-x-to--2,problems.json,limit,problem,200,Yes,index,https://derivativecalculatorai.com/limit-of-5tanx-3sqrtx-over-1-over-x2-as-x-to--2,Yes,Excluded,,,Yes,Partial,0,0,Unknown,,Not reviewed
https://derivativecalculatorai.com/limit-of-sqrt1-over-x2--sqrt2tanx-as-x-to-0,limit-of-sqrt1-over-x2--sqrt2tanx-as-x-to-0,problems.json,limit,problem,200,Yes,index,https://derivativecalculatorai.com/limit-of-sqrt1-over-x2--sqrt2tanx-as-x-to-0,Yes,Excluded,,,Yes,Partial,0,0,Unknown,,Not reviewed
https://derivativecalculatorai.com/limit-of-2sqrtx-cosx-over-cosx-as-x-to-pi-2,limit-of-2sqrtx-cosx-over-cosx-as-x-to-pi-2,problems.json,limit,problem,200,Yes,index,https://derivativecalculatorai.com/limit-of-2sqrtx-cosx-over-cosx-as-x-to-pi-2,Yes,Excluded,,,Yes,Partial,0,0,Unknown,,Not reviewed
https://derivativecalculatorai.com/limit-of-4x2-over-1-over-x2-as-x-to-pi-2,limit-of-4x2-over-1-over-x2-as-x-to-pi-2,problems.json,limit,problem,200,Yes,index,https://derivativecalculatorai.com/limit-of-4x2-over-1-over-x2-as-x-to-pi-2,Yes,Excluded,,,Yes,Partial,0,0,Unknown,,Not reviewed
https://derivativecalculatorai.com/limit-of-1-over-absx--1-over-4sqrtx-as-x-to-pi,limit-of-1-over-absx--1-over-4sqrtx-as-x-to-pi,problems.json,limit,problem,200,Yes,index,https://derivativecalculatorai.com/limit-of-1-over-absx--1-over-4sqrtx-as-x-to-pi,Yes,Excluded,,,Yes,Partial,0,0,Unknown,,Not reviewed
https://derivativecalculatorai.com/limit-of-5cosx-over-3x-as-x-to-0,limit-of-5cosx-over-3x-as-x-to-0,problems.json,limit,problem,200,Yes,index,https://derivativecalculatorai.com/limit-of-5cosx-over-3x-as-x-to-0,Yes,Excluded,,,Yes,Partial,0,0,Unknown,,Not reviewed
https://derivativecalculatorai.com/limit-of-tanx-over-tanx-as-x-to-0,limit-of-tanx-over-tanx-as-x-to-0,problems.json,limit,problem,200,No,noindex,https://derivativecalculatorai.com/limit-of-tanx-over-tanx-as-x-to-0,Yes,Excluded,,,Yes,Partial,0,0,Unknown,,Not reviewed
https://derivativecalculatorai.com/limit-of-sqrtx--3x2-over-x3--absx-as-x-to-inf,limit-of-sqrtx--3x2-over-x3--absx-as-x-to-inf,problems.json,limit,problem,200,Yes,index,https://derivativecalculatorai.com/limit-of-sqrtx--3x2-over-x3--absx-as-x-to-inf,Yes,Excluded,,,Yes,Partial,0,0,Unknown,,Not reviewed
https://derivativecalculatorai.com/limit-of-sqrtx-absx-over-lnx-as-x-to--inf,limit-of-sqrtx-absx-over-lnx-as-x-to--inf,problems.json,limit,problem,200,Yes,index,https://derivativecalculatorai.com/limit-of-sqrtx-absx-over-lnx-as-x-to--inf,Yes,Excluded,,,Yes,Partial,0,0,Unknown,,Not reviewed
https://derivativecalculatorai.com/limit-of-31-over-x2--5x32-as-x-to-0,limit-of-31-over-x2--5x32-as-x-to-0,problems.json,limit,problem,200,Yes,index,https://derivativecalculatorai.com/limit-of-31-over-x2--5x32-as-x-to-0,Yes,Excluded,,,Yes,Partial,0,0,Unknown,,Not reviewed
https://derivativecalculatorai.com/limit-of-ex2--51-over-x22-as-x-to-1,limit-of-ex2--51-over-x22-as-x-to-1,problems.json,limit,problem,200,Yes,index,https://derivativecalculatorai.com/limit-of-ex2--51-over-x22-as-x-to-1,Yes,Excluded,,,Yes,Partial,0,0,Unknown,,Not reviewed
https://derivativecalculatorai.com/limit-of-4x32--cosx2-as-x-to--inf,limit-of-4x32--cosx2-as-x-to--inf,problems.json,limit,problem,200,Yes,index,https://derivativecalculatorai.com/limit-of-4x32--cosx2-as-x-to--inf,Yes,Excluded,,,Yes,Partial,0,0,Unknown,,Not reviewed
https://derivativecalculatorai.com/limit-of-sqrtx2--4x32-as-x-to-pi,limit-of-sqrtx2--4x32-as-x-to-pi,problems.json,limit,problem,200,Yes,index,https://derivativecalculatorai.com/limit-of-sqrtx2--4x32-as-x-to-pi,Yes,Excluded,,,Yes,Partial,0,0,Unknown,,Not reviewed
https://derivativecalculatorai.com/limit-of-sqrt3x--sqrtcosx-as-x-to--2,limit-of-sqrt3x--sqrtcosx-as-x-to--2,problems.json,limit,problem,200,Yes,index,https://derivativecalculatorai.com/limit-of-sqrt3x--sqrtcosx-as-x-to--2,Yes,Excluded,,,Yes,Partial,0,0,Unknown,,Not reviewed
https://derivativecalculatorai.com/limit-of-x--3sqrtx-over-lnx--1-over-x2-as-x-to-pi,limit-of-x--3sqrtx-over-lnx--1-over-x2-as-x-to-pi,problems.json,limit,problem,200,Yes,index,https://derivativecalculatorai.com/limit-of-x--3sqrtx-over-lnx--1-over-x2-as-x-to-pi,Yes,Excluded,,,Yes,Partial,0,0,Unknown,,Not reviewed
https://derivativecalculatorai.com/limit-of-x2-over-3sqrtx-as-x-to-0,limit-of-x2-over-3sqrtx-as-x-to-0,problems.json,limit,problem,200,Yes,index,https://derivativecalculatorai.com/limit-of-x2-over-3sqrtx-as-x-to-0,Yes,Excluded,,,Yes,Partial,0,0,Unknown,,Not reviewed
https://derivativecalculatorai.com/limit-of-1-over-4absx--1-over-5lnx-as-x-to-pi,limit-of-1-over-4absx--1-over-5lnx-as-x-to-pi,problems.json,limit,problem,200,Yes,index,https://derivativecalculatorai.com/limit-of-1-over-4absx--1-over-5lnx-as-x-to-pi,Yes,Excluded,,,Yes,Partial,0,0,Unknown,,Not reviewed
https://derivativecalculatorai.com/limit-of-4absx2--sqrtx2-as-x-to-inf,limit-of-4absx2--sqrtx2-as-x-to-inf,problems.json,limit,problem,200,Yes,index,https://derivativecalculatorai.com/limit-of-4absx2--sqrtx2-as-x-to-inf,Yes,Excluded,,,Yes,Partial,0,0,Unknown,,Not reviewed
https://derivativecalculatorai.com/limit-of-4sinx-x2-over-tanx-as-x-to-1,limit-of-4sinx-x2-over-tanx-as-x-to-1,problems.json,limit,problem,200,Yes,index,https://derivativecalculatorai.com/limit-of-4sinx-x2-over-tanx-as-x-to-1,Yes,Excluded,,,Yes,Partial,0,0,Unknown,,Not reviewed
https://derivativecalculatorai.com/limit-of-sqrtx2--sqrt2x-as-x-to-1,limit-of-sqrtx2--sqrt2x-as-x-to-1,problems.json,limit,problem,200,Yes,index,https://derivativecalculatorai.com/limit-of-sqrtx2--sqrt2x-as-x-to-1,Yes,Excluded,,,Yes,Partial,0,0,Unknown,,Not reviewed
https://derivativecalculatorai.com/limit-of-sqrtsqrtx--sqrtabsx-as-x-to-pi-2,limit-of-sqrtsqrtx--sqrtabsx-as-x-to-pi-2,problems.json,limit,problem,200,Yes,index,https://derivativecalculatorai.com/limit-of-sqrtsqrtx--sqrtabsx-as-x-to-pi-2,Yes,Excluded,,,Yes,Partial,0,0,Unknown,,Not reviewed
https://derivativecalculatorai.com/limit-of-lnx-tanx-over-1-over-x-as-x-to--2,limit-of-lnx-tanx-over-1-over-x-as-x-to--2,problems.json,limit,problem,200,Yes,index,https://derivativecalculatorai.com/limit-of-lnx-tanx-over-1-over-x-as-x-to--2,Yes,Excluded,,,Yes,Partial,0,0,Unknown,,Not reviewed
https://derivativecalculatorai.com/limit-of-1-over-x--1-over-1-over-x-as-x-to-inf,limit-of-1-over-x--1-over-1-over-x-as-x-to-inf,problems.json,limit,problem,200,Yes,index,https://derivativecalculatorai.com/limit-of-1-over-x--1-over-1-over-x-as-x-to-inf,Yes,Excluded,,,Yes,Partial,0,0,Unknown,,Not reviewed
https://derivativecalculatorai.com/limit-of-x3--ex-over-absx--1-over-x2-as-x-to-1,limit-of-x3--ex-over-absx--1-over-x2-as-x-to-1,problems.json,limit,problem,200,Yes,index,https://derivativecalculatorai.com/limit-of-x3--ex-over-absx--1-over-x2-as-x-to-1,Yes,Excluded,,,Yes,Partial,0,0,Unknown,,Not reviewed
https://derivativecalculatorai.com/limit-of-1-over-1-over-x--1-over-2x3-as-x-to--2,limit-of-1-over-1-over-x--1-over-2x3-as-x-to--2,problems.json,limit,problem,200,Yes,index,https://derivativecalculatorai.com/limit-of-1-over-1-over-x--1-over-2x3-as-x-to--2,Yes,Excluded,,,Yes,Partial,0,0,Unknown,,Not reviewed
https://derivativecalculatorai.com/limit-of-ex2--4absx2-as-x-to-2,limit-of-ex2--4absx2-as-x-to-2,problems.json,limit,problem,200,Yes,index,https://derivativecalculatorai.com/limit-of-ex2--4absx2-as-x-to-2,Yes,Excluded,,,Yes,Partial,0,0,Unknown,,Not reviewed
https://derivativecalculatorai.com/limit-of-5x2-over-sqrtx-as-x-to--1,limit-of-5x2-over-sqrtx-as-x-to--1,problems.json,limit,problem,200,Yes,index,https://derivativecalculatorai.com/limit-of-5x2-over-sqrtx-as-x-to--1,Yes,Excluded,,,Yes,Partial,0,0,Unknown,,Not reviewed
https://derivativecalculatorai.com/limit-of-sqrt3sinx--sqrt3ex-as-x-to-1,limit-of-sqrt3sinx--sqrt3ex-as-x-to-1,problems.json,limit,problem,200,Yes,index,https://derivativecalculatorai.com/limit-of-sqrt3sinx--sqrt3ex-as-x-to-1,Yes,Excluded,,,Yes,Partial,0,0,Unknown,,Not reviewed
https://derivativecalculatorai.com/limit-of-sqrtsinx--sqrt4x2-as-x-to--2,limit-of-sqrtsinx--sqrt4x2-as-x-to--2,problems.json,limit,problem,200,Yes,index,https://derivativecalculatorai.com/limit-of-sqrtsinx--sqrt4x2-as-x-to--2,Yes,Excluded,,,Yes,Partial,0,0,Unknown,,Not reviewed
https://derivativecalculatorai.com/limit-of-sqrtx--5x-over-x2--sqrtx-as-x-to--2,limit-of-sqrtx--5x-over-x2--sqrtx-as-x-to--2,problems.json,limit,problem,200,Yes,index,https://derivativecalculatorai.com/limit-of-sqrtx--5x-over-x2--sqrtx-as-x-to--2,Yes,Excluded,,,Yes,Partial,0,0,Unknown,,Not reviewed
https://derivativecalculatorai.com/limit-of-sqrt41-over-x2--sqrt3x-as-x-to-0,limit-of-sqrt41-over-x2--sqrt3x-as-x-to-0,problems.json,limit,problem,200,Yes,index,https://derivativecalculatorai.com/limit-of-sqrt41-over-x2--sqrt3x-as-x-to-0,Yes,Excluded,,,Yes,Partial,0,0,Unknown,,Not reviewed
https://derivativecalculatorai.com/limit-of-ex-over-lnx-as-x-to--inf,limit-of-ex-over-lnx-as-x-to--inf,problems.json,limit,problem,200,Yes,index,https://derivativecalculatorai.com/limit-of-ex-over-lnx-as-x-to--inf,Yes,Excluded,,,Yes,Partial,0,0,Unknown,,Not reviewed
https://derivativecalculatorai.com/limit-of-ex-over-3tanx-as-x-to-pi,limit-of-ex-over-3tanx-as-x-to-pi,problems.json,limit,problem,200,Yes,index,https://derivativecalculatorai.com/limit-of-ex-over-3tanx-as-x-to-pi,Yes,Excluded,,,Yes,Partial,0,0,Unknown,,Not reviewed
https://derivativecalculatorai.com/limit-of-5x2-tanx-over-cosx-as-x-to--1,limit-of-5x2-tanx-over-cosx-as-x-to--1,problems.json,limit,problem,200,Yes,index,https://derivativecalculatorai.com/limit-of-5x2-tanx-over-cosx-as-x-to--1,Yes,Excluded,,,Yes,Partial,0,0,Unknown,,Not reviewed
https://derivativecalculatorai.com/limit-of-1-over-3lnx--1-over-41-over-x2-as-x-to-1,limit-of-1-over-3lnx--1-over-41-over-x2-as-x-to-1,problems.json,limit,problem,200,Yes,index,https://derivativecalculatorai.com/limit-of-1-over-3lnx--1-over-41-over-x2-as-x-to-1,Yes,Excluded,,,Yes,Partial,0,0,Unknown,,Not reviewed
https://derivativecalculatorai.com/limit-of-1-over-x2--x3-over-x2--x3-as-x-to-1,limit-of-1-over-x2--x3-over-x2--x3-as-x-to-1,problems.json,limit,problem,200,Yes,index,https://derivativecalculatorai.com/limit-of-1-over-x2--x3-over-x2--x3-as-x-to-1,Yes,Excluded,,,Yes,Partial,0,0,Unknown,,Not reviewed
https://derivativecalculatorai.com/limit-of-3x22--x32-as-x-to--1,limit-of-3x22--x32-as-x-to--1,problems.json,limit,problem,200,Yes,index,https://derivativecalculatorai.com/limit-of-3x22--x32-as-x-to--1,Yes,Excluded,,,Yes,Partial,0,0,Unknown,,Not reviewed
https://derivativecalculatorai.com/limit-of-sqrtx2--sqrtx2-as-x-to-inf,limit-of-sqrtx2--sqrtx2-as-x-to-inf,problems.json,limit,problem,200,Yes,index,https://derivativecalculatorai.com/limit-of-sqrtx2--sqrtx2-as-x-to-inf,Yes,Excluded,,,Yes,Partial,0,0,Unknown,,Not reviewed
https://derivativecalculatorai.com/limit-of-3sqrtx--4tanx-over-cosx--1-over-x-as-x-to--1,limit-of-3sqrtx--4tanx-over-cosx--1-over-x-as-x-to--1,problems.json,limit,problem,200,No,noindex,https://derivativecalculatorai.com/limit-of-3sqrtx--4tanx-over-cosx--1-over-x-as-x-to--1,Yes,Excluded,,,Yes,Partial,0,0,Unknown,,Not reviewed
https://derivativecalculatorai.com/limit-of-2tanx2--3lnx2-as-x-to-0,limit-of-2tanx2--3lnx2-as-x-to-0,problems.json,limit,problem,200,Yes,index,https://derivativecalculatorai.com/limit-of-2tanx2--3lnx2-as-x-to-0,Yes,Excluded,,,Yes,Partial,0,0,Unknown,,Not reviewed
https://derivativecalculatorai.com/limit-of-x32--lnx2-as-x-to-pi-2,limit-of-x32--lnx2-as-x-to-pi-2,problems.json,limit,problem,200,Yes,index,https://derivativecalculatorai.com/limit-of-x32--lnx2-as-x-to-pi-2,Yes,Excluded,,,Yes,Partial,0,0,Unknown,,Not reviewed
https://derivativecalculatorai.com/limit-of-51-over-x-over-4tanx-as-x-to-1,limit-of-51-over-x-over-4tanx-as-x-to-1,problems.json,limit,problem,200,Yes,index,https://derivativecalculatorai.com/limit-of-51-over-x-over-4tanx-as-x-to-1,Yes,Excluded,,,Yes,Partial,0,0,Unknown,,Not reviewed
https://derivativecalculatorai.com/limit-of-1-over-x-1-over-x2-over-absx-as-x-to-2,limit-of-1-over-x-1-over-x2-over-absx-as-x-to-2,problems.json,limit,problem,200,Yes,index,https://derivativecalculatorai.com/limit-of-1-over-x-1-over-x2-over-absx-as-x-to-2,Yes,Excluded,,,Yes,Partial,0,0,Unknown,,Not reviewed
https://derivativecalculatorai.com/limit-of-sinx--3x2-over-1-over-x--sqrtx-as-x-to-pi,limit-of-sinx--3x2-over-1-over-x--sqrtx-as-x-to-pi,problems.json,limit,problem,200,Yes,index,https://derivativecalculatorai.com/limit-of-sinx--3x2-over-1-over-x--sqrtx-as-x-to-pi,Yes,Excluded,,,Yes,Partial,0,0,Unknown,,Not reviewed
https://derivativecalculatorai.com/limit-of-1-over-2sqrtx--1-over-x2-as-x-to-1,limit-of-1-over-2sqrtx--1-over-x2-as-x-to-1,problems.json,limit,problem,200,Yes,index,https://derivativecalculatorai.com/limit-of-1-over-2sqrtx--1-over-x2-as-x-to-1,Yes,Excluded,,,Yes,Partial,0,0,Unknown,,Not reviewed
https://derivativecalculatorai.com/limit-of-3absx2--tanx2-as-x-to--2,limit-of-3absx2--tanx2-as-x-to--2,problems.json,limit,problem,200,Yes,index,https://derivativecalculatorai.com/limit-of-3absx2--tanx2-as-x-to--2,Yes,Excluded,,,Yes,Partial,0,0,Unknown,,Not reviewed
https://derivativecalculatorai.com/limit-of-3x32--2sqrtx2-as-x-to-0,limit-of-3x32--2sqrtx2-as-x-to-0,problems.json,limit,problem,200,Yes,index,https://derivativecalculatorai.com/limit-of-3x32--2sqrtx2-as-x-to-0,Yes,Excluded,,,Yes,Partial,0,0,Unknown,,Not reviewed
https://derivativecalculatorai.com/limit-of-sinx--2x2-over-tanx--cosx-as-x-to-pi,limit-of-sinx--2x2-over-tanx--cosx-as-x-to-pi,problems.json,limit,problem,200,Yes,index,https://derivativecalculatorai.com/limit-of-sinx--2x2-over-tanx--cosx-as-x-to-pi,Yes,Excluded,,,Yes,Partial,0,0,Unknown,,Not reviewed
https://derivativecalculatorai.com/limit-of-sqrtsinx--sqrttanx-as-x-to--inf,limit-of-sqrtsinx--sqrttanx-as-x-to--inf,problems.json,limit,problem,200,Yes,index,https://derivativecalculatorai.com/limit-of-sqrtsinx--sqrttanx-as-x-to--inf,Yes,Excluded,,,Yes,Partial,0,0,Unknown,,Not reviewed
https://derivativecalculatorai.com/limit-of-2absx--x3-over-1-over-x--ex-as-x-to-pi,limit-of-2absx--x3-over-1-over-x--ex-as-x-to-pi,problems.json,limit,problem,200,Yes,index,https://derivativecalculatorai.com/limit-of-2absx--x3-over-1-over-x--ex-as-x-to-pi,Yes,Excluded,,,Yes,Partial,0,0,Unknown,,Not reviewed
https://derivativecalculatorai.com/limit-of-3ex-2cosx-over-sinx-as-x-to--2,limit-of-3ex-2cosx-over-sinx-as-x-to--2,problems.json,limit,problem,200,Yes,index,https://derivativecalculatorai.com/limit-of-3ex-2cosx-over-sinx-as-x-to--2,Yes,Excluded,,,Yes,Partial,0,0,Unknown,,Not reviewed
https://derivativecalculatorai.com/limit-of-sqrtx--4ex-over-x3--sqrtx-as-x-to-pi,limit-of-sqrtx--4ex-over-x3--sqrtx-as-x-to-pi,problems.json,limit,problem,200,Yes,index,https://derivativecalculatorai.com/limit-of-sqrtx--4ex-over-x3--sqrtx-as-x-to-pi,Yes,Excluded,,,Yes,Partial,0,0,Unknown,,Not reviewed
https://derivativecalculatorai.com/limit-of-sqrtx2--sqrt2ex-as-x-to-2,limit-of-sqrtx2--sqrt2ex-as-x-to-2,problems.json,limit,problem,200,No,noindex,https://derivativecalculatorai.com/limit-of-sqrtx2--sqrt2ex-as-x-to-2,Yes,Excluded,,,Yes,Partial,0,0,Unknown,,Not reviewed
https://derivativecalculatorai.com/limit-of-tanx-2sinx-over-sqrtx-as-x-to-pi-2,limit-of-tanx-2sinx-over-sqrtx-as-x-to-pi-2,problems.json,limit,problem,200,Yes,index,https://derivativecalculatorai.com/limit-of-tanx-2sinx-over-sqrtx-as-x-to-pi-2,Yes,Excluded,,,Yes,Partial,0,0,Unknown,,Not reviewed
https://derivativecalculatorai.com/limit-of-sqrt4absx--sqrt2cosx-as-x-to-inf,limit-of-sqrt4absx--sqrt2cosx-as-x-to-inf,problems.json,limit,problem,200,Yes,index,https://derivativecalculatorai.com/limit-of-sqrt4absx--sqrt2cosx-as-x-to-inf,Yes,Excluded,,,Yes,Partial,0,0,Unknown,,Not reviewed
https://derivativecalculatorai.com/limit-of-1-over-x2--1-over-4absx-as-x-to--2,limit-of-1-over-x2--1-over-4absx-as-x-to--2,problems.json,limit,problem,200,Yes,index,https://derivativecalculatorai.com/limit-of-1-over-x2--1-over-4absx-as-x-to--2,Yes,Excluded,,,Yes,Partial,0,0,Unknown,,Not reviewed
https://derivativecalculatorai.com/limit-of-sqrt3sqrtx--sqrtlnx-as-x-to--inf,limit-of-sqrt3sqrtx--sqrtlnx-as-x-to--inf,problems.json,limit,problem,200,Yes,index,https://derivativecalculatorai.com/limit-of-sqrt3sqrtx--sqrtlnx-as-x-to--inf,Yes,Excluded,,,Yes,Partial,0,0,Unknown,,Not reviewed
https://derivativecalculatorai.com/limit-of-sqrt3sqrtx--sqrtcosx-as-x-to-pi,limit-of-sqrt3sqrtx--sqrtcosx-as-x-to-pi,problems.json,limit,problem,200,Yes,index,https://derivativecalculatorai.com/limit-of-sqrt3sqrtx--sqrtcosx-as-x-to-pi,Yes,Excluded,,,Yes,Partial,0,0,Unknown,,Not reviewed
https://derivativecalculatorai.com/limit-of-1-over-tanx--1-over-5x3-as-x-to--2,limit-of-1-over-tanx--1-over-5x3-as-x-to--2,problems.json,limit,problem,200,Yes,index,https://derivativecalculatorai.com/limit-of-1-over-tanx--1-over-5x3-as-x-to--2,Yes,Excluded,,,Yes,Partial,0,0,Unknown,,Not reviewed
https://derivativecalculatorai.com/limit-of-tanx-over-4sinx-as-x-to--1,limit-of-tanx-over-4sinx-as-x-to--1,problems.json,limit,problem,200,Yes,index,https://derivativecalculatorai.com/limit-of-tanx-over-4sinx-as-x-to--1,Yes,Excluded,,,Yes,Partial,0,0,Unknown,,Not reviewed
https://derivativecalculatorai.com/limit-of-sqrt31-over-x--sqrtsinx-as-x-to--1,limit-of-sqrt31-over-x--sqrtsinx-as-x-to--1,problems.json,limit,problem,200,Yes,index,https://derivativecalculatorai.com/limit-of-sqrt31-over-x--sqrtsinx-as-x-to--1,Yes,Excluded,,,Yes,Partial,0,0,Unknown,,Not reviewed
https://derivativecalculatorai.com/limit-of-2absx-over-5cosx-as-x-to-1,limit-of-2absx-over-5cosx-as-x-to-1,problems.json,limit,problem,200,Yes,index,https://derivativecalculatorai.com/limit-of-2absx-over-5cosx-as-x-to-1,Yes,Excluded,,,Yes,Partial,0,0,Unknown,,Not reviewed
https://derivativecalculatorai.com/limit-of-1-over-x--1-over-tanx-as-x-to-0,limit-of-1-over-x--1-over-tanx-as-x-to-0,problems.json,limit,problem,200,Yes,index,https://derivativecalculatorai.com/limit-of-1-over-x--1-over-tanx-as-x-to-0,Yes,Excluded,,,Yes,Partial,0,0,Unknown,,Not reviewed
https://derivativecalculatorai.com/limit-of-1-over-cosx--1-over-cosx-as-x-to-0,limit-of-1-over-cosx--1-over-cosx-as-x-to-0,problems.json,limit,problem,200,Yes,index,https://derivativecalculatorai.com/limit-of-1-over-cosx--1-over-cosx-as-x-to-0,Yes,Excluded,,,Yes,Partial,0,0,Unknown,,Not reviewed
https://derivativecalculatorai.com/limit-of-2x3-over-x3-as-x-to--2,limit-of-2x3-over-x3-as-x-to--2,problems.json,limit,problem,200,No,noindex,https://derivativecalculatorai.com/limit-of-2x3-over-x3-as-x-to--2,Yes,Excluded,,,Yes,Partial,0,0,Unknown,,Not reviewed
https://derivativecalculatorai.com/limit-of-ex-1-over-x2-over-1-over-x2-as-x-to--inf,limit-of-ex-1-over-x2-over-1-over-x2-as-x-to--inf,problems.json,limit,problem,200,Yes,index,https://derivativecalculatorai.com/limit-of-ex-1-over-x2-over-1-over-x2-as-x-to--inf,Yes,Excluded,,,Yes,Partial,0,0,Unknown,,Not reviewed
https://derivativecalculatorai.com/limit-of-sqrt31-over-x2--sqrt2tanx-as-x-to-1,limit-of-sqrt31-over-x2--sqrt2tanx-as-x-to-1,problems.json,limit,problem,200,Yes,index,https://derivativecalculatorai.com/limit-of-sqrt31-over-x2--sqrt2tanx-as-x-to-1,Yes,Excluded,,,Yes,Partial,0,0,Unknown,,Not reviewed
https://derivativecalculatorai.com/limit-of-1-over-2x2--1-over-x3-as-x-to-2,limit-of-1-over-2x2--1-over-x3-as-x-to-2,problems.json,limit,problem,200,Yes,index,https://derivativecalculatorai.com/limit-of-1-over-2x2--1-over-x3-as-x-to-2,Yes,Excluded,,,Yes,Partial,0,0,Unknown,,Not reviewed
https://derivativecalculatorai.com/limit-of-31-over-x2--x22-as-x-to-2,limit-of-31-over-x2--x22-as-x-to-2,problems.json,limit,problem,200,Yes,index,https://derivativecalculatorai.com/limit-of-31-over-x2--x22-as-x-to-2,Yes,Excluded,,,Yes,Partial,0,0,Unknown,,Not reviewed
https://derivativecalculatorai.com/limit-of-1-over-3x3--1-over-2x2-as-x-to-0,limit-of-1-over-3x3--1-over-2x2-as-x-to-0,problems.json,limit,problem,200,Yes,index,https://derivativecalculatorai.com/limit-of-1-over-3x3--1-over-2x2-as-x-to-0,Yes,Excluded,,,Yes,Partial,0,0,Unknown,,Not reviewed
https://derivativecalculatorai.com/limit-of-1-over-ex--1-over-41-over-x2-as-x-to--1,limit-of-1-over-ex--1-over-41-over-x2-as-x-to--1,problems.json,limit,problem,200,Yes,index,https://derivativecalculatorai.com/limit-of-1-over-ex--1-over-41-over-x2-as-x-to--1,Yes,Excluded,,,Yes,Partial,0,0,Unknown,,Not reviewed
https://derivativecalculatorai.com/limit-of-1-over-x2-absx-over-sqrtx-as-x-to-0,limit-of-1-over-x2-absx-over-sqrtx-as-x-to-0,problems.json,limit,problem,200,Yes,index,https://derivativecalculatorai.com/limit-of-1-over-x2-absx-over-sqrtx-as-x-to-0,Yes,Excluded,,,Yes,Partial,0,0,Unknown,,Not reviewed
https://derivativecalculatorai.com/limit-of-lnx-5ex-over-sinx-as-x-to-pi-2,limit-of-lnx-5ex-over-sinx-as-x-to-pi-2,problems.json,limit,problem,200,Yes,index,https://derivativecalculatorai.com/limit-of-lnx-5ex-over-sinx-as-x-to-pi-2,Yes,Excluded,,,Yes,Partial,0,0,Unknown,,Not reviewed
https://derivativecalculatorai.com/limit-of-5sinx2--cosx2-as-x-to-pi,limit-of-5sinx2--cosx2-as-x-to-pi,problems.json,limit,problem,200,Yes,index,https://derivativecalculatorai.com/limit-of-5sinx2--cosx2-as-x-to-pi,Yes,Excluded,,,Yes,Partial,0,0,Unknown,,Not reviewed
https://derivativecalculatorai.com/limit-of-2x-4lnx-over-1-over-x2-as-x-to-1,limit-of-2x-4lnx-over-1-over-x2-as-x-to-1,problems.json,limit,problem,200,Yes,index,https://derivativecalculatorai.com/limit-of-2x-4lnx-over-1-over-x2-as-x-to-1,Yes,Excluded,,,Yes,Partial,0,0,Unknown,,Not reviewed
https://derivativecalculatorai.com/limit-of-5sqrtx2--2lnx2-as-x-to-pi-2,limit-of-5sqrtx2--2lnx2-as-x-to-pi-2,problems.json,limit,problem,200,Yes,index,https://derivativecalculatorai.com/limit-of-5sqrtx2--2lnx2-as-x-to-pi-2,Yes,Excluded,,,Yes,Partial,0,0,Unknown,,Not reviewed
https://derivativecalculatorai.com/limit-of-sqrt3x--sqrtlnx-as-x-to-pi,limit-of-sqrt3x--sqrtlnx-as-x-to-pi,problems.json,limit,problem,200,Yes,index,https://derivativecalculatorai.com/limit-of-sqrt3x--sqrtlnx-as-x-to-pi,Yes,Excluded,,,Yes,Partial,0,0,Unknown,,Not reviewed
https://derivativecalculatorai.com/limit-of-1-over-x22--tanx2-as-x-to--2,limit-of-1-over-x22--tanx2-as-x-to--2,problems.json,limit,problem,200,No,noindex,https://derivativecalculatorai.com/limit-of-1-over-x22--tanx2-as-x-to--2,Yes,Excluded,,,Yes,Partial,0,0,Unknown,,Not reviewed
https://derivativecalculatorai.com/limit-of-1-over-sqrtx--1-over-4tanx-as-x-to-inf,limit-of-1-over-sqrtx--1-over-4tanx-as-x-to-inf,problems.json,limit,problem,200,Yes,index,https://derivativecalculatorai.com/limit-of-1-over-sqrtx--1-over-4tanx-as-x-to-inf,Yes,Excluded,,,Yes,Partial,0,0,Unknown,,Not reviewed
https://derivativecalculatorai.com/limit-of-4ex-sinx-over-sinx-as-x-to--2,limit-of-4ex-sinx-over-sinx-as-x-to--2,problems.json,limit,problem,200,Yes,index,https://derivativecalculatorai.com/limit-of-4ex-sinx-over-sinx-as-x-to--2,Yes,Excluded,,,Yes,Partial,0,0,Unknown,,Not reviewed
https://derivativecalculatorai.com/limit-of-4ex-3ex-over-tanx-as-x-to--2,limit-of-4ex-3ex-over-tanx-as-x-to--2,problems.json,limit,problem,200,Yes,index,https://derivativecalculatorai.com/limit-of-4ex-3ex-over-tanx-as-x-to--2,Yes,Excluded,,,Yes,Partial,0,0,Unknown,,Not reviewed
https://derivativecalculatorai.com/limit-of-absx-5x3-over-x2-as-x-to-0,limit-of-absx-5x3-over-x2-as-x-to-0,problems.json,limit,problem,200,Yes,index,https://derivativecalculatorai.com/limit-of-absx-5x3-over-x2-as-x-to-0,Yes,Excluded,,,Yes,Partial,0,0,Unknown,,Not reviewed
https://derivativecalculatorai.com/limit-of-sqrtlnx--sqrtlnx-as-x-to-2,limit-of-sqrtlnx--sqrtlnx-as-x-to-2,problems.json,limit,problem,200,Yes,index,https://derivativecalculatorai.com/limit-of-sqrtlnx--sqrtlnx-as-x-to-2,Yes,Excluded,,,Yes,Partial,0,0,Unknown,,Not reviewed
https://derivativecalculatorai.com/limit-of-1-over-x--absx-over-sqrtx--absx-as-x-to--inf,limit-of-1-over-x--absx-over-sqrtx--absx-as-x-to--inf,problems.json,limit,problem,200,No,noindex,https://derivativecalculatorai.com/limit-of-1-over-x--absx-over-sqrtx--absx-as-x-to--inf,Yes,Excluded,,,Yes,Partial,0,0,Unknown,,Not reviewed
https://derivativecalculatorai.com/limit-of-3tanx--5ex-over-lnx--sqrtx-as-x-to-2,limit-of-3tanx--5ex-over-lnx--sqrtx-as-x-to-2,problems.json,limit,problem,200,Yes,index,https://derivativecalculatorai.com/limit-of-3tanx--5ex-over-lnx--sqrtx-as-x-to-2,Yes,Excluded,,,Yes,Partial,0,0,Unknown,,Not reviewed
https://derivativecalculatorai.com/limit-of-lnx-over-3cosx-as-x-to-pi,limit-of-lnx-over-3cosx-as-x-to-pi,problems.json,limit,problem,200,Yes,index,https://derivativecalculatorai.com/limit-of-lnx-over-3cosx-as-x-to-pi,Yes,Excluded,,,Yes,Partial,0,0,Unknown,,Not reviewed
https://derivativecalculatorai.com/limit-of-5sqrtx2--21-over-x2-as-x-to-pi,limit-of-5sqrtx2--21-over-x2-as-x-to-pi,problems.json,limit,problem,200,Yes,index,https://derivativecalculatorai.com/limit-of-5sqrtx2--21-over-x2-as-x-to-pi,Yes,Excluded,,,Yes,Partial,0,0,Unknown,,Not reviewed
https://derivativecalculatorai.com/limit-of-4tanx--ex-over-x2--sqrtx-as-x-to-pi-2,limit-of-4tanx--ex-over-x2--sqrtx-as-x-to-pi-2,problems.json,limit,problem,200,Yes,index,https://derivativecalculatorai.com/limit-of-4tanx--ex-over-x2--sqrtx-as-x-to-pi-2,Yes,Excluded,,,Yes,Partial,0,0,Unknown,,Not reviewed
https://derivativecalculatorai.com/limit-of-sqrt5cosx--sqrt2lnx-as-x-to-inf,limit-of-sqrt5cosx--sqrt2lnx-as-x-to-inf,problems.json,limit,problem,200,Yes,index,https://derivativecalculatorai.com/limit-of-sqrt5cosx--sqrt2lnx-as-x-to-inf,Yes,Excluded,,,Yes,Partial,0,0,Unknown,,Not reviewed
https://derivativecalculatorai.com/limit-of-x2--1-over-x2-as-x-to-pi,limit-of-x2--1-over-x2-as-x-to-pi,problems.json,limit,problem,200,No,noindex,https://derivativecalculatorai.com/limit-of-x2--1-over-x2-as-x-to-pi,Yes,Excluded,,,Yes,Partial,0,0,Unknown,,Not reviewed
https://derivativecalculatorai.com/limit-of-51-over-x2--x22-as-x-to-pi,limit-of-51-over-x2--x22-as-x-to-pi,problems.json,limit,problem,200,Yes,index,https://derivativecalculatorai.com/limit-of-51-over-x2--x22-as-x-to-pi,Yes,Excluded,,,Yes,Partial,0,0,Unknown,,Not reviewed
https://derivativecalculatorai.com/limit-of-1-over-x-over-4cosx-as-x-to-pi-2,limit-of-1-over-x-over-4cosx-as-x-to-pi-2,problems.json,limit,problem,200,No,noindex,https://derivativecalculatorai.com/limit-of-1-over-x-over-4cosx-as-x-to-pi-2,Yes,Excluded,,,Yes,Partial,0,0,Unknown,,Not reviewed
https://derivativecalculatorai.com/limit-of-sqrt5x3--sqrt5x3-as-x-to--2,limit-of-sqrt5x3--sqrt5x3-as-x-to--2,problems.json,limit,problem,200,Yes,index,https://derivativecalculatorai.com/limit-of-sqrt5x3--sqrt5x3-as-x-to--2,Yes,Excluded,,,Yes,Partial,0,0,Unknown,,Not reviewed
https://derivativecalculatorai.com/limit-of-sinx2--1-over-x22-as-x-to--inf,limit-of-sinx2--1-over-x22-as-x-to--inf,problems.json,limit,problem,200,No,noindex,https://derivativecalculatorai.com/limit-of-sinx2--1-over-x22-as-x-to--inf,Yes,Excluded,,,Yes,Partial,0,0,Unknown,,Not reviewed
https://derivativecalculatorai.com/limit-of-x-x2-over-lnx-as-x-to--1,limit-of-x-x2-over-lnx-as-x-to--1,problems.json,limit,problem,200,Yes,index,https://derivativecalculatorai.com/limit-of-x-x2-over-lnx-as-x-to--1,Yes,Excluded,,,Yes,Partial,0,0,Unknown,,Not reviewed
https://derivativecalculatorai.com/limit-of-3x--51-over-x2-over-sqrtx--ex-as-x-to-inf,limit-of-3x--51-over-x2-over-sqrtx--ex-as-x-to-inf,problems.json,limit,problem,200,Yes,index,https://derivativecalculatorai.com/limit-of-3x--51-over-x2-over-sqrtx--ex-as-x-to-inf,Yes,Excluded,,,Yes,Partial,0,0,Unknown,,Not reviewed
https://derivativecalculatorai.com/limit-of-1-over-x2--1-over-21-over-x2-as-x-to-inf,limit-of-1-over-x2--1-over-21-over-x2-as-x-to-inf,problems.json,limit,problem,200,Yes,index,https://derivativecalculatorai.com/limit-of-1-over-x2--1-over-21-over-x2-as-x-to-inf,Yes,Excluded,,,Yes,Partial,0,0,Unknown,,Not reviewed
https://derivativecalculatorai.com/limit-of-1-over-x2--4cosx2-as-x-to-pi,limit-of-1-over-x2--4cosx2-as-x-to-pi,problems.json,limit,problem,200,Yes,index,https://derivativecalculatorai.com/limit-of-1-over-x2--4cosx2-as-x-to-pi,Yes,Excluded,,,Yes,Partial,0,0,Unknown,,Not reviewed
https://derivativecalculatorai.com/limit-of-x2-3lnx-over-x-as-x-to--1,limit-of-x2-3lnx-over-x-as-x-to--1,problems.json,limit,problem,200,Yes,index,https://derivativecalculatorai.com/limit-of-x2-3lnx-over-x-as-x-to--1,Yes,Excluded,,,Yes,Partial,0,0,Unknown,,Not reviewed
https://derivativecalculatorai.com/limit-of-sqrt3x--sqrt1-over-x2-as-x-to-2,limit-of-sqrt3x--sqrt1-over-x2-as-x-to-2,problems.json,limit,problem,200,Yes,index,https://derivativecalculatorai.com/limit-of-sqrt3x--sqrt1-over-x2-as-x-to-2,Yes,Excluded,,,Yes,Partial,0,0,Unknown,,Not reviewed
https://derivativecalculatorai.com/limit-of-sqrt2x3--sqrtx3-as-x-to--2,limit-of-sqrt2x3--sqrtx3-as-x-to--2,problems.json,limit,problem,200,Yes,index,https://derivativecalculatorai.com/limit-of-sqrt2x3--sqrtx3-as-x-to--2,Yes,Excluded,,,Yes,Partial,0,0,Unknown,,Not reviewed
https://derivativecalculatorai.com/limit-of-lnx-over-3absx-as-x-to--2,limit-of-lnx-over-3absx-as-x-to--2,problems.json,limit,problem,200,Yes,index,https://derivativecalculatorai.com/limit-of-lnx-over-3absx-as-x-to--2,Yes,Excluded,,,Yes,Partial,0,0,Unknown,,Not reviewed
https://derivativecalculatorai.com/limit-of-sqrt4x--sqrt3lnx-as-x-to-0,limit-of-sqrt4x--sqrt3lnx-as-x-to-0,problems.json,limit,problem,200,Yes,index,https://derivativecalculatorai.com/limit-of-sqrt4x--sqrt3lnx-as-x-to-0,Yes,Excluded,,,Yes,Partial,0,0,Unknown,,Not reviewed
https://derivativecalculatorai.com/limit-of-x3--51-over-x2-over-ex--x-as-x-to-1,limit-of-x3--51-over-x2-over-ex--x-as-x-to-1,problems.json,limit,problem,200,Yes,index,https://derivativecalculatorai.com/limit-of-x3--51-over-x2-over-ex--x-as-x-to-1,Yes,Excluded,,,Yes,Partial,0,0,Unknown,,Not reviewed
https://derivativecalculatorai.com/limit-of-sqrt51-over-x2--sqrt41-over-x-as-x-to--inf,limit-of-sqrt51-over-x2--sqrt41-over-x-as-x-to--inf,problems.json,limit,problem,200,No,noindex,https://derivativecalculatorai.com/limit-of-sqrt51-over-x2--sqrt41-over-x-as-x-to--inf,Yes,Excluded,,,Yes,Partial,0,0,Unknown,,Not reviewed
https://derivativecalculatorai.com/limit-of-sqrt3lnx--sqrt3x-as-x-to--inf,limit-of-sqrt3lnx--sqrt3x-as-x-to--inf,problems.json,limit,problem,200,Yes,index,https://derivativecalculatorai.com/limit-of-sqrt3lnx--sqrt3x-as-x-to--inf,Yes,Excluded,,,Yes,Partial,0,0,Unknown,,Not reviewed
https://derivativecalculatorai.com/limit-of-1-over-3sqrtx--1-over-3x3-as-x-to-2,limit-of-1-over-3sqrtx--1-over-3x3-as-x-to-2,problems.json,limit,problem,200,Yes,index,https://derivativecalculatorai.com/limit-of-1-over-3sqrtx--1-over-3x3-as-x-to-2,Yes,Excluded,,,Yes,Partial,0,0,Unknown,,Not reviewed
https://derivativecalculatorai.com/limit-of-1-over-2sqrtx--1-over-lnx-as-x-to-1,limit-of-1-over-2sqrtx--1-over-lnx-as-x-to-1,problems.json,limit,problem,200,Yes,index,https://derivativecalculatorai.com/limit-of-1-over-2sqrtx--1-over-lnx-as-x-to-1,Yes,Excluded,,,Yes,Partial,0,0,Unknown,,Not reviewed
https://derivativecalculatorai.com/limit-of-5x2-over-5lnx-as-x-to-inf,limit-of-5x2-over-5lnx-as-x-to-inf,problems.json,limit,problem,200,Yes,index,https://derivativecalculatorai.com/limit-of-5x2-over-5lnx-as-x-to-inf,Yes,Excluded,,,Yes,Partial,0,0,Unknown,,Not reviewed
https://derivativecalculatorai.com/limit-of-51-over-x--3lnx-over-1-over-x2--x-as-x-to-2,limit-of-51-over-x--3lnx-over-1-over-x2--x-as-x-to-2,problems.json,limit,problem,200,No,noindex,https://derivativecalculatorai.com/limit-of-51-over-x--3lnx-over-1-over-x2--x-as-x-to-2,Yes,Excluded,,,Yes,Partial,0,0,Unknown,,Not reviewed
https://derivativecalculatorai.com/limit-of-1-over-x--1-over-4sqrtx-as-x-to-1,limit-of-1-over-x--1-over-4sqrtx-as-x-to-1,problems.json,limit,problem,200,Yes,index,https://derivativecalculatorai.com/limit-of-1-over-x--1-over-4sqrtx-as-x-to-1,Yes,Excluded,,,Yes,Partial,0,0,Unknown,,Not reviewed
https://derivativecalculatorai.com/limit-of-2ex--absx-over-tanx--cosx-as-x-to--2,limit-of-2ex--absx-over-tanx--cosx-as-x-to--2,problems.json,limit,problem,200,Yes,index,https://derivativecalculatorai.com/limit-of-2ex--absx-over-tanx--cosx-as-x-to--2,Yes,Excluded,,,Yes,Partial,0,0,Unknown,,Not reviewed
https://derivativecalculatorai.com/limit-of-4absx-4sinx-over-1-over-x-as-x-to--2,limit-of-4absx-4sinx-over-1-over-x-as-x-to--2,problems.json,limit,problem,200,Yes,index,https://derivativecalculatorai.com/limit-of-4absx-4sinx-over-1-over-x-as-x-to--2,Yes,Excluded,,,Yes,Partial,0,0,Unknown,,Not reviewed
https://derivativecalculatorai.com/limit-of-sinx--tanx-over-1-over-x2--ex-as-x-to-0,limit-of-sinx--tanx-over-1-over-x2--ex-as-x-to-0,problems.json,limit,problem,200,Yes,index,https://derivativecalculatorai.com/limit-of-sinx--tanx-over-1-over-x2--ex-as-x-to-0,Yes,Excluded,,,Yes,Partial,0,0,Unknown,,Not reviewed
https://derivativecalculatorai.com/limit-of-1-over-x2--1-over-5tanx-as-x-to--2,limit-of-1-over-x2--1-over-5tanx-as-x-to--2,problems.json,limit,problem,200,Yes,index,https://derivativecalculatorai.com/limit-of-1-over-x2--1-over-5tanx-as-x-to--2,Yes,Excluded,,,Yes,Partial,0,0,Unknown,,Not reviewed
https://derivativecalculatorai.com/limit-of-2x--4absx-over-x2--ex-as-x-to-2,limit-of-2x--4absx-over-x2--ex-as-x-to-2,problems.json,limit,problem,200,Yes,index,https://derivativecalculatorai.com/limit-of-2x--4absx-over-x2--ex-as-x-to-2,Yes,Excluded,,,Yes,Partial,0,0,Unknown,,Not reviewed
https://derivativecalculatorai.com/limit-of-21-over-x22--x2-as-x-to-pi-2,limit-of-21-over-x22--x2-as-x-to-pi-2,problems.json,limit,problem,200,Yes,index,https://derivativecalculatorai.com/limit-of-21-over-x22--x2-as-x-to-pi-2,Yes,Excluded,,,Yes,Partial,0,0,Unknown,,Not reviewed
https://derivativecalculatorai.com/limit-of-sqrt3sinx--sqrt3x2-as-x-to-0,limit-of-sqrt3sinx--sqrt3x2-as-x-to-0,problems.json,limit,problem,200,Yes,index,https://derivativecalculatorai.com/limit-of-sqrt3sinx--sqrt3x2-as-x-to-0,Yes,Excluded,,,Yes,Partial,0,0,Unknown,,Not reviewed
https://derivativecalculatorai.com/limit-of-5sqrtx2--ex2-as-x-to-1,limit-of-5sqrtx2--ex2-as-x-to-1,problems.json,limit,problem,200,Yes,index,https://derivativecalculatorai.com/limit-of-5sqrtx2--ex2-as-x-to-1,Yes,Excluded,,,Yes,Partial,0,0,Unknown,,Not reviewed
https://derivativecalculatorai.com/limit-of-sqrtlnx--sqrt4x3-as-x-to-pi-2,limit-of-sqrtlnx--sqrt4x3-as-x-to-pi-2,problems.json,limit,problem,200,Yes,index,https://derivativecalculatorai.com/limit-of-sqrtlnx--sqrt4x3-as-x-to-pi-2,Yes,Excluded,,,Yes,Partial,0,0,Unknown,,Not reviewed
https://derivativecalculatorai.com/limit-of-3lnx-absx-over-x-as-x-to-2,limit-of-3lnx-absx-over-x-as-x-to-2,problems.json,limit,problem,200,Yes,index,https://derivativecalculatorai.com/limit-of-3lnx-absx-over-x-as-x-to-2,Yes,Excluded,,,Yes,Partial,0,0,Unknown,,Not reviewed
https://derivativecalculatorai.com/limit-of-2absx-over-2cosx-as-x-to--2,limit-of-2absx-over-2cosx-as-x-to--2,problems.json,limit,problem,200,Yes,index,https://derivativecalculatorai.com/limit-of-2absx-over-2cosx-as-x-to--2,Yes,Excluded,,,Yes,Partial,0,0,Unknown,,Not reviewed
https://derivativecalculatorai.com/limit-of-1-over-1-over-x--1-over-4x2-as-x-to-pi,limit-of-1-over-1-over-x--1-over-4x2-as-x-to-pi,problems.json,limit,problem,200,Yes,index,https://derivativecalculatorai.com/limit-of-1-over-1-over-x--1-over-4x2-as-x-to-pi,Yes,Excluded,,,Yes,Partial,0,0,Unknown,,Not reviewed
https://derivativecalculatorai.com/limit-of-2tanx-sqrtx-over-lnx-as-x-to--1,limit-of-2tanx-sqrtx-over-lnx-as-x-to--1,problems.json,limit,problem,200,Yes,index,https://derivativecalculatorai.com/limit-of-2tanx-sqrtx-over-lnx-as-x-to--1,Yes,Excluded,,,Yes,Partial,0,0,Unknown,,Not reviewed
https://derivativecalculatorai.com/limit-of-sqrtsinx--sqrtsinx-as-x-to-pi,limit-of-sqrtsinx--sqrtsinx-as-x-to-pi,problems.json,limit,problem,200,Yes,index,https://derivativecalculatorai.com/limit-of-sqrtsinx--sqrtsinx-as-x-to-pi,Yes,Excluded,,,Yes,Partial,0,0,Unknown,,Not reviewed
https://derivativecalculatorai.com/limit-of-5x3-2sqrtx-over-x3-as-x-to--1,limit-of-5x3-2sqrtx-over-x3-as-x-to--1,problems.json,limit,problem,200,Yes,index,https://derivativecalculatorai.com/limit-of-5x3-2sqrtx-over-x3-as-x-to--1,Yes,Excluded,,,Yes,Partial,0,0,Unknown,,Not reviewed
https://derivativecalculatorai.com/limit-of-21-over-x-over-41-over-x2-as-x-to-2,limit-of-21-over-x-over-41-over-x2-as-x-to-2,problems.json,limit,problem,200,Yes,index,https://derivativecalculatorai.com/limit-of-21-over-x-over-41-over-x2-as-x-to-2,Yes,Excluded,,,Yes,Partial,0,0,Unknown,,Not reviewed
https://derivativecalculatorai.com/limit-of-2tanx2--absx2-as-x-to--inf,limit-of-2tanx2--absx2-as-x-to--inf,problems.json,limit,problem,200,Yes,index,https://derivativecalculatorai.com/limit-of-2tanx2--absx2-as-x-to--inf,Yes,Excluded,,,Yes,Partial,0,0,Unknown,,Not reviewed
https://derivativecalculatorai.com/limit-of-3x2--cosx2-as-x-to--inf,limit-of-3x2--cosx2-as-x-to--inf,problems.json,limit,problem,200,No,noindex,https://derivativecalculatorai.com/limit-of-3x2--cosx2-as-x-to--inf,Yes,Excluded,,,Yes,Partial,0,0,Unknown,,Not reviewed
https://derivativecalculatorai.com/limit-of-sqrt4sqrtx--sqrt51-over-x2-as-x-to--inf,limit-of-sqrt4sqrtx--sqrt51-over-x2-as-x-to--inf,problems.json,limit,problem,200,Yes,index,https://derivativecalculatorai.com/limit-of-sqrt4sqrtx--sqrt51-over-x2-as-x-to--inf,Yes,Excluded,,,Yes,Partial,0,0,Unknown,,Not reviewed
https://derivativecalculatorai.com/limit-of-5sqrtx-1-over-x-over-1-over-x-as-x-to--1,limit-of-5sqrtx-1-over-x-over-1-over-x-as-x-to--1,problems.json,limit,problem,200,Yes,index,https://derivativecalculatorai.com/limit-of-5sqrtx-1-over-x-over-1-over-x-as-x-to--1,Yes,Excluded,,,Yes,Partial,0,0,Unknown,,Not reviewed
https://derivativecalculatorai.com/limit-of-21-over-x2-over-4x2-as-x-to-2,limit-of-21-over-x2-over-4x2-as-x-to-2,problems.json,limit,problem,200,Yes,index,https://derivativecalculatorai.com/limit-of-21-over-x2-over-4x2-as-x-to-2,Yes,Excluded,,,Yes,Partial,0,0,Unknown,,Not reviewed
https://derivativecalculatorai.com/limit-of-sinx2--4x2-as-x-to--inf,limit-of-sinx2--4x2-as-x-to--inf,problems.json,limit,problem,200,Yes,index,https://derivativecalculatorai.com/limit-of-sinx2--4x2-as-x-to--inf,Yes,Excluded,,,Yes,Partial,0,0,Unknown,,Not reviewed
https://derivativecalculatorai.com/limit-of-1-over-3ex--1-over-5sinx-as-x-to-inf,limit-of-1-over-3ex--1-over-5sinx-as-x-to-inf,problems.json,limit,problem,200,Yes,index,https://derivativecalculatorai.com/limit-of-1-over-3ex--1-over-5sinx-as-x-to-inf,Yes,Excluded,,,Yes,Partial,0,0,Unknown,,Not reviewed
https://derivativecalculatorai.com/limit-of-sqrtx3--sqrttanx-as-x-to--2,limit-of-sqrtx3--sqrttanx-as-x-to--2,problems.json,limit,problem,200,Yes,index,https://derivativecalculatorai.com/limit-of-sqrtx3--sqrttanx-as-x-to--2,Yes,Excluded,,,Yes,Partial,0,0,Unknown,,Not reviewed
https://derivativecalculatorai.com/limit-of-4ex-over-2absx-as-x-to-pi,limit-of-4ex-over-2absx-as-x-to-pi,problems.json,limit,problem,200,Yes,index,https://derivativecalculatorai.com/limit-of-4ex-over-2absx-as-x-to-pi,Yes,Excluded,,,Yes,Partial,0,0,Unknown,,Not reviewed
https://derivativecalculatorai.com/limit-of-x2--1-over-x2-as-x-to-inf,limit-of-x2--1-over-x2-as-x-to-inf,problems.json,limit,problem,200,No,noindex,https://derivativecalculatorai.com/limit-of-x2--1-over-x2-as-x-to-inf,Yes,Excluded,,,Yes,Partial,0,0,Unknown,,Not reviewed
https://derivativecalculatorai.com/limit-of-2tanx-over-3sinx-as-x-to--1,limit-of-2tanx-over-3sinx-as-x-to--1,problems.json,limit,problem,200,Yes,index,https://derivativecalculatorai.com/limit-of-2tanx-over-3sinx-as-x-to--1,Yes,Excluded,,,Yes,Partial,0,0,Unknown,,Not reviewed
https://derivativecalculatorai.com/limit-of-1-over-2x2--1-over-tanx-as-x-to-1,limit-of-1-over-2x2--1-over-tanx-as-x-to-1,problems.json,limit,problem,200,Yes,index,https://derivativecalculatorai.com/limit-of-1-over-2x2--1-over-tanx-as-x-to-1,Yes,Excluded,,,Yes,Partial,0,0,Unknown,,Not reviewed
https://derivativecalculatorai.com/limit-of-1-over-cosx--1-over-tanx-as-x-to--2,limit-of-1-over-cosx--1-over-tanx-as-x-to--2,problems.json,limit,problem,200,Yes,index,https://derivativecalculatorai.com/limit-of-1-over-cosx--1-over-tanx-as-x-to--2,Yes,Excluded,,,Yes,Partial,0,0,Unknown,,Not reviewed
https://derivativecalculatorai.com/limit-of-3absx2--41-over-x22-as-x-to--2,limit-of-3absx2--41-over-x22-as-x-to--2,problems.json,limit,problem,200,Yes,index,https://derivativecalculatorai.com/limit-of-3absx2--41-over-x22-as-x-to--2,Yes,Excluded,,,Yes,Partial,0,0,Unknown,,Not reviewed
https://derivativecalculatorai.com/limit-of-x2--x2-over-lnx--absx-as-x-to-2,limit-of-x2--x2-over-lnx--absx-as-x-to-2,problems.json,limit,problem,200,Yes,index,https://derivativecalculatorai.com/limit-of-x2--x2-over-lnx--absx-as-x-to-2,Yes,Excluded,,,Yes,Partial,0,0,Unknown,,Not reviewed
https://derivativecalculatorai.com/limit-of-ex-over-3absx-as-x-to--1,limit-of-ex-over-3absx-as-x-to--1,problems.json,limit,problem,200,Yes,index,https://derivativecalculatorai.com/limit-of-ex-over-3absx-as-x-to--1,Yes,Excluded,,,Yes,Partial,0,0,Unknown,,Not reviewed
https://derivativecalculatorai.com/limit-of-sqrt3x3--sqrt5x2-as-x-to-inf,limit-of-sqrt3x3--sqrt5x2-as-x-to-inf,problems.json,limit,problem,200,Yes,index,https://derivativecalculatorai.com/limit-of-sqrt3x3--sqrt5x2-as-x-to-inf,Yes,Excluded,,,Yes,Partial,0,0,Unknown,,Not reviewed
https://derivativecalculatorai.com/limit-of-2x22--3x22-as-x-to-2,limit-of-2x22--3x22-as-x-to-2,problems.json,limit,problem,200,Yes,index,https://derivativecalculatorai.com/limit-of-2x22--3x22-as-x-to-2,Yes,Excluded,,,Yes,Partial,0,0,Unknown,,Not reviewed
https://derivativecalculatorai.com/limit-of-4x3--x-over-x2--1-over-x-as-x-to-0,limit-of-4x3--x-over-x2--1-over-x-as-x-to-0,problems.json,limit,problem,200,Yes,index,https://derivativecalculatorai.com/limit-of-4x3--x-over-x2--1-over-x-as-x-to-0,Yes,Excluded,,,Yes,Partial,0,0,Unknown,,Not reviewed
https://derivativecalculatorai.com/limit-of-sinx2--1-over-x22-as-x-to--1,limit-of-sinx2--1-over-x22-as-x-to--1,problems.json,limit,problem,200,No,noindex,https://derivativecalculatorai.com/limit-of-sinx2--1-over-x22-as-x-to--1,Yes,Excluded,,,Yes,Partial,0,0,Unknown,,Not reviewed
https://derivativecalculatorai.com/limit-of-3lnx-over-3sqrtx-as-x-to--1,limit-of-3lnx-over-3sqrtx-as-x-to--1,problems.json,limit,problem,200,Yes,index,https://derivativecalculatorai.com/limit-of-3lnx-over-3sqrtx-as-x-to--1,Yes,Excluded,,,Yes,Partial,0,0,Unknown,,Not reviewed
https://derivativecalculatorai.com/limit-of-sqrtcosx--sqrt1-over-x2-as-x-to-pi,limit-of-sqrtcosx--sqrt1-over-x2-as-x-to-pi,problems.json,limit,problem,200,Yes,index,https://derivativecalculatorai.com/limit-of-sqrtcosx--sqrt1-over-x2-as-x-to-pi,Yes,Excluded,,,Yes,Partial,0,0,Unknown,,Not reviewed
https://derivativecalculatorai.com/limit-of-ex--x-over-x2--lnx-as-x-to-0,limit-of-ex--x-over-x2--lnx-as-x-to-0,problems.json,limit,problem,200,Yes,index,https://derivativecalculatorai.com/limit-of-ex--x-over-x2--lnx-as-x-to-0,Yes,Excluded,,,Yes,Partial,0,0,Unknown,,Not reviewed
https://derivativecalculatorai.com/limit-of-51-over-x2--x3-over-1-over-x--sqrtx-as-x-to-2,limit-of-51-over-x2--x3-over-1-over-x--sqrtx-as-x-to-2,problems.json,limit,problem,200,No,noindex,https://derivativecalculatorai.com/limit-of-51-over-x2--x3-over-1-over-x--sqrtx-as-x-to-2,Yes,Excluded,,,Yes,Partial,0,0,Unknown,,Not reviewed
https://derivativecalculatorai.com/limit-of-sqrtx--absx-over-1-over-x2--x-as-x-to--1,limit-of-sqrtx--absx-over-1-over-x2--x-as-x-to--1,problems.json,limit,problem,200,Yes,index,https://derivativecalculatorai.com/limit-of-sqrtx--absx-over-1-over-x2--x-as-x-to--1,Yes,Excluded,,,Yes,Partial,0,0,Unknown,,Not reviewed
https://derivativecalculatorai.com/limit-of-sqrtx--1-over-x2-over-sqrtx--lnx-as-x-to-0,limit-of-sqrtx--1-over-x2-over-sqrtx--lnx-as-x-to-0,problems.json,limit,problem,200,No,noindex,https://derivativecalculatorai.com/limit-of-sqrtx--1-over-x2-over-sqrtx--lnx-as-x-to-0,Yes,Excluded,,,Yes,Partial,0,0,Unknown,,Not reviewed
https://derivativecalculatorai.com/limit-of-tanx-5x2-over-lnx-as-x-to-2,limit-of-tanx-5x2-over-lnx-as-x-to-2,problems.json,limit,problem,200,Yes,index,https://derivativecalculatorai.com/limit-of-tanx-5x2-over-lnx-as-x-to-2,Yes,Excluded,,,Yes,Partial,0,0,Unknown,,Not reviewed
https://derivativecalculatorai.com/limit-of-lnx2--4x32-as-x-to-inf,limit-of-lnx2--4x32-as-x-to-inf,problems.json,limit,problem,200,Yes,index,https://derivativecalculatorai.com/limit-of-lnx2--4x32-as-x-to-inf,Yes,Excluded,,,Yes,Partial,0,0,Unknown,,Not reviewed
https://derivativecalculatorai.com/limit-of-sqrtx-over-1-over-x-as-x-to--2,limit-of-sqrtx-over-1-over-x-as-x-to--2,problems.json,limit,problem,200,Yes,index,https://derivativecalculatorai.com/limit-of-sqrtx-over-1-over-x-as-x-to--2,Yes,Excluded,,,Yes,Partial,0,0,Unknown,,Not reviewed
https://derivativecalculatorai.com/limit-of-4x3--x2-over-1-over-x2--ex-as-x-to-inf,limit-of-4x3--x2-over-1-over-x2--ex-as-x-to-inf,problems.json,limit,problem,200,Yes,index,https://derivativecalculatorai.com/limit-of-4x3--x2-over-1-over-x2--ex-as-x-to-inf,Yes,Excluded,,,Yes,Partial,0,0,Unknown,,Not reviewed
https://derivativecalculatorai.com/limit-of-5x3-over-sqrtx-as-x-to-1,limit-of-5x3-over-sqrtx-as-x-to-1,problems.json,limit,problem,200,Yes,index,https://derivativecalculatorai.com/limit-of-5x3-over-sqrtx-as-x-to-1,Yes,Excluded,,,Yes,Partial,0,0,Unknown,,Not reviewed
https://derivativecalculatorai.com/limit-of-1-over-sqrtx--1-over-4ex-as-x-to--1,limit-of-1-over-sqrtx--1-over-4ex-as-x-to--1,problems.json,limit,problem,200,Yes,index,https://derivativecalculatorai.com/limit-of-1-over-sqrtx--1-over-4ex-as-x-to--1,Yes,Excluded,,,Yes,Partial,0,0,Unknown,,Not reviewed
https://derivativecalculatorai.com/limit-of-5ex-over-31-over-x2-as-x-to-2,limit-of-5ex-over-31-over-x2-as-x-to-2,problems.json,limit,problem,200,Yes,index,https://derivativecalculatorai.com/limit-of-5ex-over-31-over-x2-as-x-to-2,Yes,Excluded,,,Yes,Partial,0,0,Unknown,,Not reviewed
https://derivativecalculatorai.com/limit-of-lnx-3lnx-over-absx-as-x-to-pi-2,limit-of-lnx-3lnx-over-absx-as-x-to-pi-2,problems.json,limit,problem,200,Yes,index,https://derivativecalculatorai.com/limit-of-lnx-3lnx-over-absx-as-x-to-pi-2,Yes,Excluded,,,Yes,Partial,0,0,Unknown,,Not reviewed
https://derivativecalculatorai.com/limit-of-sqrt2x2--sqrtx-as-x-to--2,limit-of-sqrt2x2--sqrtx-as-x-to--2,problems.json,limit,problem,200,Yes,index,https://derivativecalculatorai.com/limit-of-sqrt2x2--sqrtx-as-x-to--2,Yes,Excluded,,,Yes,Partial,0,0,Unknown,,Not reviewed
https://derivativecalculatorai.com/limit-of-21-over-x2--1-over-x2-over-tanx--1-over-x2-as-x-to-inf,limit-of-21-over-x2--1-over-x2-over-tanx--1-over-x2-as-x-to-inf,problems.json,limit,problem,200,No,noindex,https://derivativecalculatorai.com/limit-of-21-over-x2--1-over-x2-over-tanx--1-over-x2-as-x-to-inf,Yes,Excluded,,,Yes,Partial,0,0,Unknown,,Not reviewed
https://derivativecalculatorai.com/limit-of-1-over-x--1-over-1-over-x2-as-x-to-inf,limit-of-1-over-x--1-over-1-over-x2-as-x-to-inf,problems.json,limit,problem,200,Yes,index,https://derivativecalculatorai.com/limit-of-1-over-x--1-over-1-over-x2-as-x-to-inf,Yes,Excluded,,,Yes,Partial,0,0,Unknown,,Not reviewed
https://derivativecalculatorai.com/limit-of-sqrt5tanx--sqrt4cosx-as-x-to--inf,limit-of-sqrt5tanx--sqrt4cosx-as-x-to--inf,problems.json,limit,problem,200,Yes,index,https://derivativecalculatorai.com/limit-of-sqrt5tanx--sqrt4cosx-as-x-to--inf,Yes,Excluded,,,Yes,Partial,0,0,Unknown,,Not reviewed
https://derivativecalculatorai.com/limit-of-cosx-over-4sinx-as-x-to-pi,limit-of-cosx-over-4sinx-as-x-to-pi,problems.json,limit,problem,200,Yes,index,https://derivativecalculatorai.com/limit-of-cosx-over-4sinx-as-x-to-pi,Yes,Excluded,,,Yes,Partial,0,0,Unknown,,Not reviewed
https://derivativecalculatorai.com/limit-of-2x2--51-over-x2-as-x-to-pi,limit-of-2x2--51-over-x2-as-x-to-pi,problems.json,limit,problem,200,Yes,index,https://derivativecalculatorai.com/limit-of-2x2--51-over-x2-as-x-to-pi,Yes,Excluded,,,Yes,Partial,0,0,Unknown,,Not reviewed
https://derivativecalculatorai.com/limit-of-cosx--4sinx-over-1-over-x--absx-as-x-to--2,limit-of-cosx--4sinx-over-1-over-x--absx-as-x-to--2,problems.json,limit,problem,200,No,noindex,https://derivativecalculatorai.com/limit-of-cosx--4sinx-over-1-over-x--absx-as-x-to--2,Yes,Excluded,,,Yes,Partial,0,0,Unknown,,Not reviewed
https://derivativecalculatorai.com/limit-of-1-over-absx--1-over-21-over-x-as-x-to-2,limit-of-1-over-absx--1-over-21-over-x-as-x-to-2,problems.json,limit,problem,200,Yes,index,https://derivativecalculatorai.com/limit-of-1-over-absx--1-over-21-over-x-as-x-to-2,Yes,Excluded,,,Yes,Partial,0,0,Unknown,,Not reviewed
https://derivativecalculatorai.com/limit-of-5ex2--1-over-x22-as-x-to-pi,limit-of-5ex2--1-over-x22-as-x-to-pi,problems.json,limit,problem,200,Yes,index,https://derivativecalculatorai.com/limit-of-5ex2--1-over-x22-as-x-to-pi,Yes,Excluded,,,Yes,Partial,0,0,Unknown,,Not reviewed
https://derivativecalculatorai.com/limit-of-tanx-4cosx-over-ex-as-x-to-pi,limit-of-tanx-4cosx-over-ex-as-x-to-pi,problems.json,limit,problem,200,Yes,index,https://derivativecalculatorai.com/limit-of-tanx-4cosx-over-ex-as-x-to-pi,Yes,Excluded,,,Yes,Partial,0,0,Unknown,,Not reviewed
https://derivativecalculatorai.com/limit-of-sqrtx2--x32-as-x-to--1,limit-of-sqrtx2--x32-as-x-to--1,problems.json,limit,problem,200,Yes,index,https://derivativecalculatorai.com/limit-of-sqrtx2--x32-as-x-to--1,Yes,Excluded,,,Yes,Partial,0,0,Unknown,,Not reviewed
https://derivativecalculatorai.com/limit-of-x--x3-over-cosx--tanx-as-x-to-2,limit-of-x--x3-over-cosx--tanx-as-x-to-2,problems.json,limit,problem,200,Yes,index,https://derivativecalculatorai.com/limit-of-x--x3-over-cosx--tanx-as-x-to-2,Yes,Excluded,,,Yes,Partial,0,0,Unknown,,Not reviewed
https://derivativecalculatorai.com/limit-of-4sqrtx-x2-over-1-over-x-as-x-to-2,limit-of-4sqrtx-x2-over-1-over-x-as-x-to-2,problems.json,limit,problem,200,Yes,index,https://derivativecalculatorai.com/limit-of-4sqrtx-x2-over-1-over-x-as-x-to-2,Yes,Excluded,,,Yes,Partial,0,0,Unknown,,Not reviewed
https://derivativecalculatorai.com/limit-of-sqrt31-over-x--sqrt41-over-x-as-x-to-1,limit-of-sqrt31-over-x--sqrt41-over-x-as-x-to-1,problems.json,limit,problem,200,Yes,index,https://derivativecalculatorai.com/limit-of-sqrt31-over-x--sqrt41-over-x-as-x-to-1,Yes,Excluded,,,Yes,Partial,0,0,Unknown,,Not reviewed
https://derivativecalculatorai.com/limit-of-5sqrtx-cosx-over-1-over-x2-as-x-to-pi-2,limit-of-5sqrtx-cosx-over-1-over-x2-as-x-to-pi-2,problems.json,limit,problem,200,Yes,index,https://derivativecalculatorai.com/limit-of-5sqrtx-cosx-over-1-over-x2-as-x-to-pi-2,Yes,Excluded,,,Yes,Partial,0,0,Unknown,,Not reviewed
https://derivativecalculatorai.com/limit-of-1-over-x22--2ex2-as-x-to--inf,limit-of-1-over-x22--2ex2-as-x-to--inf,problems.json,limit,problem,200,Yes,index,https://derivativecalculatorai.com/limit-of-1-over-x22--2ex2-as-x-to--inf,Yes,Excluded,,,Yes,Partial,0,0,Unknown,,Not reviewed
https://derivativecalculatorai.com/limit-of-3lnx-over-tanx-as-x-to-pi,limit-of-3lnx-over-tanx-as-x-to-pi,problems.json,limit,problem,200,Yes,index,https://derivativecalculatorai.com/limit-of-3lnx-over-tanx-as-x-to-pi,Yes,Excluded,,,Yes,Partial,0,0,Unknown,,Not reviewed
https://derivativecalculatorai.com/limit-of-sqrtx2--4sinx2-as-x-to-pi-2,limit-of-sqrtx2--4sinx2-as-x-to-pi-2,problems.json,limit,problem,200,Yes,index,https://derivativecalculatorai.com/limit-of-sqrtx2--4sinx2-as-x-to-pi-2,Yes,Excluded,,,Yes,Partial,0,0,Unknown,,Not reviewed
https://derivativecalculatorai.com/limit-of-ex-over-5ex-as-x-to-pi-2,limit-of-ex-over-5ex-as-x-to-pi-2,problems.json,limit,problem,200,Yes,index,https://derivativecalculatorai.com/limit-of-ex-over-5ex-as-x-to-pi-2,Yes,Excluded,,,Yes,Partial,0,0,Unknown,,Not reviewed
https://derivativecalculatorai.com/limit-of-4tanx2--cosx2-as-x-to--2,limit-of-4tanx2--cosx2-as-x-to--2,problems.json,limit,problem,200,Yes,index,https://derivativecalculatorai.com/limit-of-4tanx2--cosx2-as-x-to--2,Yes,Excluded,,,Yes,Partial,0,0,Unknown,,Not reviewed
https://derivativecalculatorai.com/limit-of-absx2--3tanx2-as-x-to--1,limit-of-absx2--3tanx2-as-x-to--1,problems.json,limit,problem,200,Yes,index,https://derivativecalculatorai.com/limit-of-absx2--3tanx2-as-x-to--1,Yes,Excluded,,,Yes,Partial,0,0,Unknown,,Not reviewed
https://derivativecalculatorai.com/limit-of-sqrt5x3--sqrtlnx-as-x-to-pi,limit-of-sqrt5x3--sqrtlnx-as-x-to-pi,problems.json,limit,problem,200,Yes,index,https://derivativecalculatorai.com/limit-of-sqrt5x3--sqrtlnx-as-x-to-pi,Yes,Excluded,,,Yes,Partial,0,0,Unknown,,Not reviewed
https://derivativecalculatorai.com/limit-of-1-over-x2-over-2tanx-as-x-to-pi,limit-of-1-over-x2-over-2tanx-as-x-to-pi,problems.json,limit,problem,200,Yes,index,https://derivativecalculatorai.com/limit-of-1-over-x2-over-2tanx-as-x-to-pi,Yes,Excluded,,,Yes,Partial,0,0,Unknown,,Not reviewed
https://derivativecalculatorai.com/limit-of-sqrtx--4ex-over-sinx--1-over-x-as-x-to-2,limit-of-sqrtx--4ex-over-sinx--1-over-x-as-x-to-2,problems.json,limit,problem,200,Yes,index,https://derivativecalculatorai.com/limit-of-sqrtx--4ex-over-sinx--1-over-x-as-x-to-2,Yes,Excluded,,,Yes,Partial,0,0,Unknown,,Not reviewed
https://derivativecalculatorai.com/limit-of-4cosx2--2x22-as-x-to-pi-2,limit-of-4cosx2--2x22-as-x-to-pi-2,problems.json,limit,problem,200,Yes,index,https://derivativecalculatorai.com/limit-of-4cosx2--2x22-as-x-to-pi-2,Yes,Excluded,,,Yes,Partial,0,0,Unknown,,Not reviewed
https://derivativecalculatorai.com/limit-of-sqrt2tanx--sqrt1-over-x2-as-x-to-pi,limit-of-sqrt2tanx--sqrt1-over-x2-as-x-to-pi,problems.json,limit,problem,200,Yes,index,https://derivativecalculatorai.com/limit-of-sqrt2tanx--sqrt1-over-x2-as-x-to-pi,Yes,Excluded,,,Yes,Partial,0,0,Unknown,,Not reviewed
https://derivativecalculatorai.com/limit-of-sqrtx--sqrtx3-as-x-to-1,limit-of-sqrtx--sqrtx3-as-x-to-1,problems.json,limit,problem,200,No,noindex,https://derivativecalculatorai.com/limit-of-sqrtx--sqrtx3-as-x-to-1,Yes,Excluded,,,Yes,Partial,0,0,Unknown,,Not reviewed
https://derivativecalculatorai.com/limit-of-3lnx2--x32-as-x-to-pi-2,limit-of-3lnx2--x32-as-x-to-pi-2,problems.json,limit,problem,200,Yes,index,https://derivativecalculatorai.com/limit-of-3lnx2--x32-as-x-to-pi-2,Yes,Excluded,,,Yes,Partial,0,0,Unknown,,Not reviewed
https://derivativecalculatorai.com/limit-of-4absx-x-over-tanx-as-x-to--inf,limit-of-4absx-x-over-tanx-as-x-to--inf,problems.json,limit,problem,200,Yes,index,https://derivativecalculatorai.com/limit-of-4absx-x-over-tanx-as-x-to--inf,Yes,Excluded,,,Yes,Partial,0,0,Unknown,,Not reviewed
https://derivativecalculatorai.com/limit-of-41-over-x2--2x2-over-x--ex-as-x-to--inf,limit-of-41-over-x2--2x2-over-x--ex-as-x-to--inf,problems.json,limit,problem,200,Yes,index,https://derivativecalculatorai.com/limit-of-41-over-x2--2x2-over-x--ex-as-x-to--inf,Yes,Excluded,,,Yes,Partial,0,0,Unknown,,Not reviewed
https://derivativecalculatorai.com/limit-of-1-over-lnx--1-over-absx-as-x-to--inf,limit-of-1-over-lnx--1-over-absx-as-x-to--inf,problems.json,limit,problem,200,Yes,index,https://derivativecalculatorai.com/limit-of-1-over-lnx--1-over-absx-as-x-to--inf,Yes,Excluded,,,Yes,Partial,0,0,Unknown,,Not reviewed
https://derivativecalculatorai.com/limit-of-lnx--5sinx-over-sqrtx--x-as-x-to-pi,limit-of-lnx--5sinx-over-sqrtx--x-as-x-to-pi,problems.json,limit,problem,200,Yes,index,https://derivativecalculatorai.com/limit-of-lnx--5sinx-over-sqrtx--x-as-x-to-pi,Yes,Excluded,,,Yes,Partial,0,0,Unknown,,Not reviewed
https://derivativecalculatorai.com/limit-of-sqrt21-over-x2--sqrttanx-as-x-to--1,limit-of-sqrt21-over-x2--sqrttanx-as-x-to--1,problems.json,limit,problem,200,Yes,index,https://derivativecalculatorai.com/limit-of-sqrt21-over-x2--sqrttanx-as-x-to--1,Yes,Excluded,,,Yes,Partial,0,0,Unknown,,Not reviewed
https://derivativecalculatorai.com/limit-of-tanx2--x32-as-x-to--1,limit-of-tanx2--x32-as-x-to--1,problems.json,limit,problem,200,Yes,index,https://derivativecalculatorai.com/limit-of-tanx2--x32-as-x-to--1,Yes,Excluded,,,Yes,Partial,0,0,Unknown,,Not reviewed
https://derivativecalculatorai.com/limit-of-2sqrtx-4ex-over-sqrtx-as-x-to-pi,limit-of-2sqrtx-4ex-over-sqrtx-as-x-to-pi,problems.json,limit,problem,200,Yes,index,https://derivativecalculatorai.com/limit-of-2sqrtx-4ex-over-sqrtx-as-x-to-pi,Yes,Excluded,,,Yes,Partial,0,0,Unknown,,Not reviewed
https://derivativecalculatorai.com/limit-of-1-over-sinx--1-over-tanx-as-x-to-inf,limit-of-1-over-sinx--1-over-tanx-as-x-to-inf,problems.json,limit,problem,200,Yes,index,https://derivativecalculatorai.com/limit-of-1-over-sinx--1-over-tanx-as-x-to-inf,Yes,Excluded,,,Yes,Partial,0,0,Unknown,,Not reviewed
https://derivativecalculatorai.com/limit-of-cosx--x3-over-sqrtx--tanx-as-x-to-inf,limit-of-cosx--x3-over-sqrtx--tanx-as-x-to-inf,problems.json,limit,problem,200,Yes,index,https://derivativecalculatorai.com/limit-of-cosx--x3-over-sqrtx--tanx-as-x-to-inf,Yes,Excluded,,,Yes,Partial,0,0,Unknown,,Not reviewed
https://derivativecalculatorai.com/limit-of-2sqrtx-over-sinx-as-x-to-1,limit-of-2sqrtx-over-sinx-as-x-to-1,problems.json,limit,problem,200,Yes,index,https://derivativecalculatorai.com/limit-of-2sqrtx-over-sinx-as-x-to-1,Yes,Excluded,,,Yes,Partial,0,0,Unknown,,Not reviewed
https://derivativecalculatorai.com/limit-of-3sqrtx-sinx-over-ex-as-x-to-pi,limit-of-3sqrtx-sinx-over-ex-as-x-to-pi,problems.json,limit,problem,200,No,noindex,https://derivativecalculatorai.com/limit-of-3sqrtx-sinx-over-ex-as-x-to-pi,Yes,Excluded,,,Yes,Partial,0,0,Unknown,,Not reviewed
https://derivativecalculatorai.com/limit-of-3absx2--3tanx2-as-x-to--1,limit-of-3absx2--3tanx2-as-x-to--1,problems.json,limit,problem,200,Yes,index,https://derivativecalculatorai.com/limit-of-3absx2--3tanx2-as-x-to--1,Yes,Excluded,,,Yes,Partial,0,0,Unknown,,Not reviewed
https://derivativecalculatorai.com/limit-of-1-over-x3--1-over-3tanx-as-x-to-1,limit-of-1-over-x3--1-over-3tanx-as-x-to-1,problems.json,limit,problem,200,Yes,index,https://derivativecalculatorai.com/limit-of-1-over-x3--1-over-3tanx-as-x-to-1,Yes,Excluded,,,Yes,Partial,0,0,Unknown,,Not reviewed
https://derivativecalculatorai.com/limit-of-lnx2--21-over-x2-as-x-to--inf,limit-of-lnx2--21-over-x2-as-x-to--inf,problems.json,limit,problem,200,Yes,index,https://derivativecalculatorai.com/limit-of-lnx2--21-over-x2-as-x-to--inf,Yes,Excluded,,,Yes,Partial,0,0,Unknown,,Not reviewed
https://derivativecalculatorai.com/limit-of-1-over-absx--1-over-2tanx-as-x-to-2,limit-of-1-over-absx--1-over-2tanx-as-x-to-2,problems.json,limit,problem,200,Yes,index,https://derivativecalculatorai.com/limit-of-1-over-absx--1-over-2tanx-as-x-to-2,Yes,Excluded,,,Yes,Partial,0,0,Unknown,,Not reviewed
https://derivativecalculatorai.com/limit-of-1-over-x-over-3tanx-as-x-to--1,limit-of-1-over-x-over-3tanx-as-x-to--1,problems.json,limit,problem,200,Yes,index,https://derivativecalculatorai.com/limit-of-1-over-x-over-3tanx-as-x-to--1,Yes,Excluded,,,Yes,Partial,0,0,Unknown,,Not reviewed
https://derivativecalculatorai.com/limit-of-cosx2--1-over-x22-as-x-to-0,limit-of-cosx2--1-over-x22-as-x-to-0,problems.json,limit,problem,200,Yes,index,https://derivativecalculatorai.com/limit-of-cosx2--1-over-x22-as-x-to-0,Yes,Excluded,,,Yes,Partial,0,0,Unknown,,Not reviewed
https://derivativecalculatorai.com/limit-of-41-over-x22--31-over-x22-as-x-to-1,limit-of-41-over-x22--31-over-x22-as-x-to-1,problems.json,limit,problem,200,Yes,index,https://derivativecalculatorai.com/limit-of-41-over-x22--31-over-x22-as-x-to-1,Yes,Excluded,,,Yes,Partial,0,0,Unknown,,Not reviewed
https://derivativecalculatorai.com/limit-of-1-over-3x--1-over-tanx-as-x-to--inf,limit-of-1-over-3x--1-over-tanx-as-x-to--inf,problems.json,limit,problem,200,Yes,index,https://derivativecalculatorai.com/limit-of-1-over-3x--1-over-tanx-as-x-to--inf,Yes,Excluded,,,Yes,Partial,0,0,Unknown,,Not reviewed
https://derivativecalculatorai.com/limit-of-sinx-over-x2-as-x-to-pi-2,limit-of-sinx-over-x2-as-x-to-pi-2,problems.json,limit,problem,200,Yes,index,https://derivativecalculatorai.com/limit-of-sinx-over-x2-as-x-to-pi-2,Yes,Excluded,,,Yes,Partial,0,0,Unknown,,Not reviewed
https://derivativecalculatorai.com/limit-of-x3-2lnx-over-lnx-as-x-to-1,limit-of-x3-2lnx-over-lnx-as-x-to-1,problems.json,limit,problem,200,Yes,index,https://derivativecalculatorai.com/limit-of-x3-2lnx-over-lnx-as-x-to-1,Yes,Excluded,,,Yes,Partial,0,0,Unknown,,Not reviewed
https://derivativecalculatorai.com/limit-of-lnx2--1-over-x2-as-x-to--1,limit-of-lnx2--1-over-x2-as-x-to--1,problems.json,limit,problem,200,Yes,index,https://derivativecalculatorai.com/limit-of-lnx2--1-over-x2-as-x-to--1,Yes,Excluded,,,Yes,Partial,0,0,Unknown,,Not reviewed
https://derivativecalculatorai.com/limit-of-tanx-over-41-over-x-as-x-to-pi-2,limit-of-tanx-over-41-over-x-as-x-to-pi-2,problems.json,limit,problem,200,Yes,index,https://derivativecalculatorai.com/limit-of-tanx-over-41-over-x-as-x-to-pi-2,Yes,Excluded,,,Yes,Partial,0,0,Unknown,,Not reviewed
https://derivativecalculatorai.com/limit-of-lnx2--5x22-as-x-to-1,limit-of-lnx2--5x22-as-x-to-1,problems.json,limit,problem,200,Yes,index,https://derivativecalculatorai.com/limit-of-lnx2--5x22-as-x-to-1,Yes,Excluded,,,Yes,Partial,0,0,Unknown,,Not reviewed
https://derivativecalculatorai.com/limit-of-1-over-x-21-over-x2-over-lnx-as-x-to--inf,limit-of-1-over-x-21-over-x2-over-lnx-as-x-to--inf,problems.json,limit,problem,200,Yes,index,https://derivativecalculatorai.com/limit-of-1-over-x-21-over-x2-over-lnx-as-x-to--inf,Yes,Excluded,,,Yes,Partial,0,0,Unknown,,Not reviewed
https://derivativecalculatorai.com/limit-of-3cosx-5ex-over-lnx-as-x-to-0,limit-of-3cosx-5ex-over-lnx-as-x-to-0,problems.json,limit,problem,200,Yes,index,https://derivativecalculatorai.com/limit-of-3cosx-5ex-over-lnx-as-x-to-0,Yes,Excluded,,,Yes,Partial,0,0,Unknown,,Not reviewed
https://derivativecalculatorai.com/limit-of-sqrtx-2lnx-over-x3-as-x-to-pi-2,limit-of-sqrtx-2lnx-over-x3-as-x-to-pi-2,problems.json,limit,problem,200,Yes,index,https://derivativecalculatorai.com/limit-of-sqrtx-2lnx-over-x3-as-x-to-pi-2,Yes,Excluded,,,Yes,Partial,0,0,Unknown,,Not reviewed
https://derivativecalculatorai.com/limit-of-1-over-2lnx--1-over-sqrtx-as-x-to-2,limit-of-1-over-2lnx--1-over-sqrtx-as-x-to-2,problems.json,limit,problem,200,Yes,index,https://derivativecalculatorai.com/limit-of-1-over-2lnx--1-over-sqrtx-as-x-to-2,Yes,Excluded,,,Yes,Partial,0,0,Unknown,,Not reviewed
https://derivativecalculatorai.com/limit-of-sinx-over-1-over-x-as-x-to-2,limit-of-sinx-over-1-over-x-as-x-to-2,problems.json,limit,problem,200,No,noindex,https://derivativecalculatorai.com/limit-of-sinx-over-1-over-x-as-x-to-2,Yes,Excluded,,,Yes,Partial,0,0,Unknown,,Not reviewed
https://derivativecalculatorai.com/limit-of-3ex-over-sqrtx-as-x-to-pi-2,limit-of-3ex-over-sqrtx-as-x-to-pi-2,problems.json,limit,problem,200,Yes,index,https://derivativecalculatorai.com/limit-of-3ex-over-sqrtx-as-x-to-pi-2,Yes,Excluded,,,Yes,Partial,0,0,Unknown,,Not reviewed
https://derivativecalculatorai.com/limit-of-x2--sqrtx-over-x3--x3-as-x-to-1,limit-of-x2--sqrtx-over-x3--x3-as-x-to-1,problems.json,limit,problem,200,Yes,index,https://derivativecalculatorai.com/limit-of-x2--sqrtx-over-x3--x3-as-x-to-1,Yes,Excluded,,,Yes,Partial,0,0,Unknown,,Not reviewed
https://derivativecalculatorai.com/limit-of-2ex--2x2-over-sinx--lnx-as-x-to--2,limit-of-2ex--2x2-over-sinx--lnx-as-x-to--2,problems.json,limit,problem,200,Yes,index,https://derivativecalculatorai.com/limit-of-2ex--2x2-over-sinx--lnx-as-x-to--2,Yes,Excluded,,,Yes,Partial,0,0,Unknown,,Not reviewed
https://derivativecalculatorai.com/limit-of-2sqrtx-1-over-x-over-absx-as-x-to-pi-2,limit-of-2sqrtx-1-over-x-over-absx-as-x-to-pi-2,problems.json,limit,problem,200,Yes,index,https://derivativecalculatorai.com/limit-of-2sqrtx-1-over-x-over-absx-as-x-to-pi-2,Yes,Excluded,,,Yes,Partial,0,0,Unknown,,Not reviewed
https://derivativecalculatorai.com/limit-of-sqrtx2--5ex2-as-x-to-2,limit-of-sqrtx2--5ex2-as-x-to-2,problems.json,limit,problem,200,Yes,index,https://derivativecalculatorai.com/limit-of-sqrtx2--5ex2-as-x-to-2,Yes,Excluded,,,Yes,Partial,0,0,Unknown,,Not reviewed
https://derivativecalculatorai.com/limit-of-ex2--5x22-as-x-to--2,limit-of-ex2--5x22-as-x-to--2,problems.json,limit,problem,200,Yes,index,https://derivativecalculatorai.com/limit-of-ex2--5x22-as-x-to--2,Yes,Excluded,,,Yes,Partial,0,0,Unknown,,Not reviewed
https://derivativecalculatorai.com/limit-of-tanx2--ex2-as-x-to--inf,limit-of-tanx2--ex2-as-x-to--inf,problems.json,limit,problem,200,Yes,index,https://derivativecalculatorai.com/limit-of-tanx2--ex2-as-x-to--inf,Yes,Excluded,,,Yes,Partial,0,0,Unknown,,Not reviewed
https://derivativecalculatorai.com/limit-of-1-over-3tanx--1-over-ex-as-x-to-pi-2,limit-of-1-over-3tanx--1-over-ex-as-x-to-pi-2,problems.json,limit,problem,200,Yes,index,https://derivativecalculatorai.com/limit-of-1-over-3tanx--1-over-ex-as-x-to-pi-2,Yes,Excluded,,,Yes,Partial,0,0,Unknown,,Not reviewed
https://derivativecalculatorai.com/limit-of-5lnx-5sinx-over-sqrtx-as-x-to-pi-2,limit-of-5lnx-5sinx-over-sqrtx-as-x-to-pi-2,problems.json,limit,problem,200,Yes,index,https://derivativecalculatorai.com/limit-of-5lnx-5sinx-over-sqrtx-as-x-to-pi-2,Yes,Excluded,,,Yes,Partial,0,0,Unknown,,Not reviewed
https://derivativecalculatorai.com/limit-of-5absx--5sinx-over-x3--tanx-as-x-to-pi,limit-of-5absx--5sinx-over-x3--tanx-as-x-to-pi,problems.json,limit,problem,200,Yes,index,https://derivativecalculatorai.com/limit-of-5absx--5sinx-over-x3--tanx-as-x-to-pi,Yes,Excluded,,,Yes,Partial,0,0,Unknown,,Not reviewed
https://derivativecalculatorai.com/limit-of-tanx2--5sinx2-as-x-to-pi,limit-of-tanx2--5sinx2-as-x-to-pi,problems.json,limit,problem,200,Yes,index,https://derivativecalculatorai.com/limit-of-tanx2--5sinx2-as-x-to-pi,Yes,Excluded,,,Yes,Partial,0,0,Unknown,,Not reviewed
https://derivativecalculatorai.com/limit-of-sqrtex--sqrttanx-as-x-to-2,limit-of-sqrtex--sqrttanx-as-x-to-2,problems.json,limit,problem,200,Yes,index,https://derivativecalculatorai.com/limit-of-sqrtex--sqrttanx-as-x-to-2,Yes,Excluded,,,Yes,Partial,0,0,Unknown,,Not reviewed
https://derivativecalculatorai.com/limit-of-sqrt4x2--sqrt31-over-x2-as-x-to-pi,limit-of-sqrt4x2--sqrt31-over-x2-as-x-to-pi,problems.json,limit,problem,200,Yes,index,https://derivativecalculatorai.com/limit-of-sqrt4x2--sqrt31-over-x2-as-x-to-pi,Yes,Excluded,,,Yes,Partial,0,0,Unknown,,Not reviewed
https://derivativecalculatorai.com/limit-of-4x2-over-tanx-as-x-to--2,limit-of-4x2-over-tanx-as-x-to--2,problems.json,limit,problem,200,Yes,index,https://derivativecalculatorai.com/limit-of-4x2-over-tanx-as-x-to--2,Yes,Excluded,,,Yes,Partial,0,0,Unknown,,Not reviewed
https://derivativecalculatorai.com/limit-of-sqrt21-over-x--sqrtx3-as-x-to--1,limit-of-sqrt21-over-x--sqrtx3-as-x-to--1,problems.json,limit,problem,200,Yes,index,https://derivativecalculatorai.com/limit-of-sqrt21-over-x--sqrtx3-as-x-to--1,Yes,Excluded,,,Yes,Partial,0,0,Unknown,,Not reviewed
https://derivativecalculatorai.com/limit-of-sqrt4x3--sqrt2absx-as-x-to-pi,limit-of-sqrt4x3--sqrt2absx-as-x-to-pi,problems.json,limit,problem,200,Yes,index,https://derivativecalculatorai.com/limit-of-sqrt4x3--sqrt2absx-as-x-to-pi,Yes,Excluded,,,Yes,Partial,0,0,Unknown,,Not reviewed
https://derivativecalculatorai.com/limit-of-tanx-5x3-over-sqrtx-as-x-to-1,limit-of-tanx-5x3-over-sqrtx-as-x-to-1,problems.json,limit,problem,200,Yes,index,https://derivativecalculatorai.com/limit-of-tanx-5x3-over-sqrtx-as-x-to-1,Yes,Excluded,,,Yes,Partial,0,0,Unknown,,Not reviewed
https://derivativecalculatorai.com/limit-of-41-over-x2-over-x-as-x-to--1,limit-of-41-over-x2-over-x-as-x-to--1,problems.json,limit,problem,200,Yes,index,https://derivativecalculatorai.com/limit-of-41-over-x2-over-x-as-x-to--1,Yes,Excluded,,,Yes,Partial,0,0,Unknown,,Not reviewed
https://derivativecalculatorai.com/limit-of-ex-over-3x3-as-x-to-pi-2,limit-of-ex-over-3x3-as-x-to-pi-2,problems.json,limit,problem,200,Yes,index,https://derivativecalculatorai.com/limit-of-ex-over-3x3-as-x-to-pi-2,Yes,Excluded,,,Yes,Partial,0,0,Unknown,,Not reviewed
https://derivativecalculatorai.com/limit-of-1-over-5cosx--1-over-sqrtx-as-x-to-pi,limit-of-1-over-5cosx--1-over-sqrtx-as-x-to-pi,problems.json,limit,problem,200,Yes,index,https://derivativecalculatorai.com/limit-of-1-over-5cosx--1-over-sqrtx-as-x-to-pi,Yes,Excluded,,,Yes,Partial,0,0,Unknown,,Not reviewed
https://derivativecalculatorai.com/limit-of-3tanx-over-x-as-x-to-pi-2,limit-of-3tanx-over-x-as-x-to-pi-2,problems.json,limit,problem,200,Yes,index,https://derivativecalculatorai.com/limit-of-3tanx-over-x-as-x-to-pi-2,Yes,Excluded,,,Yes,Partial,0,0,Unknown,,Not reviewed
https://derivativecalculatorai.com/limit-of-sqrttanx--sqrtsqrtx-as-x-to-inf,limit-of-sqrttanx--sqrtsqrtx-as-x-to-inf,problems.json,limit,problem,200,No,noindex,https://derivativecalculatorai.com/limit-of-sqrttanx--sqrtsqrtx-as-x-to-inf,Yes,Excluded,,,Yes,Partial,0,0,Unknown,,Not reviewed
https://derivativecalculatorai.com/limit-of-5absx-over-absx-as-x-to-0,limit-of-5absx-over-absx-as-x-to-0,problems.json,limit,problem,200,Yes,index,https://derivativecalculatorai.com/limit-of-5absx-over-absx-as-x-to-0,Yes,Excluded,,,Yes,Partial,0,0,Unknown,,Not reviewed
https://derivativecalculatorai.com/limit-of-31-over-x2--4lnx-over-sqrtx--ex-as-x-to--2,limit-of-31-over-x2--4lnx-over-sqrtx--ex-as-x-to--2,problems.json,limit,problem,200,No,noindex,https://derivativecalculatorai.com/limit-of-31-over-x2--4lnx-over-sqrtx--ex-as-x-to--2,Yes,Excluded,,,Yes,Partial,0,0,Unknown,,Not reviewed
https://derivativecalculatorai.com/limit-of-cosx-over-tanx-as-x-to--2,limit-of-cosx-over-tanx-as-x-to--2,problems.json,limit,problem,200,Yes,index,https://derivativecalculatorai.com/limit-of-cosx-over-tanx-as-x-to--2,Yes,Excluded,,,Yes,Partial,0,0,Unknown,,Not reviewed
https://derivativecalculatorai.com/limit-of-1-over-x--sinx-over-ex--1-over-x-as-x-to--2,limit-of-1-over-x--sinx-over-ex--1-over-x-as-x-to--2,problems.json,limit,problem,200,No,noindex,https://derivativecalculatorai.com/limit-of-1-over-x--sinx-over-ex--1-over-x-as-x-to--2,Yes,Excluded,,,Yes,Partial,0,0,Unknown,,Not reviewed
https://derivativecalculatorai.com/limit-of-sqrtsqrtx--sqrt5x3-as-x-to-1,limit-of-sqrtsqrtx--sqrt5x3-as-x-to-1,problems.json,limit,problem,200,Yes,index,https://derivativecalculatorai.com/limit-of-sqrtsqrtx--sqrt5x3-as-x-to-1,Yes,Excluded,,,Yes,Partial,0,0,Unknown,,Not reviewed
https://derivativecalculatorai.com/limit-of-1-over-4x--1-over-31-over-x2-as-x-to-inf,limit-of-1-over-4x--1-over-31-over-x2-as-x-to-inf,problems.json,limit,problem,200,Yes,index,https://derivativecalculatorai.com/limit-of-1-over-4x--1-over-31-over-x2-as-x-to-inf,Yes,Excluded,,,Yes,Partial,0,0,Unknown,,Not reviewed
https://derivativecalculatorai.com/limit-of-x2--5x2-as-x-to-pi,limit-of-x2--5x2-as-x-to-pi,problems.json,limit,problem,200,Yes,index,https://derivativecalculatorai.com/limit-of-x2--5x2-as-x-to-pi,Yes,Excluded,,,Yes,Partial,0,0,Unknown,,Not reviewed
https://derivativecalculatorai.com/limit-of-2ex-over-1-over-x2-as-x-to-2,limit-of-2ex-over-1-over-x2-as-x-to-2,problems.json,limit,problem,200,Yes,index,https://derivativecalculatorai.com/limit-of-2ex-over-1-over-x2-as-x-to-2,Yes,Excluded,,,Yes,Partial,0,0,Unknown,,Not reviewed
https://derivativecalculatorai.com/limit-of-4sqrtx-over-sinx-as-x-to-pi-2,limit-of-4sqrtx-over-sinx-as-x-to-pi-2,problems.json,limit,problem,200,Yes,index,https://derivativecalculatorai.com/limit-of-4sqrtx-over-sinx-as-x-to-pi-2,Yes,Excluded,,,Yes,Partial,0,0,Unknown,,Not reviewed
https://derivativecalculatorai.com/limit-of-x-over-4x-as-x-to--2,limit-of-x-over-4x-as-x-to--2,problems.json,limit,problem,200,Yes,index,https://derivativecalculatorai.com/limit-of-x-over-4x-as-x-to--2,Yes,Excluded,,,Yes,Partial,0,0,Unknown,,Not reviewed
https://derivativecalculatorai.com/limit-of-sqrt2tanx--sqrtex-as-x-to-0,limit-of-sqrt2tanx--sqrtex-as-x-to-0,problems.json,limit,problem,200,Yes,index,https://derivativecalculatorai.com/limit-of-sqrt2tanx--sqrtex-as-x-to-0,Yes,Excluded,,,Yes,Partial,0,0,Unknown,,Not reviewed
https://derivativecalculatorai.com/limit-of-tanx-over-x-as-x-to-1,limit-of-tanx-over-x-as-x-to-1,problems.json,limit,problem,200,Yes,index,https://derivativecalculatorai.com/limit-of-tanx-over-x-as-x-to-1,Yes,Excluded,,,Yes,Partial,0,0,Unknown,,Not reviewed
https://derivativecalculatorai.com/limit-of-21-over-x-5lnx-over-sqrtx-as-x-to-pi,limit-of-21-over-x-5lnx-over-sqrtx-as-x-to-pi,problems.json,limit,problem,200,Yes,index,https://derivativecalculatorai.com/limit-of-21-over-x-5lnx-over-sqrtx-as-x-to-pi,Yes,Excluded,,,Yes,Partial,0,0,Unknown,,Not reviewed
https://derivativecalculatorai.com/limit-of-lnx-tanx-over-cosx-as-x-to-0,limit-of-lnx-tanx-over-cosx-as-x-to-0,problems.json,limit,problem,200,Yes,index,https://derivativecalculatorai.com/limit-of-lnx-tanx-over-cosx-as-x-to-0,Yes,Excluded,,,Yes,Partial,0,0,Unknown,,Not reviewed
https://derivativecalculatorai.com/limit-of-x-over-3x3-as-x-to--2,limit-of-x-over-3x3-as-x-to--2,problems.json,limit,problem,200,Yes,index,https://derivativecalculatorai.com/limit-of-x-over-3x3-as-x-to--2,Yes,Excluded,,,Yes,Partial,0,0,Unknown,,Not reviewed
https://derivativecalculatorai.com/limit-of-3sinx--2lnx-over-sinx--ex-as-x-to-inf,limit-of-3sinx--2lnx-over-sinx--ex-as-x-to-inf,problems.json,limit,problem,200,Yes,index,https://derivativecalculatorai.com/limit-of-3sinx--2lnx-over-sinx--ex-as-x-to-inf,Yes,Excluded,,,Yes,Partial,0,0,Unknown,,Not reviewed
https://derivativecalculatorai.com/limit-of-1-over-tanx--1-over-x-as-x-to-0,limit-of-1-over-tanx--1-over-x-as-x-to-0,problems.json,limit,problem,200,Yes,index,https://derivativecalculatorai.com/limit-of-1-over-tanx--1-over-x-as-x-to-0,Yes,Excluded,,,Yes,Partial,0,0,Unknown,,Not reviewed
https://derivativecalculatorai.com/limit-of-1-over-absx--1-over-ex-as-x-to-pi-2,limit-of-1-over-absx--1-over-ex-as-x-to-pi-2,problems.json,limit,problem,200,Yes,index,https://derivativecalculatorai.com/limit-of-1-over-absx--1-over-ex-as-x-to-pi-2,Yes,Excluded,,,Yes,Partial,0,0,Unknown,,Not reviewed
https://derivativecalculatorai.com/limit-of-2x3--3x2-over-x3--x3-as-x-to--inf,limit-of-2x3--3x2-over-x3--x3-as-x-to--inf,problems.json,limit,problem,200,Yes,index,https://derivativecalculatorai.com/limit-of-2x3--3x2-over-x3--x3-as-x-to--inf,Yes,Excluded,,,Yes,Partial,0,0,Unknown,,Not reviewed
https://derivativecalculatorai.com/limit-of-1-over-tanx--1-over-x3-as-x-to-pi,limit-of-1-over-tanx--1-over-x3-as-x-to-pi,problems.json,limit,problem,200,Yes,index,https://derivativecalculatorai.com/limit-of-1-over-tanx--1-over-x3-as-x-to-pi,Yes,Excluded,,,Yes,Partial,0,0,Unknown,,Not reviewed
https://derivativecalculatorai.com/limit-of-1-over-2x3--1-over-51-over-x-as-x-to-1,limit-of-1-over-2x3--1-over-51-over-x-as-x-to-1,problems.json,limit,problem,200,Yes,index,https://derivativecalculatorai.com/limit-of-1-over-2x3--1-over-51-over-x-as-x-to-1,Yes,Excluded,,,Yes,Partial,0,0,Unknown,,Not reviewed
https://derivativecalculatorai.com/limit-of-absx--4x3-over-lnx--1-over-x2-as-x-to--1,limit-of-absx--4x3-over-lnx--1-over-x2-as-x-to--1,problems.json,limit,problem,200,Yes,index,https://derivativecalculatorai.com/limit-of-absx--4x3-over-lnx--1-over-x2-as-x-to--1,Yes,Excluded,,,Yes,Partial,0,0,Unknown,,Not reviewed
https://derivativecalculatorai.com/limit-of-sqrt3x--sqrt1-over-x-as-x-to-inf,limit-of-sqrt3x--sqrt1-over-x-as-x-to-inf,problems.json,limit,problem,200,Yes,index,https://derivativecalculatorai.com/limit-of-sqrt3x--sqrt1-over-x-as-x-to-inf,Yes,Excluded,,,Yes,Partial,0,0,Unknown,,Not reviewed
https://derivativecalculatorai.com/limit-of-ex--tanx-over-tanx--sinx-as-x-to-pi,limit-of-ex--tanx-over-tanx--sinx-as-x-to-pi,problems.json,limit,problem,200,Yes,index,https://derivativecalculatorai.com/limit-of-ex--tanx-over-tanx--sinx-as-x-to-pi,Yes,Excluded,,,Yes,Partial,0,0,Unknown,,Not reviewed
https://derivativecalculatorai.com/limit-of-1-over-2x--1-over-ex-as-x-to-0,limit-of-1-over-2x--1-over-ex-as-x-to-0,problems.json,limit,problem,200,Yes,index,https://derivativecalculatorai.com/limit-of-1-over-2x--1-over-ex-as-x-to-0,Yes,Excluded,,,Yes,Partial,0,0,Unknown,,Not reviewed
https://derivativecalculatorai.com/limit-of-3cosx2--cosx2-as-x-to-pi-2,limit-of-3cosx2--cosx2-as-x-to-pi-2,problems.json,limit,problem,200,Yes,index,https://derivativecalculatorai.com/limit-of-3cosx2--cosx2-as-x-to-pi-2,Yes,Excluded,,,Yes,Partial,0,0,Unknown,,Not reviewed
https://derivativecalculatorai.com/limit-of-41-over-x22--tanx2-as-x-to--2,limit-of-41-over-x22--tanx2-as-x-to--2,problems.json,limit,problem,200,Yes,index,https://derivativecalculatorai.com/limit-of-41-over-x22--tanx2-as-x-to--2,Yes,Excluded,,,Yes,Partial,0,0,Unknown,,Not reviewed
https://derivativecalculatorai.com/limit-of-1-over-sinx--1-over-5sqrtx-as-x-to-0,limit-of-1-over-sinx--1-over-5sqrtx-as-x-to-0,problems.json,limit,problem,200,Yes,index,https://derivativecalculatorai.com/limit-of-1-over-sinx--1-over-5sqrtx-as-x-to-0,Yes,Excluded,,,Yes,Partial,0,0,Unknown,,Not reviewed
https://derivativecalculatorai.com/limit-of-31-over-x-over-3x2-as-x-to--inf,limit-of-31-over-x-over-3x2-as-x-to--inf,problems.json,limit,problem,200,Yes,index,https://derivativecalculatorai.com/limit-of-31-over-x-over-3x2-as-x-to--inf,Yes,Excluded,,,Yes,Partial,0,0,Unknown,,Not reviewed
https://derivativecalculatorai.com/limit-of-sqrt5cosx--sqrtx3-as-x-to-inf,limit-of-sqrt5cosx--sqrtx3-as-x-to-inf,problems.json,limit,problem,200,Yes,index,https://derivativecalculatorai.com/limit-of-sqrt5cosx--sqrtx3-as-x-to-inf,Yes,Excluded,,,Yes,Partial,0,0,Unknown,,Not reviewed
https://derivativecalculatorai.com/limit-of-1-over-2x--1-over-x-as-x-to--1,limit-of-1-over-2x--1-over-x-as-x-to--1,problems.json,limit,problem,200,Yes,index,https://derivativecalculatorai.com/limit-of-1-over-2x--1-over-x-as-x-to--1,Yes,Excluded,,,Yes,Partial,0,0,Unknown,,Not reviewed
https://derivativecalculatorai.com/limit-of-4x2-over-5cosx-as-x-to-1,limit-of-4x2-over-5cosx-as-x-to-1,problems.json,limit,problem,200,Yes,index,https://derivativecalculatorai.com/limit-of-4x2-over-5cosx-as-x-to-1,Yes,Excluded,,,Yes,Partial,0,0,Unknown,,Not reviewed
https://derivativecalculatorai.com/limit-of-x-over-3x2-as-x-to--1,limit-of-x-over-3x2-as-x-to--1,problems.json,limit,problem,200,Yes,index,https://derivativecalculatorai.com/limit-of-x-over-3x2-as-x-to--1,Yes,Excluded,,,Yes,Partial,0,0,Unknown,,Not reviewed
https://derivativecalculatorai.com/limit-of-sqrtx2--sqrttanx-as-x-to-inf,limit-of-sqrtx2--sqrttanx-as-x-to-inf,problems.json,limit,problem,200,Yes,index,https://derivativecalculatorai.com/limit-of-sqrtx2--sqrttanx-as-x-to-inf,Yes,Excluded,,,Yes,Partial,0,0,Unknown,,Not reviewed
https://derivativecalculatorai.com/limit-of-1-over-sinx--1-over-41-over-x2-as-x-to-pi-2,limit-of-1-over-sinx--1-over-41-over-x2-as-x-to-pi-2,problems.json,limit,problem,200,No,noindex,https://derivativecalculatorai.com/limit-of-1-over-sinx--1-over-41-over-x2-as-x-to-pi-2,Yes,Excluded,,,Yes,Partial,0,0,Unknown,,Not reviewed
https://derivativecalculatorai.com/limit-of-sqrtsqrtx--sqrt21-over-x2-as-x-to--inf,limit-of-sqrtsqrtx--sqrt21-over-x2-as-x-to--inf,problems.json,limit,problem,200,Yes,index,https://derivativecalculatorai.com/limit-of-sqrtsqrtx--sqrt21-over-x2-as-x-to--inf,Yes,Excluded,,,Yes,Partial,0,0,Unknown,,Not reviewed
https://derivativecalculatorai.com/limit-of-31-over-x2-x-over-ex-as-x-to--2,limit-of-31-over-x2-x-over-ex-as-x-to--2,problems.json,limit,problem,200,Yes,index,https://derivativecalculatorai.com/limit-of-31-over-x2-x-over-ex-as-x-to--2,Yes,Excluded,,,Yes,Partial,0,0,Unknown,,Not reviewed
https://derivativecalculatorai.com/limit-of-absx--absx-over-ex--1-over-x-as-x-to-inf,limit-of-absx--absx-over-ex--1-over-x-as-x-to-inf,problems.json,limit,problem,200,Yes,index,https://derivativecalculatorai.com/limit-of-absx--absx-over-ex--1-over-x-as-x-to-inf,Yes,Excluded,,,Yes,Partial,0,0,Unknown,,Not reviewed
https://derivativecalculatorai.com/limit-of-sinx-5x-over-x-as-x-to-pi,limit-of-sinx-5x-over-x-as-x-to-pi,problems.json,limit,problem,200,Yes,index,https://derivativecalculatorai.com/limit-of-sinx-5x-over-x-as-x-to-pi,Yes,Excluded,,,Yes,Partial,0,0,Unknown,,Not reviewed
https://derivativecalculatorai.com/limit-of-x2--2lnx2-as-x-to-2,limit-of-x2--2lnx2-as-x-to-2,problems.json,limit,problem,200,Yes,index,https://derivativecalculatorai.com/limit-of-x2--2lnx2-as-x-to-2,Yes,Excluded,,,Yes,Partial,0,0,Unknown,,Not reviewed
https://derivativecalculatorai.com/limit-of-x3-4ex-over-x-as-x-to-0,limit-of-x3-4ex-over-x-as-x-to-0,problems.json,limit,problem,200,Yes,index,https://derivativecalculatorai.com/limit-of-x3-4ex-over-x-as-x-to-0,Yes,Excluded,,,Yes,Partial,0,0,Unknown,,Not reviewed
https://derivativecalculatorai.com/limit-of-3ex2--sqrtx2-as-x-to-0,limit-of-3ex2--sqrtx2-as-x-to-0,problems.json,limit,problem,200,Yes,index,https://derivativecalculatorai.com/limit-of-3ex2--sqrtx2-as-x-to-0,Yes,Excluded,,,Yes,Partial,0,0,Unknown,,Not reviewed
https://derivativecalculatorai.com/limit-of-4sqrtx-4ex-over-1-over-x-as-x-to--inf,limit-of-4sqrtx-4ex-over-1-over-x-as-x-to--inf,problems.json,limit,problem,200,Yes,index,https://derivativecalculatorai.com/limit-of-4sqrtx-4ex-over-1-over-x-as-x-to--inf,Yes,Excluded,,,Yes,Partial,0,0,Unknown,,Not reviewed
https://derivativecalculatorai.com/limit-of-cosx-over-x2-as-x-to-pi-2,limit-of-cosx-over-x2-as-x-to-pi-2,problems.json,limit,problem,200,Yes,index,https://derivativecalculatorai.com/limit-of-cosx-over-x2-as-x-to-pi-2,Yes,Excluded,,,Yes,Partial,0,0,Unknown,,Not reviewed
https://derivativecalculatorai.com/limit-of-1-over-ex--1-over-51-over-x2-as-x-to-1,limit-of-1-over-ex--1-over-51-over-x2-as-x-to-1,problems.json,limit,problem,200,Yes,index,https://derivativecalculatorai.com/limit-of-1-over-ex--1-over-51-over-x2-as-x-to-1,Yes,Excluded,,,Yes,Partial,0,0,Unknown,,Not reviewed
https://derivativecalculatorai.com/limit-of-tanx--x2-over-sinx--absx-as-x-to-pi,limit-of-tanx--x2-over-sinx--absx-as-x-to-pi,problems.json,limit,problem,200,Yes,index,https://derivativecalculatorai.com/limit-of-tanx--x2-over-sinx--absx-as-x-to-pi,Yes,Excluded,,,Yes,Partial,0,0,Unknown,,Not reviewed
https://derivativecalculatorai.com/limit-of-sqrt2ex--sqrt21-over-x-as-x-to-pi,limit-of-sqrt2ex--sqrt21-over-x-as-x-to-pi,problems.json,limit,problem,200,Yes,index,https://derivativecalculatorai.com/limit-of-sqrt2ex--sqrt21-over-x-as-x-to-pi,Yes,Excluded,,,Yes,Partial,0,0,Unknown,,Not reviewed
https://derivativecalculatorai.com/limit-of-1-over-2lnx--1-over-sinx-as-x-to--1,limit-of-1-over-2lnx--1-over-sinx-as-x-to--1,problems.json,limit,problem,200,Yes,index,https://derivativecalculatorai.com/limit-of-1-over-2lnx--1-over-sinx-as-x-to--1,Yes,Excluded,,,Yes,Partial,0,0,Unknown,,Not reviewed
https://derivativecalculatorai.com/limit-of-sqrtsinx--sqrt3cosx-as-x-to-1,limit-of-sqrtsinx--sqrt3cosx-as-x-to-1,problems.json,limit,problem,200,No,noindex,https://derivativecalculatorai.com/limit-of-sqrtsinx--sqrt3cosx-as-x-to-1,Yes,Excluded,,,Yes,Partial,0,0,Unknown,,Not reviewed
https://derivativecalculatorai.com/limit-of-51-over-x2--5sinx-over-tanx--tanx-as-x-to-pi,limit-of-51-over-x2--5sinx-over-tanx--tanx-as-x-to-pi,problems.json,limit,problem,200,No,noindex,https://derivativecalculatorai.com/limit-of-51-over-x2--5sinx-over-tanx--tanx-as-x-to-pi,Yes,Excluded,,,Yes,Partial,0,0,Unknown,,Not reviewed
https://derivativecalculatorai.com/limit-of-tanx-3cosx-over-sqrtx-as-x-to-pi,limit-of-tanx-3cosx-over-sqrtx-as-x-to-pi,problems.json,limit,problem,200,Yes,index,https://derivativecalculatorai.com/limit-of-tanx-3cosx-over-sqrtx-as-x-to-pi,Yes,Excluded,,,Yes,Partial,0,0,Unknown,,Not reviewed
https://derivativecalculatorai.com/limit-of-x--3tanx-over-x3--sinx-as-x-to-1,limit-of-x--3tanx-over-x3--sinx-as-x-to-1,problems.json,limit,problem,200,Yes,index,https://derivativecalculatorai.com/limit-of-x--3tanx-over-x3--sinx-as-x-to-1,Yes,Excluded,,,Yes,Partial,0,0,Unknown,,Not reviewed
https://derivativecalculatorai.com/limit-of-5lnx2--41-over-x2-as-x-to-2,limit-of-5lnx2--41-over-x2-as-x-to-2,problems.json,limit,problem,200,Yes,index,https://derivativecalculatorai.com/limit-of-5lnx2--41-over-x2-as-x-to-2,Yes,Excluded,,,Yes,Partial,0,0,Unknown,,Not reviewed
https://derivativecalculatorai.com/limit-of-1-over-x2--1-over-2cosx-as-x-to--1,limit-of-1-over-x2--1-over-2cosx-as-x-to--1,problems.json,limit,problem,200,Yes,index,https://derivativecalculatorai.com/limit-of-1-over-x2--1-over-2cosx-as-x-to--1,Yes,Excluded,,,Yes,Partial,0,0,Unknown,,Not reviewed
https://derivativecalculatorai.com/limit-of-1-over-x--1-over-ex-as-x-to-2,limit-of-1-over-x--1-over-ex-as-x-to-2,problems.json,limit,problem,200,Yes,index,https://derivativecalculatorai.com/limit-of-1-over-x--1-over-ex-as-x-to-2,Yes,Excluded,,,Yes,Partial,0,0,Unknown,,Not reviewed
https://derivativecalculatorai.com/limit-of-sinx--absx-over-tanx--cosx-as-x-to-inf,limit-of-sinx--absx-over-tanx--cosx-as-x-to-inf,problems.json,limit,problem,200,Yes,index,https://derivativecalculatorai.com/limit-of-sinx--absx-over-tanx--cosx-as-x-to-inf,Yes,Excluded,,,Yes,Partial,0,0,Unknown,,Not reviewed
https://derivativecalculatorai.com/limit-of-x2-2absx-over-sqrtx-as-x-to-0,limit-of-x2-2absx-over-sqrtx-as-x-to-0,problems.json,limit,problem,200,Yes,index,https://derivativecalculatorai.com/limit-of-x2-2absx-over-sqrtx-as-x-to-0,Yes,Excluded,,,Yes,Partial,0,0,Unknown,,Not reviewed
https://derivativecalculatorai.com/limit-of-x2-absx-over-1-over-x2-as-x-to--1,limit-of-x2-absx-over-1-over-x2-as-x-to--1,problems.json,limit,problem,200,Yes,index,https://derivativecalculatorai.com/limit-of-x2-absx-over-1-over-x2-as-x-to--1,Yes,Excluded,,,Yes,Partial,0,0,Unknown,,Not reviewed
https://derivativecalculatorai.com/limit-of-sinx-lnx-over-x2-as-x-to-0,limit-of-sinx-lnx-over-x2-as-x-to-0,problems.json,limit,problem,200,Yes,index,https://derivativecalculatorai.com/limit-of-sinx-lnx-over-x2-as-x-to-0,Yes,Excluded,,,Yes,Partial,0,0,Unknown,,Not reviewed
https://derivativecalculatorai.com/limit-of-21-over-x2-lnx-over-x2-as-x-to--1,limit-of-21-over-x2-lnx-over-x2-as-x-to--1,problems.json,limit,problem,200,Yes,index,https://derivativecalculatorai.com/limit-of-21-over-x2-lnx-over-x2-as-x-to--1,Yes,Excluded,,,Yes,Partial,0,0,Unknown,,Not reviewed
https://derivativecalculatorai.com/limit-of-4sqrtx2--3absx2-as-x-to-pi,limit-of-4sqrtx2--3absx2-as-x-to-pi,problems.json,limit,problem,200,Yes,index,https://derivativecalculatorai.com/limit-of-4sqrtx2--3absx2-as-x-to-pi,Yes,Excluded,,,Yes,Partial,0,0,Unknown,,Not reviewed
https://derivativecalculatorai.com/limit-of-1-over-x2-over-5x-as-x-to-1,limit-of-1-over-x2-over-5x-as-x-to-1,problems.json,limit,problem,200,Yes,index,https://derivativecalculatorai.com/limit-of-1-over-x2-over-5x-as-x-to-1,Yes,Excluded,,,Yes,Partial,0,0,Unknown,,Not reviewed
https://derivativecalculatorai.com/limit-of-2absx-2sqrtx-over-sqrtx-as-x-to-0,limit-of-2absx-2sqrtx-over-sqrtx-as-x-to-0,problems.json,limit,problem,200,Yes,index,https://derivativecalculatorai.com/limit-of-2absx-2sqrtx-over-sqrtx-as-x-to-0,Yes,Excluded,,,Yes,Partial,0,0,Unknown,,Not reviewed
https://derivativecalculatorai.com/limit-of-sinx-over-31-over-x2-as-x-to--1,limit-of-sinx-over-31-over-x2-as-x-to--1,problems.json,limit,problem,200,Yes,index,https://derivativecalculatorai.com/limit-of-sinx-over-31-over-x2-as-x-to--1,Yes,Excluded,,,Yes,Partial,0,0,Unknown,,Not reviewed
https://derivativecalculatorai.com/limit-of-sqrt4x--sqrtcosx-as-x-to-1,limit-of-sqrt4x--sqrtcosx-as-x-to-1,problems.json,limit,problem,200,Yes,index,https://derivativecalculatorai.com/limit-of-sqrt4x--sqrtcosx-as-x-to-1,Yes,Excluded,,,Yes,Partial,0,0,Unknown,,Not reviewed
https://derivativecalculatorai.com/limit-of-sqrtlnx--sqrt3sinx-as-x-to--2,limit-of-sqrtlnx--sqrt3sinx-as-x-to--2,problems.json,limit,problem,200,Yes,index,https://derivativecalculatorai.com/limit-of-sqrtlnx--sqrt3sinx-as-x-to--2,Yes,Excluded,,,Yes,Partial,0,0,Unknown,,Not reviewed
https://derivativecalculatorai.com/limit-of-sqrt41-over-x2--sqrt21-over-x-as-x-to--2,limit-of-sqrt41-over-x2--sqrt21-over-x-as-x-to--2,problems.json,limit,problem,200,Yes,index,https://derivativecalculatorai.com/limit-of-sqrt41-over-x2--sqrt21-over-x-as-x-to--2,Yes,Excluded,,,Yes,Partial,0,0,Unknown,,Not reviewed
https://derivativecalculatorai.com/limit-of-4tanx-1-over-x-over-sinx-as-x-to-inf,limit-of-4tanx-1-over-x-over-sinx-as-x-to-inf,problems.json,limit,problem,200,Yes,index,https://derivativecalculatorai.com/limit-of-4tanx-1-over-x-over-sinx-as-x-to-inf,Yes,Excluded,,,Yes,Partial,0,0,Unknown,,Not reviewed
https://derivativecalculatorai.com/limit-of-2x-over-3sinx-as-x-to-pi,limit-of-2x-over-3sinx-as-x-to-pi,problems.json,limit,problem,200,Yes,index,https://derivativecalculatorai.com/limit-of-2x-over-3sinx-as-x-to-pi,Yes,Excluded,,,Yes,Partial,0,0,Unknown,,Not reviewed
https://derivativecalculatorai.com/limit-of-sinx--2x-over-lnx--lnx-as-x-to-pi-2,limit-of-sinx--2x-over-lnx--lnx-as-x-to-pi-2,problems.json,limit,problem,200,Yes,index,https://derivativecalculatorai.com/limit-of-sinx--2x-over-lnx--lnx-as-x-to-pi-2,Yes,Excluded,,,Yes,Partial,0,0,Unknown,,Not reviewed
https://derivativecalculatorai.com/limit-of-tanx--1-over-x2-over-lnx--sqrtx-as-x-to-inf,limit-of-tanx--1-over-x2-over-lnx--sqrtx-as-x-to-inf,problems.json,limit,problem,200,No,noindex,https://derivativecalculatorai.com/limit-of-tanx--1-over-x2-over-lnx--sqrtx-as-x-to-inf,Yes,Excluded,,,Yes,Partial,0,0,Unknown,,Not reviewed
https://derivativecalculatorai.com/limit-of-3tanx--3x3-over-x2--cosx-as-x-to-2,limit-of-3tanx--3x3-over-x2--cosx-as-x-to-2,problems.json,limit,problem,200,Yes,index,https://derivativecalculatorai.com/limit-of-3tanx--3x3-over-x2--cosx-as-x-to-2,Yes,Excluded,,,Yes,Partial,0,0,Unknown,,Not reviewed
https://derivativecalculatorai.com/limit-of-sinx-over-1-over-x-as-x-to--inf,limit-of-sinx-over-1-over-x-as-x-to--inf,problems.json,limit,problem,200,No,noindex,https://derivativecalculatorai.com/limit-of-sinx-over-1-over-x-as-x-to--inf,Yes,Excluded,,,Yes,Partial,0,0,Unknown,,Not reviewed
https://derivativecalculatorai.com/limit-of-x3--x-over-sinx--ex-as-x-to--inf,limit-of-x3--x-over-sinx--ex-as-x-to--inf,problems.json,limit,problem,200,Yes,index,https://derivativecalculatorai.com/limit-of-x3--x-over-sinx--ex-as-x-to--inf,Yes,Excluded,,,Yes,Partial,0,0,Unknown,,Not reviewed
https://derivativecalculatorai.com/limit-of-sinx-over-3cosx-as-x-to--1,limit-of-sinx-over-3cosx-as-x-to--1,problems.json,limit,problem,200,Yes,index,https://derivativecalculatorai.com/limit-of-sinx-over-3cosx-as-x-to--1,Yes,Excluded,,,Yes,Partial,0,0,Unknown,,Not reviewed
https://derivativecalculatorai.com/limit-of-3lnx--51-over-x-over-tanx--1-over-x-as-x-to-1,limit-of-3lnx--51-over-x-over-tanx--1-over-x-as-x-to-1,problems.json,limit,problem,200,No,noindex,https://derivativecalculatorai.com/limit-of-3lnx--51-over-x-over-tanx--1-over-x-as-x-to-1,Yes,Excluded,,,Yes,Partial,0,0,Unknown,,Not reviewed
https://derivativecalculatorai.com/limit-of-3tanx--sinx-over-1-over-x--ex-as-x-to--1,limit-of-3tanx--sinx-over-1-over-x--ex-as-x-to--1,problems.json,limit,problem,200,Yes,index,https://derivativecalculatorai.com/limit-of-3tanx--sinx-over-1-over-x--ex-as-x-to--1,Yes,Excluded,,,Yes,Partial,0,0,Unknown,,Not reviewed
https://derivativecalculatorai.com/limit-of-ex2--2absx2-as-x-to-2,limit-of-ex2--2absx2-as-x-to-2,problems.json,limit,problem,200,Yes,index,https://derivativecalculatorai.com/limit-of-ex2--2absx2-as-x-to-2,Yes,Excluded,,,Yes,Partial,0,0,Unknown,,Not reviewed
https://derivativecalculatorai.com/limit-of-tanx-sqrtx-over-sinx-as-x-to-pi,limit-of-tanx-sqrtx-over-sinx-as-x-to-pi,problems.json,limit,problem,200,Yes,index,https://derivativecalculatorai.com/limit-of-tanx-sqrtx-over-sinx-as-x-to-pi,Yes,Excluded,,,Yes,Partial,0,0,Unknown,,Not reviewed
https://derivativecalculatorai.com/limit-of-x2--21-over-x-over-sqrtx--tanx-as-x-to-0,limit-of-x2--21-over-x-over-sqrtx--tanx-as-x-to-0,problems.json,limit,problem,200,Yes,index,https://derivativecalculatorai.com/limit-of-x2--21-over-x-over-sqrtx--tanx-as-x-to-0,Yes,Excluded,,,Yes,Partial,0,0,Unknown,,Not reviewed
https://derivativecalculatorai.com/limit-of-sqrt21-over-x2--sqrt5x3-as-x-to--1,limit-of-sqrt21-over-x2--sqrt5x3-as-x-to--1,problems.json,limit,problem,200,Yes,index,https://derivativecalculatorai.com/limit-of-sqrt21-over-x2--sqrt5x3-as-x-to--1,Yes,Excluded,,,Yes,Partial,0,0,Unknown,,Not reviewed
https://derivativecalculatorai.com/limit-of-1-over-x--4lnx-over-1-over-x2--ex-as-x-to--2,limit-of-1-over-x--4lnx-over-1-over-x2--ex-as-x-to--2,problems.json,limit,problem,200,No,noindex,https://derivativecalculatorai.com/limit-of-1-over-x--4lnx-over-1-over-x2--ex-as-x-to--2,Yes,Excluded,,,Yes,Partial,0,0,Unknown,,Not reviewed
https://derivativecalculatorai.com/limit-of-x32--2tanx2-as-x-to-inf,limit-of-x32--2tanx2-as-x-to-inf,problems.json,limit,problem,200,Yes,index,https://derivativecalculatorai.com/limit-of-x32--2tanx2-as-x-to-inf,Yes,Excluded,,,Yes,Partial,0,0,Unknown,,Not reviewed
https://derivativecalculatorai.com/limit-of-1-over-5lnx--1-over-2sinx-as-x-to--1,limit-of-1-over-5lnx--1-over-2sinx-as-x-to--1,problems.json,limit,problem,200,Yes,index,https://derivativecalculatorai.com/limit-of-1-over-5lnx--1-over-2sinx-as-x-to--1,Yes,Excluded,,,Yes,Partial,0,0,Unknown,,Not reviewed
https://derivativecalculatorai.com/limit-of-1-over-21-over-x2--1-over-ex-as-x-to-0,limit-of-1-over-21-over-x2--1-over-ex-as-x-to-0,problems.json,limit,problem,200,Yes,index,https://derivativecalculatorai.com/limit-of-1-over-21-over-x2--1-over-ex-as-x-to-0,Yes,Excluded,,,Yes,Partial,0,0,Unknown,,Not reviewed
https://derivativecalculatorai.com/limit-of-sqrtx-over-3cosx-as-x-to--inf,limit-of-sqrtx-over-3cosx-as-x-to--inf,problems.json,limit,problem,200,Yes,index,https://derivativecalculatorai.com/limit-of-sqrtx-over-3cosx-as-x-to--inf,Yes,Excluded,,,Yes,Partial,0,0,Unknown,,Not reviewed
https://derivativecalculatorai.com/limit-of-2x3--cosx-over-sinx--absx-as-x-to--1,limit-of-2x3--cosx-over-sinx--absx-as-x-to--1,problems.json,limit,problem,200,Yes,index,https://derivativecalculatorai.com/limit-of-2x3--cosx-over-sinx--absx-as-x-to--1,Yes,Excluded,,,Yes,Partial,0,0,Unknown,,Not reviewed
https://derivativecalculatorai.com/limit-of-4x--31-over-x-over-cosx--lnx-as-x-to--inf,limit-of-4x--31-over-x-over-cosx--lnx-as-x-to--inf,problems.json,limit,problem,200,Yes,index,https://derivativecalculatorai.com/limit-of-4x--31-over-x-over-cosx--lnx-as-x-to--inf,Yes,Excluded,,,Yes,Partial,0,0,Unknown,,Not reviewed
https://derivativecalculatorai.com/limit-of-1-over-41-over-x2--1-over-absx-as-x-to-2,limit-of-1-over-41-over-x2--1-over-absx-as-x-to-2,problems.json,limit,problem,200,Yes,index,https://derivativecalculatorai.com/limit-of-1-over-41-over-x2--1-over-absx-as-x-to-2,Yes,Excluded,,,Yes,Partial,0,0,Unknown,,Not reviewed
https://derivativecalculatorai.com/limit-of-sqrt2x2--sqrt2sinx-as-x-to-2,limit-of-sqrt2x2--sqrt2sinx-as-x-to-2,problems.json,limit,problem,200,Yes,index,https://derivativecalculatorai.com/limit-of-sqrt2x2--sqrt2sinx-as-x-to-2,Yes,Excluded,,,Yes,Partial,0,0,Unknown,,Not reviewed
https://derivativecalculatorai.com/limit-of-4tanx2--sqrtx2-as-x-to--2,limit-of-4tanx2--sqrtx2-as-x-to--2,problems.json,limit,problem,200,Yes,index,https://derivativecalculatorai.com/limit-of-4tanx2--sqrtx2-as-x-to--2,Yes,Excluded,,,Yes,Partial,0,0,Unknown,,Not reviewed
https://derivativecalculatorai.com/limit-of-ex-over-2ex-as-x-to-2,limit-of-ex-over-2ex-as-x-to-2,problems.json,limit,problem,200,Yes,index,https://derivativecalculatorai.com/limit-of-ex-over-2ex-as-x-to-2,Yes,Excluded,,,Yes,Partial,0,0,Unknown,,Not reviewed
https://derivativecalculatorai.com/limit-of-3tanx--2absx-over-1-over-x--x3-as-x-to--2,limit-of-3tanx--2absx-over-1-over-x--x3-as-x-to--2,problems.json,limit,problem,200,Yes,index,https://derivativecalculatorai.com/limit-of-3tanx--2absx-over-1-over-x--x3-as-x-to--2,Yes,Excluded,,,Yes,Partial,0,0,Unknown,,Not reviewed
https://derivativecalculatorai.com/limit-of-1-over-x22--x22-as-x-to-pi-2,limit-of-1-over-x22--x22-as-x-to-pi-2,problems.json,limit,problem,200,Yes,index,https://derivativecalculatorai.com/limit-of-1-over-x22--x22-as-x-to-pi-2,Yes,Excluded,,,Yes,Partial,0,0,Unknown,,Not reviewed
https://derivativecalculatorai.com/limit-of-x2-2sinx-over-sqrtx-as-x-to--1,limit-of-x2-2sinx-over-sqrtx-as-x-to--1,problems.json,limit,problem,200,Yes,index,https://derivativecalculatorai.com/limit-of-x2-2sinx-over-sqrtx-as-x-to--1,Yes,Excluded,,,Yes,Partial,0,0,Unknown,,Not reviewed
https://derivativecalculatorai.com/limit-of-4x3-over-5x-as-x-to--inf,limit-of-4x3-over-5x-as-x-to--inf,problems.json,limit,problem,200,Yes,index,https://derivativecalculatorai.com/limit-of-4x3-over-5x-as-x-to--inf,Yes,Excluded,,,Yes,Partial,0,0,Unknown,,Not reviewed
https://derivativecalculatorai.com/limit-of-1-over-5lnx--1-over-sqrtx-as-x-to-2,limit-of-1-over-5lnx--1-over-sqrtx-as-x-to-2,problems.json,limit,problem,200,Yes,index,https://derivativecalculatorai.com/limit-of-1-over-5lnx--1-over-sqrtx-as-x-to-2,Yes,Excluded,,,Yes,Partial,0,0,Unknown,,Not reviewed
https://derivativecalculatorai.com/limit-of-sqrt2absx--sqrt4cosx-as-x-to--2,limit-of-sqrt2absx--sqrt4cosx-as-x-to--2,problems.json,limit,problem,200,Yes,index,https://derivativecalculatorai.com/limit-of-sqrt2absx--sqrt4cosx-as-x-to--2,Yes,Excluded,,,Yes,Partial,0,0,Unknown,,Not reviewed
https://derivativecalculatorai.com/limit-of-1-over-5x3--1-over-3cosx-as-x-to-1,limit-of-1-over-5x3--1-over-3cosx-as-x-to-1,problems.json,limit,problem,200,Yes,index,https://derivativecalculatorai.com/limit-of-1-over-5x3--1-over-3cosx-as-x-to-1,Yes,Excluded,,,Yes,Partial,0,0,Unknown,,Not reviewed
https://derivativecalculatorai.com/limit-of-3x2--tanx2-as-x-to--2,limit-of-3x2--tanx2-as-x-to--2,problems.json,limit,problem,200,Yes,index,https://derivativecalculatorai.com/limit-of-3x2--tanx2-as-x-to--2,Yes,Excluded,,,Yes,Partial,0,0,Unknown,,Not reviewed
https://derivativecalculatorai.com/limit-of-sqrtx-1-over-x-over-lnx-as-x-to-0,limit-of-sqrtx-1-over-x-over-lnx-as-x-to-0,problems.json,limit,problem,200,Yes,index,https://derivativecalculatorai.com/limit-of-sqrtx-1-over-x-over-lnx-as-x-to-0,Yes,Excluded,,,Yes,Partial,0,0,Unknown,,Not reviewed
https://derivativecalculatorai.com/limit-of-x3-x2-over-1-over-x-as-x-to-2,limit-of-x3-x2-over-1-over-x-as-x-to-2,problems.json,limit,problem,200,Yes,index,https://derivativecalculatorai.com/limit-of-x3-x2-over-1-over-x-as-x-to-2,Yes,Excluded,,,Yes,Partial,0,0,Unknown,,Not reviewed
https://derivativecalculatorai.com/limit-of-x-over-lnx-as-x-to-0,limit-of-x-over-lnx-as-x-to-0,problems.json,limit,problem,200,Yes,index,https://derivativecalculatorai.com/limit-of-x-over-lnx-as-x-to-0,Yes,Excluded,,,Yes,Partial,0,0,Unknown,,Not reviewed
https://derivativecalculatorai.com/limit-of-sqrt5sqrtx--sqrt1-over-x2-as-x-to-0,limit-of-sqrt5sqrtx--sqrt1-over-x2-as-x-to-0,problems.json,limit,problem,200,Yes,index,https://derivativecalculatorai.com/limit-of-sqrt5sqrtx--sqrt1-over-x2-as-x-to-0,Yes,Excluded,,,Yes,Partial,0,0,Unknown,,Not reviewed
https://derivativecalculatorai.com/limit-of-3lnx--21-over-x-over-cosx--cosx-as-x-to--2,limit-of-3lnx--21-over-x-over-cosx--cosx-as-x-to--2,problems.json,limit,problem,200,No,noindex,https://derivativecalculatorai.com/limit-of-3lnx--21-over-x-over-cosx--cosx-as-x-to--2,Yes,Excluded,,,Yes,Partial,0,0,Unknown,,Not reviewed
https://derivativecalculatorai.com/limit-of-21-over-x2-over-sqrtx-as-x-to-2,limit-of-21-over-x2-over-sqrtx-as-x-to-2,problems.json,limit,problem,200,Yes,index,https://derivativecalculatorai.com/limit-of-21-over-x2-over-sqrtx-as-x-to-2,Yes,Excluded,,,Yes,Partial,0,0,Unknown,,Not reviewed
https://derivativecalculatorai.com/limit-of-1-over-x2--1-over-x2-as-x-to--inf,limit-of-1-over-x2--1-over-x2-as-x-to--inf,problems.json,limit,problem,200,No,noindex,https://derivativecalculatorai.com/limit-of-1-over-x2--1-over-x2-as-x-to--inf,Yes,Excluded,,,Yes,Partial,0,0,Unknown,,Not reviewed
https://derivativecalculatorai.com/limit-of-1-over-x2-2sinx-over-cosx-as-x-to-inf,limit-of-1-over-x2-2sinx-over-cosx-as-x-to-inf,problems.json,limit,problem,200,Yes,index,https://derivativecalculatorai.com/limit-of-1-over-x2-2sinx-over-cosx-as-x-to-inf,Yes,Excluded,,,Yes,Partial,0,0,Unknown,,Not reviewed
https://derivativecalculatorai.com/limit-of-sinx-2cosx-over-sqrtx-as-x-to--2,limit-of-sinx-2cosx-over-sqrtx-as-x-to--2,problems.json,limit,problem,200,Yes,index,https://derivativecalculatorai.com/limit-of-sinx-2cosx-over-sqrtx-as-x-to--2,Yes,Excluded,,,Yes,Partial,0,0,Unknown,,Not reviewed
https://derivativecalculatorai.com/limit-of-absx-3tanx-over-1-over-x2-as-x-to--1,limit-of-absx-3tanx-over-1-over-x2-as-x-to--1,problems.json,limit,problem,200,Yes,index,https://derivativecalculatorai.com/limit-of-absx-3tanx-over-1-over-x2-as-x-to--1,Yes,Excluded,,,Yes,Partial,0,0,Unknown,,Not reviewed
https://derivativecalculatorai.com/limit-of-1-over-absx--1-over-cosx-as-x-to-0,limit-of-1-over-absx--1-over-cosx-as-x-to-0,problems.json,limit,problem,200,Yes,index,https://derivativecalculatorai.com/limit-of-1-over-absx--1-over-cosx-as-x-to-0,Yes,Excluded,,,Yes,Partial,0,0,Unknown,,Not reviewed
https://derivativecalculatorai.com/limit-of-1-over-x2--sqrtx-over-x--ex-as-x-to-inf,limit-of-1-over-x2--sqrtx-over-x--ex-as-x-to-inf,problems.json,limit,problem,200,Yes,index,https://derivativecalculatorai.com/limit-of-1-over-x2--sqrtx-over-x--ex-as-x-to-inf,Yes,Excluded,,,Yes,Partial,0,0,Unknown,,Not reviewed
https://derivativecalculatorai.com/limit-of-sinx--sinx-over-sinx--x3-as-x-to--1,limit-of-sinx--sinx-over-sinx--x3-as-x-to--1,problems.json,limit,problem,200,Yes,index,https://derivativecalculatorai.com/limit-of-sinx--sinx-over-sinx--x3-as-x-to--1,Yes,Excluded,,,Yes,Partial,0,0,Unknown,,Not reviewed
https://derivativecalculatorai.com/limit-of-1-over-x--1-over-x3-as-x-to-0,limit-of-1-over-x--1-over-x3-as-x-to-0,problems.json,limit,problem,200,Yes,index,https://derivativecalculatorai.com/limit-of-1-over-x--1-over-x3-as-x-to-0,Yes,Excluded,,,Yes,Partial,0,0,Unknown,,Not reviewed
https://derivativecalculatorai.com/limit-of-sqrtx2--sqrt2cosx-as-x-to-2,limit-of-sqrtx2--sqrt2cosx-as-x-to-2,problems.json,limit,problem,200,Yes,index,https://derivativecalculatorai.com/limit-of-sqrtx2--sqrt2cosx-as-x-to-2,Yes,Excluded,,,Yes,Partial,0,0,Unknown,,Not reviewed
https://derivativecalculatorai.com/limit-of-sinx--x2-over-cosx--x2-as-x-to--1,limit-of-sinx--x2-over-cosx--x2-as-x-to--1,problems.json,limit,problem,200,Yes,index,https://derivativecalculatorai.com/limit-of-sinx--x2-over-cosx--x2-as-x-to--1,Yes,Excluded,,,Yes,Partial,0,0,Unknown,,Not reviewed
https://derivativecalculatorai.com/limit-of-absx-over-x3-as-x-to--inf,limit-of-absx-over-x3-as-x-to--inf,problems.json,limit,problem,200,Yes,index,https://derivativecalculatorai.com/limit-of-absx-over-x3-as-x-to--inf,Yes,Excluded,,,Yes,Partial,0,0,Unknown,,Not reviewed
https://derivativecalculatorai.com/limit-of-1-over-x2-over-cosx-as-x-to-pi,limit-of-1-over-x2-over-cosx-as-x-to-pi,problems.json,limit,problem,200,Yes,index,https://derivativecalculatorai.com/limit-of-1-over-x2-over-cosx-as-x-to-pi,Yes,Excluded,,,Yes,Partial,0,0,Unknown,,Not reviewed
https://derivativecalculatorai.com/limit-of-3tanx--x-over-cosx--1-over-x-as-x-to-pi-2,limit-of-3tanx--x-over-cosx--1-over-x-as-x-to-pi-2,problems.json,limit,problem,200,Yes,index,https://derivativecalculatorai.com/limit-of-3tanx--x-over-cosx--1-over-x-as-x-to-pi-2,Yes,Excluded,,,Yes,Partial,0,0,Unknown,,Not reviewed
https://derivativecalculatorai.com/limit-of-5x2-over-tanx-as-x-to-1,limit-of-5x2-over-tanx-as-x-to-1,problems.json,limit,problem,200,Yes,index,https://derivativecalculatorai.com/limit-of-5x2-over-tanx-as-x-to-1,Yes,Excluded,,,Yes,Partial,0,0,Unknown,,Not reviewed
https://derivativecalculatorai.com/limit-of-sqrtx-2sqrtx-over-lnx-as-x-to--1,limit-of-sqrtx-2sqrtx-over-lnx-as-x-to--1,problems.json,limit,problem,200,Yes,index,https://derivativecalculatorai.com/limit-of-sqrtx-2sqrtx-over-lnx-as-x-to--1,Yes,Excluded,,,Yes,Partial,0,0,Unknown,,Not reviewed
https://derivativecalculatorai.com/limit-of-sqrt5ex--sqrt4x2-as-x-to-1,limit-of-sqrt5ex--sqrt4x2-as-x-to-1,problems.json,limit,problem,200,Yes,index,https://derivativecalculatorai.com/limit-of-sqrt5ex--sqrt4x2-as-x-to-1,Yes,Excluded,,,Yes,Partial,0,0,Unknown,,Not reviewed
https://derivativecalculatorai.com/limit-of-sqrt3sinx--sqrtabsx-as-x-to-0,limit-of-sqrt3sinx--sqrtabsx-as-x-to-0,problems.json,limit,problem,200,Yes,index,https://derivativecalculatorai.com/limit-of-sqrt3sinx--sqrtabsx-as-x-to-0,Yes,Excluded,,,Yes,Partial,0,0,Unknown,,Not reviewed
https://derivativecalculatorai.com/limit-of-3cosx-4x-over-tanx-as-x-to-1,limit-of-3cosx-4x-over-tanx-as-x-to-1,problems.json,limit,problem,200,Yes,index,https://derivativecalculatorai.com/limit-of-3cosx-4x-over-tanx-as-x-to-1,Yes,Excluded,,,Yes,Partial,0,0,Unknown,,Not reviewed
https://derivativecalculatorai.com/limit-of-5cosx--51-over-x-over-tanx--x2-as-x-to--2,limit-of-5cosx--51-over-x-over-tanx--x2-as-x-to--2,problems.json,limit,problem,200,Yes,index,https://derivativecalculatorai.com/limit-of-5cosx--51-over-x-over-tanx--x2-as-x-to--2,Yes,Excluded,,,Yes,Partial,0,0,Unknown,,Not reviewed
https://derivativecalculatorai.com/limit-of-tanx--5x3-over-ex--lnx-as-x-to-1,limit-of-tanx--5x3-over-ex--lnx-as-x-to-1,problems.json,limit,problem,200,Yes,index,https://derivativecalculatorai.com/limit-of-tanx--5x3-over-ex--lnx-as-x-to-1,Yes,Excluded,,,Yes,Partial,0,0,Unknown,,Not reviewed
https://derivativecalculatorai.com/limit-of-sqrtabsx--sqrt3x-as-x-to-inf,limit-of-sqrtabsx--sqrt3x-as-x-to-inf,problems.json,limit,problem,200,Yes,index,https://derivativecalculatorai.com/limit-of-sqrtabsx--sqrt3x-as-x-to-inf,Yes,Excluded,,,Yes,Partial,0,0,Unknown,,Not reviewed
https://derivativecalculatorai.com/limit-of-cosx2--5tanx2-as-x-to-inf,limit-of-cosx2--5tanx2-as-x-to-inf,problems.json,limit,problem,200,Yes,index,https://derivativecalculatorai.com/limit-of-cosx2--5tanx2-as-x-to-inf,Yes,Excluded,,,Yes,Partial,0,0,Unknown,,Not reviewed
https://derivativecalculatorai.com/limit-of-1-over-3cosx--1-over-3x2-as-x-to-2,limit-of-1-over-3cosx--1-over-3x2-as-x-to-2,problems.json,limit,problem,200,Yes,index,https://derivativecalculatorai.com/limit-of-1-over-3cosx--1-over-3x2-as-x-to-2,Yes,Excluded,,,Yes,Partial,0,0,Unknown,,Not reviewed
https://derivativecalculatorai.com/limit-of-1-over-2tanx--1-over-41-over-x2-as-x-to-pi,limit-of-1-over-2tanx--1-over-41-over-x2-as-x-to-pi,problems.json,limit,problem,200,No,noindex,https://derivativecalculatorai.com/limit-of-1-over-2tanx--1-over-41-over-x2-as-x-to-pi,Yes,Excluded,,,Yes,Partial,0,0,Unknown,,Not reviewed
https://derivativecalculatorai.com/limit-of-tanx-over-3x2-as-x-to-pi,limit-of-tanx-over-3x2-as-x-to-pi,problems.json,limit,problem,200,Yes,index,https://derivativecalculatorai.com/limit-of-tanx-over-3x2-as-x-to-pi,Yes,Excluded,,,Yes,Partial,0,0,Unknown,,Not reviewed
https://derivativecalculatorai.com/limit-of-x3-over-1-over-x2-as-x-to-1,limit-of-x3-over-1-over-x2-as-x-to-1,problems.json,limit,problem,200,Yes,index,https://derivativecalculatorai.com/limit-of-x3-over-1-over-x2-as-x-to-1,Yes,Excluded,,,Yes,Partial,0,0,Unknown,,Not reviewed
https://derivativecalculatorai.com/limit-of-tanx-over-1-over-x-as-x-to-0,limit-of-tanx-over-1-over-x-as-x-to-0,problems.json,limit,problem,200,Yes,index,https://derivativecalculatorai.com/limit-of-tanx-over-1-over-x-as-x-to-0,Yes,Excluded,,,Yes,Partial,0,0,Unknown,,Not reviewed
https://derivativecalculatorai.com/limit-of-1-over-3x2--1-over-3x-as-x-to-1,limit-of-1-over-3x2--1-over-3x-as-x-to-1,problems.json,limit,problem,200,Yes,index,https://derivativecalculatorai.com/limit-of-1-over-3x2--1-over-3x-as-x-to-1,Yes,Excluded,,,Yes,Partial,0,0,Unknown,,Not reviewed
https://derivativecalculatorai.com/limit-of-5sinx--sqrtx-over-1-over-x2--x-as-x-to--1,limit-of-5sinx--sqrtx-over-1-over-x2--x-as-x-to--1,problems.json,limit,problem,200,Yes,index,https://derivativecalculatorai.com/limit-of-5sinx--sqrtx-over-1-over-x2--x-as-x-to--1,Yes,Excluded,,,Yes,Partial,0,0,Unknown,,Not reviewed
https://derivativecalculatorai.com/limit-of-sqrtx--x-over-x3--1-over-x2-as-x-to--inf,limit-of-sqrtx--x-over-x3--1-over-x2-as-x-to--inf,problems.json,limit,problem,200,Yes,index,https://derivativecalculatorai.com/limit-of-sqrtx--x-over-x3--1-over-x2-as-x-to--inf,Yes,Excluded,,,Yes,Partial,0,0,Unknown,,Not reviewed
https://derivativecalculatorai.com/limit-of-3sqrtx--sqrtx-over-x2--cosx-as-x-to-inf,limit-of-3sqrtx--sqrtx-over-x2--cosx-as-x-to-inf,problems.json,limit,problem,200,Yes,index,https://derivativecalculatorai.com/limit-of-3sqrtx--sqrtx-over-x2--cosx-as-x-to-inf,Yes,Excluded,,,Yes,Partial,0,0,Unknown,,Not reviewed
https://derivativecalculatorai.com/limit-of-x2--2tanx2-as-x-to-1,limit-of-x2--2tanx2-as-x-to-1,problems.json,limit,problem,200,Yes,index,https://derivativecalculatorai.com/limit-of-x2--2tanx2-as-x-to-1,Yes,Excluded,,,Yes,Partial,0,0,Unknown,,Not reviewed
https://derivativecalculatorai.com/limit-of-5x-4x-over-lnx-as-x-to-inf,limit-of-5x-4x-over-lnx-as-x-to-inf,problems.json,limit,problem,200,Yes,index,https://derivativecalculatorai.com/limit-of-5x-4x-over-lnx-as-x-to-inf,Yes,Excluded,,,Yes,Partial,0,0,Unknown,,Not reviewed
https://derivativecalculatorai.com/limit-of-51-over-x2--5sinx2-as-x-to-pi,limit-of-51-over-x2--5sinx2-as-x-to-pi,problems.json,limit,problem,200,Yes,index,https://derivativecalculatorai.com/limit-of-51-over-x2--5sinx2-as-x-to-pi,Yes,Excluded,,,Yes,Partial,0,0,Unknown,,Not reviewed
https://derivativecalculatorai.com/limit-of-1-over-21-over-x--1-over-cosx-as-x-to--1,limit-of-1-over-21-over-x--1-over-cosx-as-x-to--1,problems.json,limit,problem,200,Yes,index,https://derivativecalculatorai.com/limit-of-1-over-21-over-x--1-over-cosx-as-x-to--1,Yes,Excluded,,,Yes,Partial,0,0,Unknown,,Not reviewed
https://derivativecalculatorai.com/limit-of-sqrt3x3--sqrt5lnx-as-x-to-0,limit-of-sqrt3x3--sqrt5lnx-as-x-to-0,problems.json,limit,problem,200,Yes,index,https://derivativecalculatorai.com/limit-of-sqrt3x3--sqrt5lnx-as-x-to-0,Yes,Excluded,,,Yes,Partial,0,0,Unknown,,Not reviewed
https://derivativecalculatorai.com/limit-of-sqrtsqrtx--sqrt1-over-x2-as-x-to-inf,limit-of-sqrtsqrtx--sqrt1-over-x2-as-x-to-inf,problems.json,limit,problem,200,Yes,index,https://derivativecalculatorai.com/limit-of-sqrtsqrtx--sqrt1-over-x2-as-x-to-inf,Yes,Excluded,,,Yes,Partial,0,0,Unknown,,Not reviewed
https://derivativecalculatorai.com/limit-of-sqrtabsx--sqrt5tanx-as-x-to-2,limit-of-sqrtabsx--sqrt5tanx-as-x-to-2,problems.json,limit,problem,200,Yes,index,https://derivativecalculatorai.com/limit-of-sqrtabsx--sqrt5tanx-as-x-to-2,Yes,Excluded,,,Yes,Partial,0,0,Unknown,,Not reviewed
https://derivativecalculatorai.com/limit-of-5cosx-1-over-x-over-x2-as-x-to-1,limit-of-5cosx-1-over-x-over-x2-as-x-to-1,problems.json,limit,problem,200,Yes,index,https://derivativecalculatorai.com/limit-of-5cosx-1-over-x-over-x2-as-x-to-1,Yes,Excluded,,,Yes,Partial,0,0,Unknown,,Not reviewed
https://derivativecalculatorai.com/limit-of-sqrt5absx--sqrt2sqrtx-as-x-to--2,limit-of-sqrt5absx--sqrt2sqrtx-as-x-to--2,problems.json,limit,problem,200,Yes,index,https://derivativecalculatorai.com/limit-of-sqrt5absx--sqrt2sqrtx-as-x-to--2,Yes,Excluded,,,Yes,Partial,0,0,Unknown,,Not reviewed
https://derivativecalculatorai.com/limit-of-3x-over-ex-as-x-to-1,limit-of-3x-over-ex-as-x-to-1,problems.json,limit,problem,200,Yes,index,https://derivativecalculatorai.com/limit-of-3x-over-ex-as-x-to-1,Yes,Excluded,,,Yes,Partial,0,0,Unknown,,Not reviewed
https://derivativecalculatorai.com/limit-of-1-over-sqrtx--1-over-4sqrtx-as-x-to--1,limit-of-1-over-sqrtx--1-over-4sqrtx-as-x-to--1,problems.json,limit,problem,200,Yes,index,https://derivativecalculatorai.com/limit-of-1-over-sqrtx--1-over-4sqrtx-as-x-to--1,Yes,Excluded,,,Yes,Partial,0,0,Unknown,,Not reviewed
https://derivativecalculatorai.com/limit-of-1-over-1-over-x--1-over-ex-as-x-to-pi-2,limit-of-1-over-1-over-x--1-over-ex-as-x-to-pi-2,problems.json,limit,problem,200,Yes,index,https://derivativecalculatorai.com/limit-of-1-over-1-over-x--1-over-ex-as-x-to-pi-2,Yes,Excluded,,,Yes,Partial,0,0,Unknown,,Not reviewed
https://derivativecalculatorai.com/limit-of-tanx-over-x2-as-x-to-1,limit-of-tanx-over-x2-as-x-to-1,problems.json,limit,problem,200,Yes,index,https://derivativecalculatorai.com/limit-of-tanx-over-x2-as-x-to-1,Yes,Excluded,,,Yes,Partial,0,0,Unknown,,Not reviewed
https://derivativecalculatorai.com/limit-of-1-over-x2--x3-over-1-over-x--1-over-x2-as-x-to-0,limit-of-1-over-x2--x3-over-1-over-x--1-over-x2-as-x-to-0,problems.json,limit,problem,200,No,noindex,https://derivativecalculatorai.com/limit-of-1-over-x2--x3-over-1-over-x--1-over-x2-as-x-to-0,Yes,Excluded,,,Yes,Partial,0,0,Unknown,,Not reviewed
https://derivativecalculatorai.com/limit-of-sqrttanx--sqrtabsx-as-x-to-0,limit-of-sqrttanx--sqrtabsx-as-x-to-0,problems.json,limit,problem,200,Yes,index,https://derivativecalculatorai.com/limit-of-sqrttanx--sqrtabsx-as-x-to-0,Yes,Excluded,,,Yes,Partial,0,0,Unknown,,Not reviewed
https://derivativecalculatorai.com/limit-of-3ex--1-over-x2-over-sqrtx--x3-as-x-to-pi-2,limit-of-3ex--1-over-x2-over-sqrtx--x3-as-x-to-pi-2,problems.json,limit,problem,200,No,noindex,https://derivativecalculatorai.com/limit-of-3ex--1-over-x2-over-sqrtx--x3-as-x-to-pi-2,Yes,Excluded,,,Yes,Partial,0,0,Unknown,,Not reviewed
https://derivativecalculatorai.com/limit-of-4sinx-over-lnx-as-x-to--2,limit-of-4sinx-over-lnx-as-x-to--2,problems.json,limit,problem,200,Yes,index,https://derivativecalculatorai.com/limit-of-4sinx-over-lnx-as-x-to--2,Yes,Excluded,,,Yes,Partial,0,0,Unknown,,Not reviewed
https://derivativecalculatorai.com/limit-of-1-over-sqrtx--1-over-4absx-as-x-to--1,limit-of-1-over-sqrtx--1-over-4absx-as-x-to--1,problems.json,limit,problem,200,Yes,index,https://derivativecalculatorai.com/limit-of-1-over-sqrtx--1-over-4absx-as-x-to--1,Yes,Excluded,,,Yes,Partial,0,0,Unknown,,Not reviewed
https://derivativecalculatorai.com/limit-of-2ex-over-3x2-as-x-to-pi-2,limit-of-2ex-over-3x2-as-x-to-pi-2,problems.json,limit,problem,200,Yes,index,https://derivativecalculatorai.com/limit-of-2ex-over-3x2-as-x-to-pi-2,Yes,Excluded,,,Yes,Partial,0,0,Unknown,,Not reviewed
https://derivativecalculatorai.com/limit-of-sqrtx--21-over-x2-over-cosx--x2-as-x-to--1,limit-of-sqrtx--21-over-x2-over-cosx--x2-as-x-to--1,problems.json,limit,problem,200,No,noindex,https://derivativecalculatorai.com/limit-of-sqrtx--21-over-x2-over-cosx--x2-as-x-to--1,Yes,Excluded,,,Yes,Partial,0,0,Unknown,,Not reviewed
https://derivativecalculatorai.com/limit-of-sqrtlnx--sqrtex-as-x-to-1,limit-of-sqrtlnx--sqrtex-as-x-to-1,problems.json,limit,problem,200,Yes,index,https://derivativecalculatorai.com/limit-of-sqrtlnx--sqrtex-as-x-to-1,Yes,Excluded,,,Yes,Partial,0,0,Unknown,,Not reviewed
https://derivativecalculatorai.com/limit-of-tanx2--tanx2-as-x-to--inf,limit-of-tanx2--tanx2-as-x-to--inf,problems.json,limit,problem,200,Yes,index,https://derivativecalculatorai.com/limit-of-tanx2--tanx2-as-x-to--inf,Yes,Excluded,,,Yes,Partial,0,0,Unknown,,Not reviewed
https://derivativecalculatorai.com/limit-of-2lnx2--cosx2-as-x-to--2,limit-of-2lnx2--cosx2-as-x-to--2,problems.json,limit,problem,200,Yes,index,https://derivativecalculatorai.com/limit-of-2lnx2--cosx2-as-x-to--2,Yes,Excluded,,,Yes,Partial,0,0,Unknown,,Not reviewed
https://derivativecalculatorai.com/limit-of-absx2--1-over-x22-as-x-to--1,limit-of-absx2--1-over-x22-as-x-to--1,problems.json,limit,problem,200,Yes,index,https://derivativecalculatorai.com/limit-of-absx2--1-over-x22-as-x-to--1,Yes,Excluded,,,Yes,Partial,0,0,Unknown,,Not reviewed
https://derivativecalculatorai.com/limit-of-absx2--5sqrtx2-as-x-to--2,limit-of-absx2--5sqrtx2-as-x-to--2,problems.json,limit,problem,200,Yes,index,https://derivativecalculatorai.com/limit-of-absx2--5sqrtx2-as-x-to--2,Yes,Excluded,,,Yes,Partial,0,0,Unknown,,Not reviewed
https://derivativecalculatorai.com/limit-of-lnx-over-x-as-x-to--1,limit-of-lnx-over-x-as-x-to--1,problems.json,limit,problem,200,Yes,index,https://derivativecalculatorai.com/limit-of-lnx-over-x-as-x-to--1,Yes,Excluded,,,Yes,Partial,0,0,Unknown,,Not reviewed
https://derivativecalculatorai.com/limit-of-1-over-2sinx--1-over-2sinx-as-x-to-1,limit-of-1-over-2sinx--1-over-2sinx-as-x-to-1,problems.json,limit,problem,200,Yes,index,https://derivativecalculatorai.com/limit-of-1-over-2sinx--1-over-2sinx-as-x-to-1,Yes,Excluded,,,Yes,Partial,0,0,Unknown,,Not reviewed
https://derivativecalculatorai.com/limit-of-x-over-ex-as-x-to-0,limit-of-x-over-ex-as-x-to-0,problems.json,limit,problem,200,Yes,index,https://derivativecalculatorai.com/limit-of-x-over-ex-as-x-to-0,Yes,Excluded,,,Yes,Partial,0,0,Unknown,,Not reviewed
https://derivativecalculatorai.com/limit-of-1-over-x2--2cosx2-as-x-to-pi,limit-of-1-over-x2--2cosx2-as-x-to-pi,problems.json,limit,problem,200,No,noindex,https://derivativecalculatorai.com/limit-of-1-over-x2--2cosx2-as-x-to-pi,Yes,Excluded,,,Yes,Partial,0,0,Unknown,,Not reviewed
https://derivativecalculatorai.com/limit-of-absx-sinx-over-1-over-x2-as-x-to--2,limit-of-absx-sinx-over-1-over-x2-as-x-to--2,problems.json,limit,problem,200,Yes,index,https://derivativecalculatorai.com/limit-of-absx-sinx-over-1-over-x2-as-x-to--2,Yes,Excluded,,,Yes,Partial,0,0,Unknown,,Not reviewed
https://derivativecalculatorai.com/limit-of-sqrtex--sqrt3tanx-as-x-to--2,limit-of-sqrtex--sqrt3tanx-as-x-to--2,problems.json,limit,problem,200,Yes,index,https://derivativecalculatorai.com/limit-of-sqrtex--sqrt3tanx-as-x-to--2,Yes,Excluded,,,Yes,Partial,0,0,Unknown,,Not reviewed
https://derivativecalculatorai.com/limit-of-41-over-x-over-5x-as-x-to-pi-2,limit-of-41-over-x-over-5x-as-x-to-pi-2,problems.json,limit,problem,200,Yes,index,https://derivativecalculatorai.com/limit-of-41-over-x-over-5x-as-x-to-pi-2,Yes,Excluded,,,Yes,Partial,0,0,Unknown,,Not reviewed
https://derivativecalculatorai.com/limit-of-4tanx2--1-over-x2-as-x-to-0,limit-of-4tanx2--1-over-x2-as-x-to-0,problems.json,limit,problem,200,Yes,index,https://derivativecalculatorai.com/limit-of-4tanx2--1-over-x2-as-x-to-0,Yes,Excluded,,,Yes,Partial,0,0,Unknown,,Not reviewed
https://derivativecalculatorai.com/limit-of-1-over-21-over-x--1-over-tanx-as-x-to-0,limit-of-1-over-21-over-x--1-over-tanx-as-x-to-0,problems.json,limit,problem,200,Yes,index,https://derivativecalculatorai.com/limit-of-1-over-21-over-x--1-over-tanx-as-x-to-0,Yes,Excluded,,,Yes,Partial,0,0,Unknown,,Not reviewed
https://derivativecalculatorai.com/limit-of-1-over-lnx--1-over-1-over-x-as-x-to--inf,limit-of-1-over-lnx--1-over-1-over-x-as-x-to--inf,problems.json,limit,problem,200,Yes,index,https://derivativecalculatorai.com/limit-of-1-over-lnx--1-over-1-over-x-as-x-to--inf,Yes,Excluded,,,Yes,Partial,0,0,Unknown,,Not reviewed
https://derivativecalculatorai.com/limit-of-1-over-4tanx--1-over-1-over-x-as-x-to--1,limit-of-1-over-4tanx--1-over-1-over-x-as-x-to--1,problems.json,limit,problem,200,Yes,index,https://derivativecalculatorai.com/limit-of-1-over-4tanx--1-over-1-over-x-as-x-to--1,Yes,Excluded,,,Yes,Partial,0,0,Unknown,,Not reviewed
https://derivativecalculatorai.com/limit-of-sqrt4cosx--sqrtx2-as-x-to--2,limit-of-sqrt4cosx--sqrtx2-as-x-to--2,problems.json,limit,problem,200,Yes,index,https://derivativecalculatorai.com/limit-of-sqrt4cosx--sqrtx2-as-x-to--2,Yes,Excluded,,,Yes,Partial,0,0,Unknown,,Not reviewed
https://derivativecalculatorai.com/limit-of-5absx-over-1-over-x-as-x-to-1,limit-of-5absx-over-1-over-x-as-x-to-1,problems.json,limit,problem,200,Yes,index,https://derivativecalculatorai.com/limit-of-5absx-over-1-over-x-as-x-to-1,Yes,Excluded,,,Yes,Partial,0,0,Unknown,,Not reviewed
https://derivativecalculatorai.com/limit-of-3x2--lnx2-as-x-to--inf,limit-of-3x2--lnx2-as-x-to--inf,problems.json,limit,problem,200,Yes,index,https://derivativecalculatorai.com/limit-of-3x2--lnx2-as-x-to--inf,Yes,Excluded,,,Yes,Partial,0,0,Unknown,,Not reviewed
https://derivativecalculatorai.com/limit-of-5x2-lnx-over-x3-as-x-to--inf,limit-of-5x2-lnx-over-x3-as-x-to--inf,problems.json,limit,problem,200,Yes,index,https://derivativecalculatorai.com/limit-of-5x2-lnx-over-x3-as-x-to--inf,Yes,Excluded,,,Yes,Partial,0,0,Unknown,,Not reviewed
https://derivativecalculatorai.com/limit-of-x2-x2-over-sinx-as-x-to--2,limit-of-x2-x2-over-sinx-as-x-to--2,problems.json,limit,problem,200,Yes,index,https://derivativecalculatorai.com/limit-of-x2-x2-over-sinx-as-x-to--2,Yes,Excluded,,,Yes,Partial,0,0,Unknown,,Not reviewed
https://derivativecalculatorai.com/limit-of-2lnx-31-over-x-over-tanx-as-x-to--2,limit-of-2lnx-31-over-x-over-tanx-as-x-to--2,problems.json,limit,problem,200,Yes,index,https://derivativecalculatorai.com/limit-of-2lnx-31-over-x-over-tanx-as-x-to--2,Yes,Excluded,,,Yes,Partial,0,0,Unknown,,Not reviewed
https://derivativecalculatorai.com/limit-of-5sinx--ex-over-1-over-x--1-over-x2-as-x-to-2,limit-of-5sinx--ex-over-1-over-x--1-over-x2-as-x-to-2,problems.json,limit,problem,200,No,noindex,https://derivativecalculatorai.com/limit-of-5sinx--ex-over-1-over-x--1-over-x2-as-x-to-2,Yes,Excluded,,,Yes,Partial,0,0,Unknown,,Not reviewed
https://derivativecalculatorai.com/limit-of-sinx-31-over-x-over-x-as-x-to-2,limit-of-sinx-31-over-x-over-x-as-x-to-2,problems.json,limit,problem,200,Yes,index,https://derivativecalculatorai.com/limit-of-sinx-31-over-x-over-x-as-x-to-2,Yes,Excluded,,,Yes,Partial,0,0,Unknown,,Not reviewed
https://derivativecalculatorai.com/limit-of-cosx2--4x22-as-x-to-inf,limit-of-cosx2--4x22-as-x-to-inf,problems.json,limit,problem,200,No,noindex,https://derivativecalculatorai.com/limit-of-cosx2--4x22-as-x-to-inf,Yes,Excluded,,,Yes,Partial,0,0,Unknown,,Not reviewed
https://derivativecalculatorai.com/limit-of-sqrtx--sqrt2x-as-x-to-0,limit-of-sqrtx--sqrt2x-as-x-to-0,problems.json,limit,problem,200,Yes,index,https://derivativecalculatorai.com/limit-of-sqrtx--sqrt2x-as-x-to-0,Yes,Excluded,,,Yes,Partial,0,0,Unknown,,Not reviewed
https://derivativecalculatorai.com/limit-of-sqrt3x3--sqrt2cosx-as-x-to-2,limit-of-sqrt3x3--sqrt2cosx-as-x-to-2,problems.json,limit,problem,200,Yes,index,https://derivativecalculatorai.com/limit-of-sqrt3x3--sqrt2cosx-as-x-to-2,Yes,Excluded,,,Yes,Partial,0,0,Unknown,,Not reviewed
https://derivativecalculatorai.com/limit-of-sqrt4tanx--sqrt1-over-x-as-x-to--2,limit-of-sqrt4tanx--sqrt1-over-x-as-x-to--2,problems.json,limit,problem,200,Yes,index,https://derivativecalculatorai.com/limit-of-sqrt4tanx--sqrt1-over-x-as-x-to--2,Yes,Excluded,,,Yes,Partial,0,0,Unknown,,Not reviewed
https://derivativecalculatorai.com/limit-of-1-over-ex--1-over-3sqrtx-as-x-to--1,limit-of-1-over-ex--1-over-3sqrtx-as-x-to--1,problems.json,limit,problem,200,Yes,index,https://derivativecalculatorai.com/limit-of-1-over-ex--1-over-3sqrtx-as-x-to--1,Yes,Excluded,,,Yes,Partial,0,0,Unknown,,Not reviewed
https://derivativecalculatorai.com/limit-of-sqrt2ex--sqrt2x2-as-x-to-1,limit-of-sqrt2ex--sqrt2x2-as-x-to-1,problems.json,limit,problem,200,Yes,index,https://derivativecalculatorai.com/limit-of-sqrt2ex--sqrt2x2-as-x-to-1,Yes,Excluded,,,Yes,Partial,0,0,Unknown,,Not reviewed
https://derivativecalculatorai.com/limit-of-1-over-1-over-x2--1-over-4sqrtx-as-x-to-pi-2,limit-of-1-over-1-over-x2--1-over-4sqrtx-as-x-to-pi-2,problems.json,limit,problem,200,No,noindex,https://derivativecalculatorai.com/limit-of-1-over-1-over-x2--1-over-4sqrtx-as-x-to-pi-2,Yes,Excluded,,,Yes,Partial,0,0,Unknown,,Not reviewed
https://derivativecalculatorai.com/limit-of-5lnx-over-x2-as-x-to--1,limit-of-5lnx-over-x2-as-x-to--1,problems.json,limit,problem,200,Yes,index,https://derivativecalculatorai.com/limit-of-5lnx-over-x2-as-x-to--1,Yes,Excluded,,,Yes,Partial,0,0,Unknown,,Not reviewed
https://derivativecalculatorai.com/limit-of-cosx--5ex-over-sinx--ex-as-x-to-2,limit-of-cosx--5ex-over-sinx--ex-as-x-to-2,problems.json,limit,problem,200,Yes,index,https://derivativecalculatorai.com/limit-of-cosx--5ex-over-sinx--ex-as-x-to-2,Yes,Excluded,,,Yes,Partial,0,0,Unknown,,Not reviewed
https://derivativecalculatorai.com/limit-of-sqrt51-over-x2--sqrt2x3-as-x-to--1,limit-of-sqrt51-over-x2--sqrt2x3-as-x-to--1,problems.json,limit,problem,200,Yes,index,https://derivativecalculatorai.com/limit-of-sqrt51-over-x2--sqrt2x3-as-x-to--1,Yes,Excluded,,,Yes,Partial,0,0,Unknown,,Not reviewed
https://derivativecalculatorai.com/limit-of-1-over-x22--5sinx2-as-x-to-1,limit-of-1-over-x22--5sinx2-as-x-to-1,problems.json,limit,problem,200,Yes,index,https://derivativecalculatorai.com/limit-of-1-over-x22--5sinx2-as-x-to-1,Yes,Excluded,,,Yes,Partial,0,0,Unknown,,Not reviewed
https://derivativecalculatorai.com/limit-of-1-over-x2--5sqrtx-over-tanx--sqrtx-as-x-to-pi,limit-of-1-over-x2--5sqrtx-over-tanx--sqrtx-as-x-to-pi,problems.json,limit,problem,200,No,noindex,https://derivativecalculatorai.com/limit-of-1-over-x2--5sqrtx-over-tanx--sqrtx-as-x-to-pi,Yes,Excluded,,,Yes,Partial,0,0,Unknown,,Not reviewed
https://derivativecalculatorai.com/limit-of-3absx-over-cosx-as-x-to--1,limit-of-3absx-over-cosx-as-x-to--1,problems.json,limit,problem,200,Yes,index,https://derivativecalculatorai.com/limit-of-3absx-over-cosx-as-x-to--1,Yes,Excluded,,,Yes,Partial,0,0,Unknown,,Not reviewed
https://derivativecalculatorai.com/limit-of-1-over-x2--lnx-over-x3--x3-as-x-to-inf,limit-of-1-over-x2--lnx-over-x3--x3-as-x-to-inf,problems.json,limit,problem,200,Yes,index,https://derivativecalculatorai.com/limit-of-1-over-x2--lnx-over-x3--x3-as-x-to-inf,Yes,Excluded,,,Yes,Partial,0,0,Unknown,,Not reviewed
https://derivativecalculatorai.com/limit-of-2sinx2--sinx2-as-x-to-pi,limit-of-2sinx2--sinx2-as-x-to-pi,problems.json,limit,problem,200,Yes,index,https://derivativecalculatorai.com/limit-of-2sinx2--sinx2-as-x-to-pi,Yes,Excluded,,,Yes,Partial,0,0,Unknown,,Not reviewed
https://derivativecalculatorai.com/limit-of-1-over-2cosx--1-over-3sqrtx-as-x-to-0,limit-of-1-over-2cosx--1-over-3sqrtx-as-x-to-0,problems.json,limit,problem,200,Yes,index,https://derivativecalculatorai.com/limit-of-1-over-2cosx--1-over-3sqrtx-as-x-to-0,Yes,Excluded,,,Yes,Partial,0,0,Unknown,,Not reviewed
https://derivativecalculatorai.com/limit-of-x-ex-over-x3-as-x-to-1,limit-of-x-ex-over-x3-as-x-to-1,problems.json,limit,problem,200,Yes,index,https://derivativecalculatorai.com/limit-of-x-ex-over-x3-as-x-to-1,Yes,Excluded,,,Yes,Partial,0,0,Unknown,,Not reviewed
https://derivativecalculatorai.com/limit-of-1-over-sqrtx--1-over-51-over-x2-as-x-to-0,limit-of-1-over-sqrtx--1-over-51-over-x2-as-x-to-0,problems.json,limit,problem,200,Yes,index,https://derivativecalculatorai.com/limit-of-1-over-sqrtx--1-over-51-over-x2-as-x-to-0,Yes,Excluded,,,Yes,Partial,0,0,Unknown,,Not reviewed
https://derivativecalculatorai.com/limit-of-4x3-4sqrtx-over-cosx-as-x-to-pi-2,limit-of-4x3-4sqrtx-over-cosx-as-x-to-pi-2,problems.json,limit,problem,200,Yes,index,https://derivativecalculatorai.com/limit-of-4x3-4sqrtx-over-cosx-as-x-to-pi-2,Yes,Excluded,,,Yes,Partial,0,0,Unknown,,Not reviewed
https://derivativecalculatorai.com/limit-of-tanx--3x-over-sinx--sinx-as-x-to-0,limit-of-tanx--3x-over-sinx--sinx-as-x-to-0,problems.json,limit,problem,200,Yes,index,https://derivativecalculatorai.com/limit-of-tanx--3x-over-sinx--sinx-as-x-to-0,Yes,Excluded,,,Yes,Partial,0,0,Unknown,,Not reviewed
https://derivativecalculatorai.com/limit-of-3sqrtx-sinx-over-ex-as-x-to-0,limit-of-3sqrtx-sinx-over-ex-as-x-to-0,problems.json,limit,problem,200,No,noindex,https://derivativecalculatorai.com/limit-of-3sqrtx-sinx-over-ex-as-x-to-0,Yes,Excluded,,,Yes,Partial,0,0,Unknown,,Not reviewed
https://derivativecalculatorai.com/limit-of-sqrt2x2--sqrt5ex-as-x-to-inf,limit-of-sqrt2x2--sqrt5ex-as-x-to-inf,problems.json,limit,problem,200,Yes,index,https://derivativecalculatorai.com/limit-of-sqrt2x2--sqrt5ex-as-x-to-inf,Yes,Excluded,,,Yes,Partial,0,0,Unknown,,Not reviewed
https://derivativecalculatorai.com/limit-of-1-over-5sqrtx--1-over-2sqrtx-as-x-to--inf,limit-of-1-over-5sqrtx--1-over-2sqrtx-as-x-to--inf,problems.json,limit,problem,200,Yes,index,https://derivativecalculatorai.com/limit-of-1-over-5sqrtx--1-over-2sqrtx-as-x-to--inf,Yes,Excluded,,,Yes,Partial,0,0,Unknown,,Not reviewed
https://derivativecalculatorai.com/limit-of-41-over-x2-4x-over-lnx-as-x-to-0,limit-of-41-over-x2-4x-over-lnx-as-x-to-0,problems.json,limit,problem,200,Yes,index,https://derivativecalculatorai.com/limit-of-41-over-x2-4x-over-lnx-as-x-to-0,Yes,Excluded,,,Yes,Partial,0,0,Unknown,,Not reviewed
https://derivativecalculatorai.com/limit-of-5absx--3lnx-over-absx--x2-as-x-to-2,limit-of-5absx--3lnx-over-absx--x2-as-x-to-2,problems.json,limit,problem,200,Yes,index,https://derivativecalculatorai.com/limit-of-5absx--3lnx-over-absx--x2-as-x-to-2,Yes,Excluded,,,Yes,Partial,0,0,Unknown,,Not reviewed
https://derivativecalculatorai.com/limit-of-1-over-sqrtx--1-over-3sqrtx-as-x-to-pi,limit-of-1-over-sqrtx--1-over-3sqrtx-as-x-to-pi,problems.json,limit,problem,200,Yes,index,https://derivativecalculatorai.com/limit-of-1-over-sqrtx--1-over-3sqrtx-as-x-to-pi,Yes,Excluded,,,Yes,Partial,0,0,Unknown,,Not reviewed
https://derivativecalculatorai.com/limit-of-5tanx-over-sinx-as-x-to--inf,limit-of-5tanx-over-sinx-as-x-to--inf,problems.json,limit,problem,200,Yes,index,https://derivativecalculatorai.com/limit-of-5tanx-over-sinx-as-x-to--inf,Yes,Excluded,,,Yes,Partial,0,0,Unknown,,Not reviewed
https://derivativecalculatorai.com/limit-of-2x2-over-tanx-as-x-to--2,limit-of-2x2-over-tanx-as-x-to--2,problems.json,limit,problem,200,Yes,index,https://derivativecalculatorai.com/limit-of-2x2-over-tanx-as-x-to--2,Yes,Excluded,,,Yes,Partial,0,0,Unknown,,Not reviewed
https://derivativecalculatorai.com/limit-of-31-over-x2--cosx-over-ex--absx-as-x-to-pi,limit-of-31-over-x2--cosx-over-ex--absx-as-x-to-pi,problems.json,limit,problem,200,Yes,index,https://derivativecalculatorai.com/limit-of-31-over-x2--cosx-over-ex--absx-as-x-to-pi,Yes,Excluded,,,Yes,Partial,0,0,Unknown,,Not reviewed
https://derivativecalculatorai.com/limit-of-sqrt3x2--sqrt4sinx-as-x-to--inf,limit-of-sqrt3x2--sqrt4sinx-as-x-to--inf,problems.json,limit,problem,200,Yes,index,https://derivativecalculatorai.com/limit-of-sqrt3x2--sqrt4sinx-as-x-to--inf,Yes,Excluded,,,Yes,Partial,0,0,Unknown,,Not reviewed
https://derivativecalculatorai.com/limit-of-x2-over-4ex-as-x-to-1,limit-of-x2-over-4ex-as-x-to-1,problems.json,limit,problem,200,Yes,index,https://derivativecalculatorai.com/limit-of-x2-over-4ex-as-x-to-1,Yes,Excluded,,,Yes,Partial,0,0,Unknown,,Not reviewed
https://derivativecalculatorai.com/limit-of-cosx2--absx2-as-x-to--inf,limit-of-cosx2--absx2-as-x-to--inf,problems.json,limit,problem,200,Yes,index,https://derivativecalculatorai.com/limit-of-cosx2--absx2-as-x-to--inf,Yes,Excluded,,,Yes,Partial,0,0,Unknown,,Not reviewed
https://derivativecalculatorai.com/limit-of-3ex-over-absx-as-x-to-pi-2,limit-of-3ex-over-absx-as-x-to-pi-2,problems.json,limit,problem,200,Yes,index,https://derivativecalculatorai.com/limit-of-3ex-over-absx-as-x-to-pi-2,Yes,Excluded,,,Yes,Partial,0,0,Unknown,,Not reviewed
https://derivativecalculatorai.com/limit-of-1-over-1-over-x--1-over-sinx-as-x-to-pi-2,limit-of-1-over-1-over-x--1-over-sinx-as-x-to-pi-2,problems.json,limit,problem,200,Yes,index,https://derivativecalculatorai.com/limit-of-1-over-1-over-x--1-over-sinx-as-x-to-pi-2,Yes,Excluded,,,Yes,Partial,0,0,Unknown,,Not reviewed
https://derivativecalculatorai.com/limit-of-31-over-x2-over-sinx-as-x-to--2,limit-of-31-over-x2-over-sinx-as-x-to--2,problems.json,limit,problem,200,Yes,index,https://derivativecalculatorai.com/limit-of-31-over-x2-over-sinx-as-x-to--2,Yes,Excluded,,,Yes,Partial,0,0,Unknown,,Not reviewed
https://derivativecalculatorai.com/limit-of-31-over-x-over-tanx-as-x-to-pi,limit-of-31-over-x-over-tanx-as-x-to-pi,problems.json,limit,problem,200,Yes,index,https://derivativecalculatorai.com/limit-of-31-over-x-over-tanx-as-x-to-pi,Yes,Excluded,,,Yes,Partial,0,0,Unknown,,Not reviewed
https://derivativecalculatorai.com/derivative-of-sin-x2,derivative-of-sin-x2,problems.json,derivative,problem,200,No,noindex,https://derivativecalculatorai.com/derivative-of-sin-x2,Yes,Excluded,,,Yes,Partial,0,0,Unknown,,Not reviewed
https://derivativecalculatorai.com/derivative-of-x-e-x,derivative-of-x-e-x,problems.json,derivative,problem,200,No,noindex,https://derivativecalculatorai.com/derivative-of-x-e-x,Yes,Excluded,,,Yes,Partial,0,0,Unknown,,Not reviewed
https://derivativecalculatorai.com/derivative-of-1-x,derivative-of-1-x,problems.json,derivative,problem,200,No,noindex,https://derivativecalculatorai.com/derivative-of-1-x,Yes,Excluded,,,Yes,Partial,0,0,Unknown,,Not reviewed
https://derivativecalculatorai.com/derivative-of-x2,derivative-of-x2,problems.json,derivative,problem,200,No,noindex,https://derivativecalculatorai.com/derivative-of-x2,Yes,Excluded,,,Yes,Partial,0,0,Unknown,,Not reviewed
https://derivativecalculatorai.com/derivative-of-x3,derivative-of-x3,problems.json,derivative,problem,200,No,noindex,https://derivativecalculatorai.com/derivative-of-x3,Yes,Excluded,,,Yes,Partial,0,0,Unknown,,Not reviewed
https://derivativecalculatorai.com/limit-of-sin-x-x,limit-of-sin-x-x,problems.json,limit,problem,200,No,noindex,https://derivativecalculatorai.com/limit-of-sin-x-x,Yes,Excluded,,,Yes,Partial,0,0,Unknown,,Not reviewed
https://derivativecalculatorai.com/limit-of-e-x-1-x,limit-of-e-x-1-x,problems.json,limit,problem,200,No,noindex,https://derivativecalculatorai.com/limit-of-e-x-1-x,Yes,Excluded,,,Yes,Partial,0,0,Unknown,,Not reviewed
https://derivativecalculatorai.com/integral-of-x-sin-x,integral-of-x-sin-x,problems.json,integral,problem,200,No,noindex,https://derivativecalculatorai.com/integral-of-x-sin-x,Yes,Excluded,,,Yes,Partial,0,0,Unknown,,Not reviewed
https://derivativecalculatorai.com/integral-of-x-e-x,integral-of-x-e-x,problems.json,integral,problem,200,No,noindex,https://derivativecalculatorai.com/integral-of-x-e-x,Yes,Excluded,,,Yes,Partial,0,0,Unknown,,Not reviewed
https://derivativecalculatorai.com/integral-of-x2-from-0-to-1,integral-of-x2-from-0-to-1,problems.json,integral,problem,200,No,noindex,https://derivativecalculatorai.com/integral-of-x2-from-0-to-1,Yes,Excluded,,,Yes,Partial,0,0,Unknown,,Not reviewed
https://derivativecalculatorai.com/integral-of-sin-x-from-0-to-pi,integral-of-sin-x-from-0-to-pi,problems.json,integral,problem,200,No,noindex,https://derivativecalculatorai.com/integral-of-sin-x-from-0-to-pi,Yes,Excluded,,,Yes,Partial,0,0,Unknown,,Not reviewed
https://derivativecalculatorai.com/derivative-of-x2-y2-25,derivative-of-x2-y2-25,problems.json,derivative,problem,200,Yes,index,https://derivativecalculatorai.com/derivative-of-x2-y2-25,Yes,Excluded,,,Yes,Partial,0,0,Unknown,,Not reviewed
https://derivativecalculatorai.com/derivative-of-sin-xy-x,derivative-of-sin-xy-x,problems.json,derivative,problem,200,Yes,index,https://derivativecalculatorai.com/derivative-of-sin-xy-x,Yes,Excluded,,,Yes,Partial,0,0,Unknown,,Not reviewed
https://derivativecalculatorai.com/partial-derivative-of-x2y-xy2,partial-derivative-of-x2y-xy2,problems.json,derivative,problem,200,Yes,index,https://derivativecalculatorai.com/partial-derivative-of-x2y-xy2,Yes,Excluded,,,Yes,Partial,0,0,Unknown,,Not reviewed
https://derivativecalculatorai.com/partial-derivative-of-sin-xy,partial-derivative-of-sin-xy,problems.json,derivative,problem,200,Yes,index,https://derivativecalculatorai.com/partial-derivative-of-sin-xy,Yes,Excluded,,,Yes,Partial,0,0,Unknown,,Not reviewed
https://derivativecalculatorai.com/integral-of-x-cos-x2,integral-of-x-cos-x2,problems.json,integral,problem,200,Yes,index,https://derivativecalculatorai.com/integral-of-x-cos-x2,Yes,Excluded,,,Yes,Partial,0,0,Unknown,,Not reviewed
https://derivativecalculatorai.com/integral-of-2x-x2-1,integral-of-2x-x2-1,problems.json,integral,problem,200,Yes,index,https://derivativecalculatorai.com/integral-of-2x-x2-1,Yes,Excluded,,,Yes,Partial,0,0,Unknown,,Not reviewed
https://derivativecalculatorai.com/derivative-of-x2-by-definition,derivative-of-x2-by-definition,problems.json,derivative,problem,200,No,noindex,https://derivativecalculatorai.com/derivative-of-x2-by-definition,Yes,Excluded,,,Yes,Partial,0,0,Unknown,,Not reviewed
https://derivativecalculatorai.com/derivative-of-3x-by-definition,derivative-of-3x-by-definition,problems.json,derivative,problem,200,No,noindex,https://derivativecalculatorai.com/derivative-of-3x-by-definition,Yes,Excluded,,,Yes,Partial,0,0,Unknown,,Not reviewed
https://derivativecalculatorai.com/derivative-of-e-x,derivative-of-e-x,problems.json,derivative,problem,200,No,noindex,https://derivativecalculatorai.com/derivative-of-e-x,Yes,Excluded,,,Yes,Partial,0,0,Unknown,,Not reviewed
https://derivativecalculatorai.com/derivative-of-2-x,derivative-of-2-x,problems.json,derivative,problem,200,No,noindex,https://derivativecalculatorai.com/derivative-of-2-x,Yes,Excluded,,,Yes,Partial,0,0,Unknown,,Not reviewed
https://derivativecalculatorai.com/integral-of-x-from-0-to-2,integral-of-x-from-0-to-2,problems.json,integral,problem,200,No,noindex,https://derivativecalculatorai.com/integral-of-x-from-0-to-2,Yes,Excluded,,,Yes,Partial,0,0,Unknown,,Not reviewed
https://derivativecalculatorai.com/integral-of-x2-from-1-to-3,integral-of-x2-from-1-to-3,problems.json,integral,problem,200,No,noindex,https://derivativecalculatorai.com/integral-of-x2-from-1-to-3,Yes,Excluded,,,Yes,Partial,0,0,Unknown,,Not reviewed
https://derivativecalculatorai.com/mvt-problem-1,mvt-problem-1,problems.json,derivative,problem,200,No,noindex,https://derivativecalculatorai.com/mvt-problem-1,Yes,Excluded,,,Yes,Partial,0,0,Unknown,,Not reviewed
https://derivativecalculatorai.com/mvt-problem-2,mvt-problem-2,problems.json,derivative,problem,200,Yes,index,https://derivativecalculatorai.com/mvt-problem-2,Yes,Excluded,,,Yes,Partial,0,0,Unknown,,Not reviewed
https://derivativecalculatorai.com/wiki/chain-rule,chain-rule,wiki.json,wiki,Derivatives,200,Yes,index,https://derivativecalculatorai.com/wiki/chain-rule,Yes,Excluded,,,Yes,Partial,0,0,Unknown,,Not reviewed
https://derivativecalculatorai.com/wiki/product-rule,product-rule,wiki.json,wiki,Derivatives,200,Yes,index,https://derivativecalculatorai.com/wiki/product-rule,Yes,Excluded,,,Yes,Partial,0,0,Unknown,,Not reviewed
https://derivativecalculatorai.com/wiki/quotient-rule,quotient-rule,wiki.json,wiki,Derivatives,200,Yes,index,https://derivativecalculatorai.com/wiki/quotient-rule,Yes,Excluded,,,Yes,Partial,0,0,Unknown,,Not reviewed
https://derivativecalculatorai.com/wiki/power-rule,power-rule,wiki.json,wiki,Derivatives,200,Yes,index,https://derivativecalculatorai.com/wiki/power-rule,Yes,Excluded,,,Yes,Partial,0,0,Unknown,,Not reviewed
https://derivativecalculatorai.com/wiki/l-hopitals-rule,l-hopitals-rule,wiki.json,wiki,Limits,200,Yes,index,https://derivativecalculatorai.com/wiki/l-hopitals-rule,Yes,Excluded,,,Yes,Partial,0,0,Unknown,,Not reviewed
https://derivativecalculatorai.com/wiki/integration-by-parts,integration-by-parts,wiki.json,wiki,Integrals,200,Yes,index,https://derivativecalculatorai.com/wiki/integration-by-parts,Yes,Excluded,,,Yes,Partial,0,0,Unknown,,Not reviewed
https://derivativecalculatorai.com/wiki/fundamental-theorem-of-calculus,fundamental-theorem-of-calculus,wiki.json,wiki,Integrals,200,Yes,index,https://derivativecalculatorai.com/wiki/fundamental-theorem-of-calculus,Yes,Excluded,,,Yes,Partial,0,0,Unknown,,Not reviewed
https://derivativecalculatorai.com/wiki/implicit-differentiation,implicit-differentiation,wiki.json,wiki,Derivatives,200,Yes,index,https://derivativecalculatorai.com/wiki/implicit-differentiation,Yes,Excluded,,,Yes,Partial,0,0,Unknown,,Not reviewed
https://derivativecalculatorai.com/wiki/partial-derivatives,partial-derivatives,wiki.json,wiki,Multivariable,200,Yes,index,https://derivativecalculatorai.com/wiki/partial-derivatives,Yes,Excluded,,,Yes,Partial,0,0,Unknown,,Not reviewed
https://derivativecalculatorai.com/wiki/u-substitution,u-substitution,wiki.json,wiki,Integrals,200,Yes,index,https://derivativecalculatorai.com/wiki/u-substitution,Yes,Excluded,,,Yes,Partial,0,0,Unknown,,Not reviewed
https://derivativecalculatorai.com/wiki/definition-of-derivative,definition-of-derivative,wiki.json,wiki,Derivatives,200,Yes,index,https://derivativecalculatorai.com/wiki/definition-of-derivative,Yes,Excluded,,,Yes,Partial,0,0,Unknown,,Not reviewed
https://derivativecalculatorai.com/wiki/trigonometric-derivatives,trigonometric-derivatives,wiki.json,wiki,Derivatives,200,Yes,index,https://derivativecalculatorai.com/wiki/trigonometric-derivatives,Yes,Excluded,,,Yes,Partial,0,0,Unknown,,Not reviewed
https://derivativecalculatorai.com/wiki/exponential-derivatives,exponential-derivatives,wiki.json,wiki,Derivatives,200,Yes,index,https://derivativecalculatorai.com/wiki/exponential-derivatives,Yes,Excluded,,,Yes,Partial,0,0,Unknown,,Not reviewed
https://derivativecalculatorai.com/wiki/definite-integrals,definite-integrals,wiki.json,wiki,Integrals,200,Yes,index,https://derivativecalculatorai.com/wiki/definite-integrals,Yes,Excluded,,,Yes,Partial,0,0,Unknown,,Not reviewed
https://derivativecalculatorai.com/wiki/mean-value-theorem,mean-value-theorem,wiki.json,wiki,Theorems,200,Yes,index,https://derivativecalculatorai.com/wiki/mean-value-theorem,Yes,Excluded,,,Yes,Partial,0,0,Unknown,,Not reviewed
https://derivativecalculatorai.com/problems/derivative,derivative,app/problems/[type],derivative,category,200,Yes,index,https://derivativecalculatorai.com/problems/derivative,Yes,Excluded,,,Yes,Partial,0,0,Unknown,,Not reviewed
https://derivativecalculatorai.com/problems/integral,integral,app/problems/[type],integral,category,200,Yes,index,https://derivativecalculatorai.com/problems/integral,Yes,Excluded,,,Yes,Partial,0,0,Unknown,,Not reviewed
https://derivativecalculatorai.com/problems/limit,limit,app/problems/[type],limit,category,200,Yes,index,https://derivativecalculatorai.com/problems/limit,Yes,Excluded,,,Yes,Partial,0,0,Unknown,,Not reviewed
https://derivativecalculatorai.com/problems/ode,ode,app/problems/[type],ode,category,200,Yes,index,https://derivativecalculatorai.com/problems/ode,Yes,Excluded,,,Yes,Partial,0,0,Unknown,,Not reviewed
